Customer_ID,Customer_Name,Age,Gender,City,Membership_Level
5000,Customer_5000,53,Female,Lucknow,Silver
5001,Customer_5001,52,Female,Kochi,Silver
5002,Customer_5002,36,Female,Coimbatore,Gold
5003,Customer_5003,37,Male,Visakhapatnam,Gold
5004,Customer_5004,35,Female,Chandigarh,Silver
5005,Customer_5005,64,Female,Kochi,Gold
5006,Customer_5006,58,Female,Chandigarh,Gold
5007,Customer_5007,31,Male,Guwahati,Silver
5008,Customer_5008,32,Male,Ahmedabad,Silver
5009,Customer_5009,48,Female,Hyderabad,Platinum
5010,Customer_5010,18,Female,Hyderabad,Platinum
5011,Customer_5011,20,Female,Jaipur,Gold
5012,Customer_5012,33,Female,Chennai,Silver
5013,Customer_5013,40,Male,Bhopal,Silver
5014,Customer_5014,28,Female,Bhopal,Gold
5015,Customer_5015,29,Female,Kochi,Silver
5016,Customer_5016,27,Female,Patna,Silver
5017,Customer_5017,49,Male,Jaipur,Gold
5018,Customer_5018,33,Male,Pune,Silver
5019,Customer_5019,25,Female,Lucknow,Gold
5020,Customer_5020,55,Female,Chandigarh,Platinum
5021,Customer_5021,29,Female,Bhopal,Silver
5022,Customer_5022,41,Female,Pune,Platinum
5023,Customer_5023,45,Female,Coimbatore,Silver
5024,Customer_5024,25,Male,Patna,Platinum
5025,Customer_5025,45,Male,Hyderabad,Silver
5026,Customer_5026,53,Male,Bhopal,Silver
5027,Customer_5027,43,Female,Indore,Gold
5028,Customer_5028,25,Male,Visakhapatnam,Silver
5029,Customer_5029,45,Male,Bengaluru,Platinum
5030,Customer_5030,45,Male,Mumbai,Silver
5031,Customer_5031,54,Female,Hyderabad,Silver
5032,Customer_5032,58,Female,Kolkata,Gold
5033,Customer_5033,53,Male,Coimbatore,Silver
5034,Customer_5034,44,Female,Chandigarh,Silver
5035,Customer_5035,34,Male,Ahmedabad,Gold
5036,Customer_5036,26,Male,Visakhapatnam,Gold
5037,Customer_5037,50,Male,Indore,Platinum
5038,Customer_5038,37,Male,Lucknow,Platinum
5039,Customer_5039,30,Female,Bhopal,Silver
5040,Customer_5040,45,Female,Hyderabad,Gold
5041,Customer_5041,46,Female,Visakhapatnam,Silver
5042,Customer_5042,30,Female,Kolkata,Gold
5043,Customer_5043,63,Male,Jaipur,Silver
5044,Customer_5044,52,Female,Chandigarh,Platinum
5045,Customer_5045,23,Male,Nagpur,Gold
5046,Customer_5046,35,Female,Ahmedabad,Platinum
5047,Customer_5047,22,Female,Visakhapatnam,Platinum
5048,Customer_5048,64,Female,Guwahati,Platinum
5049,Customer_5049,42,Male,Nagpur,Platinum
5050,Customer_5050,19,Male,Pune,Silver
5051,Customer_5051,27,Male,Kolkata,Silver
5052,Customer_5052,47,Male,Coimbatore,Silver
5053,Customer_5053,62,Female,Mumbai,Silver
5054,Customer_5054,22,Male,Indore,Gold
5055,Customer_5055,50,Male,Ahmedabad,Gold
5056,Customer_5056,18,Female,Delhi,Gold
5057,Customer_5057,35,Female,Bhopal,Platinum
5058,Customer_5058,49,Male,Mumbai,Platinum
5059,Customer_5059,64,Female,Coimbatore,Silver
5060,Customer_5060,28,Male,Pune,Silver
5061,Customer_5061,38,Female,Kochi,Silver
5062,Customer_5062,43,Male,Nagpur,Silver
5063,Customer_5063,42,Male,Pune,Gold
5064,Customer_5064,39,Male,Bengaluru,Gold
5065,Customer_5065,44,Male,Hyderabad,Gold
5066,Customer_5066,30,Male,Visakhapatnam,Platinum
5067,Customer_5067,50,Female,Mumbai,Platinum
5068,Customer_5068,51,Male,Kochi,Silver
5069,Customer_5069,58,Male,Bhopal,Gold
5070,Customer_5070,52,Male,Bhopal,Silver
5071,Customer_5071,18,Male,Kochi,Silver
5072,Customer_5072,38,Male,Lucknow,Silver
5073,Customer_5073,23,Female,Bengaluru,Silver
5074,Customer_5074,45,Female,Visakhapatnam,Silver
5075,Customer_5075,34,Male,Coimbatore,Silver
5076,Customer_5076,22,Female,Surat,Gold
5077,Customer_5077,48,Male,Bhopal,Gold
5078,Customer_5078,22,Female,Kochi,Silver
5079,Customer_5079,55,Female,Chennai,Silver
5080,Customer_5080,20,Male,Lucknow,Platinum
5081,Customer_5081,40,Female,Indore,Silver
5082,Customer_5082,54,Female,Hyderabad,Platinum
5083,Customer_5083,54,Male,Hyderabad,Gold
5084,Customer_5084,27,Male,Jaipur,Silver
5085,Customer_5085,27,Female,Patna,Silver
5086,Customer_5086,36,Female,Mumbai,Silver
5087,Customer_5087,34,Female,Chennai,Silver
5088,Customer_5088,38,Male,Kolkata,Silver
5089,Customer_5089,31,Female,Kochi,Gold
5090,Customer_5090,26,Female,Ahmedabad,Silver
5091,Customer_5091,63,Female,Ahmedabad,Gold
5092,Customer_5092,18,Male,Bhopal,Gold
5093,Customer_5093,62,Male,Ahmedabad,Silver
5094,Customer_5094,30,Male,Guwahati,Silver
5095,Customer_5095,21,Male,Bengaluru,Silver
5096,Customer_5096,18,Female,Coimbatore,Silver
5097,Customer_5097,57,Male,Guwahati,Gold
5098,Customer_5098,49,Female,Guwahati,Silver
5099,Customer_5099,51,Female,Patna,Gold
5100,Customer_5100,45,Female,Hyderabad,Silver
5101,Customer_5101,48,Female,Chandigarh,Silver
5102,Customer_5102,25,Male,Ahmedabad,Gold
5103,Customer_5103,56,Male,Chandigarh,Gold
5104,Customer_5104,43,Male,Coimbatore,Silver
5105,Customer_5105,51,Male,Visakhapatnam,Silver
5106,Customer_5106,20,Male,Chandigarh,Gold
5107,Customer_5107,29,Female,Indore,Silver
5108,Customer_5108,18,Male,Pune,Silver
5109,Customer_5109,61,Male,Kochi,Gold
5110,Customer_5110,22,Male,Kochi,Silver
5111,Customer_5111,47,Male,Bhopal,Gold
5112,Customer_5112,47,Female,Surat,Gold
5113,Customer_5113,34,Female,Lucknow,Gold
5114,Customer_5114,64,Female,Pune,Gold
5115,Customer_5115,40,Female,Nagpur,Gold
5116,Customer_5116,32,Female,Delhi,Gold
5117,Customer_5117,54,Male,Kochi,Platinum
5118,Customer_5118,38,Female,Chennai,Silver
5119,Customer_5119,31,Female,Kolkata,Silver
5120,Customer_5120,19,Female,Visakhapatnam,Gold
5121,Customer_5121,28,Male,Pune,Gold
5122,Customer_5122,56,Male,Lucknow,Silver
5123,Customer_5123,55,Female,Kochi,Platinum
5124,Customer_5124,51,Male,Pune,Silver
5125,Customer_5125,55,Male,Delhi,Gold
5126,Customer_5126,51,Female,Pune,Gold
5127,Customer_5127,35,Male,Indore,Platinum
5128,Customer_5128,47,Male,Jaipur,Silver
5129,Customer_5129,32,Male,Bhopal,Gold
5130,Customer_5130,44,Female,Bengaluru,Silver
5131,Customer_5131,51,Female,Chennai,Silver
5132,Customer_5132,55,Female,Chennai,Silver
5133,Customer_5133,50,Male,Surat,Gold
5134,Customer_5134,41,Female,Guwahati,Silver
5135,Customer_5135,32,Male,Lucknow,Silver
5136,Customer_5136,47,Male,Kolkata,Gold
5137,Customer_5137,59,Male,Pune,Gold
5138,Customer_5138,34,Female,Chandigarh,Gold
5139,Customer_5139,22,Female,Delhi,Platinum
5140,Customer_5140,46,Female,Bhopal,Silver
5141,Customer_5141,21,Female,Mumbai,Platinum
5142,Customer_5142,27,Male,Pune,Platinum
5143,Customer_5143,34,Female,Indore,Silver
5144,Customer_5144,27,Male,Surat,Silver
5145,Customer_5145,34,Female,Mumbai,Silver
5146,Customer_5146,37,Female,Pune,Silver
5147,Customer_5147,41,Female,Patna,Gold
5148,Customer_5148,22,Male,Indore,Gold
5149,Customer_5149,51,Male,Mumbai,Gold
5150,Customer_5150,23,Male,Pune,Gold
5151,Customer_5151,19,Male,Chennai,Silver
5152,Customer_5152,30,Male,Indore,Platinum
5153,Customer_5153,60,Female,Mumbai,Silver
5154,Customer_5154,60,Male,Chandigarh,Platinum
5155,Customer_5155,28,Male,Pune,Silver
5156,Customer_5156,64,Male,Surat,Platinum
5157,Customer_5157,40,Male,Kolkata,Silver
5158,Customer_5158,33,Female,Kochi,Silver
5159,Customer_5159,48,Male,Bhopal,Silver
5160,Customer_5160,28,Female,Guwahati,Gold
5161,Customer_5161,33,Female,Pune,Platinum
5162,Customer_5162,25,Female,Hyderabad,Silver
5163,Customer_5163,21,Male,Ahmedabad,Platinum
5164,Customer_5164,57,Female,Surat,Gold
5165,Customer_5165,21,Male,Kolkata,Gold
5166,Customer_5166,42,Male,Mumbai,Platinum
5167,Customer_5167,20,Male,Jaipur,Silver
5168,Customer_5168,49,Male,Indore,Silver
5169,Customer_5169,20,Male,Hyderabad,Platinum
5170,Customer_5170,44,Female,Pune,Platinum
5171,Customer_5171,46,Female,Pune,Platinum
5172,Customer_5172,49,Male,Guwahati,Platinum
5173,Customer_5173,36,Female,Hyderabad,Silver
5174,Customer_5174,38,Male,Indore,Platinum
5175,Customer_5175,22,Female,Indore,Silver
5176,Customer_5176,35,Female,Pune,Platinum
5177,Customer_5177,45,Female,Mumbai,Silver
5178,Customer_5178,59,Female,Guwahati,Gold
5179,Customer_5179,39,Female,Chennai,Gold
5180,Customer_5180,38,Male,Hyderabad,Silver
5181,Customer_5181,23,Male,Kochi,Silver
5182,Customer_5182,18,Female,Kolkata,Platinum
5183,Customer_5183,22,Male,Pune,Platinum
5184,Customer_5184,58,Female,Jaipur,Silver
5185,Customer_5185,29,Male,Delhi,Gold
5186,Customer_5186,43,Female,Delhi,Gold
5187,Customer_5187,63,Female,Guwahati,Silver
5188,Customer_5188,51,Female,Hyderabad,Silver
5189,Customer_5189,31,Male,Coimbatore,Platinum
5190,Customer_5190,43,Male,Lucknow,Gold
5191,Customer_5191,62,Female,Indore,Gold
5192,Customer_5192,44,Female,Delhi,Gold
5193,Customer_5193,26,Male,Delhi,Silver
5194,Customer_5194,43,Male,Surat,Silver
5195,Customer_5195,64,Male,Kolkata,Silver
5196,Customer_5196,39,Male,Visakhapatnam,Silver
5197,Customer_5197,64,Male,Delhi,Gold
5198,Customer_5198,47,Female,Visakhapatnam,Platinum
5199,Customer_5199,60,Male,Bengaluru,Silver
5200,Customer_5200,34,Female,Coimbatore,Silver
5201,Customer_5201,43,Female,Jaipur,Gold
5202,Customer_5202,53,Male,Nagpur,Platinum
5203,Customer_5203,18,Male,Kochi,Gold
5204,Customer_5204,25,Female,Nagpur,Platinum
5205,Customer_5205,52,Male,Chennai,Gold
5206,Customer_5206,32,Female,Kolkata,Gold
5207,Customer_5207,64,Male,Kochi,Silver
5208,Customer_5208,39,Male,Mumbai,Silver
5209,Customer_5209,31,Male,Kolkata,Silver
5210,Customer_5210,43,Female,Chennai,Gold
5211,Customer_5211,45,Male,Chennai,Platinum
5212,Customer_5212,40,Female,Hyderabad,Platinum
5213,Customer_5213,31,Male,Visakhapatnam,Silver
5214,Customer_5214,41,Female,Surat,Silver
5215,Customer_5215,19,Male,Kolkata,Silver
5216,Customer_5216,62,Female,Pune,Silver
5217,Customer_5217,43,Female,Visakhapatnam,Gold
5218,Customer_5218,31,Female,Delhi,Platinum
5219,Customer_5219,24,Female,Nagpur,Platinum
5220,Customer_5220,20,Female,Chennai,Gold
5221,Customer_5221,64,Female,Kochi,Platinum
5222,Customer_5222,40,Male,Nagpur,Gold
5223,Customer_5223,63,Female,Chandigarh,Silver
5224,Customer_5224,60,Female,Nagpur,Gold
5225,Customer_5225,64,Female,Chandigarh,Gold
5226,Customer_5226,62,Male,Visakhapatnam,Gold
5227,Customer_5227,35,Male,Ahmedabad,Silver
5228,Customer_5228,55,Male,Bengaluru,Silver
5229,Customer_5229,52,Female,Guwahati,Silver
5230,Customer_5230,32,Male,Delhi,Platinum
5231,Customer_5231,42,Male,Mumbai,Silver
5232,Customer_5232,54,Female,Patna,Gold
5233,Customer_5233,45,Female,Lucknow,Gold
5234,Customer_5234,27,Male,Coimbatore,Silver
5235,Customer_5235,56,Female,Nagpur,Gold
5236,Customer_5236,34,Female,Kochi,Platinum
5237,Customer_5237,56,Female,Surat,Silver
5238,Customer_5238,39,Female,Delhi,Platinum
5239,Customer_5239,43,Male,Kolkata,Silver
5240,Customer_5240,61,Female,Surat,Silver
5241,Customer_5241,42,Male,Nagpur,Platinum
5242,Customer_5242,34,Male,Bengaluru,Platinum
5243,Customer_5243,30,Male,Patna,Platinum
5244,Customer_5244,37,Male,Guwahati,Gold
5245,Customer_5245,42,Female,Kochi,Platinum
5246,Customer_5246,21,Female,Bengaluru,Platinum
5247,Customer_5247,27,Female,Chandigarh,Platinum
5248,Customer_5248,20,Male,Nagpur,Gold
5249,Customer_5249,58,Male,Bhopal,Silver
5250,Customer_5250,62,Male,Bhopal,Platinum
5251,Customer_5251,35,Female,Indore,Silver
5252,Customer_5252,64,Male,Kochi,Gold
5253,Customer_5253,53,Female,Ahmedabad,Silver
5254,Customer_5254,64,Female,Kochi,Gold
5255,Customer_5255,39,Female,Visakhapatnam,Silver
5256,Customer_5256,51,Female,Indore,Silver
5257,Customer_5257,64,Male,Mumbai,Platinum
5258,Customer_5258,25,Female,Lucknow,Silver
5259,Customer_5259,57,Male,Lucknow,Gold
5260,Customer_5260,61,Female,Indore,Silver
5261,Customer_5261,36,Male,Hyderabad,Silver
5262,Customer_5262,59,Male,Chennai,Silver
5263,Customer_5263,58,Female,Bhopal,Gold
5264,Customer_5264,54,Female,Indore,Silver
5265,Customer_5265,23,Female,Surat,Platinum
5266,Customer_5266,43,Male,Kolkata,Silver
5267,Customer_5267,51,Female,Hyderabad,Silver
5268,Customer_5268,62,Female,Delhi,Silver
5269,Customer_5269,23,Male,Hyderabad,Silver
5270,Customer_5270,54,Female,Coimbatore,Gold
5271,Customer_5271,50,Male,Jaipur,Platinum
5272,Customer_5272,39,Female,Patna,Gold
5273,Customer_5273,38,Male,Ahmedabad,Silver
5274,Customer_5274,23,Male,Guwahati,Silver
5275,Customer_5275,23,Female,Chandigarh,Silver
5276,Customer_5276,21,Male,Hyderabad,Platinum
5277,Customer_5277,47,Female,Hyderabad,Silver
5278,Customer_5278,28,Female,Bengaluru,Gold
5279,Customer_5279,47,Male,Lucknow,Silver
5280,Customer_5280,48,Female,Delhi,Silver
5281,Customer_5281,41,Male,Nagpur,Silver
5282,Customer_5282,26,Male,Chennai,Silver
5283,Customer_5283,20,Male,Bhopal,Gold
5284,Customer_5284,48,Male,Hyderabad,Silver
5285,Customer_5285,57,Male,Indore,Gold
5286,Customer_5286,54,Male,Bhopal,Silver
5287,Customer_5287,53,Male,Lucknow,Platinum
5288,Customer_5288,41,Male,Coimbatore,Silver
5289,Customer_5289,48,Female,Pune,Platinum
5290,Customer_5290,23,Female,Pune,Platinum
5291,Customer_5291,19,Male,Indore,Platinum
5292,Customer_5292,37,Female,Chennai,Silver
5293,Customer_5293,45,Female,Visakhapatnam,Gold
5294,Customer_5294,28,Female,Delhi,Silver
5295,Customer_5295,21,Female,Surat,Silver
5296,Customer_5296,32,Female,Coimbatore,Silver
5297,Customer_5297,23,Female,Jaipur,Silver
5298,Customer_5298,47,Male,Jaipur,Platinum
5299,Customer_5299,55,Female,Jaipur,Silver
5300,Customer_5300,19,Female,Lucknow,Gold
5301,Customer_5301,32,Female,Mumbai,Gold
5302,Customer_5302,28,Female,Hyderabad,Gold
5303,Customer_5303,25,Male,Patna,Gold
5304,Customer_5304,43,Male,Bengaluru,Silver
5305,Customer_5305,62,Male,Indore,Gold
5306,Customer_5306,61,Male,Hyderabad,Silver
5307,Customer_5307,22,Female,Bengaluru,Platinum
5308,Customer_5308,23,Male,Indore,Gold
5309,Customer_5309,43,Male,Patna,Platinum
5310,Customer_5310,21,Male,Surat,Silver
5311,Customer_5311,36,Male,Visakhapatnam,Silver
5312,Customer_5312,37,Female,Lucknow,Silver
5313,Customer_5313,50,Male,Hyderabad,Silver
5314,Customer_5314,37,Female,Patna,Silver
5315,Customer_5315,29,Male,Coimbatore,Gold
5316,Customer_5316,64,Female,Coimbatore,Silver
5317,Customer_5317,18,Female,Pune,Gold
5318,Customer_5318,43,Male,Patna,Platinum
5319,Customer_5319,31,Male,Coimbatore,Gold
5320,Customer_5320,55,Male,Coimbatore,Silver
5321,Customer_5321,54,Male,Visakhapatnam,Silver
5322,Customer_5322,28,Female,Jaipur,Silver
5323,Customer_5323,53,Female,Mumbai,Silver
5324,Customer_5324,30,Male,Ahmedabad,Gold
5325,Customer_5325,60,Male,Visakhapatnam,Silver
5326,Customer_5326,20,Female,Mumbai,Platinum
5327,Customer_5327,50,Male,Indore,Gold
5328,Customer_5328,23,Female,Pune,Gold
5329,Customer_5329,27,Male,Hyderabad,Silver
5330,Customer_5330,22,Female,Lucknow,Silver
5331,Customer_5331,40,Female,Kolkata,Gold
5332,Customer_5332,27,Female,Indore,Silver
5333,Customer_5333,61,Female,Delhi,Silver
5334,Customer_5334,19,Female,Mumbai,Silver
5335,Customer_5335,30,Male,Delhi,Silver
5336,Customer_5336,57,Female,Guwahati,Gold
5337,Customer_5337,19,Male,Mumbai,Silver
5338,Customer_5338,37,Female,Visakhapatnam,Gold
5339,Customer_5339,18,Female,Chennai,Silver
5340,Customer_5340,54,Male,Bhopal,Gold
5341,Customer_5341,26,Male,Visakhapatnam,Platinum
5342,Customer_5342,34,Male,Coimbatore,Platinum
5343,Customer_5343,26,Male,Delhi,Silver
5344,Customer_5344,28,Female,Delhi,Silver
5345,Customer_5345,32,Male,Nagpur,Silver
5346,Customer_5346,41,Female,Chennai,Gold
5347,Customer_5347,55,Male,Kolkata,Gold
5348,Customer_5348,52,Male,Indore,Gold
5349,Customer_5349,47,Female,Surat,Silver
5350,Customer_5350,48,Female,Chandigarh,Gold
5351,Customer_5351,22,Male,Surat,Silver
5352,Customer_5352,61,Female,Mumbai,Gold
5353,Customer_5353,31,Female,Chandigarh,Silver
5354,Customer_5354,28,Female,Hyderabad,Gold
5355,Customer_5355,26,Female,Nagpur,Silver
5356,Customer_5356,51,Female,Delhi,Silver
5357,Customer_5357,29,Female,Kochi,Gold
5358,Customer_5358,52,Female,Indore,Silver
5359,Customer_5359,52,Female,Guwahati,Gold
5360,Customer_5360,18,Male,Bengaluru,Gold
5361,Customer_5361,57,Female,Indore,Gold
5362,Customer_5362,39,Male,Kolkata,Silver
5363,Customer_5363,46,Female,Kochi,Silver
5364,Customer_5364,25,Female,Pune,Gold
5365,Customer_5365,28,Female,Lucknow,Silver
5366,Customer_5366,58,Female,Indore,Gold
5367,Customer_5367,54,Male,Bengaluru,Silver
5368,Customer_5368,31,Male,Visakhapatnam,Silver
5369,Customer_5369,47,Female,Lucknow,Silver
5370,Customer_5370,52,Male,Lucknow,Silver
5371,Customer_5371,38,Female,Nagpur,Silver
5372,Customer_5372,54,Female,Bhopal,Gold
5373,Customer_5373,22,Male,Patna,Gold
5374,Customer_5374,36,Male,Lucknow,Silver
5375,Customer_5375,31,Female,Lucknow,Platinum
5376,Customer_5376,43,Female,Guwahati,Gold
5377,Customer_5377,21,Male,Delhi,Platinum
5378,Customer_5378,42,Female,Lucknow,Gold
5379,Customer_5379,62,Male,Mumbai,Gold
5380,Customer_5380,59,Female,Kochi,Silver
5381,Customer_5381,42,Female,Pune,Silver
5382,Customer_5382,35,Male,Pune,Silver
5383,Customer_5383,57,Male,Visakhapatnam,Gold
5384,Customer_5384,25,Male,Jaipur,Silver
5385,Customer_5385,56,Female,Mumbai,Gold
5386,Customer_5386,57,Female,Nagpur,Silver
5387,Customer_5387,31,Female,Kochi,Platinum
5388,Customer_5388,49,Female,Delhi,Silver
5389,Customer_5389,55,Male,Jaipur,Silver
5390,Customer_5390,50,Female,Visakhapatnam,Silver
5391,Customer_5391,40,Female,Guwahati,Silver
5392,Customer_5392,32,Female,Chennai,Silver
5393,Customer_5393,50,Male,Ahmedabad,Gold
5394,Customer_5394,42,Female,Surat,Silver
5395,Customer_5395,34,Female,Chennai,Silver
5396,Customer_5396,50,Male,Jaipur,Platinum
5397,Customer_5397,64,Female,Jaipur,Silver
5398,Customer_5398,19,Female,Coimbatore,Platinum
5399,Customer_5399,31,Male,Bhopal,Platinum
5400,Customer_5400,57,Female,Lucknow,Silver
5401,Customer_5401,57,Female,Indore,Silver
5402,Customer_5402,56,Female,Pune,Silver
5403,Customer_5403,23,Male,Jaipur,Gold
5404,Customer_5404,23,Female,Hyderabad,Gold
5405,Customer_5405,20,Female,Guwahati,Gold
5406,Customer_5406,24,Male,Chandigarh,Gold
5407,Customer_5407,25,Male,Patna,Silver
5408,Customer_5408,59,Female,Pune,Platinum
5409,Customer_5409,32,Female,Chandigarh,Gold
5410,Customer_5410,64,Female,Kolkata,Gold
5411,Customer_5411,46,Female,Chandigarh,Platinum
5412,Customer_5412,50,Male,Delhi,Gold
5413,Customer_5413,47,Female,Guwahati,Silver
5414,Customer_5414,56,Male,Kolkata,Silver
5415,Customer_5415,44,Male,Pune,Silver
5416,Customer_5416,53,Female,Guwahati,Silver
5417,Customer_5417,46,Female,Kolkata,Platinum
5418,Customer_5418,55,Male,Kochi,Silver
5419,Customer_5419,50,Male,Ahmedabad,Gold
5420,Customer_5420,54,Female,Delhi,Gold
5421,Customer_5421,44,Male,Mumbai,Silver
5422,Customer_5422,50,Female,Patna,Platinum
5423,Customer_5423,21,Female,Visakhapatnam,Platinum
5424,Customer_5424,39,Male,Coimbatore,Gold
5425,Customer_5425,19,Male,Indore,Silver
5426,Customer_5426,27,Female,Lucknow,Silver
5427,Customer_5427,22,Male,Chennai,Silver
5428,Customer_5428,27,Female,Kolkata,Silver
5429,Customer_5429,50,Female,Chennai,Gold
5430,Customer_5430,55,Female,Surat,Platinum
5431,Customer_5431,30,Male,Surat,Gold
5432,Customer_5432,48,Female,Coimbatore,Platinum
5433,Customer_5433,64,Female,Mumbai,Gold
5434,Customer_5434,53,Female,Chandigarh,Silver
5435,Customer_5435,62,Female,Delhi,Platinum
5436,Customer_5436,41,Female,Guwahati,Silver
5437,Customer_5437,32,Female,Jaipur,Platinum
5438,Customer_5438,46,Female,Bengaluru,Silver
5439,Customer_5439,25,Female,Pune,Silver
5440,Customer_5440,22,Female,Lucknow,Platinum
5441,Customer_5441,46,Female,Delhi,Gold
5442,Customer_5442,64,Female,Lucknow,Platinum
5443,Customer_5443,21,Male,Jaipur,Platinum
5444,Customer_5444,29,Female,Patna,Silver
5445,Customer_5445,62,Female,Patna,Gold
5446,Customer_5446,19,Female,Bengaluru,Silver
5447,Customer_5447,44,Male,Kolkata,Gold
5448,Customer_5448,48,Female,Jaipur,Gold
5449,Customer_5449,53,Male,Jaipur,Silver
5450,Customer_5450,53,Female,Pune,Gold
5451,Customer_5451,43,Female,Bhopal,Gold
5452,Customer_5452,60,Male,Jaipur,Silver
5453,Customer_5453,44,Female,Hyderabad,Platinum
5454,Customer_5454,22,Male,Mumbai,Gold
5455,Customer_5455,37,Male,Jaipur,Platinum
5456,Customer_5456,28,Female,Kochi,Silver
5457,Customer_5457,27,Female,Delhi,Silver
5458,Customer_5458,57,Female,Guwahati,Gold
5459,Customer_5459,55,Female,Hyderabad,Silver
5460,Customer_5460,23,Male,Kolkata,Platinum
5461,Customer_5461,25,Male,Mumbai,Silver
5462,Customer_5462,40,Female,Jaipur,Gold
5463,Customer_5463,64,Male,Nagpur,Gold
5464,Customer_5464,43,Male,Chennai,Silver
5465,Customer_5465,63,Female,Chennai,Silver
5466,Customer_5466,60,Male,Patna,Gold
5467,Customer_5467,29,Male,Ahmedabad,Gold
5468,Customer_5468,43,Female,Chennai,Silver
5469,Customer_5469,30,Male,Chandigarh,Platinum
5470,Customer_5470,57,Female,Chennai,Silver
5471,Customer_5471,35,Male,Chandigarh,Silver
5472,Customer_5472,42,Female,Bhopal,Gold
5473,Customer_5473,50,Male,Chandigarh,Silver
5474,Customer_5474,64,Male,Guwahati,Platinum
5475,Customer_5475,57,Female,Ahmedabad,Silver
5476,Customer_5476,60,Female,Hyderabad,Silver
5477,Customer_5477,29,Female,Lucknow,Silver
5478,Customer_5478,61,Female,Kolkata,Gold
5479,Customer_5479,53,Male,Coimbatore,Gold
5480,Customer_5480,21,Male,Lucknow,Gold
5481,Customer_5481,22,Male,Lucknow,Silver
5482,Customer_5482,54,Female,Pune,Silver
5483,Customer_5483,25,Male,Coimbatore,Platinum
5484,Customer_5484,59,Male,Delhi,Silver
5485,Customer_5485,45,Female,Pune,Platinum
5486,Customer_5486,48,Female,Delhi,Silver
5487,Customer_5487,26,Male,Patna,Platinum
5488,Customer_5488,46,Female,Chennai,Silver
5489,Customer_5489,31,Male,Visakhapatnam,Gold
5490,Customer_5490,57,Male,Lucknow,Silver
5491,Customer_5491,58,Female,Jaipur,Silver
5492,Customer_5492,39,Male,Mumbai,Silver
5493,Customer_5493,28,Female,Nagpur,Silver
5494,Customer_5494,40,Female,Chandigarh,Silver
5495,Customer_5495,18,Male,Delhi,Gold
5496,Customer_5496,63,Male,Mumbai,Gold
5497,Customer_5497,54,Male,Pune,Gold
5498,Customer_5498,38,Female,Lucknow,Gold
5499,Customer_5499,43,Male,Visakhapatnam,Gold
5500,Customer_5500,63,Female,Delhi,Silver
5501,Customer_5501,53,Female,Surat,Silver
5502,Customer_5502,40,Male,Delhi,Silver
5503,Customer_5503,18,Female,Kolkata,Platinum
5504,Customer_5504,57,Male,Chandigarh,Silver
5505,Customer_5505,32,Male,Patna,Silver
5506,Customer_5506,38,Male,Kochi,Gold
5507,Customer_5507,64,Male,Chandigarh,Silver
5508,Customer_5508,26,Male,Surat,Platinum
5509,Customer_5509,26,Male,Indore,Platinum
5510,Customer_5510,27,Male,Kochi,Silver
5511,Customer_5511,43,Female,Kochi,Silver
5512,Customer_5512,58,Male,Mumbai,Silver
5513,Customer_5513,52,Female,Surat,Gold
5514,Customer_5514,42,Female,Nagpur,Silver
5515,Customer_5515,43,Female,Indore,Gold
5516,Customer_5516,28,Male,Lucknow,Gold
5517,Customer_5517,55,Female,Bengaluru,Silver
5518,Customer_5518,19,Female,Kochi,Silver
5519,Customer_5519,24,Male,Patna,Gold
5520,Customer_5520,35,Male,Jaipur,Silver
5521,Customer_5521,44,Female,Lucknow,Platinum
5522,Customer_5522,51,Male,Ahmedabad,Silver
5523,Customer_5523,44,Male,Surat,Gold
5524,Customer_5524,34,Male,Coimbatore,Platinum
5525,Customer_5525,60,Male,Kolkata,Platinum
5526,Customer_5526,61,Female,Hyderabad,Silver
5527,Customer_5527,41,Male,Kochi,Silver
5528,Customer_5528,42,Male,Indore,Gold
5529,Customer_5529,24,Male,Visakhapatnam,Silver
5530,Customer_5530,23,Female,Chandigarh,Silver
5531,Customer_5531,41,Female,Jaipur,Platinum
5532,Customer_5532,50,Male,Mumbai,Silver
5533,Customer_5533,46,Male,Kolkata,Silver
5534,Customer_5534,60,Female,Delhi,Silver
5535,Customer_5535,39,Male,Chennai,Gold
5536,Customer_5536,43,Male,Chennai,Gold
5537,Customer_5537,45,Female,Bengaluru,Silver
5538,Customer_5538,38,Male,Jaipur,Silver
5539,Customer_5539,24,Male,Bhopal,Silver
5540,Customer_5540,34,Female,Lucknow,Gold
5541,Customer_5541,37,Female,Mumbai,Silver
5542,Customer_5542,58,Male,Indore,Platinum
5543,Customer_5543,37,Female,Lucknow,Silver
5544,Customer_5544,39,Male,Hyderabad,Platinum
5545,Customer_5545,45,Male,Coimbatore,Silver
5546,Customer_5546,57,Male,Mumbai,Gold
5547,Customer_5547,24,Female,Mumbai,Silver
5548,Customer_5548,18,Female,Lucknow,Silver
5549,Customer_5549,49,Male,Chandigarh,Platinum
5550,Customer_5550,30,Male,Bhopal,Platinum
5551,Customer_5551,47,Female,Delhi,Silver
5552,Customer_5552,40,Female,Ahmedabad,Gold
5553,Customer_5553,36,Female,Chandigarh,Gold
5554,Customer_5554,49,Male,Coimbatore,Platinum
5555,Customer_5555,47,Female,Surat,Silver
5556,Customer_5556,46,Female,Patna,Gold
5557,Customer_5557,62,Male,Bhopal,Silver
5558,Customer_5558,46,Male,Ahmedabad,Silver
5559,Customer_5559,47,Male,Lucknow,Platinum
5560,Customer_5560,33,Female,Nagpur,Silver
5561,Customer_5561,57,Male,Kolkata,Silver
5562,Customer_5562,36,Male,Coimbatore,Gold
5563,Customer_5563,35,Male,Guwahati,Gold
5564,Customer_5564,18,Male,Patna,Silver
5565,Customer_5565,31,Female,Hyderabad,Silver
5566,Customer_5566,64,Male,Indore,Platinum
5567,Customer_5567,19,Female,Indore,Silver
5568,Customer_5568,45,Female,Visakhapatnam,Gold
5569,Customer_5569,47,Female,Visakhapatnam,Gold
5570,Customer_5570,55,Male,Coimbatore,Silver
5571,Customer_5571,21,Female,Coimbatore,Platinum
5572,Customer_5572,18,Male,Lucknow,Gold
5573,Customer_5573,25,Male,Mumbai,Silver
5574,Customer_5574,46,Male,Jaipur,Gold
5575,Customer_5575,56,Female,Nagpur,Gold
5576,Customer_5576,20,Male,Guwahati,Gold
5577,Customer_5577,49,Male,Lucknow,Platinum
5578,Customer_5578,27,Male,Chennai,Silver
5579,Customer_5579,27,Female,Hyderabad,Silver
5580,Customer_5580,36,Female,Nagpur,Silver
5581,Customer_5581,63,Female,Chennai,Silver
5582,Customer_5582,51,Male,Patna,Silver
5583,Customer_5583,50,Female,Chandigarh,Platinum
5584,Customer_5584,40,Male,Pune,Gold
5585,Customer_5585,45,Male,Kochi,Gold
5586,Customer_5586,49,Female,Guwahati,Gold
5587,Customer_5587,24,Male,Guwahati,Platinum
5588,Customer_5588,46,Female,Kochi,Silver
5589,Customer_5589,25,Male,Hyderabad,Platinum
5590,Customer_5590,18,Female,Indore,Silver
5591,Customer_5591,20,Male,Chandigarh,Platinum
5592,Customer_5592,41,Male,Ahmedabad,Gold
5593,Customer_5593,40,Male,Indore,Silver
5594,Customer_5594,25,Male,Pune,Gold
5595,Customer_5595,64,Male,Guwahati,Gold
5596,Customer_5596,54,Female,Lucknow,Silver
5597,Customer_5597,20,Male,Jaipur,Gold
5598,Customer_5598,50,Female,Chennai,Silver
5599,Customer_5599,45,Female,Patna,Silver
5600,Customer_5600,64,Female,Surat,Platinum
5601,Customer_5601,25,Male,Mumbai,Gold
5602,Customer_5602,51,Male,Mumbai,Platinum
5603,Customer_5603,52,Male,Chandigarh,Gold
5604,Customer_5604,49,Female,Jaipur,Silver
5605,Customer_5605,41,Male,Surat,Gold
5606,Customer_5606,31,Male,Bengaluru,Gold
5607,Customer_5607,49,Female,Jaipur,Platinum
5608,Customer_5608,63,Female,Surat,Silver
5609,Customer_5609,60,Female,Mumbai,Platinum
5610,Customer_5610,33,Female,Ahmedabad,Platinum
5611,Customer_5611,21,Female,Jaipur,Gold
5612,Customer_5612,54,Female,Chandigarh,Platinum
5613,Customer_5613,38,Male,Mumbai,Silver
5614,Customer_5614,31,Female,Hyderabad,Platinum
5615,Customer_5615,48,Male,Ahmedabad,Gold
5616,Customer_5616,35,Male,Kolkata,Silver
5617,Customer_5617,24,Male,Jaipur,Platinum
5618,Customer_5618,27,Female,Delhi,Silver
5619,Customer_5619,24,Male,Jaipur,Silver
5620,Customer_5620,50,Female,Lucknow,Gold
5621,Customer_5621,40,Female,Chennai,Silver
5622,Customer_5622,38,Male,Bengaluru,Silver
5623,Customer_5623,36,Female,Lucknow,Platinum
5624,Customer_5624,36,Male,Patna,Silver
5625,Customer_5625,53,Male,Indore,Silver
5626,Customer_5626,46,Female,Nagpur,Silver
5627,Customer_5627,35,Male,Hyderabad,Silver
5628,Customer_5628,19,Male,Bhopal,Gold
5629,Customer_5629,18,Male,Surat,Gold
5630,Customer_5630,64,Female,Kochi,Platinum
5631,Customer_5631,22,Male,Chandigarh,Gold
5632,Customer_5632,37,Female,Bengaluru,Silver
5633,Customer_5633,28,Female,Mumbai,Platinum
5634,Customer_5634,59,Male,Indore,Gold
5635,Customer_5635,19,Male,Jaipur,Gold
5636,Customer_5636,20,Female,Bengaluru,Gold
5637,Customer_5637,40,Female,Coimbatore,Platinum
5638,Customer_5638,29,Male,Visakhapatnam,Gold
5639,Customer_5639,37,Male,Patna,Silver
5640,Customer_5640,22,Female,Nagpur,Gold
5641,Customer_5641,54,Female,Mumbai,Silver
5642,Customer_5642,55,Female,Kochi,Silver
5643,Customer_5643,47,Female,Ahmedabad,Silver
5644,Customer_5644,26,Female,Lucknow,Silver
5645,Customer_5645,51,Male,Coimbatore,Silver
5646,Customer_5646,61,Female,Guwahati,Silver
5647,Customer_5647,52,Female,Ahmedabad,Gold
5648,Customer_5648,39,Male,Ahmedabad,Platinum
5649,Customer_5649,61,Male,Bengaluru,Platinum
5650,Customer_5650,41,Female,Bengaluru,Silver
5651,Customer_5651,34,Female,Bhopal,Gold
5652,Customer_5652,27,Male,Kochi,Platinum
5653,Customer_5653,47,Female,Chennai,Silver
5654,Customer_5654,63,Female,Kochi,Gold
5655,Customer_5655,40,Male,Nagpur,Gold
5656,Customer_5656,49,Female,Guwahati,Silver
5657,Customer_5657,34,Male,Jaipur,Platinum
5658,Customer_5658,34,Male,Bhopal,Platinum
5659,Customer_5659,31,Male,Kolkata,Silver
5660,Customer_5660,26,Male,Indore,Silver
5661,Customer_5661,57,Female,Visakhapatnam,Silver
5662,Customer_5662,19,Male,Bengaluru,Silver
5663,Customer_5663,62,Female,Patna,Gold
5664,Customer_5664,42,Female,Nagpur,Gold
5665,Customer_5665,56,Female,Indore,Silver
5666,Customer_5666,26,Female,Visakhapatnam,Platinum
5667,Customer_5667,39,Female,Ahmedabad,Silver
5668,Customer_5668,60,Male,Chennai,Silver
5669,Customer_5669,63,Male,Bhopal,Silver
5670,Customer_5670,21,Male,Ahmedabad,Gold
5671,Customer_5671,43,Male,Hyderabad,Silver
5672,Customer_5672,46,Female,Patna,Silver
5673,Customer_5673,62,Male,Bhopal,Silver
5674,Customer_5674,51,Female,Chandigarh,Platinum
5675,Customer_5675,40,Female,Chandigarh,Platinum
5676,Customer_5676,54,Male,Visakhapatnam,Silver
5677,Customer_5677,28,Male,Visakhapatnam,Silver
5678,Customer_5678,23,Male,Chennai,Gold
5679,Customer_5679,35,Male,Indore,Gold
5680,Customer_5680,38,Female,Surat,Silver
5681,Customer_5681,59,Female,Jaipur,Platinum
5682,Customer_5682,53,Male,Chennai,Gold
5683,Customer_5683,58,Female,Bhopal,Silver
5684,Customer_5684,55,Female,Jaipur,Gold
5685,Customer_5685,51,Female,Surat,Platinum
5686,Customer_5686,34,Male,Chandigarh,Gold
5687,Customer_5687,54,Female,Hyderabad,Silver
5688,Customer_5688,42,Male,Lucknow,Silver
5689,Customer_5689,55,Male,Surat,Silver
5690,Customer_5690,29,Female,Pune,Silver
5691,Customer_5691,40,Female,Guwahati,Gold
5692,Customer_5692,59,Male,Guwahati,Platinum
5693,Customer_5693,39,Female,Kochi,Gold
5694,Customer_5694,38,Female,Surat,Platinum
5695,Customer_5695,44,Male,Surat,Silver
5696,Customer_5696,48,Male,Mumbai,Platinum
5697,Customer_5697,23,Male,Lucknow,Gold
5698,Customer_5698,44,Male,Surat,Silver
5699,Customer_5699,57,Female,Jaipur,Gold
5700,Customer_5700,51,Female,Delhi,Silver
5701,Customer_5701,29,Male,Nagpur,Gold
5702,Customer_5702,62,Male,Chandigarh,Gold
5703,Customer_5703,24,Male,Visakhapatnam,Silver
5704,Customer_5704,27,Female,Patna,Gold
5705,Customer_5705,62,Male,Delhi,Gold
5706,Customer_5706,34,Female,Kochi,Silver
5707,Customer_5707,43,Male,Surat,Silver
5708,Customer_5708,38,Male,Patna,Silver
5709,Customer_5709,45,Male,Chandigarh,Gold
5710,Customer_5710,63,Female,Chandigarh,Platinum
5711,Customer_5711,19,Female,Mumbai,Platinum
5712,Customer_5712,60,Female,Kochi,Gold
5713,Customer_5713,18,Male,Indore,Gold
5714,Customer_5714,53,Female,Ahmedabad,Silver
5715,Customer_5715,43,Female,Visakhapatnam,Gold
5716,Customer_5716,46,Male,Bengaluru,Silver
5717,Customer_5717,38,Male,Bhopal,Silver
5718,Customer_5718,28,Female,Visakhapatnam,Gold
5719,Customer_5719,57,Female,Chandigarh,Silver
5720,Customer_5720,28,Female,Nagpur,Gold
5721,Customer_5721,53,Female,Chandigarh,Platinum
5722,Customer_5722,56,Male,Kochi,Silver
5723,Customer_5723,57,Male,Indore,Silver
5724,Customer_5724,52,Male,Kochi,Platinum
5725,Customer_5725,51,Female,Guwahati,Gold
5726,Customer_5726,64,Female,Delhi,Silver
5727,Customer_5727,41,Male,Bhopal,Silver
5728,Customer_5728,39,Male,Patna,Gold
5729,Customer_5729,22,Female,Coimbatore,Gold
5730,Customer_5730,50,Female,Nagpur,Silver
5731,Customer_5731,53,Male,Delhi,Silver
5732,Customer_5732,64,Male,Surat,Platinum
5733,Customer_5733,37,Male,Patna,Gold
5734,Customer_5734,36,Female,Pune,Platinum
5735,Customer_5735,52,Female,Patna,Gold
5736,Customer_5736,60,Female,Visakhapatnam,Platinum
5737,Customer_5737,34,Female,Lucknow,Silver
5738,Customer_5738,62,Female,Nagpur,Gold
5739,Customer_5739,60,Female,Hyderabad,Silver
5740,Customer_5740,51,Male,Nagpur,Gold
5741,Customer_5741,26,Male,Bhopal,Silver
5742,Customer_5742,43,Female,Indore,Silver
5743,Customer_5743,19,Male,Visakhapatnam,Platinum
5744,Customer_5744,26,Female,Guwahati,Platinum
5745,Customer_5745,26,Male,Mumbai,Silver
5746,Customer_5746,57,Female,Visakhapatnam,Gold
5747,Customer_5747,34,Male,Delhi,Silver
5748,Customer_5748,18,Male,Ahmedabad,Silver
5749,Customer_5749,42,Female,Nagpur,Platinum
5750,Customer_5750,60,Female,Jaipur,Silver
5751,Customer_5751,57,Male,Mumbai,Platinum
5752,Customer_5752,59,Male,Kolkata,Silver
5753,Customer_5753,42,Female,Ahmedabad,Gold
5754,Customer_5754,56,Male,Chandigarh,Gold
5755,Customer_5755,52,Female,Chandigarh,Silver
5756,Customer_5756,20,Female,Surat,Silver
5757,Customer_5757,54,Male,Visakhapatnam,Platinum
5758,Customer_5758,61,Female,Patna,Gold
5759,Customer_5759,61,Male,Delhi,Silver
5760,Customer_5760,47,Male,Bengaluru,Gold
5761,Customer_5761,55,Female,Hyderabad,Silver
5762,Customer_5762,51,Male,Nagpur,Silver
5763,Customer_5763,29,Female,Chennai,Silver
5764,Customer_5764,36,Female,Coimbatore,Silver
5765,Customer_5765,54,Female,Patna,Platinum
5766,Customer_5766,61,Male,Jaipur,Gold
5767,Customer_5767,34,Female,Coimbatore,Platinum
5768,Customer_5768,27,Male,Bengaluru,Gold
5769,Customer_5769,64,Female,Lucknow,Platinum
5770,Customer_5770,29,Female,Kochi,Gold
5771,Customer_5771,33,Female,Pune,Gold
5772,Customer_5772,41,Male,Patna,Platinum
5773,Customer_5773,36,Male,Delhi,Gold
5774,Customer_5774,25,Female,Indore,Silver
5775,Customer_5775,48,Female,Kochi,Gold
5776,Customer_5776,38,Male,Kolkata,Platinum
5777,Customer_5777,34,Male,Pune,Gold
5778,Customer_5778,40,Male,Guwahati,Gold
5779,Customer_5779,54,Female,Patna,Gold
5780,Customer_5780,33,Male,Bengaluru,Platinum
5781,Customer_5781,23,Female,Patna,Silver
5782,Customer_5782,25,Male,Kolkata,Gold
5783,Customer_5783,42,Female,Bhopal,Silver
5784,Customer_5784,35,Female,Visakhapatnam,Gold
5785,Customer_5785,42,Female,Kolkata,Gold
5786,Customer_5786,29,Male,Bengaluru,Silver
5787,Customer_5787,32,Male,Jaipur,Silver
5788,Customer_5788,43,Male,Jaipur,Gold
5789,Customer_5789,58,Female,Pune,Silver
5790,Customer_5790,62,Female,Mumbai,Silver
5791,Customer_5791,43,Male,Chandigarh,Platinum
5792,Customer_5792,64,Female,Jaipur,Silver
5793,Customer_5793,49,Female,Surat,Silver
5794,Customer_5794,27,Female,Guwahati,Platinum
5795,Customer_5795,33,Male,Visakhapatnam,Silver
5796,Customer_5796,24,Female,Kochi,Silver
5797,Customer_5797,34,Male,Hyderabad,Gold
5798,Customer_5798,40,Male,Chennai,Gold
5799,Customer_5799,43,Male,Delhi,Platinum
5800,Customer_5800,38,Male,Coimbatore,Platinum
5801,Customer_5801,39,Male,Guwahati,Gold
5802,Customer_5802,24,Female,Jaipur,Silver
5803,Customer_5803,31,Male,Surat,Silver
5804,Customer_5804,32,Male,Ahmedabad,Silver
5805,Customer_5805,24,Male,Surat,Silver
5806,Customer_5806,26,Female,Patna,Gold
5807,Customer_5807,25,Female,Indore,Gold
5808,Customer_5808,40,Female,Bhopal,Silver
5809,Customer_5809,46,Female,Nagpur,Platinum
5810,Customer_5810,35,Male,Chennai,Silver
5811,Customer_5811,48,Male,Delhi,Silver
5812,Customer_5812,47,Female,Chennai,Gold
5813,Customer_5813,56,Female,Guwahati,Silver
5814,Customer_5814,52,Female,Jaipur,Silver
5815,Customer_5815,35,Female,Lucknow,Silver
5816,Customer_5816,59,Male,Chennai,Silver
5817,Customer_5817,56,Female,Visakhapatnam,Gold
5818,Customer_5818,34,Female,Jaipur,Platinum
5819,Customer_5819,31,Female,Surat,Silver
5820,Customer_5820,48,Female,Bhopal,Silver
5821,Customer_5821,41,Female,Indore,Gold
5822,Customer_5822,52,Female,Bhopal,Platinum
5823,Customer_5823,61,Female,Coimbatore,Silver
5824,Customer_5824,62,Male,Bhopal,Silver
5825,Customer_5825,51,Male,Chandigarh,Gold
5826,Customer_5826,20,Male,Kolkata,Gold
5827,Customer_5827,54,Male,Visakhapatnam,Silver
5828,Customer_5828,60,Male,Bhopal,Gold
5829,Customer_5829,57,Male,Indore,Silver
5830,Customer_5830,43,Female,Jaipur,Gold
5831,Customer_5831,40,Female,Coimbatore,Gold
5832,Customer_5832,61,Male,Bengaluru,Platinum
5833,Customer_5833,56,Female,Visakhapatnam,Silver
5834,Customer_5834,32,Male,Kochi,Silver
5835,Customer_5835,21,Female,Nagpur,Silver
5836,Customer_5836,46,Female,Delhi,Platinum
5837,Customer_5837,39,Female,Kochi,Silver
5838,Customer_5838,42,Female,Ahmedabad,Silver
5839,Customer_5839,30,Female,Kolkata,Silver
5840,Customer_5840,35,Female,Kolkata,Gold
5841,Customer_5841,50,Male,Jaipur,Silver
5842,Customer_5842,33,Male,Bengaluru,Silver
5843,Customer_5843,62,Female,Guwahati,Silver
5844,Customer_5844,59,Male,Jaipur,Platinum
5845,Customer_5845,61,Female,Coimbatore,Gold
5846,Customer_5846,19,Male,Chandigarh,Gold
5847,Customer_5847,52,Female,Delhi,Platinum
5848,Customer_5848,59,Male,Mumbai,Platinum
5849,Customer_5849,51,Female,Nagpur,Silver
5850,Customer_5850,47,Male,Nagpur,Platinum
5851,Customer_5851,30,Female,Delhi,Silver
5852,Customer_5852,30,Male,Chandigarh,Silver
5853,Customer_5853,35,Female,Patna,Platinum
5854,Customer_5854,49,Female,Patna,Silver
5855,Customer_5855,49,Female,Bhopal,Silver
5856,Customer_5856,52,Male,Chandigarh,Silver
5857,Customer_5857,56,Male,Nagpur,Gold
5858,Customer_5858,63,Male,Patna,Silver
5859,Customer_5859,46,Female,Patna,Gold
5860,Customer_5860,46,Male,Guwahati,Platinum
5861,Customer_5861,61,Female,Ahmedabad,Gold
5862,Customer_5862,33,Male,Mumbai,Silver
5863,Customer_5863,61,Male,Mumbai,Platinum
5864,Customer_5864,64,Male,Lucknow,Silver
5865,Customer_5865,27,Male,Bengaluru,Silver
5866,Customer_5866,47,Female,Kochi,Silver
5867,Customer_5867,42,Male,Ahmedabad,Gold
5868,Customer_5868,56,Male,Chennai,Silver
5869,Customer_5869,37,Female,Nagpur,Silver
5870,Customer_5870,22,Female,Lucknow,Silver
5871,Customer_5871,18,Male,Delhi,Silver
5872,Customer_5872,47,Male,Chennai,Gold
5873,Customer_5873,20,Female,Delhi,Platinum
5874,Customer_5874,62,Female,Kochi,Gold
5875,Customer_5875,31,Female,Kochi,Silver
5876,Customer_5876,47,Male,Pune,Silver
5877,Customer_5877,21,Male,Visakhapatnam,Platinum
5878,Customer_5878,35,Male,Patna,Silver
5879,Customer_5879,54,Female,Surat,Platinum
5880,Customer_5880,42,Female,Mumbai,Silver
5881,Customer_5881,18,Female,Guwahati,Platinum
5882,Customer_5882,63,Male,Surat,Silver
5883,Customer_5883,32,Female,Indore,Silver
5884,Customer_5884,26,Male,Patna,Gold
5885,Customer_5885,32,Female,Lucknow,Gold
5886,Customer_5886,41,Male,Jaipur,Silver
5887,Customer_5887,21,Male,Jaipur,Gold
5888,Customer_5888,29,Female,Visakhapatnam,Gold
5889,Customer_5889,54,Male,Delhi,Silver
5890,Customer_5890,54,Female,Kochi,Silver
5891,Customer_5891,60,Male,Bhopal,Silver
5892,Customer_5892,23,Female,Lucknow,Silver
5893,Customer_5893,56,Female,Kolkata,Gold
5894,Customer_5894,63,Male,Coimbatore,Silver
5895,Customer_5895,41,Female,Patna,Silver
5896,Customer_5896,28,Male,Hyderabad,Silver
5897,Customer_5897,30,Female,Pune,Gold
5898,Customer_5898,51,Female,Kochi,Silver
5899,Customer_5899,42,Female,Hyderabad,Silver
5900,Customer_5900,24,Female,Ahmedabad,Silver
5901,Customer_5901,21,Male,Bhopal,Platinum
5902,Customer_5902,25,Female,Nagpur,Silver
5903,Customer_5903,37,Female,Bhopal,Gold
5904,Customer_5904,46,Male,Lucknow,Silver
5905,Customer_5905,62,Male,Visakhapatnam,Silver
5906,Customer_5906,63,Male,Patna,Gold
5907,Customer_5907,27,Male,Pune,Silver
5908,Customer_5908,60,Male,Jaipur,Platinum
5909,Customer_5909,51,Male,Lucknow,Platinum
5910,Customer_5910,43,Female,Lucknow,Gold
5911,Customer_5911,58,Male,Chandigarh,Gold
5912,Customer_5912,20,Female,Pune,Silver
5913,Customer_5913,23,Male,Kolkata,Silver
5914,Customer_5914,22,Female,Bengaluru,Platinum
5915,Customer_5915,22,Female,Coimbatore,Gold
5916,Customer_5916,64,Female,Indore,Gold
5917,Customer_5917,40,Male,Patna,Silver
5918,Customer_5918,26,Male,Visakhapatnam,Silver
5919,Customer_5919,52,Male,Kolkata,Platinum
5920,Customer_5920,37,Male,Bhopal,Silver
5921,Customer_5921,59,Female,Chennai,Silver
5922,Customer_5922,52,Male,Patna,Silver
5923,Customer_5923,35,Female,Jaipur,Platinum
5924,Customer_5924,34,Female,Pune,Silver
5925,Customer_5925,41,Male,Lucknow,Platinum
5926,Customer_5926,20,Male,Surat,Silver
5927,Customer_5927,49,Male,Ahmedabad,Platinum
5928,Customer_5928,52,Female,Bhopal,Gold
5929,Customer_5929,55,Male,Guwahati,Silver
5930,Customer_5930,30,Female,Delhi,Gold
5931,Customer_5931,64,Male,Chandigarh,Silver
5932,Customer_5932,42,Female,Kochi,Silver
5933,Customer_5933,26,Male,Coimbatore,Platinum
5934,Customer_5934,21,Male,Indore,Silver
5935,Customer_5935,31,Female,Coimbatore,Silver
5936,Customer_5936,54,Male,Pune,Silver
5937,Customer_5937,51,Male,Coimbatore,Silver
5938,Customer_5938,28,Male,Ahmedabad,Platinum
5939,Customer_5939,58,Male,Hyderabad,Silver
5940,Customer_5940,20,Male,Pune,Platinum
5941,Customer_5941,45,Male,Lucknow,Platinum
5942,Customer_5942,46,Male,Indore,Silver
5943,Customer_5943,26,Female,Surat,Silver
5944,Customer_5944,20,Female,Jaipur,Platinum
5945,Customer_5945,42,Male,Pune,Silver
5946,Customer_5946,51,Male,Jaipur,Silver
5947,Customer_5947,29,Male,Surat,Silver
5948,Customer_5948,59,Female,Bengaluru,Gold
5949,Customer_5949,26,Female,Bengaluru,Gold
5950,Customer_5950,32,Male,Delhi,Silver
5951,Customer_5951,57,Female,Visakhapatnam,Silver
5952,Customer_5952,42,Male,Mumbai,Platinum
5953,Customer_5953,22,Male,Bengaluru,Gold
5954,Customer_5954,28,Male,Patna,Gold
5955,Customer_5955,51,Male,Hyderabad,Gold
5956,Customer_5956,41,Female,Surat,Silver
5957,Customer_5957,32,Female,Delhi,Gold
5958,Customer_5958,55,Male,Visakhapatnam,Silver
5959,Customer_5959,25,Female,Guwahati,Silver
5960,Customer_5960,22,Female,Delhi,Gold
5961,Customer_5961,43,Male,Mumbai,Silver
5962,Customer_5962,35,Female,Patna,Platinum
5963,Customer_5963,23,Male,Nagpur,Silver
5964,Customer_5964,54,Male,Guwahati,Platinum
5965,Customer_5965,30,Male,Indore,Platinum
5966,Customer_5966,45,Male,Patna,Silver
5967,Customer_5967,22,Female,Hyderabad,Gold
5968,Customer_5968,30,Male,Visakhapatnam,Silver
5969,Customer_5969,34,Female,Jaipur,Platinum
5970,Customer_5970,57,Male,Kolkata,Silver
5971,Customer_5971,62,Male,Visakhapatnam,Gold
5972,Customer_5972,49,Female,Mumbai,Silver
5973,Customer_5973,46,Male,Hyderabad,Silver
5974,Customer_5974,20,Female,Coimbatore,Silver
5975,Customer_5975,57,Female,Guwahati,Silver
5976,Customer_5976,51,Male,Jaipur,Gold
5977,Customer_5977,57,Male,Hyderabad,Gold
5978,Customer_5978,44,Male,Nagpur,Gold
5979,Customer_5979,30,Male,Surat,Silver
5980,Customer_5980,62,Male,Indore,Silver
5981,Customer_5981,50,Male,Bhopal,Silver
5982,Customer_5982,23,Female,Guwahati,Platinum
5983,Customer_5983,41,Female,Guwahati,Platinum
5984,Customer_5984,36,Male,Guwahati,Silver
5985,Customer_5985,33,Female,Surat,Silver
5986,Customer_5986,57,Female,Nagpur,Silver
5987,Customer_5987,45,Male,Coimbatore,Gold
5988,Customer_5988,50,Male,Bhopal,Gold
5989,Customer_5989,58,Female,Chennai,Gold
5990,Customer_5990,30,Male,Lucknow,Silver
5991,Customer_5991,60,Female,Kochi,Gold
5992,Customer_5992,62,Male,Chennai,Gold
5993,Customer_5993,42,Female,Bhopal,Silver
5994,Customer_5994,59,Female,Surat,Gold
5995,Customer_5995,53,Female,Chennai,Silver
5996,Customer_5996,44,Female,Lucknow,Silver
5997,Customer_5997,55,Male,Bengaluru,Platinum
5998,Customer_5998,24,Male,Patna,Silver
5999,Customer_5999,22,Female,Mumbai,Platinum
6000,Customer_6000,60,Female,Kochi,Gold
6001,Customer_6001,62,Male,Hyderabad,Silver
6002,Customer_6002,48,Male,Ahmedabad,Gold
6003,Customer_6003,40,Female,Bengaluru,Gold
6004,Customer_6004,59,Female,Coimbatore,Silver
6005,Customer_6005,27,Female,Delhi,Silver
6006,Customer_6006,49,Female,Chandigarh,Silver
6007,Customer_6007,60,Female,Pune,Silver
6008,Customer_6008,47,Male,Bengaluru,Silver
6009,Customer_6009,56,Female,Chennai,Silver
6010,Customer_6010,48,Male,Jaipur,Silver
6011,Customer_6011,35,Male,Kolkata,Platinum
6012,Customer_6012,53,Male,Guwahati,Silver
6013,Customer_6013,19,Female,Patna,Gold
6014,Customer_6014,31,Male,Ahmedabad,Gold
6015,Customer_6015,30,Male,Hyderabad,Gold
6016,Customer_6016,46,Male,Coimbatore,Silver
6017,Customer_6017,29,Male,Guwahati,Platinum
6018,Customer_6018,56,Female,Patna,Gold
6019,Customer_6019,19,Female,Pune,Platinum
6020,Customer_6020,49,Male,Lucknow,Silver
6021,Customer_6021,30,Male,Hyderabad,Silver
6022,Customer_6022,63,Female,Nagpur,Gold
6023,Customer_6023,44,Female,Kochi,Silver
6024,Customer_6024,58,Female,Jaipur,Silver
6025,Customer_6025,34,Male,Guwahati,Silver
6026,Customer_6026,57,Female,Kolkata,Gold
6027,Customer_6027,48,Male,Pune,Platinum
6028,Customer_6028,51,Male,Guwahati,Silver
6029,Customer_6029,41,Female,Visakhapatnam,Platinum
6030,Customer_6030,62,Male,Pune,Gold
6031,Customer_6031,52,Female,Mumbai,Silver
6032,Customer_6032,23,Male,Chandigarh,Platinum
6033,Customer_6033,36,Female,Surat,Platinum
6034,Customer_6034,47,Male,Ahmedabad,Gold
6035,Customer_6035,24,Male,Hyderabad,Silver
6036,Customer_6036,27,Female,Hyderabad,Gold
6037,Customer_6037,58,Female,Jaipur,Silver
6038,Customer_6038,49,Female,Chennai,Silver
6039,Customer_6039,51,Female,Indore,Silver
6040,Customer_6040,45,Male,Kolkata,Platinum
6041,Customer_6041,32,Female,Kochi,Platinum
6042,Customer_6042,47,Female,Visakhapatnam,Silver
6043,Customer_6043,54,Male,Pune,Silver
6044,Customer_6044,46,Female,Patna,Platinum
6045,Customer_6045,39,Female,Patna,Silver
6046,Customer_6046,21,Male,Nagpur,Gold
6047,Customer_6047,37,Female,Surat,Silver
6048,Customer_6048,49,Female,Indore,Silver
6049,Customer_6049,53,Female,Surat,Platinum
6050,Customer_6050,21,Female,Jaipur,Silver
6051,Customer_6051,44,Female,Lucknow,Silver
6052,Customer_6052,34,Female,Chennai,Silver
6053,Customer_6053,29,Male,Kochi,Platinum
6054,Customer_6054,39,Female,Nagpur,Platinum
6055,Customer_6055,34,Male,Coimbatore,Silver
6056,Customer_6056,27,Male,Indore,Silver
6057,Customer_6057,18,Male,Chandigarh,Gold
6058,Customer_6058,39,Male,Delhi,Silver
6059,Customer_6059,43,Female,Pune,Gold
6060,Customer_6060,35,Female,Lucknow,Silver
6061,Customer_6061,31,Female,Jaipur,Silver
6062,Customer_6062,64,Male,Bengaluru,Gold
6063,Customer_6063,46,Female,Nagpur,Silver
6064,Customer_6064,29,Female,Patna,Platinum
6065,Customer_6065,53,Female,Mumbai,Silver
6066,Customer_6066,52,Male,Nagpur,Silver
6067,Customer_6067,29,Male,Chandigarh,Platinum
6068,Customer_6068,24,Female,Pune,Silver
6069,Customer_6069,46,Male,Chennai,Gold
6070,Customer_6070,28,Male,Coimbatore,Silver
6071,Customer_6071,50,Female,Kolkata,Gold
6072,Customer_6072,23,Male,Hyderabad,Gold
6073,Customer_6073,64,Male,Pune,Silver
6074,Customer_6074,32,Female,Patna,Platinum
6075,Customer_6075,49,Male,Delhi,Gold
6076,Customer_6076,28,Male,Chennai,Silver
6077,Customer_6077,40,Male,Delhi,Gold
6078,Customer_6078,43,Male,Indore,Gold
6079,Customer_6079,51,Male,Coimbatore,Silver
6080,Customer_6080,63,Male,Nagpur,Silver
6081,Customer_6081,51,Male,Indore,Silver
6082,Customer_6082,46,Male,Lucknow,Silver
6083,Customer_6083,21,Female,Kochi,Gold
6084,Customer_6084,34,Female,Chennai,Silver
6085,Customer_6085,52,Female,Patna,Platinum
6086,Customer_6086,30,Female,Chandigarh,Silver
6087,Customer_6087,58,Male,Surat,Silver
6088,Customer_6088,56,Female,Jaipur,Gold
6089,Customer_6089,32,Female,Indore,Gold
6090,Customer_6090,46,Male,Indore,Gold
6091,Customer_6091,46,Male,Hyderabad,Silver
6092,Customer_6092,28,Male,Delhi,Silver
6093,Customer_6093,49,Male,Hyderabad,Silver
6094,Customer_6094,19,Male,Surat,Platinum
6095,Customer_6095,64,Female,Kolkata,Silver
6096,Customer_6096,31,Male,Patna,Platinum
6097,Customer_6097,37,Female,Coimbatore,Gold
6098,Customer_6098,39,Female,Visakhapatnam,Silver
6099,Customer_6099,28,Male,Nagpur,Gold
6100,Customer_6100,44,Female,Patna,Platinum
6101,Customer_6101,20,Female,Kolkata,Platinum
6102,Customer_6102,34,Male,Chennai,Silver
6103,Customer_6103,61,Female,Mumbai,Silver
6104,Customer_6104,45,Female,Pune,Silver
6105,Customer_6105,46,Female,Lucknow,Silver
6106,Customer_6106,38,Male,Chandigarh,Gold
6107,Customer_6107,64,Male,Lucknow,Platinum
6108,Customer_6108,33,Male,Coimbatore,Silver
6109,Customer_6109,54,Female,Kochi,Gold
6110,Customer_6110,37,Male,Surat,Gold
6111,Customer_6111,23,Female,Delhi,Silver
6112,Customer_6112,36,Male,Delhi,Silver
6113,Customer_6113,22,Female,Patna,Gold
6114,Customer_6114,20,Male,Delhi,Platinum
6115,Customer_6115,18,Male,Hyderabad,Gold
6116,Customer_6116,55,Female,Surat,Silver
6117,Customer_6117,32,Male,Delhi,Silver
6118,Customer_6118,51,Female,Kolkata,Silver
6119,Customer_6119,52,Male,Jaipur,Gold
6120,Customer_6120,42,Male,Kochi,Gold
6121,Customer_6121,41,Female,Chandigarh,Silver
6122,Customer_6122,29,Female,Ahmedabad,Platinum
6123,Customer_6123,35,Female,Kochi,Gold
6124,Customer_6124,32,Male,Patna,Gold
6125,Customer_6125,61,Female,Delhi,Platinum
6126,Customer_6126,33,Male,Bhopal,Silver
6127,Customer_6127,44,Female,Kolkata,Platinum
6128,Customer_6128,25,Female,Hyderabad,Silver
6129,Customer_6129,63,Female,Delhi,Silver
6130,Customer_6130,42,Female,Delhi,Platinum
6131,Customer_6131,34,Female,Lucknow,Platinum
6132,Customer_6132,46,Female,Lucknow,Gold
6133,Customer_6133,25,Male,Bengaluru,Gold
6134,Customer_6134,32,Female,Kochi,Gold
6135,Customer_6135,44,Male,Guwahati,Platinum
6136,Customer_6136,63,Female,Indore,Silver
6137,Customer_6137,24,Female,Coimbatore,Platinum
6138,Customer_6138,20,Female,Mumbai,Silver
6139,Customer_6139,46,Male,Jaipur,Silver
6140,Customer_6140,61,Male,Kochi,Silver
6141,Customer_6141,41,Female,Nagpur,Gold
6142,Customer_6142,20,Male,Chennai,Platinum
6143,Customer_6143,37,Female,Kochi,Gold
6144,Customer_6144,63,Female,Kochi,Platinum
6145,Customer_6145,32,Male,Bhopal,Silver
6146,Customer_6146,42,Male,Visakhapatnam,Gold
6147,Customer_6147,47,Male,Coimbatore,Platinum
6148,Customer_6148,31,Male,Bengaluru,Gold
6149,Customer_6149,24,Female,Indore,Gold
6150,Customer_6150,34,Male,Coimbatore,Gold
6151,Customer_6151,61,Male,Chennai,Platinum
6152,Customer_6152,37,Female,Kochi,Platinum
6153,Customer_6153,53,Male,Coimbatore,Silver
6154,Customer_6154,26,Male,Kolkata,Platinum
6155,Customer_6155,55,Male,Nagpur,Silver
6156,Customer_6156,39,Male,Lucknow,Silver
6157,Customer_6157,19,Female,Patna,Platinum
6158,Customer_6158,41,Female,Delhi,Silver
6159,Customer_6159,25,Male,Chandigarh,Platinum
6160,Customer_6160,28,Male,Indore,Silver
6161,Customer_6161,30,Female,Visakhapatnam,Silver
6162,Customer_6162,34,Male,Hyderabad,Silver
6163,Customer_6163,25,Male,Chandigarh,Silver
6164,Customer_6164,38,Male,Mumbai,Gold
6165,Customer_6165,35,Male,Delhi,Silver
6166,Customer_6166,47,Male,Jaipur,Silver
6167,Customer_6167,35,Male,Bhopal,Silver
6168,Customer_6168,63,Male,Kochi,Silver
6169,Customer_6169,64,Male,Patna,Gold
6170,Customer_6170,48,Male,Guwahati,Silver
6171,Customer_6171,55,Female,Lucknow,Gold
6172,Customer_6172,49,Female,Bhopal,Platinum
6173,Customer_6173,28,Female,Nagpur,Gold
6174,Customer_6174,62,Male,Jaipur,Platinum
6175,Customer_6175,42,Male,Surat,Silver
6176,Customer_6176,50,Female,Bengaluru,Silver
6177,Customer_6177,55,Male,Nagpur,Platinum
6178,Customer_6178,58,Female,Lucknow,Gold
6179,Customer_6179,25,Male,Chandigarh,Gold
6180,Customer_6180,28,Female,Pune,Gold
6181,Customer_6181,39,Female,Chennai,Silver
6182,Customer_6182,41,Female,Visakhapatnam,Silver
6183,Customer_6183,58,Male,Indore,Gold
6184,Customer_6184,34,Female,Chandigarh,Gold
6185,Customer_6185,29,Male,Visakhapatnam,Silver
6186,Customer_6186,63,Male,Chennai,Platinum
6187,Customer_6187,49,Male,Kochi,Silver
6188,Customer_6188,32,Male,Surat,Silver
6189,Customer_6189,33,Male,Indore,Platinum
6190,Customer_6190,39,Male,Bengaluru,Gold
6191,Customer_6191,45,Male,Jaipur,Gold
6192,Customer_6192,37,Female,Hyderabad,Silver
6193,Customer_6193,50,Female,Indore,Silver
6194,Customer_6194,27,Female,Chandigarh,Gold
6195,Customer_6195,57,Male,Guwahati,Silver
6196,Customer_6196,49,Male,Kolkata,Platinum
6197,Customer_6197,50,Male,Nagpur,Platinum
6198,Customer_6198,19,Male,Kochi,Platinum
6199,Customer_6199,50,Female,Bengaluru,Silver
6200,Customer_6200,50,Male,Chennai,Gold
6201,Customer_6201,58,Female,Chandigarh,Silver
6202,Customer_6202,30,Male,Chandigarh,Silver
6203,Customer_6203,47,Female,Chennai,Silver
6204,Customer_6204,50,Male,Guwahati,Silver
6205,Customer_6205,30,Female,Kochi,Platinum
6206,Customer_6206,43,Male,Surat,Silver
6207,Customer_6207,39,Female,Delhi,Silver
6208,Customer_6208,56,Male,Bhopal,Platinum
6209,Customer_6209,19,Female,Chennai,Silver
6210,Customer_6210,55,Female,Indore,Gold
6211,Customer_6211,56,Male,Kolkata,Silver
6212,Customer_6212,43,Female,Mumbai,Silver
6213,Customer_6213,63,Male,Kochi,Platinum
6214,Customer_6214,32,Male,Ahmedabad,Silver
6215,Customer_6215,51,Male,Hyderabad,Gold
6216,Customer_6216,59,Female,Jaipur,Silver
6217,Customer_6217,61,Female,Surat,Silver
6218,Customer_6218,57,Male,Indore,Silver
6219,Customer_6219,28,Male,Chandigarh,Silver
6220,Customer_6220,20,Female,Chandigarh,Silver
6221,Customer_6221,23,Female,Mumbai,Gold
6222,Customer_6222,26,Female,Lucknow,Silver
6223,Customer_6223,23,Male,Bhopal,Silver
6224,Customer_6224,26,Male,Ahmedabad,Silver
6225,Customer_6225,56,Male,Indore,Platinum
6226,Customer_6226,48,Male,Lucknow,Platinum
6227,Customer_6227,49,Male,Surat,Gold
6228,Customer_6228,58,Female,Kochi,Platinum
6229,Customer_6229,29,Male,Pune,Silver
6230,Customer_6230,25,Female,Bengaluru,Silver
6231,Customer_6231,25,Female,Visakhapatnam,Gold
6232,Customer_6232,45,Male,Surat,Gold
6233,Customer_6233,37,Female,Guwahati,Silver
6234,Customer_6234,64,Male,Pune,Silver
6235,Customer_6235,24,Female,Jaipur,Platinum
6236,Customer_6236,28,Male,Guwahati,Platinum
6237,Customer_6237,37,Male,Surat,Silver
6238,Customer_6238,33,Female,Ahmedabad,Gold
6239,Customer_6239,21,Male,Coimbatore,Silver
6240,Customer_6240,23,Female,Mumbai,Silver
6241,Customer_6241,39,Male,Coimbatore,Silver
6242,Customer_6242,43,Male,Coimbatore,Silver
6243,Customer_6243,20,Male,Indore,Silver
6244,Customer_6244,58,Female,Delhi,Platinum
6245,Customer_6245,59,Female,Nagpur,Silver
6246,Customer_6246,31,Male,Chandigarh,Gold
6247,Customer_6247,28,Female,Indore,Silver
6248,Customer_6248,35,Male,Delhi,Silver
6249,Customer_6249,29,Female,Pune,Platinum
6250,Customer_6250,40,Female,Chandigarh,Gold
6251,Customer_6251,29,Male,Nagpur,Platinum
6252,Customer_6252,30,Male,Patna,Platinum
6253,Customer_6253,42,Male,Nagpur,Silver
6254,Customer_6254,62,Male,Indore,Silver
6255,Customer_6255,36,Male,Chandigarh,Platinum
6256,Customer_6256,63,Female,Guwahati,Platinum
6257,Customer_6257,53,Female,Kochi,Gold
6258,Customer_6258,62,Male,Hyderabad,Gold
6259,Customer_6259,25,Male,Indore,Gold
6260,Customer_6260,46,Male,Kochi,Silver
6261,Customer_6261,49,Female,Jaipur,Gold
6262,Customer_6262,61,Male,Coimbatore,Platinum
6263,Customer_6263,35,Male,Kochi,Gold
6264,Customer_6264,23,Female,Bhopal,Silver
6265,Customer_6265,35,Female,Kolkata,Silver
6266,Customer_6266,36,Female,Indore,Silver
6267,Customer_6267,39,Female,Chennai,Silver
6268,Customer_6268,54,Male,Chennai,Platinum
6269,Customer_6269,49,Female,Bengaluru,Silver
6270,Customer_6270,58,Female,Kochi,Silver
6271,Customer_6271,20,Male,Pune,Silver
6272,Customer_6272,45,Male,Chennai,Gold
6273,Customer_6273,27,Male,Surat,Gold
6274,Customer_6274,52,Female,Bhopal,Silver
6275,Customer_6275,46,Male,Delhi,Silver
6276,Customer_6276,32,Female,Guwahati,Silver
6277,Customer_6277,50,Female,Visakhapatnam,Gold
6278,Customer_6278,24,Female,Coimbatore,Silver
6279,Customer_6279,29,Male,Indore,Platinum
6280,Customer_6280,47,Female,Visakhapatnam,Silver
6281,Customer_6281,38,Male,Bengaluru,Silver
6282,Customer_6282,48,Male,Kochi,Gold
6283,Customer_6283,41,Male,Bhopal,Silver
6284,Customer_6284,37,Female,Lucknow,Gold
6285,Customer_6285,54,Female,Ahmedabad,Silver
6286,Customer_6286,21,Female,Patna,Gold
6287,Customer_6287,45,Male,Kolkata,Gold
6288,Customer_6288,61,Female,Chennai,Platinum
6289,Customer_6289,37,Female,Visakhapatnam,Silver
6290,Customer_6290,41,Female,Guwahati,Silver
6291,Customer_6291,49,Female,Chennai,Silver
6292,Customer_6292,58,Female,Patna,Platinum
6293,Customer_6293,53,Male,Kochi,Platinum
6294,Customer_6294,51,Male,Bhopal,Silver
6295,Customer_6295,53,Male,Bengaluru,Silver
6296,Customer_6296,19,Male,Lucknow,Silver
6297,Customer_6297,32,Female,Patna,Silver
6298,Customer_6298,51,Male,Lucknow,Silver
6299,Customer_6299,53,Female,Coimbatore,Silver
6300,Customer_6300,23,Male,Delhi,Gold
6301,Customer_6301,56,Male,Bengaluru,Platinum
6302,Customer_6302,59,Male,Bhopal,Platinum
6303,Customer_6303,29,Female,Delhi,Silver
6304,Customer_6304,20,Female,Bengaluru,Gold
6305,Customer_6305,62,Male,Bengaluru,Platinum
6306,Customer_6306,35,Female,Kolkata,Silver
6307,Customer_6307,57,Male,Guwahati,Gold
6308,Customer_6308,38,Male,Delhi,Silver
6309,Customer_6309,32,Male,Chennai,Silver
6310,Customer_6310,50,Female,Chennai,Silver
6311,Customer_6311,52,Male,Kochi,Silver
6312,Customer_6312,43,Male,Nagpur,Gold
6313,Customer_6313,25,Male,Coimbatore,Silver
6314,Customer_6314,53,Female,Delhi,Silver
6315,Customer_6315,47,Male,Chandigarh,Silver
6316,Customer_6316,40,Female,Bengaluru,Platinum
6317,Customer_6317,59,Male,Jaipur,Silver
6318,Customer_6318,61,Female,Chennai,Gold
6319,Customer_6319,31,Male,Kolkata,Gold
6320,Customer_6320,31,Male,Indore,Silver
6321,Customer_6321,19,Female,Jaipur,Silver
6322,Customer_6322,54,Female,Bengaluru,Gold
6323,Customer_6323,22,Male,Hyderabad,Silver
6324,Customer_6324,55,Female,Indore,Silver
6325,Customer_6325,62,Male,Jaipur,Gold
6326,Customer_6326,58,Male,Patna,Silver
6327,Customer_6327,64,Male,Bengaluru,Silver
6328,Customer_6328,31,Female,Delhi,Silver
6329,Customer_6329,56,Male,Visakhapatnam,Silver
6330,Customer_6330,42,Female,Guwahati,Gold
6331,Customer_6331,37,Male,Nagpur,Gold
6332,Customer_6332,19,Female,Kochi,Gold
6333,Customer_6333,56,Female,Nagpur,Gold
6334,Customer_6334,23,Male,Kochi,Silver
6335,Customer_6335,34,Female,Nagpur,Silver
6336,Customer_6336,42,Male,Bhopal,Silver
6337,Customer_6337,45,Male,Chandigarh,Silver
6338,Customer_6338,19,Male,Delhi,Platinum
6339,Customer_6339,52,Male,Surat,Platinum
6340,Customer_6340,54,Male,Hyderabad,Silver
6341,Customer_6341,22,Female,Kochi,Silver
6342,Customer_6342,18,Male,Bhopal,Silver
6343,Customer_6343,57,Female,Guwahati,Silver
6344,Customer_6344,29,Female,Hyderabad,Silver
6345,Customer_6345,53,Male,Pune,Gold
6346,Customer_6346,62,Female,Delhi,Platinum
6347,Customer_6347,40,Male,Delhi,Gold
6348,Customer_6348,64,Female,Kolkata,Silver
6349,Customer_6349,48,Female,Hyderabad,Silver
6350,Customer_6350,28,Female,Chandigarh,Gold
6351,Customer_6351,27,Male,Chandigarh,Platinum
6352,Customer_6352,20,Female,Nagpur,Platinum
6353,Customer_6353,31,Male,Delhi,Platinum
6354,Customer_6354,33,Female,Surat,Gold
6355,Customer_6355,27,Female,Visakhapatnam,Gold
6356,Customer_6356,46,Female,Lucknow,Silver
6357,Customer_6357,27,Female,Lucknow,Gold
6358,Customer_6358,29,Male,Jaipur,Silver
6359,Customer_6359,47,Male,Surat,Silver
6360,Customer_6360,58,Female,Bengaluru,Gold
6361,Customer_6361,18,Female,Coimbatore,Silver
6362,Customer_6362,22,Male,Visakhapatnam,Silver
6363,Customer_6363,37,Male,Mumbai,Silver
6364,Customer_6364,25,Male,Kochi,Silver
6365,Customer_6365,60,Male,Guwahati,Silver
6366,Customer_6366,29,Female,Surat,Silver
6367,Customer_6367,18,Female,Surat,Silver
6368,Customer_6368,37,Male,Delhi,Silver
6369,Customer_6369,45,Male,Mumbai,Platinum
6370,Customer_6370,60,Male,Delhi,Silver
6371,Customer_6371,54,Male,Kolkata,Silver
6372,Customer_6372,64,Male,Bengaluru,Gold
6373,Customer_6373,54,Male,Pune,Platinum
6374,Customer_6374,29,Female,Surat,Gold
6375,Customer_6375,54,Female,Coimbatore,Silver
6376,Customer_6376,61,Female,Pune,Gold
6377,Customer_6377,45,Male,Delhi,Gold
6378,Customer_6378,64,Male,Kolkata,Gold
6379,Customer_6379,32,Male,Kochi,Gold
6380,Customer_6380,23,Female,Ahmedabad,Platinum
6381,Customer_6381,61,Male,Patna,Platinum
6382,Customer_6382,37,Male,Visakhapatnam,Gold
6383,Customer_6383,31,Female,Chennai,Silver
6384,Customer_6384,19,Male,Mumbai,Gold
6385,Customer_6385,26,Female,Kolkata,Platinum
6386,Customer_6386,54,Female,Delhi,Silver
6387,Customer_6387,37,Male,Kolkata,Platinum
6388,Customer_6388,43,Female,Hyderabad,Silver
6389,Customer_6389,46,Male,Mumbai,Silver
6390,Customer_6390,18,Female,Delhi,Platinum
6391,Customer_6391,52,Male,Chennai,Silver
6392,Customer_6392,23,Female,Pune,Silver
6393,Customer_6393,54,Male,Delhi,Silver
6394,Customer_6394,22,Female,Delhi,Silver
6395,Customer_6395,50,Female,Ahmedabad,Silver
6396,Customer_6396,31,Female,Visakhapatnam,Silver
6397,Customer_6397,29,Male,Chandigarh,Silver
6398,Customer_6398,59,Male,Surat,Platinum
6399,Customer_6399,37,Female,Coimbatore,Platinum
6400,Customer_6400,41,Male,Visakhapatnam,Silver
6401,Customer_6401,60,Female,Lucknow,Gold
6402,Customer_6402,51,Male,Bhopal,Silver
6403,Customer_6403,42,Female,Delhi,Silver
6404,Customer_6404,46,Male,Lucknow,Silver
6405,Customer_6405,56,Female,Jaipur,Platinum
6406,Customer_6406,48,Female,Bengaluru,Platinum
6407,Customer_6407,64,Female,Guwahati,Silver
6408,Customer_6408,60,Female,Jaipur,Silver
6409,Customer_6409,40,Male,Lucknow,Silver
6410,Customer_6410,61,Female,Guwahati,Gold
6411,Customer_6411,55,Male,Chandigarh,Gold
6412,Customer_6412,37,Male,Coimbatore,Silver
6413,Customer_6413,40,Female,Nagpur,Gold
6414,Customer_6414,62,Male,Bengaluru,Silver
6415,Customer_6415,33,Male,Mumbai,Platinum
6416,Customer_6416,59,Male,Delhi,Gold
6417,Customer_6417,25,Female,Coimbatore,Silver
6418,Customer_6418,38,Male,Jaipur,Gold
6419,Customer_6419,18,Male,Surat,Platinum
6420,Customer_6420,25,Female,Mumbai,Silver
6421,Customer_6421,46,Female,Pune,Silver
6422,Customer_6422,49,Male,Chandigarh,Platinum
6423,Customer_6423,55,Female,Guwahati,Silver
6424,Customer_6424,22,Male,Patna,Silver
6425,Customer_6425,64,Male,Indore,Silver
6426,Customer_6426,39,Male,Delhi,Platinum
6427,Customer_6427,64,Female,Pune,Gold
6428,Customer_6428,51,Male,Visakhapatnam,Platinum
6429,Customer_6429,18,Female,Ahmedabad,Gold
6430,Customer_6430,43,Female,Lucknow,Silver
6431,Customer_6431,60,Male,Kolkata,Gold
6432,Customer_6432,27,Female,Jaipur,Gold
6433,Customer_6433,47,Female,Delhi,Silver
6434,Customer_6434,35,Female,Mumbai,Silver
6435,Customer_6435,34,Female,Guwahati,Silver
6436,Customer_6436,43,Female,Nagpur,Gold
6437,Customer_6437,25,Male,Visakhapatnam,Platinum
6438,Customer_6438,64,Female,Lucknow,Gold
6439,Customer_6439,57,Male,Jaipur,Platinum
6440,Customer_6440,29,Male,Lucknow,Silver
6441,Customer_6441,44,Male,Hyderabad,Platinum
6442,Customer_6442,25,Male,Kochi,Platinum
6443,Customer_6443,42,Male,Hyderabad,Silver
6444,Customer_6444,63,Male,Chennai,Platinum
6445,Customer_6445,21,Female,Visakhapatnam,Silver
6446,Customer_6446,50,Female,Bengaluru,Platinum
6447,Customer_6447,18,Female,Guwahati,Platinum
6448,Customer_6448,36,Male,Coimbatore,Gold
6449,Customer_6449,48,Female,Chennai,Gold
6450,Customer_6450,33,Female,Ahmedabad,Silver
6451,Customer_6451,31,Female,Kochi,Gold
6452,Customer_6452,22,Male,Kolkata,Silver
6453,Customer_6453,58,Female,Surat,Gold
6454,Customer_6454,43,Male,Delhi,Gold
6455,Customer_6455,45,Female,Surat,Platinum
6456,Customer_6456,19,Male,Chennai,Silver
6457,Customer_6457,23,Male,Nagpur,Platinum
6458,Customer_6458,26,Male,Bengaluru,Platinum
6459,Customer_6459,50,Female,Kolkata,Gold
6460,Customer_6460,58,Female,Pune,Silver
6461,Customer_6461,42,Male,Delhi,Silver
6462,Customer_6462,30,Female,Bhopal,Silver
6463,Customer_6463,26,Male,Indore,Gold
6464,Customer_6464,30,Male,Ahmedabad,Gold
6465,Customer_6465,48,Female,Hyderabad,Platinum
6466,Customer_6466,58,Female,Mumbai,Silver
6467,Customer_6467,28,Female,Guwahati,Silver
6468,Customer_6468,21,Male,Visakhapatnam,Gold
6469,Customer_6469,51,Male,Visakhapatnam,Platinum
6470,Customer_6470,55,Female,Nagpur,Platinum
6471,Customer_6471,63,Male,Delhi,Platinum
6472,Customer_6472,21,Female,Lucknow,Silver
6473,Customer_6473,55,Male,Chandigarh,Gold
6474,Customer_6474,36,Female,Chennai,Platinum
6475,Customer_6475,23,Female,Indore,Silver
6476,Customer_6476,51,Male,Chandigarh,Silver
6477,Customer_6477,35,Female,Visakhapatnam,Silver
6478,Customer_6478,30,Female,Delhi,Silver
6479,Customer_6479,58,Male,Chandigarh,Gold
6480,Customer_6480,40,Female,Guwahati,Silver
6481,Customer_6481,36,Male,Jaipur,Silver
6482,Customer_6482,62,Female,Jaipur,Silver
6483,Customer_6483,28,Male,Jaipur,Gold
6484,Customer_6484,18,Female,Kochi,Silver
6485,Customer_6485,41,Female,Bhopal,Gold
6486,Customer_6486,24,Female,Surat,Silver
6487,Customer_6487,42,Female,Ahmedabad,Silver
6488,Customer_6488,38,Male,Chandigarh,Silver
6489,Customer_6489,32,Male,Coimbatore,Silver
6490,Customer_6490,18,Male,Delhi,Silver
6491,Customer_6491,29,Male,Delhi,Silver
6492,Customer_6492,24,Male,Bhopal,Platinum
6493,Customer_6493,32,Male,Hyderabad,Gold
6494,Customer_6494,38,Male,Jaipur,Silver
6495,Customer_6495,36,Female,Kolkata,Silver
6496,Customer_6496,46,Female,Chandigarh,Platinum
6497,Customer_6497,42,Female,Coimbatore,Gold
6498,Customer_6498,50,Female,Kochi,Silver
6499,Customer_6499,49,Male,Coimbatore,Gold
6500,Customer_6500,52,Male,Delhi,Gold
6501,Customer_6501,61,Male,Guwahati,Gold
6502,Customer_6502,55,Female,Ahmedabad,Silver
6503,Customer_6503,43,Male,Bengaluru,Silver
6504,Customer_6504,28,Female,Kolkata,Silver
6505,Customer_6505,52,Male,Ahmedabad,Platinum
6506,Customer_6506,25,Male,Guwahati,Gold
6507,Customer_6507,63,Male,Coimbatore,Silver
6508,Customer_6508,31,Male,Coimbatore,Platinum
6509,Customer_6509,27,Female,Delhi,Platinum
6510,Customer_6510,19,Female,Patna,Platinum
6511,Customer_6511,63,Male,Coimbatore,Platinum
6512,Customer_6512,26,Female,Pune,Platinum
6513,Customer_6513,20,Male,Chandigarh,Silver
6514,Customer_6514,38,Male,Chandigarh,Platinum
6515,Customer_6515,43,Male,Patna,Platinum
6516,Customer_6516,25,Male,Hyderabad,Silver
6517,Customer_6517,19,Female,Jaipur,Silver
6518,Customer_6518,23,Male,Pune,Platinum
6519,Customer_6519,45,Male,Nagpur,Silver
6520,Customer_6520,46,Female,Indore,Platinum
6521,Customer_6521,43,Male,Chandigarh,Silver
6522,Customer_6522,42,Female,Hyderabad,Silver
6523,Customer_6523,29,Male,Chandigarh,Silver
6524,Customer_6524,22,Male,Visakhapatnam,Silver
6525,Customer_6525,51,Male,Chandigarh,Gold
6526,Customer_6526,54,Male,Bhopal,Gold
6527,Customer_6527,32,Male,Kochi,Silver
6528,Customer_6528,61,Male,Kolkata,Silver
6529,Customer_6529,53,Female,Surat,Silver
6530,Customer_6530,32,Male,Ahmedabad,Silver
6531,Customer_6531,60,Female,Kolkata,Gold
6532,Customer_6532,40,Female,Bhopal,Silver
6533,Customer_6533,23,Male,Jaipur,Silver
6534,Customer_6534,63,Female,Bengaluru,Silver
6535,Customer_6535,61,Male,Bengaluru,Silver
6536,Customer_6536,60,Female,Delhi,Silver
6537,Customer_6537,62,Male,Coimbatore,Silver
6538,Customer_6538,38,Female,Bhopal,Platinum
6539,Customer_6539,40,Female,Jaipur,Platinum
6540,Customer_6540,60,Male,Jaipur,Platinum
6541,Customer_6541,33,Female,Coimbatore,Silver
6542,Customer_6542,64,Male,Coimbatore,Silver
6543,Customer_6543,32,Male,Pune,Gold
6544,Customer_6544,42,Male,Chennai,Gold
6545,Customer_6545,53,Male,Surat,Platinum
6546,Customer_6546,28,Male,Kochi,Silver
6547,Customer_6547,32,Female,Mumbai,Silver
6548,Customer_6548,21,Female,Nagpur,Gold
6549,Customer_6549,38,Female,Bengaluru,Platinum
6550,Customer_6550,30,Male,Kolkata,Platinum
6551,Customer_6551,39,Female,Nagpur,Gold
6552,Customer_6552,36,Female,Bengaluru,Platinum
6553,Customer_6553,51,Female,Pune,Gold
6554,Customer_6554,31,Female,Coimbatore,Platinum
6555,Customer_6555,21,Female,Surat,Platinum
6556,Customer_6556,63,Male,Lucknow,Platinum
6557,Customer_6557,44,Male,Surat,Silver
6558,Customer_6558,46,Female,Chandigarh,Silver
6559,Customer_6559,64,Male,Jaipur,Gold
6560,Customer_6560,45,Male,Mumbai,Silver
6561,Customer_6561,52,Female,Kolkata,Platinum
6562,Customer_6562,25,Female,Kochi,Silver
6563,Customer_6563,33,Male,Chennai,Silver
6564,Customer_6564,59,Female,Kochi,Gold
6565,Customer_6565,53,Male,Jaipur,Silver
6566,Customer_6566,47,Male,Visakhapatnam,Silver
6567,Customer_6567,35,Female,Mumbai,Silver
6568,Customer_6568,19,Male,Coimbatore,Gold
6569,Customer_6569,30,Male,Indore,Silver
6570,Customer_6570,21,Male,Surat,Platinum
6571,Customer_6571,43,Female,Ahmedabad,Silver
6572,Customer_6572,42,Female,Delhi,Platinum
6573,Customer_6573,47,Female,Kochi,Silver
6574,Customer_6574,28,Female,Bhopal,Silver
6575,Customer_6575,24,Male,Chennai,Silver
6576,Customer_6576,48,Female,Surat,Silver
6577,Customer_6577,61,Female,Jaipur,Gold
6578,Customer_6578,27,Female,Pune,Silver
6579,Customer_6579,56,Female,Kolkata,Silver
6580,Customer_6580,30,Male,Kolkata,Gold
6581,Customer_6581,48,Male,Kochi,Silver
6582,Customer_6582,24,Male,Jaipur,Silver
6583,Customer_6583,59,Female,Hyderabad,Gold
6584,Customer_6584,59,Female,Guwahati,Platinum
6585,Customer_6585,53,Male,Chandigarh,Silver
6586,Customer_6586,37,Female,Mumbai,Silver
6587,Customer_6587,21,Female,Lucknow,Platinum
6588,Customer_6588,24,Male,Chandigarh,Silver
6589,Customer_6589,18,Male,Kolkata,Platinum
6590,Customer_6590,61,Female,Patna,Silver
6591,Customer_6591,62,Female,Surat,Platinum
6592,Customer_6592,59,Female,Surat,Silver
6593,Customer_6593,64,Male,Surat,Platinum
6594,Customer_6594,30,Male,Patna,Silver
6595,Customer_6595,39,Male,Nagpur,Gold
6596,Customer_6596,38,Male,Ahmedabad,Silver
6597,Customer_6597,39,Female,Indore,Silver
6598,Customer_6598,45,Male,Coimbatore,Gold
6599,Customer_6599,26,Male,Chennai,Gold
6600,Customer_6600,43,Female,Lucknow,Platinum
6601,Customer_6601,26,Female,Delhi,Silver
6602,Customer_6602,32,Female,Kolkata,Platinum
6603,Customer_6603,27,Male,Surat,Silver
6604,Customer_6604,41,Female,Delhi,Platinum
6605,Customer_6605,59,Female,Ahmedabad,Platinum
6606,Customer_6606,25,Male,Bengaluru,Silver
6607,Customer_6607,41,Male,Bengaluru,Platinum
6608,Customer_6608,33,Female,Pune,Platinum
6609,Customer_6609,43,Male,Chennai,Silver
6610,Customer_6610,44,Female,Bengaluru,Gold
6611,Customer_6611,54,Female,Patna,Silver
6612,Customer_6612,21,Male,Ahmedabad,Platinum
6613,Customer_6613,41,Female,Bengaluru,Silver
6614,Customer_6614,36,Male,Pune,Silver
6615,Customer_6615,53,Male,Coimbatore,Silver
6616,Customer_6616,56,Male,Indore,Gold
6617,Customer_6617,27,Female,Indore,Platinum
6618,Customer_6618,42,Male,Kochi,Platinum
6619,Customer_6619,35,Male,Hyderabad,Silver
6620,Customer_6620,36,Female,Ahmedabad,Silver
6621,Customer_6621,53,Female,Delhi,Gold
6622,Customer_6622,27,Female,Lucknow,Gold
6623,Customer_6623,50,Female,Guwahati,Silver
6624,Customer_6624,22,Male,Bengaluru,Silver
6625,Customer_6625,64,Male,Chennai,Gold
6626,Customer_6626,52,Male,Indore,Silver
6627,Customer_6627,61,Female,Patna,Gold
6628,Customer_6628,51,Female,Delhi,Gold
6629,Customer_6629,50,Male,Jaipur,Platinum
6630,Customer_6630,38,Female,Indore,Gold
6631,Customer_6631,34,Female,Guwahati,Silver
6632,Customer_6632,39,Male,Surat,Platinum
6633,Customer_6633,54,Male,Chandigarh,Gold
6634,Customer_6634,32,Female,Chennai,Silver
6635,Customer_6635,52,Female,Delhi,Gold
6636,Customer_6636,45,Female,Visakhapatnam,Silver
6637,Customer_6637,24,Male,Surat,Platinum
6638,Customer_6638,49,Male,Delhi,Silver
6639,Customer_6639,28,Male,Kolkata,Gold
6640,Customer_6640,27,Male,Kolkata,Silver
6641,Customer_6641,26,Male,Nagpur,Silver
6642,Customer_6642,31,Female,Nagpur,Platinum
6643,Customer_6643,30,Female,Ahmedabad,Platinum
6644,Customer_6644,42,Female,Chennai,Silver
6645,Customer_6645,19,Male,Pune,Silver
6646,Customer_6646,52,Male,Visakhapatnam,Silver
6647,Customer_6647,24,Male,Guwahati,Gold
6648,Customer_6648,38,Female,Patna,Gold
6649,Customer_6649,35,Male,Chennai,Gold
6650,Customer_6650,20,Male,Guwahati,Gold
6651,Customer_6651,59,Female,Jaipur,Platinum
6652,Customer_6652,56,Male,Surat,Silver
6653,Customer_6653,58,Female,Nagpur,Silver
6654,Customer_6654,28,Male,Nagpur,Gold
6655,Customer_6655,56,Male,Lucknow,Platinum
6656,Customer_6656,41,Female,Chandigarh,Gold
6657,Customer_6657,63,Female,Kolkata,Gold
6658,Customer_6658,36,Female,Hyderabad,Gold
6659,Customer_6659,21,Female,Mumbai,Platinum
6660,Customer_6660,43,Female,Surat,Silver
6661,Customer_6661,55,Female,Surat,Silver
6662,Customer_6662,59,Male,Guwahati,Platinum
6663,Customer_6663,49,Male,Coimbatore,Platinum
6664,Customer_6664,56,Female,Guwahati,Silver
6665,Customer_6665,62,Male,Delhi,Silver
6666,Customer_6666,63,Female,Ahmedabad,Silver
6667,Customer_6667,53,Male,Chandigarh,Silver
6668,Customer_6668,57,Female,Mumbai,Platinum
6669,Customer_6669,54,Male,Ahmedabad,Silver
6670,Customer_6670,50,Male,Hyderabad,Platinum
6671,Customer_6671,53,Male,Chandigarh,Silver
6672,Customer_6672,20,Male,Indore,Gold
6673,Customer_6673,26,Male,Kochi,Silver
6674,Customer_6674,25,Female,Guwahati,Gold
6675,Customer_6675,50,Female,Indore,Gold
6676,Customer_6676,23,Female,Ahmedabad,Gold
6677,Customer_6677,58,Male,Chennai,Silver
6678,Customer_6678,56,Female,Indore,Silver
6679,Customer_6679,21,Male,Ahmedabad,Silver
6680,Customer_6680,30,Male,Jaipur,Silver
6681,Customer_6681,19,Male,Mumbai,Gold
6682,Customer_6682,22,Female,Chandigarh,Gold
6683,Customer_6683,61,Male,Hyderabad,Gold
6684,Customer_6684,44,Female,Guwahati,Gold
6685,Customer_6685,49,Female,Ahmedabad,Silver
6686,Customer_6686,38,Male,Nagpur,Silver
6687,Customer_6687,25,Male,Chandigarh,Silver
6688,Customer_6688,55,Female,Bhopal,Platinum
6689,Customer_6689,25,Female,Kolkata,Gold
6690,Customer_6690,20,Female,Guwahati,Silver
6691,Customer_6691,61,Female,Coimbatore,Silver
6692,Customer_6692,20,Female,Jaipur,Platinum
6693,Customer_6693,39,Female,Mumbai,Gold
6694,Customer_6694,23,Male,Visakhapatnam,Gold
6695,Customer_6695,19,Female,Bhopal,Silver
6696,Customer_6696,40,Female,Mumbai,Silver
6697,Customer_6697,61,Female,Lucknow,Platinum
6698,Customer_6698,19,Female,Delhi,Gold
6699,Customer_6699,55,Male,Chennai,Silver
6700,Customer_6700,34,Male,Bhopal,Platinum
6701,Customer_6701,52,Female,Jaipur,Gold
6702,Customer_6702,51,Female,Chennai,Silver
6703,Customer_6703,40,Female,Jaipur,Silver
6704,Customer_6704,47,Male,Hyderabad,Silver
6705,Customer_6705,25,Male,Delhi,Silver
6706,Customer_6706,39,Male,Lucknow,Gold
6707,Customer_6707,61,Male,Nagpur,Silver
6708,Customer_6708,53,Male,Coimbatore,Platinum
6709,Customer_6709,22,Male,Hyderabad,Platinum
6710,Customer_6710,30,Female,Coimbatore,Silver
6711,Customer_6711,46,Male,Visakhapatnam,Silver
6712,Customer_6712,48,Male,Chandigarh,Platinum
6713,Customer_6713,64,Female,Patna,Gold
6714,Customer_6714,33,Male,Chandigarh,Gold
6715,Customer_6715,59,Female,Ahmedabad,Silver
6716,Customer_6716,47,Male,Surat,Silver
6717,Customer_6717,33,Female,Indore,Gold
6718,Customer_6718,29,Female,Pune,Platinum
6719,Customer_6719,34,Female,Kochi,Silver
6720,Customer_6720,33,Female,Coimbatore,Platinum
6721,Customer_6721,29,Female,Guwahati,Silver
6722,Customer_6722,25,Male,Surat,Platinum
6723,Customer_6723,37,Male,Patna,Gold
6724,Customer_6724,20,Female,Delhi,Silver
6725,Customer_6725,33,Female,Chandigarh,Gold
6726,Customer_6726,47,Female,Kolkata,Silver
6727,Customer_6727,62,Male,Bengaluru,Silver
6728,Customer_6728,40,Female,Lucknow,Silver
6729,Customer_6729,45,Female,Guwahati,Silver
6730,Customer_6730,57,Female,Kolkata,Silver
6731,Customer_6731,22,Female,Pune,Gold
6732,Customer_6732,37,Male,Nagpur,Gold
6733,Customer_6733,57,Female,Bengaluru,Silver
6734,Customer_6734,61,Female,Surat,Platinum
6735,Customer_6735,18,Male,Surat,Gold
6736,Customer_6736,47,Female,Lucknow,Platinum
6737,Customer_6737,38,Female,Mumbai,Gold
6738,Customer_6738,37,Male,Hyderabad,Silver
6739,Customer_6739,23,Male,Ahmedabad,Silver
6740,Customer_6740,39,Male,Chennai,Gold
6741,Customer_6741,35,Female,Bhopal,Silver
6742,Customer_6742,25,Female,Patna,Silver
6743,Customer_6743,56,Male,Ahmedabad,Silver
6744,Customer_6744,49,Male,Pune,Silver
6745,Customer_6745,50,Male,Nagpur,Silver
6746,Customer_6746,33,Female,Guwahati,Silver
6747,Customer_6747,29,Female,Nagpur,Silver
6748,Customer_6748,55,Male,Surat,Gold
6749,Customer_6749,51,Female,Delhi,Gold
6750,Customer_6750,31,Male,Guwahati,Silver
6751,Customer_6751,53,Female,Delhi,Silver
6752,Customer_6752,50,Female,Chennai,Silver
6753,Customer_6753,40,Female,Lucknow,Silver
6754,Customer_6754,62,Female,Bengaluru,Silver
6755,Customer_6755,19,Male,Visakhapatnam,Silver
6756,Customer_6756,58,Female,Jaipur,Gold
6757,Customer_6757,38,Female,Bengaluru,Gold
6758,Customer_6758,19,Male,Hyderabad,Silver
6759,Customer_6759,44,Female,Hyderabad,Silver
6760,Customer_6760,26,Male,Bhopal,Gold
6761,Customer_6761,18,Male,Delhi,Platinum
6762,Customer_6762,28,Female,Chandigarh,Gold
6763,Customer_6763,20,Female,Kolkata,Gold
6764,Customer_6764,40,Male,Jaipur,Silver
6765,Customer_6765,43,Male,Lucknow,Silver
6766,Customer_6766,21,Male,Surat,Platinum
6767,Customer_6767,35,Female,Patna,Silver
6768,Customer_6768,23,Male,Bhopal,Platinum
6769,Customer_6769,52,Male,Kolkata,Gold
6770,Customer_6770,39,Male,Kolkata,Gold
6771,Customer_6771,60,Female,Coimbatore,Silver
6772,Customer_6772,32,Male,Bhopal,Gold
6773,Customer_6773,39,Female,Bengaluru,Silver
6774,Customer_6774,54,Female,Pune,Silver
6775,Customer_6775,59,Male,Kochi,Silver
6776,Customer_6776,29,Female,Guwahati,Platinum
6777,Customer_6777,64,Male,Coimbatore,Gold
6778,Customer_6778,59,Female,Delhi,Silver
6779,Customer_6779,55,Female,Kolkata,Silver
6780,Customer_6780,35,Male,Mumbai,Gold
6781,Customer_6781,62,Male,Delhi,Gold
6782,Customer_6782,52,Male,Pune,Gold
6783,Customer_6783,47,Female,Indore,Gold
6784,Customer_6784,41,Female,Indore,Silver
6785,Customer_6785,59,Male,Coimbatore,Gold
6786,Customer_6786,47,Male,Kochi,Silver
6787,Customer_6787,31,Female,Mumbai,Platinum
6788,Customer_6788,23,Female,Pune,Gold
6789,Customer_6789,20,Female,Pune,Silver
6790,Customer_6790,33,Male,Lucknow,Silver
6791,Customer_6791,24,Female,Bengaluru,Platinum
6792,Customer_6792,31,Male,Bhopal,Silver
6793,Customer_6793,26,Female,Bengaluru,Silver
6794,Customer_6794,32,Female,Indore,Gold
6795,Customer_6795,38,Male,Bhopal,Silver
6796,Customer_6796,52,Male,Chennai,Gold
6797,Customer_6797,19,Male,Chandigarh,Silver
6798,Customer_6798,44,Female,Visakhapatnam,Gold
6799,Customer_6799,19,Female,Coimbatore,Silver
6800,Customer_6800,52,Female,Chennai,Silver
6801,Customer_6801,35,Male,Hyderabad,Platinum
6802,Customer_6802,31,Female,Patna,Gold
6803,Customer_6803,37,Male,Delhi,Silver
6804,Customer_6804,35,Male,Bengaluru,Silver
6805,Customer_6805,27,Male,Kolkata,Gold
6806,Customer_6806,42,Female,Kochi,Gold
6807,Customer_6807,19,Female,Nagpur,Platinum
6808,Customer_6808,42,Male,Jaipur,Platinum
6809,Customer_6809,50,Female,Bengaluru,Gold
6810,Customer_6810,53,Male,Surat,Silver
6811,Customer_6811,48,Male,Bengaluru,Silver
6812,Customer_6812,31,Female,Indore,Gold
6813,Customer_6813,18,Male,Mumbai,Silver
6814,Customer_6814,63,Male,Patna,Silver
6815,Customer_6815,33,Female,Surat,Silver
6816,Customer_6816,63,Male,Guwahati,Silver
6817,Customer_6817,20,Male,Chandigarh,Silver
6818,Customer_6818,52,Male,Coimbatore,Silver
6819,Customer_6819,58,Male,Pune,Gold
6820,Customer_6820,23,Male,Surat,Silver
6821,Customer_6821,42,Male,Chennai,Silver
6822,Customer_6822,30,Male,Jaipur,Silver
6823,Customer_6823,51,Female,Lucknow,Gold
6824,Customer_6824,25,Female,Jaipur,Silver
6825,Customer_6825,38,Male,Pune,Gold
6826,Customer_6826,51,Male,Patna,Platinum
6827,Customer_6827,21,Female,Ahmedabad,Silver
6828,Customer_6828,42,Female,Guwahati,Silver
6829,Customer_6829,32,Female,Indore,Silver
6830,Customer_6830,21,Female,Kolkata,Platinum
6831,Customer_6831,62,Female,Mumbai,Gold
6832,Customer_6832,29,Male,Lucknow,Platinum
6833,Customer_6833,49,Female,Chandigarh,Silver
6834,Customer_6834,49,Female,Surat,Platinum
6835,Customer_6835,45,Female,Ahmedabad,Silver
6836,Customer_6836,30,Male,Jaipur,Silver
6837,Customer_6837,48,Male,Indore,Platinum
6838,Customer_6838,31,Male,Indore,Platinum
6839,Customer_6839,37,Male,Chandigarh,Silver
6840,Customer_6840,35,Male,Lucknow,Silver
6841,Customer_6841,46,Male,Bhopal,Silver
6842,Customer_6842,23,Female,Hyderabad,Silver
6843,Customer_6843,49,Male,Bhopal,Silver
6844,Customer_6844,46,Male,Lucknow,Platinum
6845,Customer_6845,60,Female,Coimbatore,Gold
6846,Customer_6846,19,Male,Coimbatore,Gold
6847,Customer_6847,40,Female,Chennai,Gold
6848,Customer_6848,36,Female,Jaipur,Gold
6849,Customer_6849,48,Male,Pune,Gold
6850,Customer_6850,22,Female,Coimbatore,Gold
6851,Customer_6851,36,Female,Ahmedabad,Silver
6852,Customer_6852,51,Female,Indore,Gold
6853,Customer_6853,27,Female,Pune,Gold
6854,Customer_6854,42,Male,Jaipur,Platinum
6855,Customer_6855,19,Female,Ahmedabad,Platinum
6856,Customer_6856,28,Male,Bengaluru,Silver
6857,Customer_6857,48,Female,Kochi,Gold
6858,Customer_6858,32,Female,Mumbai,Silver
6859,Customer_6859,26,Female,Patna,Gold
6860,Customer_6860,40,Male,Nagpur,Silver
6861,Customer_6861,36,Male,Coimbatore,Silver
6862,Customer_6862,26,Male,Chandigarh,Silver
6863,Customer_6863,52,Female,Visakhapatnam,Gold
6864,Customer_6864,38,Female,Chennai,Silver
6865,Customer_6865,26,Female,Visakhapatnam,Platinum
6866,Customer_6866,45,Female,Hyderabad,Silver
6867,Customer_6867,63,Male,Hyderabad,Platinum
6868,Customer_6868,24,Female,Indore,Gold
6869,Customer_6869,33,Male,Kochi,Silver
6870,Customer_6870,33,Female,Bengaluru,Silver
6871,Customer_6871,50,Male,Surat,Gold
6872,Customer_6872,21,Male,Bengaluru,Gold
6873,Customer_6873,21,Female,Chandigarh,Gold
6874,Customer_6874,56,Female,Patna,Silver
6875,Customer_6875,57,Male,Indore,Silver
6876,Customer_6876,34,Female,Coimbatore,Platinum
6877,Customer_6877,54,Female,Patna,Silver
6878,Customer_6878,56,Male,Kolkata,Silver
6879,Customer_6879,46,Male,Chandigarh,Silver
6880,Customer_6880,53,Male,Chandigarh,Gold
6881,Customer_6881,55,Male,Kochi,Gold
6882,Customer_6882,56,Female,Jaipur,Silver
6883,Customer_6883,54,Male,Bengaluru,Silver
6884,Customer_6884,52,Male,Visakhapatnam,Silver
6885,Customer_6885,24,Male,Surat,Silver
6886,Customer_6886,44,Female,Bengaluru,Silver
6887,Customer_6887,45,Male,Pune,Platinum
6888,Customer_6888,39,Female,Hyderabad,Silver
6889,Customer_6889,31,Male,Jaipur,Silver
6890,Customer_6890,24,Male,Bhopal,Platinum
6891,Customer_6891,54,Female,Patna,Silver
6892,Customer_6892,39,Male,Visakhapatnam,Gold
6893,Customer_6893,22,Male,Bengaluru,Silver
6894,Customer_6894,19,Female,Lucknow,Silver
6895,Customer_6895,44,Male,Delhi,Platinum
6896,Customer_6896,38,Male,Guwahati,Gold
6897,Customer_6897,55,Male,Guwahati,Silver
6898,Customer_6898,32,Male,Surat,Gold
6899,Customer_6899,38,Female,Bhopal,Platinum
6900,Customer_6900,27,Male,Delhi,Silver
6901,Customer_6901,40,Female,Guwahati,Gold
6902,Customer_6902,56,Male,Chandigarh,Platinum
6903,Customer_6903,22,Female,Patna,Silver
6904,Customer_6904,18,Male,Chandigarh,Gold
6905,Customer_6905,30,Female,Indore,Gold
6906,Customer_6906,38,Male,Hyderabad,Gold
6907,Customer_6907,43,Female,Indore,Silver
6908,Customer_6908,62,Female,Bengaluru,Silver
6909,Customer_6909,38,Male,Patna,Gold
6910,Customer_6910,35,Female,Delhi,Silver
6911,Customer_6911,54,Male,Pune,Silver
6912,Customer_6912,62,Male,Delhi,Silver
6913,Customer_6913,49,Male,Kochi,Silver
6914,Customer_6914,53,Male,Jaipur,Platinum
6915,Customer_6915,34,Male,Surat,Silver
6916,Customer_6916,52,Female,Indore,Platinum
6917,Customer_6917,28,Male,Visakhapatnam,Silver
6918,Customer_6918,38,Male,Hyderabad,Gold
6919,Customer_6919,43,Male,Delhi,Silver
6920,Customer_6920,21,Male,Pune,Gold
6921,Customer_6921,51,Male,Bhopal,Gold
6922,Customer_6922,35,Male,Visakhapatnam,Silver
6923,Customer_6923,57,Female,Guwahati,Platinum
6924,Customer_6924,52,Female,Kochi,Silver
6925,Customer_6925,58,Male,Chennai,Gold
6926,Customer_6926,46,Female,Bengaluru,Platinum
6927,Customer_6927,46,Male,Delhi,Platinum
6928,Customer_6928,55,Male,Coimbatore,Platinum
6929,Customer_6929,59,Male,Patna,Silver
6930,Customer_6930,38,Male,Ahmedabad,Silver
6931,Customer_6931,59,Male,Delhi,Silver
6932,Customer_6932,30,Female,Visakhapatnam,Gold
6933,Customer_6933,58,Female,Nagpur,Gold
6934,Customer_6934,34,Female,Chennai,Silver
6935,Customer_6935,26,Female,Kolkata,Gold
6936,Customer_6936,58,Male,Surat,Silver
6937,Customer_6937,18,Female,Patna,Silver
6938,Customer_6938,19,Male,Hyderabad,Gold
6939,Customer_6939,46,Female,Delhi,Silver
6940,Customer_6940,50,Female,Guwahati,Platinum
6941,Customer_6941,27,Female,Surat,Silver
6942,Customer_6942,57,Female,Hyderabad,Gold
6943,Customer_6943,38,Male,Patna,Silver
6944,Customer_6944,45,Female,Chandigarh,Silver
6945,Customer_6945,28,Female,Chandigarh,Gold
6946,Customer_6946,51,Male,Lucknow,Platinum
6947,Customer_6947,25,Male,Jaipur,Silver
6948,Customer_6948,39,Female,Jaipur,Silver
6949,Customer_6949,25,Male,Kochi,Gold
6950,Customer_6950,32,Male,Kochi,Silver
6951,Customer_6951,34,Male,Kochi,Platinum
6952,Customer_6952,40,Female,Bhopal,Gold
6953,Customer_6953,41,Male,Surat,Silver
6954,Customer_6954,62,Female,Bhopal,Silver
6955,Customer_6955,36,Female,Nagpur,Gold
6956,Customer_6956,22,Female,Lucknow,Silver
6957,Customer_6957,49,Female,Guwahati,Gold
6958,Customer_6958,61,Male,Mumbai,Silver
6959,Customer_6959,18,Female,Chennai,Gold
6960,Customer_6960,40,Male,Guwahati,Silver
6961,Customer_6961,54,Female,Pune,Platinum
6962,Customer_6962,25,Male,Patna,Silver
6963,Customer_6963,30,Female,Patna,Silver
6964,Customer_6964,25,Male,Hyderabad,Platinum
6965,Customer_6965,40,Female,Bengaluru,Silver
6966,Customer_6966,60,Female,Hyderabad,Silver
6967,Customer_6967,18,Male,Chandigarh,Silver
6968,Customer_6968,62,Female,Mumbai,Silver
6969,Customer_6969,41,Female,Pune,Platinum
6970,Customer_6970,52,Female,Indore,Gold
6971,Customer_6971,41,Male,Pune,Silver
6972,Customer_6972,34,Female,Chennai,Gold
6973,Customer_6973,22,Female,Visakhapatnam,Gold
6974,Customer_6974,37,Male,Pune,Platinum
6975,Customer_6975,38,Male,Chennai,Silver
6976,Customer_6976,57,Male,Bhopal,Gold
6977,Customer_6977,48,Male,Kolkata,Gold
6978,Customer_6978,63,Male,Guwahati,Silver
6979,Customer_6979,53,Female,Kolkata,Silver
6980,Customer_6980,28,Female,Guwahati,Silver
6981,Customer_6981,32,Female,Bengaluru,Gold
6982,Customer_6982,36,Male,Indore,Silver
6983,Customer_6983,24,Female,Pune,Platinum
6984,Customer_6984,45,Male,Kochi,Silver
6985,Customer_6985,60,Male,Jaipur,Gold
6986,Customer_6986,22,Female,Jaipur,Platinum
6987,Customer_6987,22,Male,Lucknow,Gold
6988,Customer_6988,47,Male,Surat,Platinum
6989,Customer_6989,49,Female,Patna,Platinum
6990,Customer_6990,25,Male,Kolkata,Silver
6991,Customer_6991,27,Male,Bengaluru,Gold
6992,Customer_6992,55,Female,Ahmedabad,Silver
6993,Customer_6993,64,Male,Visakhapatnam,Gold
6994,Customer_6994,49,Male,Lucknow,Silver
6995,Customer_6995,45,Female,Surat,Gold
6996,Customer_6996,34,Female,Bengaluru,Gold
6997,Customer_6997,48,Female,Ahmedabad,Silver
6998,Customer_6998,25,Female,Jaipur,Silver
6999,Customer_6999,57,Male,Bhopal,Platinum
7000,Customer_7000,42,Male,Indore,Silver
7001,Customer_7001,26,Female,Mumbai,Silver
7002,Customer_7002,19,Male,Coimbatore,Silver
7003,Customer_7003,32,Male,Jaipur,Platinum
7004,Customer_7004,20,Female,Mumbai,Platinum
7005,Customer_7005,53,Female,Mumbai,Gold
7006,Customer_7006,21,Male,Bengaluru,Platinum
7007,Customer_7007,31,Female,Chandigarh,Silver
7008,Customer_7008,58,Female,Guwahati,Platinum
7009,Customer_7009,58,Female,Chennai,Silver
7010,Customer_7010,42,Male,Coimbatore,Silver
7011,Customer_7011,27,Female,Visakhapatnam,Silver
7012,Customer_7012,38,Male,Coimbatore,Gold
7013,Customer_7013,53,Male,Lucknow,Gold
7014,Customer_7014,29,Male,Indore,Silver
7015,Customer_7015,44,Female,Kochi,Platinum
7016,Customer_7016,57,Female,Visakhapatnam,Silver
7017,Customer_7017,19,Female,Chandigarh,Silver
7018,Customer_7018,30,Female,Visakhapatnam,Silver
7019,Customer_7019,49,Female,Surat,Gold
7020,Customer_7020,48,Male,Mumbai,Platinum
7021,Customer_7021,33,Male,Mumbai,Silver
7022,Customer_7022,49,Male,Nagpur,Gold
7023,Customer_7023,49,Female,Chennai,Silver
7024,Customer_7024,51,Male,Kochi,Gold
7025,Customer_7025,28,Male,Surat,Platinum
7026,Customer_7026,27,Female,Chennai,Silver
7027,Customer_7027,32,Female,Bengaluru,Platinum
7028,Customer_7028,34,Male,Bhopal,Gold
7029,Customer_7029,57,Male,Ahmedabad,Silver
7030,Customer_7030,35,Female,Mumbai,Platinum
7031,Customer_7031,26,Female,Hyderabad,Silver
7032,Customer_7032,42,Female,Lucknow,Silver
7033,Customer_7033,57,Female,Bhopal,Silver
7034,Customer_7034,31,Male,Lucknow,Silver
7035,Customer_7035,42,Male,Lucknow,Platinum
7036,Customer_7036,39,Female,Bengaluru,Gold
7037,Customer_7037,47,Male,Visakhapatnam,Platinum
7038,Customer_7038,37,Male,Lucknow,Silver
7039,Customer_7039,38,Female,Jaipur,Silver
7040,Customer_7040,61,Male,Visakhapatnam,Silver
7041,Customer_7041,49,Male,Guwahati,Gold
7042,Customer_7042,63,Male,Nagpur,Platinum
7043,Customer_7043,38,Female,Mumbai,Gold
7044,Customer_7044,52,Female,Kolkata,Silver
7045,Customer_7045,49,Male,Visakhapatnam,Platinum
7046,Customer_7046,47,Female,Ahmedabad,Gold
7047,Customer_7047,56,Female,Pune,Silver
7048,Customer_7048,29,Female,Hyderabad,Platinum
7049,Customer_7049,58,Male,Indore,Silver
7050,Customer_7050,64,Male,Bhopal,Silver
7051,Customer_7051,35,Female,Coimbatore,Silver
7052,Customer_7052,38,Male,Guwahati,Silver
7053,Customer_7053,30,Male,Lucknow,Silver
7054,Customer_7054,38,Male,Nagpur,Silver
7055,Customer_7055,25,Male,Bengaluru,Silver
7056,Customer_7056,63,Male,Coimbatore,Gold
7057,Customer_7057,57,Female,Patna,Platinum
7058,Customer_7058,63,Male,Hyderabad,Gold
7059,Customer_7059,24,Male,Lucknow,Silver
7060,Customer_7060,40,Male,Bhopal,Silver
7061,Customer_7061,61,Female,Pune,Silver
7062,Customer_7062,49,Female,Kochi,Silver
7063,Customer_7063,28,Female,Delhi,Gold
7064,Customer_7064,39,Male,Coimbatore,Gold
7065,Customer_7065,39,Female,Patna,Gold
7066,Customer_7066,60,Female,Guwahati,Gold
7067,Customer_7067,42,Female,Delhi,Silver
7068,Customer_7068,39,Female,Kolkata,Silver
7069,Customer_7069,45,Male,Patna,Gold
7070,Customer_7070,46,Female,Bengaluru,Silver
7071,Customer_7071,30,Female,Delhi,Silver
7072,Customer_7072,35,Male,Ahmedabad,Silver
7073,Customer_7073,19,Male,Bhopal,Silver
7074,Customer_7074,46,Female,Guwahati,Silver
7075,Customer_7075,38,Male,Bhopal,Platinum
7076,Customer_7076,32,Female,Surat,Platinum
7077,Customer_7077,44,Male,Delhi,Silver
7078,Customer_7078,48,Male,Guwahati,Silver
7079,Customer_7079,32,Female,Hyderabad,Gold
7080,Customer_7080,40,Male,Ahmedabad,Silver
7081,Customer_7081,41,Female,Chennai,Silver
7082,Customer_7082,61,Male,Kolkata,Silver
7083,Customer_7083,30,Female,Pune,Silver
7084,Customer_7084,39,Male,Chennai,Gold
7085,Customer_7085,60,Male,Visakhapatnam,Platinum
7086,Customer_7086,54,Male,Chennai,Silver
7087,Customer_7087,50,Male,Patna,Silver
7088,Customer_7088,20,Male,Kolkata,Silver
7089,Customer_7089,36,Female,Jaipur,Silver
7090,Customer_7090,40,Male,Mumbai,Platinum
7091,Customer_7091,46,Female,Pune,Gold
7092,Customer_7092,47,Female,Kochi,Gold
7093,Customer_7093,56,Female,Chandigarh,Gold
7094,Customer_7094,61,Male,Kochi,Platinum
7095,Customer_7095,64,Female,Visakhapatnam,Platinum
7096,Customer_7096,42,Male,Mumbai,Silver
7097,Customer_7097,54,Female,Indore,Silver
7098,Customer_7098,64,Female,Mumbai,Gold
7099,Customer_7099,25,Female,Delhi,Silver
7100,Customer_7100,59,Female,Mumbai,Platinum
7101,Customer_7101,33,Female,Jaipur,Gold
7102,Customer_7102,25,Male,Mumbai,Platinum
7103,Customer_7103,18,Female,Patna,Silver
7104,Customer_7104,61,Female,Lucknow,Platinum
7105,Customer_7105,22,Male,Patna,Silver
7106,Customer_7106,20,Male,Lucknow,Platinum
7107,Customer_7107,18,Male,Kochi,Silver
7108,Customer_7108,21,Female,Jaipur,Gold
7109,Customer_7109,57,Female,Coimbatore,Gold
7110,Customer_7110,52,Female,Chennai,Silver
7111,Customer_7111,49,Female,Jaipur,Silver
7112,Customer_7112,59,Female,Chandigarh,Platinum
7113,Customer_7113,51,Female,Chennai,Silver
7114,Customer_7114,60,Male,Chandigarh,Gold
7115,Customer_7115,42,Male,Guwahati,Silver
7116,Customer_7116,27,Female,Delhi,Platinum
7117,Customer_7117,38,Female,Hyderabad,Gold
7118,Customer_7118,63,Female,Lucknow,Silver
7119,Customer_7119,56,Female,Chandigarh,Silver
7120,Customer_7120,44,Female,Chennai,Gold
7121,Customer_7121,44,Male,Surat,Silver
7122,Customer_7122,19,Male,Chandigarh,Silver
7123,Customer_7123,58,Female,Visakhapatnam,Gold
7124,Customer_7124,30,Male,Hyderabad,Silver
7125,Customer_7125,26,Female,Indore,Silver
7126,Customer_7126,53,Female,Bengaluru,Gold
7127,Customer_7127,39,Female,Visakhapatnam,Silver
7128,Customer_7128,59,Male,Lucknow,Silver
7129,Customer_7129,43,Male,Delhi,Silver
7130,Customer_7130,29,Female,Visakhapatnam,Gold
7131,Customer_7131,34,Male,Indore,Gold
7132,Customer_7132,31,Male,Bhopal,Gold
7133,Customer_7133,31,Female,Nagpur,Silver
7134,Customer_7134,51,Male,Ahmedabad,Silver
7135,Customer_7135,37,Male,Indore,Silver
7136,Customer_7136,28,Female,Chennai,Silver
7137,Customer_7137,33,Female,Pune,Platinum
7138,Customer_7138,48,Male,Lucknow,Silver
7139,Customer_7139,23,Female,Guwahati,Silver
7140,Customer_7140,36,Male,Chennai,Silver
7141,Customer_7141,54,Female,Mumbai,Gold
7142,Customer_7142,21,Female,Coimbatore,Gold
7143,Customer_7143,64,Female,Nagpur,Gold
7144,Customer_7144,21,Female,Chandigarh,Platinum
7145,Customer_7145,37,Male,Indore,Silver
7146,Customer_7146,27,Female,Lucknow,Silver
7147,Customer_7147,41,Female,Kochi,Silver
7148,Customer_7148,52,Female,Nagpur,Gold
7149,Customer_7149,43,Male,Chennai,Gold
7150,Customer_7150,54,Male,Guwahati,Gold
7151,Customer_7151,55,Female,Mumbai,Gold
7152,Customer_7152,38,Female,Pune,Gold
7153,Customer_7153,57,Female,Jaipur,Platinum
7154,Customer_7154,56,Female,Guwahati,Gold
7155,Customer_7155,38,Female,Chandigarh,Gold
7156,Customer_7156,27,Female,Chandigarh,Silver
7157,Customer_7157,55,Male,Coimbatore,Gold
7158,Customer_7158,63,Female,Indore,Platinum
7159,Customer_7159,21,Female,Pune,Silver
7160,Customer_7160,62,Female,Jaipur,Gold
7161,Customer_7161,37,Female,Chennai,Gold
7162,Customer_7162,34,Female,Surat,Silver
7163,Customer_7163,24,Female,Chennai,Gold
7164,Customer_7164,21,Male,Guwahati,Silver
7165,Customer_7165,46,Male,Mumbai,Platinum
7166,Customer_7166,31,Male,Jaipur,Platinum
7167,Customer_7167,20,Male,Bhopal,Silver
7168,Customer_7168,41,Male,Mumbai,Silver
7169,Customer_7169,54,Male,Hyderabad,Gold
7170,Customer_7170,33,Female,Kolkata,Silver
7171,Customer_7171,21,Female,Kolkata,Silver
7172,Customer_7172,41,Female,Visakhapatnam,Gold
7173,Customer_7173,51,Female,Kolkata,Silver
7174,Customer_7174,47,Female,Chennai,Silver
7175,Customer_7175,35,Female,Jaipur,Platinum
7176,Customer_7176,36,Male,Lucknow,Platinum
7177,Customer_7177,48,Female,Chandigarh,Gold
7178,Customer_7178,36,Male,Lucknow,Platinum
7179,Customer_7179,63,Male,Lucknow,Silver
7180,Customer_7180,36,Female,Guwahati,Silver
7181,Customer_7181,39,Female,Lucknow,Silver
7182,Customer_7182,41,Female,Hyderabad,Gold
7183,Customer_7183,62,Female,Kochi,Platinum
7184,Customer_7184,29,Female,Kolkata,Gold
7185,Customer_7185,47,Female,Hyderabad,Platinum
7186,Customer_7186,55,Female,Patna,Gold
7187,Customer_7187,48,Male,Guwahati,Silver
7188,Customer_7188,53,Female,Coimbatore,Silver
7189,Customer_7189,36,Female,Chennai,Silver
7190,Customer_7190,62,Male,Ahmedabad,Silver
7191,Customer_7191,53,Female,Chandigarh,Gold
7192,Customer_7192,47,Female,Guwahati,Silver
7193,Customer_7193,50,Male,Visakhapatnam,Gold
7194,Customer_7194,35,Female,Bengaluru,Gold
7195,Customer_7195,45,Female,Lucknow,Silver
7196,Customer_7196,64,Female,Mumbai,Silver
7197,Customer_7197,28,Female,Chennai,Silver
7198,Customer_7198,62,Female,Hyderabad,Silver
7199,Customer_7199,50,Female,Indore,Platinum
7200,Customer_7200,34,Male,Nagpur,Silver
7201,Customer_7201,23,Female,Chandigarh,Gold
7202,Customer_7202,21,Female,Guwahati,Platinum
7203,Customer_7203,37,Male,Mumbai,Platinum
7204,Customer_7204,64,Male,Kochi,Platinum
7205,Customer_7205,44,Female,Jaipur,Silver
7206,Customer_7206,32,Male,Kochi,Silver
7207,Customer_7207,23,Female,Patna,Silver
7208,Customer_7208,64,Female,Pune,Silver
7209,Customer_7209,31,Male,Guwahati,Platinum
7210,Customer_7210,28,Female,Bengaluru,Gold
7211,Customer_7211,56,Female,Delhi,Silver
7212,Customer_7212,26,Male,Chennai,Silver
7213,Customer_7213,43,Male,Coimbatore,Silver
7214,Customer_7214,33,Male,Ahmedabad,Gold
7215,Customer_7215,22,Male,Guwahati,Gold
7216,Customer_7216,27,Female,Hyderabad,Platinum
7217,Customer_7217,20,Male,Delhi,Platinum
7218,Customer_7218,30,Male,Ahmedabad,Silver
7219,Customer_7219,60,Male,Delhi,Silver
7220,Customer_7220,47,Male,Guwahati,Silver
7221,Customer_7221,62,Male,Indore,Silver
7222,Customer_7222,23,Female,Patna,Platinum
7223,Customer_7223,34,Male,Indore,Gold
7224,Customer_7224,62,Female,Guwahati,Gold
7225,Customer_7225,36,Male,Lucknow,Silver
7226,Customer_7226,59,Male,Bhopal,Silver
7227,Customer_7227,52,Male,Delhi,Silver
7228,Customer_7228,63,Male,Pune,Gold
7229,Customer_7229,43,Male,Kochi,Gold
7230,Customer_7230,22,Male,Lucknow,Silver
7231,Customer_7231,46,Male,Hyderabad,Gold
7232,Customer_7232,54,Male,Kochi,Platinum
7233,Customer_7233,37,Female,Coimbatore,Silver
7234,Customer_7234,38,Male,Kolkata,Gold
7235,Customer_7235,27,Female,Coimbatore,Silver
7236,Customer_7236,22,Male,Kochi,Gold
7237,Customer_7237,53,Female,Chandigarh,Gold
7238,Customer_7238,23,Male,Ahmedabad,Platinum
7239,Customer_7239,43,Male,Surat,Silver
7240,Customer_7240,21,Male,Chandigarh,Silver
7241,Customer_7241,56,Female,Indore,Silver
7242,Customer_7242,56,Female,Hyderabad,Silver
7243,Customer_7243,52,Female,Bengaluru,Gold
7244,Customer_7244,18,Female,Delhi,Platinum
7245,Customer_7245,41,Male,Coimbatore,Silver
7246,Customer_7246,53,Male,Kolkata,Silver
7247,Customer_7247,23,Male,Surat,Silver
7248,Customer_7248,58,Female,Lucknow,Silver
7249,Customer_7249,63,Male,Kolkata,Silver
7250,Customer_7250,61,Female,Nagpur,Silver
7251,Customer_7251,48,Female,Kochi,Gold
7252,Customer_7252,37,Female,Delhi,Silver
7253,Customer_7253,41,Female,Mumbai,Gold
7254,Customer_7254,42,Female,Pune,Gold
7255,Customer_7255,53,Male,Lucknow,Silver
7256,Customer_7256,38,Female,Visakhapatnam,Gold
7257,Customer_7257,47,Female,Pune,Gold
7258,Customer_7258,41,Male,Chandigarh,Gold
7259,Customer_7259,61,Female,Kolkata,Silver
7260,Customer_7260,59,Female,Bhopal,Silver
7261,Customer_7261,47,Male,Kochi,Platinum
7262,Customer_7262,39,Male,Chandigarh,Gold
7263,Customer_7263,45,Male,Visakhapatnam,Silver
7264,Customer_7264,24,Female,Chandigarh,Silver
7265,Customer_7265,52,Male,Guwahati,Silver
7266,Customer_7266,45,Male,Patna,Silver
7267,Customer_7267,31,Male,Bhopal,Gold
7268,Customer_7268,27,Female,Lucknow,Silver
7269,Customer_7269,33,Male,Mumbai,Silver
7270,Customer_7270,33,Female,Pune,Gold
7271,Customer_7271,48,Female,Surat,Silver
7272,Customer_7272,59,Male,Bengaluru,Gold
7273,Customer_7273,42,Female,Patna,Gold
7274,Customer_7274,30,Female,Delhi,Silver
7275,Customer_7275,23,Male,Bengaluru,Gold
7276,Customer_7276,61,Female,Lucknow,Gold
7277,Customer_7277,26,Male,Patna,Silver
7278,Customer_7278,62,Female,Hyderabad,Silver
7279,Customer_7279,53,Female,Visakhapatnam,Gold
7280,Customer_7280,60,Male,Patna,Platinum
7281,Customer_7281,37,Male,Pune,Gold
7282,Customer_7282,35,Female,Kolkata,Silver
7283,Customer_7283,60,Female,Chennai,Gold
7284,Customer_7284,38,Male,Coimbatore,Silver
7285,Customer_7285,21,Female,Bengaluru,Gold
7286,Customer_7286,50,Female,Kochi,Gold
7287,Customer_7287,44,Female,Coimbatore,Gold
7288,Customer_7288,24,Female,Coimbatore,Platinum
7289,Customer_7289,23,Male,Mumbai,Gold
7290,Customer_7290,32,Male,Surat,Gold
7291,Customer_7291,35,Male,Patna,Silver
7292,Customer_7292,49,Male,Kolkata,Platinum
7293,Customer_7293,28,Male,Bengaluru,Platinum
7294,Customer_7294,37,Male,Kolkata,Silver
7295,Customer_7295,41,Female,Kolkata,Silver
7296,Customer_7296,32,Male,Kolkata,Silver
7297,Customer_7297,24,Female,Bengaluru,Gold
7298,Customer_7298,38,Female,Bengaluru,Gold
7299,Customer_7299,59,Female,Visakhapatnam,Silver
7300,Customer_7300,43,Male,Coimbatore,Platinum
7301,Customer_7301,61,Female,Visakhapatnam,Silver
7302,Customer_7302,31,Male,Chennai,Gold
7303,Customer_7303,54,Female,Delhi,Silver
7304,Customer_7304,38,Female,Chandigarh,Silver
7305,Customer_7305,35,Male,Ahmedabad,Silver
7306,Customer_7306,22,Female,Kochi,Silver
7307,Customer_7307,20,Female,Ahmedabad,Gold
7308,Customer_7308,40,Female,Pune,Gold
7309,Customer_7309,43,Female,Ahmedabad,Silver
7310,Customer_7310,54,Male,Bhopal,Silver
7311,Customer_7311,41,Female,Chandigarh,Silver
7312,Customer_7312,36,Female,Bhopal,Gold
7313,Customer_7313,42,Male,Guwahati,Gold
7314,Customer_7314,38,Female,Lucknow,Silver
7315,Customer_7315,29,Female,Pune,Gold
7316,Customer_7316,58,Female,Bhopal,Silver
7317,Customer_7317,50,Female,Visakhapatnam,Platinum
7318,Customer_7318,21,Male,Kolkata,Platinum
7319,Customer_7319,59,Female,Chandigarh,Gold
7320,Customer_7320,24,Male,Jaipur,Platinum
7321,Customer_7321,39,Female,Pune,Platinum
7322,Customer_7322,50,Female,Visakhapatnam,Platinum
7323,Customer_7323,34,Female,Nagpur,Gold
7324,Customer_7324,41,Male,Indore,Silver
7325,Customer_7325,51,Female,Pune,Silver
7326,Customer_7326,45,Female,Lucknow,Silver
7327,Customer_7327,60,Male,Jaipur,Gold
7328,Customer_7328,58,Male,Chennai,Silver
7329,Customer_7329,56,Male,Chandigarh,Silver
7330,Customer_7330,39,Male,Lucknow,Silver
7331,Customer_7331,34,Female,Guwahati,Silver
7332,Customer_7332,51,Female,Kochi,Gold
7333,Customer_7333,23,Female,Jaipur,Platinum
7334,Customer_7334,63,Female,Surat,Gold
7335,Customer_7335,23,Male,Delhi,Gold
7336,Customer_7336,51,Female,Mumbai,Gold
7337,Customer_7337,18,Female,Surat,Silver
7338,Customer_7338,27,Female,Jaipur,Silver
7339,Customer_7339,38,Female,Pune,Platinum
7340,Customer_7340,22,Male,Chandigarh,Silver
7341,Customer_7341,19,Female,Guwahati,Silver
7342,Customer_7342,39,Female,Pune,Gold
7343,Customer_7343,19,Female,Hyderabad,Silver
7344,Customer_7344,27,Male,Coimbatore,Silver
7345,Customer_7345,51,Male,Guwahati,Silver
7346,Customer_7346,33,Female,Indore,Silver
7347,Customer_7347,56,Female,Bhopal,Silver
7348,Customer_7348,39,Female,Lucknow,Silver
7349,Customer_7349,29,Male,Surat,Gold
7350,Customer_7350,41,Female,Bhopal,Platinum
7351,Customer_7351,64,Female,Lucknow,Silver
7352,Customer_7352,57,Female,Visakhapatnam,Platinum
7353,Customer_7353,55,Male,Coimbatore,Silver
7354,Customer_7354,27,Female,Chennai,Silver
7355,Customer_7355,52,Female,Kolkata,Silver
7356,Customer_7356,49,Male,Kolkata,Gold
7357,Customer_7357,24,Male,Bhopal,Silver
7358,Customer_7358,38,Female,Bengaluru,Gold
7359,Customer_7359,37,Male,Ahmedabad,Gold
7360,Customer_7360,43,Female,Mumbai,Gold
7361,Customer_7361,21,Male,Coimbatore,Gold
7362,Customer_7362,63,Male,Jaipur,Platinum
7363,Customer_7363,39,Female,Surat,Silver
7364,Customer_7364,32,Female,Pune,Silver
7365,Customer_7365,57,Female,Lucknow,Gold
7366,Customer_7366,38,Male,Jaipur,Gold
7367,Customer_7367,32,Female,Patna,Silver
7368,Customer_7368,39,Female,Kolkata,Silver
7369,Customer_7369,45,Female,Bhopal,Silver
7370,Customer_7370,31,Female,Delhi,Silver
7371,Customer_7371,44,Female,Bhopal,Silver
7372,Customer_7372,58,Male,Hyderabad,Platinum
7373,Customer_7373,57,Female,Guwahati,Gold
7374,Customer_7374,45,Female,Guwahati,Silver
7375,Customer_7375,43,Male,Chandigarh,Gold
7376,Customer_7376,19,Female,Guwahati,Platinum
7377,Customer_7377,42,Female,Bengaluru,Silver
7378,Customer_7378,20,Female,Lucknow,Silver
7379,Customer_7379,25,Female,Coimbatore,Gold
7380,Customer_7380,61,Female,Surat,Gold
7381,Customer_7381,50,Male,Coimbatore,Silver
7382,Customer_7382,59,Male,Bengaluru,Platinum
7383,Customer_7383,52,Male,Bengaluru,Silver
7384,Customer_7384,23,Female,Bhopal,Silver
7385,Customer_7385,56,Male,Visakhapatnam,Silver
7386,Customer_7386,40,Female,Pune,Silver
7387,Customer_7387,42,Female,Ahmedabad,Gold
7388,Customer_7388,60,Female,Jaipur,Platinum
7389,Customer_7389,36,Male,Nagpur,Silver
7390,Customer_7390,22,Male,Kolkata,Platinum
7391,Customer_7391,28,Male,Guwahati,Platinum
7392,Customer_7392,29,Female,Chandigarh,Silver
7393,Customer_7393,27,Male,Bhopal,Gold
7394,Customer_7394,25,Female,Chennai,Silver
7395,Customer_7395,41,Male,Ahmedabad,Gold
7396,Customer_7396,45,Male,Pune,Silver
7397,Customer_7397,58,Female,Patna,Gold
7398,Customer_7398,53,Female,Hyderabad,Silver
7399,Customer_7399,54,Male,Kolkata,Platinum
7400,Customer_7400,38,Male,Nagpur,Platinum
7401,Customer_7401,25,Male,Surat,Silver
7402,Customer_7402,26,Female,Lucknow,Silver
7403,Customer_7403,64,Female,Coimbatore,Silver
7404,Customer_7404,32,Male,Chennai,Gold
7405,Customer_7405,63,Male,Ahmedabad,Silver
7406,Customer_7406,57,Female,Indore,Gold
7407,Customer_7407,35,Male,Kochi,Silver
7408,Customer_7408,59,Female,Coimbatore,Silver
7409,Customer_7409,37,Female,Indore,Silver
7410,Customer_7410,23,Female,Chandigarh,Silver
7411,Customer_7411,29,Female,Bhopal,Gold
7412,Customer_7412,19,Female,Surat,Platinum
7413,Customer_7413,24,Female,Chandigarh,Silver
7414,Customer_7414,33,Male,Delhi,Gold
7415,Customer_7415,20,Female,Chandigarh,Silver
7416,Customer_7416,62,Female,Patna,Gold
7417,Customer_7417,20,Male,Hyderabad,Silver
7418,Customer_7418,44,Female,Bhopal,Gold
7419,Customer_7419,60,Male,Ahmedabad,Platinum
7420,Customer_7420,57,Female,Pune,Silver
7421,Customer_7421,55,Male,Mumbai,Gold
7422,Customer_7422,50,Male,Bhopal,Silver
7423,Customer_7423,45,Female,Nagpur,Silver
7424,Customer_7424,18,Female,Chandigarh,Silver
7425,Customer_7425,25,Female,Indore,Silver
7426,Customer_7426,54,Female,Visakhapatnam,Silver
7427,Customer_7427,49,Male,Jaipur,Silver
7428,Customer_7428,60,Male,Lucknow,Silver
7429,Customer_7429,54,Male,Kochi,Silver
7430,Customer_7430,21,Female,Bhopal,Gold
7431,Customer_7431,47,Male,Hyderabad,Platinum
7432,Customer_7432,23,Female,Guwahati,Silver
7433,Customer_7433,63,Female,Indore,Silver
7434,Customer_7434,36,Male,Jaipur,Silver
7435,Customer_7435,49,Female,Hyderabad,Platinum
7436,Customer_7436,26,Male,Chandigarh,Gold
7437,Customer_7437,29,Female,Visakhapatnam,Silver
7438,Customer_7438,28,Male,Chandigarh,Silver
7439,Customer_7439,63,Female,Hyderabad,Silver
7440,Customer_7440,33,Male,Kolkata,Silver
7441,Customer_7441,18,Male,Chennai,Platinum
7442,Customer_7442,62,Female,Mumbai,Platinum
7443,Customer_7443,38,Female,Hyderabad,Silver
7444,Customer_7444,47,Male,Jaipur,Gold
7445,Customer_7445,30,Female,Kochi,Silver
7446,Customer_7446,51,Female,Nagpur,Silver
7447,Customer_7447,21,Female,Pune,Platinum
7448,Customer_7448,45,Male,Guwahati,Gold
7449,Customer_7449,55,Male,Delhi,Silver
7450,Customer_7450,48,Female,Visakhapatnam,Silver
7451,Customer_7451,44,Female,Patna,Platinum
7452,Customer_7452,22,Male,Coimbatore,Gold
7453,Customer_7453,42,Female,Bengaluru,Silver
7454,Customer_7454,20,Male,Coimbatore,Silver
7455,Customer_7455,50,Female,Mumbai,Silver
7456,Customer_7456,21,Female,Lucknow,Platinum
7457,Customer_7457,42,Female,Indore,Gold
7458,Customer_7458,37,Male,Bengaluru,Silver
7459,Customer_7459,51,Male,Pune,Gold
7460,Customer_7460,43,Male,Ahmedabad,Gold
7461,Customer_7461,22,Male,Guwahati,Silver
7462,Customer_7462,52,Female,Coimbatore,Silver
7463,Customer_7463,45,Female,Surat,Gold
7464,Customer_7464,46,Male,Surat,Gold
7465,Customer_7465,26,Female,Guwahati,Gold
7466,Customer_7466,55,Female,Bhopal,Platinum
7467,Customer_7467,23,Male,Kochi,Silver
7468,Customer_7468,36,Female,Bhopal,Silver
7469,Customer_7469,61,Female,Surat,Platinum
7470,Customer_7470,28,Male,Bhopal,Silver
7471,Customer_7471,19,Female,Guwahati,Gold
7472,Customer_7472,64,Female,Nagpur,Gold
7473,Customer_7473,61,Female,Pune,Gold
7474,Customer_7474,61,Male,Surat,Silver
7475,Customer_7475,26,Male,Hyderabad,Gold
7476,Customer_7476,38,Female,Guwahati,Platinum
7477,Customer_7477,41,Female,Guwahati,Gold
7478,Customer_7478,51,Female,Chennai,Silver
7479,Customer_7479,39,Male,Guwahati,Silver
7480,Customer_7480,20,Male,Jaipur,Silver
7481,Customer_7481,29,Male,Chandigarh,Silver
7482,Customer_7482,45,Female,Chennai,Silver
7483,Customer_7483,47,Female,Hyderabad,Platinum
7484,Customer_7484,43,Female,Ahmedabad,Gold
7485,Customer_7485,38,Female,Chandigarh,Gold
7486,Customer_7486,45,Female,Kolkata,Gold
7487,Customer_7487,43,Male,Lucknow,Silver
7488,Customer_7488,50,Female,Surat,Platinum
7489,Customer_7489,38,Female,Nagpur,Silver
7490,Customer_7490,52,Female,Pune,Silver
7491,Customer_7491,51,Male,Visakhapatnam,Silver
7492,Customer_7492,58,Female,Hyderabad,Platinum
7493,Customer_7493,64,Male,Pune,Platinum
7494,Customer_7494,35,Male,Kolkata,Silver
7495,Customer_7495,28,Male,Coimbatore,Platinum
7496,Customer_7496,40,Male,Bhopal,Silver
7497,Customer_7497,39,Male,Hyderabad,Silver
7498,Customer_7498,34,Female,Delhi,Platinum
7499,Customer_7499,22,Female,Chennai,Platinum
7500,Customer_7500,61,Male,Guwahati,Gold
7501,Customer_7501,28,Male,Bhopal,Gold
7502,Customer_7502,47,Male,Patna,Platinum
7503,Customer_7503,32,Female,Bengaluru,Gold
7504,Customer_7504,44,Female,Visakhapatnam,Platinum
7505,Customer_7505,52,Male,Ahmedabad,Gold
7506,Customer_7506,50,Female,Indore,Platinum
7507,Customer_7507,37,Female,Chandigarh,Platinum
7508,Customer_7508,33,Male,Jaipur,Silver
7509,Customer_7509,51,Male,Bengaluru,Platinum
7510,Customer_7510,19,Female,Kolkata,Silver
7511,Customer_7511,52,Female,Visakhapatnam,Silver
7512,Customer_7512,57,Female,Nagpur,Gold
7513,Customer_7513,45,Male,Patna,Silver
7514,Customer_7514,64,Male,Hyderabad,Gold
7515,Customer_7515,56,Male,Chennai,Platinum
7516,Customer_7516,23,Female,Ahmedabad,Silver
7517,Customer_7517,26,Female,Guwahati,Silver
7518,Customer_7518,37,Male,Kolkata,Platinum
7519,Customer_7519,18,Female,Surat,Silver
7520,Customer_7520,25,Male,Chandigarh,Silver
7521,Customer_7521,40,Female,Delhi,Silver
7522,Customer_7522,20,Male,Surat,Gold
7523,Customer_7523,21,Female,Indore,Gold
7524,Customer_7524,42,Female,Ahmedabad,Platinum
7525,Customer_7525,64,Male,Ahmedabad,Silver
7526,Customer_7526,55,Male,Nagpur,Platinum
7527,Customer_7527,32,Male,Surat,Gold
7528,Customer_7528,38,Male,Bengaluru,Silver
7529,Customer_7529,52,Male,Chennai,Gold
7530,Customer_7530,63,Female,Visakhapatnam,Gold
7531,Customer_7531,31,Male,Patna,Gold
7532,Customer_7532,53,Male,Patna,Silver
7533,Customer_7533,29,Male,Surat,Silver
7534,Customer_7534,34,Male,Jaipur,Silver
7535,Customer_7535,56,Male,Lucknow,Silver
7536,Customer_7536,26,Female,Bhopal,Gold
7537,Customer_7537,52,Male,Nagpur,Silver
7538,Customer_7538,30,Male,Delhi,Gold
7539,Customer_7539,32,Male,Nagpur,Silver
7540,Customer_7540,35,Female,Nagpur,Silver
7541,Customer_7541,50,Female,Ahmedabad,Gold
7542,Customer_7542,23,Male,Chandigarh,Silver
7543,Customer_7543,44,Male,Nagpur,Platinum
7544,Customer_7544,40,Female,Delhi,Silver
7545,Customer_7545,44,Female,Chandigarh,Silver
7546,Customer_7546,51,Female,Coimbatore,Platinum
7547,Customer_7547,63,Male,Pune,Gold
7548,Customer_7548,55,Male,Patna,Silver
7549,Customer_7549,31,Female,Kochi,Silver
7550,Customer_7550,53,Male,Guwahati,Gold
7551,Customer_7551,25,Female,Surat,Platinum
7552,Customer_7552,52,Female,Jaipur,Platinum
7553,Customer_7553,36,Female,Patna,Silver
7554,Customer_7554,47,Male,Bengaluru,Platinum
7555,Customer_7555,31,Female,Delhi,Silver
7556,Customer_7556,37,Female,Chandigarh,Silver
7557,Customer_7557,42,Male,Ahmedabad,Platinum
7558,Customer_7558,57,Female,Surat,Silver
7559,Customer_7559,41,Male,Ahmedabad,Silver
7560,Customer_7560,31,Female,Kochi,Silver
7561,Customer_7561,43,Male,Nagpur,Silver
7562,Customer_7562,55,Female,Pune,Gold
7563,Customer_7563,40,Female,Patna,Gold
7564,Customer_7564,39,Female,Chandigarh,Silver
7565,Customer_7565,36,Female,Guwahati,Gold
7566,Customer_7566,63,Female,Hyderabad,Platinum
7567,Customer_7567,20,Male,Delhi,Platinum
7568,Customer_7568,59,Male,Bhopal,Silver
7569,Customer_7569,36,Female,Coimbatore,Platinum
7570,Customer_7570,26,Female,Chandigarh,Gold
7571,Customer_7571,45,Female,Bhopal,Silver
7572,Customer_7572,37,Male,Visakhapatnam,Silver
7573,Customer_7573,62,Male,Surat,Silver
7574,Customer_7574,24,Female,Ahmedabad,Gold
7575,Customer_7575,31,Male,Delhi,Silver
7576,Customer_7576,26,Female,Pune,Gold
7577,Customer_7577,36,Female,Patna,Silver
7578,Customer_7578,64,Female,Surat,Platinum
7579,Customer_7579,31,Male,Surat,Silver
7580,Customer_7580,55,Female,Jaipur,Platinum
7581,Customer_7581,53,Female,Patna,Platinum
7582,Customer_7582,57,Female,Chennai,Silver
7583,Customer_7583,34,Male,Surat,Silver
7584,Customer_7584,47,Male,Bhopal,Silver
7585,Customer_7585,26,Male,Kolkata,Platinum
7586,Customer_7586,50,Female,Pune,Gold
7587,Customer_7587,42,Male,Ahmedabad,Silver
7588,Customer_7588,31,Female,Kolkata,Silver
7589,Customer_7589,28,Male,Jaipur,Silver
7590,Customer_7590,52,Female,Nagpur,Platinum
7591,Customer_7591,58,Male,Bhopal,Gold
7592,Customer_7592,31,Female,Chennai,Platinum
7593,Customer_7593,47,Male,Visakhapatnam,Silver
7594,Customer_7594,58,Male,Ahmedabad,Silver
7595,Customer_7595,21,Male,Kochi,Platinum
7596,Customer_7596,21,Female,Ahmedabad,Silver
7597,Customer_7597,45,Male,Delhi,Platinum
7598,Customer_7598,25,Male,Visakhapatnam,Silver
7599,Customer_7599,19,Male,Mumbai,Silver
7600,Customer_7600,58,Male,Chennai,Gold
7601,Customer_7601,63,Female,Delhi,Platinum
7602,Customer_7602,39,Male,Pune,Platinum
7603,Customer_7603,58,Female,Delhi,Silver
7604,Customer_7604,33,Female,Jaipur,Silver
7605,Customer_7605,46,Female,Bengaluru,Gold
7606,Customer_7606,47,Female,Bhopal,Gold
7607,Customer_7607,29,Male,Guwahati,Gold
7608,Customer_7608,52,Female,Patna,Silver
7609,Customer_7609,28,Female,Chandigarh,Platinum
7610,Customer_7610,63,Female,Lucknow,Gold
7611,Customer_7611,38,Female,Hyderabad,Platinum
7612,Customer_7612,38,Male,Kochi,Gold
7613,Customer_7613,22,Male,Kochi,Silver
7614,Customer_7614,37,Female,Guwahati,Platinum
7615,Customer_7615,54,Female,Coimbatore,Gold
7616,Customer_7616,20,Female,Indore,Platinum
7617,Customer_7617,61,Male,Pune,Platinum
7618,Customer_7618,50,Male,Lucknow,Gold
7619,Customer_7619,26,Male,Pune,Gold
7620,Customer_7620,26,Male,Kolkata,Silver
7621,Customer_7621,21,Male,Bhopal,Silver
7622,Customer_7622,52,Female,Chandigarh,Silver
7623,Customer_7623,34,Male,Coimbatore,Silver
7624,Customer_7624,51,Male,Bengaluru,Silver
7625,Customer_7625,41,Female,Visakhapatnam,Silver
7626,Customer_7626,49,Male,Patna,Silver
7627,Customer_7627,18,Male,Kolkata,Silver
7628,Customer_7628,25,Male,Surat,Silver
7629,Customer_7629,62,Female,Guwahati,Silver
7630,Customer_7630,40,Male,Bhopal,Gold
7631,Customer_7631,64,Female,Kolkata,Gold
7632,Customer_7632,57,Female,Hyderabad,Silver
7633,Customer_7633,29,Male,Pune,Gold
7634,Customer_7634,29,Male,Lucknow,Platinum
7635,Customer_7635,63,Male,Chandigarh,Silver
7636,Customer_7636,64,Male,Ahmedabad,Gold
7637,Customer_7637,32,Female,Jaipur,Platinum
7638,Customer_7638,58,Male,Chennai,Platinum
7639,Customer_7639,36,Female,Ahmedabad,Silver
7640,Customer_7640,43,Female,Pune,Gold
7641,Customer_7641,46,Female,Patna,Silver
7642,Customer_7642,39,Female,Bengaluru,Gold
7643,Customer_7643,57,Female,Kochi,Platinum
7644,Customer_7644,38,Male,Indore,Gold
7645,Customer_7645,55,Female,Jaipur,Platinum
7646,Customer_7646,37,Female,Kolkata,Silver
7647,Customer_7647,46,Male,Lucknow,Platinum
7648,Customer_7648,21,Male,Patna,Gold
7649,Customer_7649,24,Female,Nagpur,Silver
7650,Customer_7650,45,Female,Chennai,Gold
7651,Customer_7651,45,Male,Visakhapatnam,Silver
7652,Customer_7652,21,Female,Mumbai,Silver
7653,Customer_7653,39,Male,Bhopal,Platinum
7654,Customer_7654,29,Male,Delhi,Silver
7655,Customer_7655,62,Female,Visakhapatnam,Gold
7656,Customer_7656,20,Male,Kolkata,Silver
7657,Customer_7657,39,Female,Hyderabad,Silver
7658,Customer_7658,61,Female,Indore,Platinum
7659,Customer_7659,19,Female,Ahmedabad,Silver
7660,Customer_7660,41,Male,Pune,Gold
7661,Customer_7661,51,Female,Chennai,Gold
7662,Customer_7662,44,Male,Hyderabad,Gold
7663,Customer_7663,58,Female,Chandigarh,Platinum
7664,Customer_7664,18,Female,Visakhapatnam,Gold
7665,Customer_7665,25,Male,Patna,Silver
7666,Customer_7666,40,Female,Nagpur,Platinum
7667,Customer_7667,55,Female,Bhopal,Silver
7668,Customer_7668,23,Male,Bhopal,Gold
7669,Customer_7669,39,Male,Chandigarh,Platinum
7670,Customer_7670,42,Male,Patna,Gold
7671,Customer_7671,35,Female,Surat,Platinum
7672,Customer_7672,34,Male,Indore,Gold
7673,Customer_7673,29,Male,Kochi,Platinum
7674,Customer_7674,23,Female,Patna,Platinum
7675,Customer_7675,43,Male,Nagpur,Silver
7676,Customer_7676,44,Female,Lucknow,Silver
7677,Customer_7677,25,Female,Bhopal,Silver
7678,Customer_7678,36,Male,Chandigarh,Gold
7679,Customer_7679,59,Female,Patna,Silver
7680,Customer_7680,18,Male,Lucknow,Silver
7681,Customer_7681,46,Male,Chennai,Silver
7682,Customer_7682,62,Male,Jaipur,Platinum
7683,Customer_7683,52,Male,Visakhapatnam,Gold
7684,Customer_7684,57,Female,Jaipur,Silver
7685,Customer_7685,31,Female,Visakhapatnam,Silver
7686,Customer_7686,52,Male,Indore,Silver
7687,Customer_7687,62,Male,Indore,Silver
7688,Customer_7688,37,Female,Pune,Silver
7689,Customer_7689,30,Male,Lucknow,Platinum
7690,Customer_7690,55,Female,Chennai,Platinum
7691,Customer_7691,63,Male,Kolkata,Silver
7692,Customer_7692,25,Female,Kolkata,Silver
7693,Customer_7693,60,Female,Indore,Silver
7694,Customer_7694,37,Female,Jaipur,Silver
7695,Customer_7695,50,Male,Chandigarh,Silver
7696,Customer_7696,43,Male,Jaipur,Silver
7697,Customer_7697,56,Male,Chennai,Silver
7698,Customer_7698,38,Male,Mumbai,Gold
7699,Customer_7699,59,Male,Nagpur,Gold
7700,Customer_7700,60,Female,Bengaluru,Gold
7701,Customer_7701,58,Female,Coimbatore,Silver
7702,Customer_7702,26,Female,Hyderabad,Platinum
7703,Customer_7703,41,Female,Indore,Platinum
7704,Customer_7704,54,Female,Coimbatore,Silver
7705,Customer_7705,58,Female,Bhopal,Silver
7706,Customer_7706,34,Female,Kolkata,Gold
7707,Customer_7707,41,Male,Jaipur,Silver
7708,Customer_7708,38,Female,Visakhapatnam,Silver
7709,Customer_7709,56,Male,Coimbatore,Gold
7710,Customer_7710,58,Female,Guwahati,Gold
7711,Customer_7711,56,Female,Bengaluru,Silver
7712,Customer_7712,30,Male,Jaipur,Gold
7713,Customer_7713,28,Female,Chennai,Platinum
7714,Customer_7714,63,Male,Kochi,Silver
7715,Customer_7715,36,Female,Kochi,Gold
7716,Customer_7716,28,Male,Mumbai,Silver
7717,Customer_7717,30,Female,Jaipur,Silver
7718,Customer_7718,63,Male,Jaipur,Gold
7719,Customer_7719,62,Male,Kolkata,Silver
7720,Customer_7720,18,Female,Patna,Silver
7721,Customer_7721,57,Female,Patna,Silver
7722,Customer_7722,61,Male,Bengaluru,Gold
7723,Customer_7723,36,Female,Guwahati,Gold
7724,Customer_7724,29,Male,Bengaluru,Silver
7725,Customer_7725,25,Female,Hyderabad,Gold
7726,Customer_7726,25,Male,Chennai,Silver
7727,Customer_7727,62,Female,Surat,Gold
7728,Customer_7728,29,Male,Surat,Silver
7729,Customer_7729,50,Female,Indore,Gold
7730,Customer_7730,62,Male,Kolkata,Platinum
7731,Customer_7731,43,Male,Delhi,Platinum
7732,Customer_7732,56,Female,Jaipur,Silver
7733,Customer_7733,45,Female,Kochi,Platinum
7734,Customer_7734,22,Male,Delhi,Silver
7735,Customer_7735,25,Male,Bengaluru,Platinum
7736,Customer_7736,42,Male,Patna,Silver
7737,Customer_7737,44,Male,Lucknow,Silver
7738,Customer_7738,63,Female,Ahmedabad,Silver
7739,Customer_7739,40,Male,Bhopal,Silver
7740,Customer_7740,47,Male,Patna,Gold
7741,Customer_7741,62,Male,Jaipur,Platinum
7742,Customer_7742,64,Female,Lucknow,Gold
7743,Customer_7743,40,Male,Visakhapatnam,Gold
7744,Customer_7744,64,Female,Jaipur,Gold
7745,Customer_7745,37,Female,Patna,Silver
7746,Customer_7746,35,Female,Delhi,Silver
7747,Customer_7747,35,Female,Mumbai,Silver
7748,Customer_7748,19,Female,Guwahati,Silver
7749,Customer_7749,21,Female,Nagpur,Silver
7750,Customer_7750,47,Female,Ahmedabad,Silver
7751,Customer_7751,50,Male,Hyderabad,Silver
7752,Customer_7752,53,Male,Bhopal,Silver
7753,Customer_7753,35,Female,Patna,Platinum
7754,Customer_7754,54,Male,Nagpur,Silver
7755,Customer_7755,36,Male,Delhi,Gold
7756,Customer_7756,64,Female,Indore,Gold
7757,Customer_7757,45,Male,Bengaluru,Gold
7758,Customer_7758,57,Female,Guwahati,Silver
7759,Customer_7759,37,Male,Coimbatore,Silver
7760,Customer_7760,50,Female,Visakhapatnam,Silver
7761,Customer_7761,29,Female,Mumbai,Silver
7762,Customer_7762,32,Male,Pune,Silver
7763,Customer_7763,58,Male,Ahmedabad,Gold
7764,Customer_7764,56,Female,Guwahati,Gold
7765,Customer_7765,19,Female,Patna,Gold
7766,Customer_7766,46,Female,Lucknow,Silver
7767,Customer_7767,58,Male,Delhi,Silver
7768,Customer_7768,27,Male,Hyderabad,Platinum
7769,Customer_7769,19,Male,Surat,Silver
7770,Customer_7770,28,Male,Nagpur,Gold
7771,Customer_7771,30,Female,Bengaluru,Gold
7772,Customer_7772,27,Female,Indore,Silver
7773,Customer_7773,31,Female,Bengaluru,Silver
7774,Customer_7774,35,Female,Guwahati,Silver
7775,Customer_7775,26,Male,Lucknow,Silver
7776,Customer_7776,56,Female,Patna,Silver
7777,Customer_7777,45,Female,Indore,Silver
7778,Customer_7778,20,Male,Patna,Silver
7779,Customer_7779,37,Male,Surat,Gold
7780,Customer_7780,23,Female,Kolkata,Platinum
7781,Customer_7781,44,Male,Chennai,Silver
7782,Customer_7782,19,Female,Surat,Platinum
7783,Customer_7783,46,Male,Jaipur,Platinum
7784,Customer_7784,55,Male,Kochi,Platinum
7785,Customer_7785,20,Female,Mumbai,Platinum
7786,Customer_7786,33,Male,Kolkata,Silver
7787,Customer_7787,47,Female,Chandigarh,Silver
7788,Customer_7788,57,Male,Pune,Gold
7789,Customer_7789,19,Male,Delhi,Gold
7790,Customer_7790,34,Male,Bhopal,Platinum
7791,Customer_7791,58,Male,Indore,Platinum
7792,Customer_7792,29,Male,Bhopal,Gold
7793,Customer_7793,52,Female,Guwahati,Silver
7794,Customer_7794,60,Male,Bhopal,Silver
7795,Customer_7795,18,Female,Bhopal,Silver
7796,Customer_7796,62,Male,Nagpur,Gold
7797,Customer_7797,32,Female,Mumbai,Gold
7798,Customer_7798,43,Male,Mumbai,Platinum
7799,Customer_7799,54,Female,Chennai,Gold
7800,Customer_7800,38,Female,Visakhapatnam,Platinum
7801,Customer_7801,48,Male,Chandigarh,Gold
7802,Customer_7802,42,Male,Lucknow,Platinum
7803,Customer_7803,40,Male,Surat,Silver
7804,Customer_7804,41,Female,Mumbai,Platinum
7805,Customer_7805,55,Female,Bengaluru,Gold
7806,Customer_7806,45,Male,Guwahati,Silver
7807,Customer_7807,38,Male,Hyderabad,Silver
7808,Customer_7808,60,Female,Guwahati,Platinum
7809,Customer_7809,35,Female,Visakhapatnam,Silver
7810,Customer_7810,53,Male,Guwahati,Silver
7811,Customer_7811,52,Female,Ahmedabad,Silver
7812,Customer_7812,62,Male,Nagpur,Gold
7813,Customer_7813,26,Male,Lucknow,Platinum
7814,Customer_7814,55,Male,Bengaluru,Silver
7815,Customer_7815,47,Female,Hyderabad,Silver
7816,Customer_7816,61,Female,Patna,Platinum
7817,Customer_7817,51,Female,Coimbatore,Gold
7818,Customer_7818,49,Female,Nagpur,Platinum
7819,Customer_7819,20,Male,Guwahati,Silver
7820,Customer_7820,20,Female,Lucknow,Silver
7821,Customer_7821,45,Male,Patna,Silver
7822,Customer_7822,61,Male,Chennai,Gold
7823,Customer_7823,32,Male,Mumbai,Silver
7824,Customer_7824,58,Female,Bengaluru,Silver
7825,Customer_7825,40,Male,Pune,Silver
7826,Customer_7826,57,Male,Chandigarh,Silver
7827,Customer_7827,28,Female,Lucknow,Platinum
7828,Customer_7828,49,Male,Guwahati,Silver
7829,Customer_7829,53,Female,Kochi,Gold
7830,Customer_7830,50,Female,Guwahati,Platinum
7831,Customer_7831,41,Female,Kolkata,Silver
7832,Customer_7832,56,Male,Visakhapatnam,Gold
7833,Customer_7833,51,Female,Surat,Platinum
7834,Customer_7834,45,Female,Surat,Platinum
7835,Customer_7835,54,Female,Indore,Silver
7836,Customer_7836,24,Female,Indore,Silver
7837,Customer_7837,21,Male,Chandigarh,Silver
7838,Customer_7838,54,Female,Patna,Gold
7839,Customer_7839,18,Male,Kochi,Gold
7840,Customer_7840,18,Female,Coimbatore,Gold
7841,Customer_7841,64,Male,Guwahati,Silver
7842,Customer_7842,37,Female,Chennai,Silver
7843,Customer_7843,36,Male,Kolkata,Gold
7844,Customer_7844,46,Female,Pune,Silver
7845,Customer_7845,27,Male,Mumbai,Gold
7846,Customer_7846,35,Male,Delhi,Silver
7847,Customer_7847,45,Male,Bhopal,Silver
7848,Customer_7848,52,Female,Lucknow,Silver
7849,Customer_7849,60,Male,Ahmedabad,Silver
7850,Customer_7850,64,Male,Delhi,Silver
7851,Customer_7851,48,Male,Bhopal,Silver
7852,Customer_7852,44,Male,Mumbai,Silver
7853,Customer_7853,28,Female,Lucknow,Silver
7854,Customer_7854,55,Male,Kochi,Silver
7855,Customer_7855,22,Male,Bengaluru,Gold
7856,Customer_7856,25,Male,Pune,Silver
7857,Customer_7857,51,Female,Bhopal,Gold
7858,Customer_7858,29,Male,Ahmedabad,Gold
7859,Customer_7859,55,Male,Visakhapatnam,Gold
7860,Customer_7860,18,Male,Bhopal,Platinum
7861,Customer_7861,48,Male,Bengaluru,Silver
7862,Customer_7862,21,Female,Kochi,Gold
7863,Customer_7863,62,Male,Jaipur,Platinum
7864,Customer_7864,22,Male,Lucknow,Platinum
7865,Customer_7865,47,Female,Hyderabad,Silver
7866,Customer_7866,41,Female,Delhi,Silver
7867,Customer_7867,20,Female,Bhopal,Silver
7868,Customer_7868,28,Male,Kolkata,Gold
7869,Customer_7869,62,Female,Surat,Gold
7870,Customer_7870,21,Male,Patna,Silver
7871,Customer_7871,43,Female,Indore,Gold
7872,Customer_7872,44,Male,Ahmedabad,Gold
7873,Customer_7873,63,Female,Kolkata,Silver
7874,Customer_7874,60,Male,Mumbai,Platinum
7875,Customer_7875,44,Female,Bhopal,Gold
7876,Customer_7876,59,Male,Mumbai,Silver
7877,Customer_7877,23,Male,Chandigarh,Gold
7878,Customer_7878,32,Male,Bengaluru,Silver
7879,Customer_7879,47,Male,Lucknow,Gold
7880,Customer_7880,59,Male,Guwahati,Platinum
7881,Customer_7881,54,Male,Ahmedabad,Platinum
7882,Customer_7882,54,Male,Pune,Silver
7883,Customer_7883,59,Male,Delhi,Silver
7884,Customer_7884,54,Female,Bhopal,Silver
7885,Customer_7885,52,Male,Kolkata,Gold
7886,Customer_7886,40,Male,Chandigarh,Silver
7887,Customer_7887,23,Female,Chennai,Gold
7888,Customer_7888,21,Male,Kochi,Silver
7889,Customer_7889,35,Female,Mumbai,Silver
7890,Customer_7890,26,Male,Bhopal,Silver
7891,Customer_7891,46,Female,Delhi,Platinum
7892,Customer_7892,30,Female,Bhopal,Gold
7893,Customer_7893,64,Male,Bhopal,Silver
7894,Customer_7894,34,Female,Bhopal,Silver
7895,Customer_7895,62,Male,Guwahati,Gold
7896,Customer_7896,49,Male,Kochi,Silver
7897,Customer_7897,39,Male,Visakhapatnam,Gold
7898,Customer_7898,21,Male,Indore,Platinum
7899,Customer_7899,22,Female,Surat,Gold
7900,Customer_7900,54,Male,Ahmedabad,Gold
7901,Customer_7901,58,Female,Lucknow,Gold
7902,Customer_7902,30,Female,Ahmedabad,Platinum
7903,Customer_7903,51,Male,Visakhapatnam,Platinum
7904,Customer_7904,62,Male,Ahmedabad,Gold
7905,Customer_7905,39,Male,Jaipur,Silver
7906,Customer_7906,40,Male,Pune,Silver
7907,Customer_7907,20,Female,Nagpur,Silver
7908,Customer_7908,59,Male,Mumbai,Gold
7909,Customer_7909,51,Female,Indore,Gold
7910,Customer_7910,49,Male,Ahmedabad,Silver
7911,Customer_7911,62,Male,Surat,Silver
7912,Customer_7912,38,Male,Patna,Silver
7913,Customer_7913,63,Male,Bengaluru,Platinum
7914,Customer_7914,61,Female,Nagpur,Gold
7915,Customer_7915,38,Female,Patna,Gold
7916,Customer_7916,61,Male,Mumbai,Silver
7917,Customer_7917,28,Female,Guwahati,Gold
7918,Customer_7918,56,Female,Bhopal,Silver
7919,Customer_7919,21,Male,Visakhapatnam,Gold
7920,Customer_7920,18,Male,Chennai,Silver
7921,Customer_7921,45,Female,Bengaluru,Silver
7922,Customer_7922,41,Female,Kolkata,Silver
7923,Customer_7923,52,Female,Bengaluru,Silver
7924,Customer_7924,30,Female,Patna,Platinum
7925,Customer_7925,64,Male,Guwahati,Silver
7926,Customer_7926,51,Male,Mumbai,Silver
7927,Customer_7927,28,Female,Bhopal,Gold
7928,Customer_7928,53,Male,Kolkata,Platinum
7929,Customer_7929,34,Female,Kochi,Silver
7930,Customer_7930,52,Female,Nagpur,Gold
7931,Customer_7931,35,Male,Lucknow,Platinum
7932,Customer_7932,57,Female,Bengaluru,Silver
7933,Customer_7933,39,Female,Chennai,Silver
7934,Customer_7934,41,Male,Hyderabad,Silver
7935,Customer_7935,36,Male,Chandigarh,Platinum
7936,Customer_7936,54,Female,Pune,Silver
7937,Customer_7937,56,Female,Patna,Silver
7938,Customer_7938,38,Male,Visakhapatnam,Gold
7939,Customer_7939,25,Female,Indore,Gold
7940,Customer_7940,45,Female,Delhi,Silver
7941,Customer_7941,22,Male,Kolkata,Gold
7942,Customer_7942,34,Male,Surat,Silver
7943,Customer_7943,54,Male,Nagpur,Silver
7944,Customer_7944,53,Male,Jaipur,Gold
7945,Customer_7945,36,Male,Kochi,Platinum
7946,Customer_7946,44,Male,Patna,Silver
7947,Customer_7947,51,Female,Pune,Platinum
7948,Customer_7948,28,Female,Bhopal,Gold
7949,Customer_7949,62,Male,Hyderabad,Silver
7950,Customer_7950,64,Male,Chandigarh,Gold
7951,Customer_7951,29,Female,Kolkata,Silver
7952,Customer_7952,38,Female,Jaipur,Platinum
7953,Customer_7953,28,Female,Nagpur,Platinum
7954,Customer_7954,56,Male,Ahmedabad,Silver
7955,Customer_7955,45,Male,Nagpur,Silver
7956,Customer_7956,22,Female,Bhopal,Silver
7957,Customer_7957,34,Male,Lucknow,Silver
7958,Customer_7958,37,Male,Visakhapatnam,Silver
7959,Customer_7959,58,Male,Visakhapatnam,Silver
7960,Customer_7960,63,Female,Surat,Gold
7961,Customer_7961,29,Female,Guwahati,Silver
7962,Customer_7962,23,Male,Patna,Platinum
7963,Customer_7963,34,Male,Ahmedabad,Platinum
7964,Customer_7964,36,Male,Lucknow,Silver
7965,Customer_7965,43,Male,Bengaluru,Platinum
7966,Customer_7966,61,Male,Bengaluru,Silver
7967,Customer_7967,61,Female,Kolkata,Silver
7968,Customer_7968,49,Male,Chandigarh,Gold
7969,Customer_7969,23,Male,Kochi,Silver
7970,Customer_7970,53,Male,Hyderabad,Gold
7971,Customer_7971,55,Female,Visakhapatnam,Platinum
7972,Customer_7972,28,Female,Visakhapatnam,Platinum
7973,Customer_7973,50,Male,Chandigarh,Gold
7974,Customer_7974,41,Female,Mumbai,Gold
7975,Customer_7975,40,Female,Visakhapatnam,Silver
7976,Customer_7976,32,Female,Patna,Silver
7977,Customer_7977,44,Female,Coimbatore,Gold
7978,Customer_7978,28,Female,Delhi,Silver
7979,Customer_7979,34,Female,Guwahati,Silver
7980,Customer_7980,31,Male,Bhopal,Silver
7981,Customer_7981,44,Female,Ahmedabad,Gold
7982,Customer_7982,35,Female,Hyderabad,Silver
7983,Customer_7983,45,Male,Bhopal,Gold
7984,Customer_7984,64,Male,Pune,Silver
7985,Customer_7985,64,Male,Coimbatore,Silver
7986,Customer_7986,21,Male,Nagpur,Silver
7987,Customer_7987,24,Female,Ahmedabad,Silver
7988,Customer_7988,62,Female,Visakhapatnam,Platinum
7989,Customer_7989,52,Female,Nagpur,Silver
7990,Customer_7990,26,Female,Kolkata,Silver
7991,Customer_7991,25,Male,Jaipur,Gold
7992,Customer_7992,62,Female,Ahmedabad,Silver
7993,Customer_7993,34,Female,Mumbai,Silver
7994,Customer_7994,34,Male,Chandigarh,Silver
7995,Customer_7995,50,Female,Surat,Platinum
7996,Customer_7996,49,Female,Pune,Gold
7997,Customer_7997,25,Female,Chandigarh,Silver
7998,Customer_7998,36,Female,Pune,Silver
7999,Customer_7999,55,Male,Nagpur,Silver
8000,Customer_8000,20,Male,Nagpur,Silver
8001,Customer_8001,22,Male,Bhopal,Gold
8002,Customer_8002,30,Male,Delhi,Platinum
8003,Customer_8003,64,Male,Delhi,Silver
8004,Customer_8004,63,Female,Bhopal,Platinum
8005,Customer_8005,48,Female,Visakhapatnam,Silver
8006,Customer_8006,33,Male,Patna,Silver
8007,Customer_8007,49,Male,Chennai,Silver
8008,Customer_8008,39,Male,Pune,Silver
8009,Customer_8009,46,Female,Chandigarh,Platinum
8010,Customer_8010,39,Male,Bengaluru,Silver
8011,Customer_8011,60,Female,Pune,Silver
8012,Customer_8012,20,Female,Hyderabad,Platinum
8013,Customer_8013,27,Female,Chandigarh,Platinum
8014,Customer_8014,59,Female,Ahmedabad,Gold
8015,Customer_8015,38,Male,Hyderabad,Platinum
8016,Customer_8016,33,Female,Lucknow,Silver
8017,Customer_8017,29,Female,Chandigarh,Platinum
8018,Customer_8018,19,Male,Indore,Gold
8019,Customer_8019,58,Female,Surat,Platinum
8020,Customer_8020,41,Female,Hyderabad,Gold
8021,Customer_8021,52,Female,Delhi,Silver
8022,Customer_8022,47,Male,Guwahati,Gold
8023,Customer_8023,47,Female,Bhopal,Silver
8024,Customer_8024,64,Female,Hyderabad,Silver
8025,Customer_8025,52,Male,Coimbatore,Silver
8026,Customer_8026,36,Male,Surat,Platinum
8027,Customer_8027,25,Female,Pune,Silver
8028,Customer_8028,43,Female,Surat,Gold
8029,Customer_8029,57,Male,Ahmedabad,Silver
8030,Customer_8030,24,Female,Kochi,Platinum
8031,Customer_8031,47,Male,Jaipur,Silver
8032,Customer_8032,24,Female,Visakhapatnam,Gold
8033,Customer_8033,20,Male,Surat,Platinum
8034,Customer_8034,18,Female,Mumbai,Silver
8035,Customer_8035,53,Male,Chennai,Silver
8036,Customer_8036,42,Male,Mumbai,Gold
8037,Customer_8037,54,Male,Chennai,Platinum
8038,Customer_8038,18,Male,Coimbatore,Gold
8039,Customer_8039,32,Male,Kolkata,Silver
8040,Customer_8040,54,Female,Guwahati,Platinum
8041,Customer_8041,30,Female,Lucknow,Silver
8042,Customer_8042,57,Male,Coimbatore,Gold
8043,Customer_8043,25,Female,Lucknow,Platinum
8044,Customer_8044,22,Female,Kolkata,Silver
8045,Customer_8045,26,Female,Kochi,Gold
8046,Customer_8046,18,Female,Surat,Gold
8047,Customer_8047,53,Female,Kochi,Platinum
8048,Customer_8048,52,Female,Jaipur,Silver
8049,Customer_8049,19,Male,Bhopal,Silver
8050,Customer_8050,57,Female,Nagpur,Platinum
8051,Customer_8051,40,Female,Nagpur,Silver
8052,Customer_8052,26,Female,Ahmedabad,Silver
8053,Customer_8053,51,Male,Kolkata,Platinum
8054,Customer_8054,63,Female,Guwahati,Silver
8055,Customer_8055,31,Female,Nagpur,Platinum
8056,Customer_8056,21,Female,Jaipur,Silver
8057,Customer_8057,47,Male,Pune,Silver
8058,Customer_8058,48,Female,Ahmedabad,Gold
8059,Customer_8059,55,Male,Nagpur,Gold
8060,Customer_8060,28,Female,Nagpur,Gold
8061,Customer_8061,52,Male,Indore,Gold
8062,Customer_8062,25,Male,Nagpur,Platinum
8063,Customer_8063,20,Male,Ahmedabad,Silver
8064,Customer_8064,31,Female,Bengaluru,Silver
8065,Customer_8065,30,Male,Coimbatore,Silver
8066,Customer_8066,62,Male,Bengaluru,Gold
8067,Customer_8067,49,Male,Surat,Silver
8068,Customer_8068,51,Male,Bhopal,Silver
8069,Customer_8069,62,Female,Patna,Silver
8070,Customer_8070,36,Female,Coimbatore,Silver
8071,Customer_8071,55,Female,Kolkata,Silver
8072,Customer_8072,33,Female,Pune,Gold
8073,Customer_8073,19,Male,Indore,Silver
8074,Customer_8074,57,Female,Indore,Platinum
8075,Customer_8075,34,Male,Patna,Gold
8076,Customer_8076,51,Female,Lucknow,Silver
8077,Customer_8077,59,Female,Patna,Gold
8078,Customer_8078,33,Female,Surat,Silver
8079,Customer_8079,55,Male,Nagpur,Gold
8080,Customer_8080,19,Female,Kochi,Platinum
8081,Customer_8081,19,Female,Surat,Gold
8082,Customer_8082,43,Female,Lucknow,Gold
8083,Customer_8083,30,Male,Delhi,Silver
8084,Customer_8084,64,Female,Delhi,Silver
8085,Customer_8085,48,Female,Patna,Platinum
8086,Customer_8086,51,Male,Chandigarh,Silver
8087,Customer_8087,56,Male,Bhopal,Silver
8088,Customer_8088,20,Female,Hyderabad,Silver
8089,Customer_8089,25,Female,Hyderabad,Gold
8090,Customer_8090,40,Female,Bhopal,Silver
8091,Customer_8091,31,Male,Patna,Platinum
8092,Customer_8092,44,Male,Chennai,Silver
8093,Customer_8093,46,Male,Chennai,Silver
8094,Customer_8094,56,Female,Mumbai,Gold
8095,Customer_8095,56,Male,Bhopal,Silver
8096,Customer_8096,18,Female,Pune,Gold
8097,Customer_8097,34,Male,Visakhapatnam,Silver
8098,Customer_8098,58,Male,Jaipur,Silver
8099,Customer_8099,47,Male,Jaipur,Silver
8100,Customer_8100,30,Female,Ahmedabad,Platinum
8101,Customer_8101,38,Female,Nagpur,Gold
8102,Customer_8102,36,Female,Delhi,Gold
8103,Customer_8103,36,Female,Bhopal,Silver
8104,Customer_8104,42,Male,Mumbai,Gold
8105,Customer_8105,39,Female,Surat,Silver
8106,Customer_8106,48,Male,Chennai,Platinum
8107,Customer_8107,34,Female,Visakhapatnam,Gold
8108,Customer_8108,40,Female,Coimbatore,Gold
8109,Customer_8109,49,Male,Guwahati,Silver
8110,Customer_8110,27,Male,Chandigarh,Gold
8111,Customer_8111,27,Female,Nagpur,Silver
8112,Customer_8112,53,Female,Ahmedabad,Platinum
8113,Customer_8113,25,Male,Bhopal,Silver
8114,Customer_8114,37,Male,Jaipur,Silver
8115,Customer_8115,49,Male,Hyderabad,Silver
8116,Customer_8116,31,Male,Coimbatore,Silver
8117,Customer_8117,45,Male,Mumbai,Silver
8118,Customer_8118,63,Female,Ahmedabad,Platinum
8119,Customer_8119,41,Female,Nagpur,Gold
8120,Customer_8120,32,Female,Hyderabad,Platinum
8121,Customer_8121,39,Female,Lucknow,Platinum
8122,Customer_8122,47,Male,Ahmedabad,Silver
8123,Customer_8123,21,Male,Kochi,Gold
8124,Customer_8124,30,Male,Bhopal,Silver
8125,Customer_8125,40,Female,Kochi,Platinum
8126,Customer_8126,25,Male,Surat,Silver
8127,Customer_8127,35,Male,Guwahati,Silver
8128,Customer_8128,29,Female,Bhopal,Silver
8129,Customer_8129,48,Female,Chandigarh,Silver
8130,Customer_8130,31,Female,Kolkata,Silver
8131,Customer_8131,51,Male,Chandigarh,Silver
8132,Customer_8132,35,Male,Hyderabad,Gold
8133,Customer_8133,51,Female,Indore,Platinum
8134,Customer_8134,28,Female,Kochi,Silver
8135,Customer_8135,58,Male,Nagpur,Silver
8136,Customer_8136,29,Female,Hyderabad,Platinum
8137,Customer_8137,32,Male,Indore,Silver
8138,Customer_8138,48,Female,Bhopal,Platinum
8139,Customer_8139,46,Female,Surat,Silver
8140,Customer_8140,43,Female,Chennai,Gold
8141,Customer_8141,35,Male,Pune,Gold
8142,Customer_8142,49,Male,Mumbai,Gold
8143,Customer_8143,39,Female,Hyderabad,Platinum
8144,Customer_8144,55,Male,Hyderabad,Silver
8145,Customer_8145,34,Female,Coimbatore,Silver
8146,Customer_8146,40,Female,Visakhapatnam,Gold
8147,Customer_8147,41,Male,Ahmedabad,Platinum
8148,Customer_8148,25,Male,Ahmedabad,Silver
8149,Customer_8149,58,Male,Ahmedabad,Platinum
8150,Customer_8150,23,Male,Ahmedabad,Silver
8151,Customer_8151,22,Female,Delhi,Silver
8152,Customer_8152,61,Male,Mumbai,Gold
8153,Customer_8153,46,Male,Bhopal,Silver
8154,Customer_8154,45,Female,Patna,Gold
8155,Customer_8155,28,Female,Chennai,Silver
8156,Customer_8156,18,Female,Bengaluru,Silver
8157,Customer_8157,60,Female,Nagpur,Gold
8158,Customer_8158,36,Male,Ahmedabad,Gold
8159,Customer_8159,26,Male,Surat,Silver
8160,Customer_8160,44,Female,Guwahati,Silver
8161,Customer_8161,51,Female,Kolkata,Silver
8162,Customer_8162,61,Male,Surat,Silver
8163,Customer_8163,21,Male,Visakhapatnam,Platinum
8164,Customer_8164,53,Male,Delhi,Platinum
8165,Customer_8165,35,Male,Chandigarh,Silver
8166,Customer_8166,32,Male,Mumbai,Silver
8167,Customer_8167,30,Female,Pune,Platinum
8168,Customer_8168,36,Female,Hyderabad,Gold
8169,Customer_8169,23,Female,Kolkata,Gold
8170,Customer_8170,29,Female,Chennai,Gold
8171,Customer_8171,54,Male,Mumbai,Silver
8172,Customer_8172,34,Female,Lucknow,Silver
8173,Customer_8173,40,Male,Kolkata,Platinum
8174,Customer_8174,43,Male,Coimbatore,Gold
8175,Customer_8175,46,Male,Lucknow,Silver
8176,Customer_8176,50,Male,Patna,Silver
8177,Customer_8177,44,Male,Jaipur,Silver
8178,Customer_8178,42,Male,Indore,Gold
8179,Customer_8179,27,Male,Kochi,Silver
8180,Customer_8180,64,Female,Jaipur,Silver
8181,Customer_8181,40,Male,Chandigarh,Platinum
8182,Customer_8182,38,Female,Hyderabad,Silver
8183,Customer_8183,38,Female,Indore,Silver
8184,Customer_8184,60,Male,Kochi,Silver
8185,Customer_8185,30,Male,Chennai,Silver
8186,Customer_8186,54,Female,Patna,Silver
8187,Customer_8187,50,Female,Delhi,Platinum
8188,Customer_8188,41,Female,Visakhapatnam,Platinum
8189,Customer_8189,61,Female,Delhi,Silver
8190,Customer_8190,28,Male,Jaipur,Silver
8191,Customer_8191,34,Male,Bhopal,Gold
8192,Customer_8192,21,Male,Chennai,Silver
8193,Customer_8193,64,Female,Surat,Silver
8194,Customer_8194,42,Male,Pune,Platinum
8195,Customer_8195,47,Female,Ahmedabad,Silver
8196,Customer_8196,26,Male,Surat,Silver
8197,Customer_8197,38,Female,Indore,Silver
8198,Customer_8198,37,Male,Jaipur,Silver
8199,Customer_8199,36,Male,Chandigarh,Silver
8200,Customer_8200,36,Female,Lucknow,Silver
8201,Customer_8201,29,Female,Indore,Silver
8202,Customer_8202,54,Female,Bhopal,Gold
8203,Customer_8203,59,Female,Nagpur,Silver
8204,Customer_8204,34,Female,Guwahati,Silver
8205,Customer_8205,54,Male,Bhopal,Gold
8206,Customer_8206,56,Female,Coimbatore,Platinum
8207,Customer_8207,45,Male,Kochi,Silver
8208,Customer_8208,58,Male,Bengaluru,Silver
8209,Customer_8209,52,Male,Delhi,Silver
8210,Customer_8210,64,Male,Guwahati,Gold
8211,Customer_8211,35,Male,Chennai,Silver
8212,Customer_8212,31,Female,Chandigarh,Silver
8213,Customer_8213,52,Female,Bhopal,Silver
8214,Customer_8214,61,Male,Surat,Silver
8215,Customer_8215,58,Male,Kochi,Silver
8216,Customer_8216,24,Female,Ahmedabad,Silver
8217,Customer_8217,58,Female,Surat,Platinum
8218,Customer_8218,30,Male,Visakhapatnam,Gold
8219,Customer_8219,35,Female,Kolkata,Silver
8220,Customer_8220,54,Female,Coimbatore,Silver
8221,Customer_8221,30,Female,Patna,Silver
8222,Customer_8222,53,Male,Bhopal,Silver
8223,Customer_8223,48,Female,Kochi,Platinum
8224,Customer_8224,19,Male,Patna,Platinum
8225,Customer_8225,33,Male,Mumbai,Silver
8226,Customer_8226,26,Male,Hyderabad,Silver
8227,Customer_8227,26,Male,Kochi,Silver
8228,Customer_8228,55,Male,Chandigarh,Gold
8229,Customer_8229,28,Female,Kochi,Gold
8230,Customer_8230,39,Male,Visakhapatnam,Platinum
8231,Customer_8231,50,Male,Jaipur,Gold
8232,Customer_8232,53,Male,Kolkata,Silver
8233,Customer_8233,62,Female,Delhi,Gold
8234,Customer_8234,40,Female,Hyderabad,Gold
8235,Customer_8235,62,Female,Nagpur,Gold
8236,Customer_8236,62,Female,Kochi,Silver
8237,Customer_8237,51,Female,Guwahati,Gold
8238,Customer_8238,26,Female,Delhi,Gold
8239,Customer_8239,41,Female,Delhi,Gold
8240,Customer_8240,25,Male,Surat,Gold
8241,Customer_8241,24,Male,Nagpur,Gold
8242,Customer_8242,53,Female,Hyderabad,Gold
8243,Customer_8243,35,Male,Hyderabad,Gold
8244,Customer_8244,20,Male,Delhi,Gold
8245,Customer_8245,45,Female,Nagpur,Silver
8246,Customer_8246,23,Male,Bengaluru,Silver
8247,Customer_8247,61,Male,Lucknow,Silver
8248,Customer_8248,61,Female,Guwahati,Gold
8249,Customer_8249,38,Male,Guwahati,Gold
8250,Customer_8250,45,Female,Guwahati,Platinum
8251,Customer_8251,57,Female,Chennai,Silver
8252,Customer_8252,18,Male,Visakhapatnam,Silver
8253,Customer_8253,53,Male,Guwahati,Silver
8254,Customer_8254,38,Male,Lucknow,Silver
8255,Customer_8255,60,Female,Mumbai,Gold
8256,Customer_8256,52,Female,Chennai,Silver
8257,Customer_8257,30,Female,Hyderabad,Gold
8258,Customer_8258,27,Male,Pune,Gold
8259,Customer_8259,61,Male,Chandigarh,Silver
8260,Customer_8260,64,Female,Pune,Platinum
8261,Customer_8261,27,Male,Coimbatore,Silver
8262,Customer_8262,63,Male,Visakhapatnam,Silver
8263,Customer_8263,30,Female,Guwahati,Platinum
8264,Customer_8264,54,Female,Jaipur,Platinum
8265,Customer_8265,55,Male,Visakhapatnam,Silver
8266,Customer_8266,41,Female,Lucknow,Silver
8267,Customer_8267,19,Male,Surat,Silver
8268,Customer_8268,39,Female,Coimbatore,Silver
8269,Customer_8269,34,Female,Chandigarh,Platinum
8270,Customer_8270,53,Female,Kochi,Gold
8271,Customer_8271,31,Male,Surat,Silver
8272,Customer_8272,27,Male,Bhopal,Platinum
8273,Customer_8273,52,Female,Lucknow,Silver
8274,Customer_8274,42,Female,Delhi,Silver
8275,Customer_8275,20,Female,Ahmedabad,Platinum
8276,Customer_8276,64,Male,Coimbatore,Platinum
8277,Customer_8277,55,Female,Mumbai,Platinum
8278,Customer_8278,34,Female,Chandigarh,Gold
8279,Customer_8279,29,Female,Bhopal,Gold
8280,Customer_8280,41,Female,Jaipur,Silver
8281,Customer_8281,46,Male,Bengaluru,Gold
8282,Customer_8282,60,Male,Chennai,Platinum
8283,Customer_8283,42,Female,Mumbai,Silver
8284,Customer_8284,53,Male,Ahmedabad,Gold
8285,Customer_8285,43,Male,Lucknow,Silver
8286,Customer_8286,55,Male,Chandigarh,Silver
8287,Customer_8287,18,Female,Indore,Gold
8288,Customer_8288,37,Male,Coimbatore,Silver
8289,Customer_8289,45,Male,Nagpur,Gold
8290,Customer_8290,33,Male,Ahmedabad,Silver
8291,Customer_8291,64,Female,Patna,Platinum
8292,Customer_8292,34,Female,Kochi,Silver
8293,Customer_8293,57,Male,Coimbatore,Silver
8294,Customer_8294,45,Male,Hyderabad,Silver
8295,Customer_8295,29,Female,Nagpur,Platinum
8296,Customer_8296,44,Female,Bengaluru,Gold
8297,Customer_8297,59,Male,Pune,Gold
8298,Customer_8298,64,Male,Patna,Silver
8299,Customer_8299,47,Female,Chandigarh,Silver
8300,Customer_8300,58,Female,Chandigarh,Silver
8301,Customer_8301,51,Male,Ahmedabad,Gold
8302,Customer_8302,54,Female,Pune,Silver
8303,Customer_8303,23,Male,Hyderabad,Platinum
8304,Customer_8304,24,Male,Mumbai,Gold
8305,Customer_8305,49,Male,Surat,Silver
8306,Customer_8306,49,Female,Bhopal,Silver
8307,Customer_8307,42,Male,Patna,Gold
8308,Customer_8308,50,Male,Jaipur,Silver
8309,Customer_8309,24,Female,Mumbai,Silver
8310,Customer_8310,29,Female,Kochi,Silver
8311,Customer_8311,33,Male,Kolkata,Gold
8312,Customer_8312,33,Male,Indore,Gold
8313,Customer_8313,60,Female,Guwahati,Silver
8314,Customer_8314,53,Female,Pune,Silver
8315,Customer_8315,30,Female,Mumbai,Silver
8316,Customer_8316,24,Male,Chandigarh,Gold
8317,Customer_8317,53,Male,Bhopal,Silver
8318,Customer_8318,64,Male,Patna,Silver
8319,Customer_8319,26,Female,Delhi,Platinum
8320,Customer_8320,49,Male,Surat,Platinum
8321,Customer_8321,28,Female,Hyderabad,Platinum
8322,Customer_8322,25,Male,Surat,Platinum
8323,Customer_8323,50,Female,Coimbatore,Silver
8324,Customer_8324,40,Male,Bengaluru,Silver
8325,Customer_8325,42,Male,Delhi,Silver
8326,Customer_8326,25,Female,Patna,Silver
8327,Customer_8327,62,Female,Surat,Platinum
8328,Customer_8328,39,Male,Kolkata,Gold
8329,Customer_8329,21,Female,Surat,Gold
8330,Customer_8330,57,Female,Kolkata,Silver
8331,Customer_8331,20,Male,Guwahati,Platinum
8332,Customer_8332,46,Female,Coimbatore,Platinum
8333,Customer_8333,58,Male,Lucknow,Silver
8334,Customer_8334,46,Male,Ahmedabad,Platinum
8335,Customer_8335,51,Female,Patna,Silver
8336,Customer_8336,51,Female,Visakhapatnam,Silver
8337,Customer_8337,45,Male,Chennai,Gold
8338,Customer_8338,30,Male,Mumbai,Gold
8339,Customer_8339,32,Male,Hyderabad,Silver
8340,Customer_8340,40,Male,Bengaluru,Silver
8341,Customer_8341,61,Male,Pune,Platinum
8342,Customer_8342,43,Male,Lucknow,Gold
8343,Customer_8343,21,Female,Hyderabad,Gold
8344,Customer_8344,43,Female,Chandigarh,Silver
8345,Customer_8345,57,Female,Mumbai,Silver
8346,Customer_8346,26,Male,Kochi,Silver
8347,Customer_8347,22,Female,Surat,Silver
8348,Customer_8348,49,Male,Delhi,Silver
8349,Customer_8349,37,Male,Hyderabad,Silver
8350,Customer_8350,28,Female,Kolkata,Gold
8351,Customer_8351,32,Male,Surat,Silver
8352,Customer_8352,49,Male,Coimbatore,Platinum
8353,Customer_8353,45,Male,Bhopal,Silver
8354,Customer_8354,39,Male,Pune,Silver
8355,Customer_8355,58,Male,Patna,Silver
8356,Customer_8356,34,Male,Bengaluru,Silver
8357,Customer_8357,43,Female,Chandigarh,Silver
8358,Customer_8358,61,Male,Delhi,Platinum
8359,Customer_8359,24,Male,Chandigarh,Gold
8360,Customer_8360,59,Male,Bhopal,Silver
8361,Customer_8361,43,Male,Guwahati,Silver
8362,Customer_8362,42,Female,Ahmedabad,Gold
8363,Customer_8363,27,Female,Bhopal,Gold
8364,Customer_8364,62,Male,Patna,Silver
8365,Customer_8365,36,Male,Mumbai,Gold
8366,Customer_8366,28,Male,Kochi,Platinum
8367,Customer_8367,30,Female,Pune,Gold
8368,Customer_8368,25,Female,Surat,Platinum
8369,Customer_8369,57,Female,Delhi,Platinum
8370,Customer_8370,21,Female,Hyderabad,Platinum
8371,Customer_8371,64,Male,Surat,Silver
8372,Customer_8372,48,Female,Indore,Gold
8373,Customer_8373,45,Female,Lucknow,Gold
8374,Customer_8374,28,Male,Chandigarh,Gold
8375,Customer_8375,60,Male,Visakhapatnam,Platinum
8376,Customer_8376,18,Female,Kochi,Silver
8377,Customer_8377,64,Female,Kochi,Silver
8378,Customer_8378,55,Female,Chennai,Silver
8379,Customer_8379,41,Female,Kolkata,Silver
8380,Customer_8380,64,Male,Nagpur,Silver
8381,Customer_8381,48,Male,Visakhapatnam,Gold
8382,Customer_8382,58,Female,Lucknow,Silver
8383,Customer_8383,63,Female,Nagpur,Gold
8384,Customer_8384,43,Female,Delhi,Gold
8385,Customer_8385,22,Female,Indore,Silver
8386,Customer_8386,37,Female,Coimbatore,Silver
8387,Customer_8387,58,Male,Chandigarh,Gold
8388,Customer_8388,28,Male,Coimbatore,Gold
8389,Customer_8389,50,Male,Ahmedabad,Platinum
8390,Customer_8390,55,Female,Lucknow,Platinum
8391,Customer_8391,44,Female,Lucknow,Platinum
8392,Customer_8392,51,Male,Kolkata,Gold
8393,Customer_8393,32,Male,Lucknow,Platinum
8394,Customer_8394,49,Female,Coimbatore,Platinum
8395,Customer_8395,38,Male,Hyderabad,Platinum
8396,Customer_8396,63,Female,Bengaluru,Silver
8397,Customer_8397,22,Female,Ahmedabad,Platinum
8398,Customer_8398,23,Male,Jaipur,Silver
8399,Customer_8399,55,Male,Kolkata,Gold
8400,Customer_8400,39,Male,Mumbai,Silver
8401,Customer_8401,35,Female,Mumbai,Silver
8402,Customer_8402,31,Female,Pune,Silver
8403,Customer_8403,27,Male,Kochi,Silver
8404,Customer_8404,63,Female,Lucknow,Silver
8405,Customer_8405,30,Female,Bhopal,Platinum
8406,Customer_8406,48,Female,Mumbai,Silver
8407,Customer_8407,47,Male,Lucknow,Silver
8408,Customer_8408,20,Female,Visakhapatnam,Silver
8409,Customer_8409,47,Male,Delhi,Gold
8410,Customer_8410,23,Male,Chennai,Silver
8411,Customer_8411,46,Female,Surat,Silver
8412,Customer_8412,25,Male,Bhopal,Silver
8413,Customer_8413,61,Female,Indore,Gold
8414,Customer_8414,62,Male,Lucknow,Silver
8415,Customer_8415,60,Male,Patna,Silver
8416,Customer_8416,61,Female,Kolkata,Silver
8417,Customer_8417,50,Male,Kochi,Platinum
8418,Customer_8418,34,Male,Kolkata,Silver
8419,Customer_8419,28,Male,Mumbai,Gold
8420,Customer_8420,30,Female,Jaipur,Silver
8421,Customer_8421,28,Female,Hyderabad,Silver
8422,Customer_8422,48,Male,Coimbatore,Silver
8423,Customer_8423,45,Male,Nagpur,Silver
8424,Customer_8424,61,Male,Guwahati,Silver
8425,Customer_8425,23,Female,Nagpur,Silver
8426,Customer_8426,58,Female,Ahmedabad,Silver
8427,Customer_8427,33,Male,Kochi,Gold
8428,Customer_8428,21,Female,Bengaluru,Platinum
8429,Customer_8429,52,Female,Lucknow,Silver
8430,Customer_8430,43,Female,Kochi,Gold
8431,Customer_8431,29,Female,Indore,Platinum
8432,Customer_8432,28,Male,Ahmedabad,Platinum
8433,Customer_8433,54,Female,Delhi,Silver
8434,Customer_8434,42,Female,Surat,Gold
8435,Customer_8435,35,Male,Chennai,Silver
8436,Customer_8436,36,Male,Pune,Gold
8437,Customer_8437,40,Female,Nagpur,Silver
8438,Customer_8438,55,Female,Kolkata,Silver
8439,Customer_8439,35,Male,Indore,Silver
8440,Customer_8440,43,Male,Kochi,Silver
8441,Customer_8441,23,Male,Kolkata,Gold
8442,Customer_8442,21,Female,Visakhapatnam,Silver
8443,Customer_8443,61,Female,Bengaluru,Gold
8444,Customer_8444,46,Male,Kolkata,Silver
8445,Customer_8445,51,Female,Patna,Silver
8446,Customer_8446,34,Male,Guwahati,Gold
8447,Customer_8447,60,Female,Chandigarh,Platinum
8448,Customer_8448,60,Male,Ahmedabad,Silver
8449,Customer_8449,33,Male,Surat,Silver
8450,Customer_8450,19,Female,Chandigarh,Platinum
8451,Customer_8451,51,Female,Bengaluru,Silver
8452,Customer_8452,25,Female,Delhi,Platinum
8453,Customer_8453,30,Female,Jaipur,Gold
8454,Customer_8454,59,Female,Jaipur,Silver
8455,Customer_8455,25,Female,Kochi,Silver
8456,Customer_8456,47,Male,Mumbai,Silver
8457,Customer_8457,49,Female,Jaipur,Silver
8458,Customer_8458,53,Male,Guwahati,Platinum
8459,Customer_8459,64,Male,Surat,Gold
8460,Customer_8460,47,Female,Kolkata,Gold
8461,Customer_8461,18,Male,Jaipur,Gold
8462,Customer_8462,60,Male,Surat,Silver
8463,Customer_8463,56,Female,Delhi,Gold
8464,Customer_8464,34,Female,Patna,Silver
8465,Customer_8465,37,Female,Chennai,Gold
8466,Customer_8466,41,Male,Chennai,Silver
8467,Customer_8467,39,Female,Visakhapatnam,Gold
8468,Customer_8468,46,Female,Lucknow,Platinum
8469,Customer_8469,39,Female,Hyderabad,Silver
8470,Customer_8470,61,Female,Bhopal,Silver
8471,Customer_8471,26,Male,Visakhapatnam,Gold
8472,Customer_8472,54,Female,Chandigarh,Silver
8473,Customer_8473,27,Male,Bengaluru,Gold
8474,Customer_8474,53,Female,Nagpur,Platinum
8475,Customer_8475,54,Male,Delhi,Silver
8476,Customer_8476,45,Male,Lucknow,Silver
8477,Customer_8477,45,Male,Patna,Gold
8478,Customer_8478,59,Female,Pune,Silver
8479,Customer_8479,60,Male,Chennai,Silver
8480,Customer_8480,38,Female,Nagpur,Platinum
8481,Customer_8481,41,Female,Chandigarh,Gold
8482,Customer_8482,59,Female,Nagpur,Silver
8483,Customer_8483,57,Female,Bengaluru,Silver
8484,Customer_8484,19,Female,Kochi,Gold
8485,Customer_8485,25,Male,Nagpur,Gold
8486,Customer_8486,44,Female,Coimbatore,Platinum
8487,Customer_8487,39,Male,Bengaluru,Silver
8488,Customer_8488,54,Male,Guwahati,Platinum
8489,Customer_8489,44,Male,Bengaluru,Gold
8490,Customer_8490,46,Male,Bhopal,Gold
8491,Customer_8491,20,Male,Kolkata,Gold
8492,Customer_8492,61,Male,Lucknow,Silver
8493,Customer_8493,30,Male,Jaipur,Platinum
8494,Customer_8494,62,Female,Delhi,Silver
8495,Customer_8495,27,Male,Surat,Silver
8496,Customer_8496,53,Female,Bengaluru,Platinum
8497,Customer_8497,26,Male,Guwahati,Gold
8498,Customer_8498,44,Male,Indore,Platinum
8499,Customer_8499,51,Male,Chandigarh,Gold
8500,Customer_8500,18,Male,Hyderabad,Silver
8501,Customer_8501,49,Female,Bengaluru,Platinum
8502,Customer_8502,42,Female,Guwahati,Silver
8503,Customer_8503,46,Female,Hyderabad,Platinum
8504,Customer_8504,24,Male,Ahmedabad,Silver
8505,Customer_8505,20,Male,Surat,Platinum
8506,Customer_8506,37,Male,Bhopal,Silver
8507,Customer_8507,37,Female,Lucknow,Gold
8508,Customer_8508,47,Male,Bengaluru,Platinum
8509,Customer_8509,52,Female,Chennai,Silver
8510,Customer_8510,52,Female,Delhi,Gold
8511,Customer_8511,56,Male,Surat,Platinum
8512,Customer_8512,44,Male,Chennai,Gold
8513,Customer_8513,43,Female,Indore,Platinum
8514,Customer_8514,31,Female,Guwahati,Silver
8515,Customer_8515,34,Female,Indore,Silver
8516,Customer_8516,35,Male,Bhopal,Silver
8517,Customer_8517,62,Male,Indore,Silver
8518,Customer_8518,46,Male,Hyderabad,Silver
8519,Customer_8519,37,Male,Bhopal,Gold
8520,Customer_8520,44,Male,Jaipur,Silver
8521,Customer_8521,35,Male,Lucknow,Silver
8522,Customer_8522,21,Female,Bengaluru,Silver
8523,Customer_8523,18,Female,Bengaluru,Platinum
8524,Customer_8524,18,Female,Visakhapatnam,Gold
8525,Customer_8525,43,Male,Chandigarh,Silver
8526,Customer_8526,62,Female,Bengaluru,Platinum
8527,Customer_8527,37,Male,Lucknow,Silver
8528,Customer_8528,40,Male,Indore,Platinum
8529,Customer_8529,27,Female,Ahmedabad,Gold
8530,Customer_8530,28,Male,Hyderabad,Silver
8531,Customer_8531,58,Female,Visakhapatnam,Gold
8532,Customer_8532,58,Female,Indore,Gold
8533,Customer_8533,22,Male,Bhopal,Silver
8534,Customer_8534,18,Female,Chandigarh,Platinum
8535,Customer_8535,34,Female,Coimbatore,Silver
8536,Customer_8536,39,Female,Surat,Silver
8537,Customer_8537,51,Female,Bengaluru,Silver
8538,Customer_8538,62,Male,Patna,Silver
8539,Customer_8539,58,Female,Nagpur,Silver
8540,Customer_8540,46,Female,Coimbatore,Platinum
8541,Customer_8541,21,Female,Nagpur,Silver
8542,Customer_8542,22,Male,Kolkata,Silver
8543,Customer_8543,28,Female,Nagpur,Gold
8544,Customer_8544,38,Male,Ahmedabad,Platinum
8545,Customer_8545,52,Female,Patna,Platinum
8546,Customer_8546,29,Female,Patna,Gold
8547,Customer_8547,43,Female,Guwahati,Platinum
8548,Customer_8548,36,Male,Visakhapatnam,Gold
8549,Customer_8549,62,Male,Hyderabad,Platinum
8550,Customer_8550,24,Male,Guwahati,Gold
8551,Customer_8551,64,Male,Ahmedabad,Silver
8552,Customer_8552,24,Male,Hyderabad,Silver
8553,Customer_8553,43,Male,Visakhapatnam,Gold
8554,Customer_8554,57,Female,Patna,Silver
8555,Customer_8555,22,Male,Bengaluru,Silver
8556,Customer_8556,38,Female,Lucknow,Gold
8557,Customer_8557,31,Male,Patna,Platinum
8558,Customer_8558,21,Male,Chandigarh,Silver
8559,Customer_8559,40,Male,Kochi,Gold
8560,Customer_8560,59,Female,Guwahati,Gold
8561,Customer_8561,37,Male,Indore,Platinum
8562,Customer_8562,32,Male,Chandigarh,Platinum
8563,Customer_8563,62,Female,Kolkata,Gold
8564,Customer_8564,46,Female,Kolkata,Gold
8565,Customer_8565,25,Female,Nagpur,Silver
8566,Customer_8566,58,Female,Coimbatore,Gold
8567,Customer_8567,36,Male,Ahmedabad,Gold
8568,Customer_8568,56,Female,Kolkata,Platinum
8569,Customer_8569,63,Male,Pune,Gold
8570,Customer_8570,45,Male,Chandigarh,Silver
8571,Customer_8571,63,Female,Nagpur,Gold
8572,Customer_8572,44,Male,Kolkata,Silver
8573,Customer_8573,21,Female,Jaipur,Silver
8574,Customer_8574,32,Male,Chennai,Silver
8575,Customer_8575,52,Female,Chennai,Silver
8576,Customer_8576,54,Female,Chandigarh,Platinum
8577,Customer_8577,18,Female,Kochi,Silver
8578,Customer_8578,20,Female,Patna,Silver
8579,Customer_8579,64,Female,Chennai,Platinum
8580,Customer_8580,41,Female,Hyderabad,Silver
8581,Customer_8581,44,Male,Chandigarh,Silver
8582,Customer_8582,57,Male,Chennai,Silver
8583,Customer_8583,53,Male,Hyderabad,Silver
8584,Customer_8584,51,Female,Kolkata,Silver
8585,Customer_8585,46,Male,Chandigarh,Silver
8586,Customer_8586,41,Female,Chandigarh,Gold
8587,Customer_8587,41,Male,Lucknow,Silver
8588,Customer_8588,59,Male,Jaipur,Silver
8589,Customer_8589,21,Female,Chennai,Platinum
8590,Customer_8590,20,Male,Nagpur,Silver
8591,Customer_8591,51,Male,Chennai,Platinum
8592,Customer_8592,40,Male,Bhopal,Silver
8593,Customer_8593,40,Female,Lucknow,Silver
8594,Customer_8594,62,Male,Chennai,Gold
8595,Customer_8595,22,Female,Coimbatore,Silver
8596,Customer_8596,48,Male,Surat,Silver
8597,Customer_8597,58,Male,Surat,Gold
8598,Customer_8598,23,Male,Nagpur,Silver
8599,Customer_8599,54,Male,Coimbatore,Gold
8600,Customer_8600,27,Female,Delhi,Platinum
8601,Customer_8601,57,Male,Chandigarh,Silver
8602,Customer_8602,24,Female,Patna,Gold
8603,Customer_8603,56,Female,Kolkata,Gold
8604,Customer_8604,55,Male,Hyderabad,Platinum
8605,Customer_8605,38,Male,Hyderabad,Platinum
8606,Customer_8606,37,Female,Bengaluru,Platinum
8607,Customer_8607,20,Female,Chandigarh,Silver
8608,Customer_8608,39,Male,Bhopal,Gold
8609,Customer_8609,64,Male,Chennai,Silver
8610,Customer_8610,21,Male,Delhi,Silver
8611,Customer_8611,45,Male,Chennai,Platinum
8612,Customer_8612,29,Male,Delhi,Silver
8613,Customer_8613,55,Female,Ahmedabad,Platinum
8614,Customer_8614,53,Male,Kolkata,Silver
8615,Customer_8615,64,Male,Mumbai,Platinum
8616,Customer_8616,58,Female,Bhopal,Silver
8617,Customer_8617,22,Male,Kochi,Silver
8618,Customer_8618,30,Male,Pune,Silver
8619,Customer_8619,40,Female,Indore,Gold
8620,Customer_8620,47,Male,Chennai,Silver
8621,Customer_8621,54,Female,Kolkata,Gold
8622,Customer_8622,42,Male,Hyderabad,Silver
8623,Customer_8623,44,Male,Indore,Silver
8624,Customer_8624,31,Male,Delhi,Silver
8625,Customer_8625,64,Female,Lucknow,Silver
8626,Customer_8626,53,Female,Visakhapatnam,Platinum
8627,Customer_8627,56,Female,Indore,Platinum
8628,Customer_8628,33,Female,Kochi,Silver
8629,Customer_8629,39,Male,Ahmedabad,Gold
8630,Customer_8630,38,Female,Surat,Gold
8631,Customer_8631,38,Female,Visakhapatnam,Silver
8632,Customer_8632,25,Female,Coimbatore,Silver
8633,Customer_8633,33,Male,Chandigarh,Gold
8634,Customer_8634,48,Male,Mumbai,Silver
8635,Customer_8635,59,Female,Kolkata,Silver
8636,Customer_8636,27,Female,Coimbatore,Silver
8637,Customer_8637,49,Male,Bengaluru,Gold
8638,Customer_8638,51,Female,Kochi,Silver
8639,Customer_8639,26,Female,Chandigarh,Silver
8640,Customer_8640,34,Female,Hyderabad,Silver
8641,Customer_8641,28,Female,Guwahati,Silver
8642,Customer_8642,49,Male,Pune,Silver
8643,Customer_8643,27,Male,Coimbatore,Platinum
8644,Customer_8644,39,Male,Nagpur,Silver
8645,Customer_8645,34,Female,Hyderabad,Gold
8646,Customer_8646,21,Female,Ahmedabad,Silver
8647,Customer_8647,64,Male,Patna,Gold
8648,Customer_8648,42,Male,Patna,Gold
8649,Customer_8649,38,Male,Patna,Silver
8650,Customer_8650,54,Female,Chandigarh,Platinum
8651,Customer_8651,55,Male,Delhi,Silver
8652,Customer_8652,18,Female,Indore,Platinum
8653,Customer_8653,42,Female,Kolkata,Silver
8654,Customer_8654,53,Male,Kolkata,Platinum
8655,Customer_8655,34,Male,Hyderabad,Gold
8656,Customer_8656,58,Female,Mumbai,Platinum
8657,Customer_8657,41,Male,Hyderabad,Gold
8658,Customer_8658,19,Male,Nagpur,Silver
8659,Customer_8659,57,Female,Indore,Gold
8660,Customer_8660,32,Female,Chennai,Platinum
8661,Customer_8661,49,Female,Jaipur,Platinum
8662,Customer_8662,56,Female,Bengaluru,Silver
8663,Customer_8663,23,Female,Chandigarh,Gold
8664,Customer_8664,18,Male,Indore,Silver
8665,Customer_8665,64,Female,Chennai,Gold
8666,Customer_8666,40,Female,Delhi,Silver
8667,Customer_8667,56,Female,Chandigarh,Silver
8668,Customer_8668,34,Male,Guwahati,Platinum
8669,Customer_8669,51,Female,Chandigarh,Silver
8670,Customer_8670,58,Female,Indore,Gold
8671,Customer_8671,46,Female,Ahmedabad,Gold
8672,Customer_8672,26,Male,Delhi,Silver
8673,Customer_8673,30,Female,Jaipur,Silver
8674,Customer_8674,23,Female,Bhopal,Gold
8675,Customer_8675,23,Female,Ahmedabad,Silver
8676,Customer_8676,37,Male,Kochi,Platinum
8677,Customer_8677,20,Male,Lucknow,Platinum
8678,Customer_8678,34,Male,Pune,Silver
8679,Customer_8679,29,Male,Guwahati,Silver
8680,Customer_8680,64,Female,Hyderabad,Silver
8681,Customer_8681,62,Female,Guwahati,Gold
8682,Customer_8682,18,Male,Coimbatore,Silver
8683,Customer_8683,34,Male,Patna,Silver
8684,Customer_8684,20,Female,Mumbai,Gold
8685,Customer_8685,43,Female,Nagpur,Platinum
8686,Customer_8686,32,Male,Lucknow,Silver
8687,Customer_8687,53,Male,Chandigarh,Silver
8688,Customer_8688,49,Male,Pune,Platinum
8689,Customer_8689,49,Male,Ahmedabad,Gold
8690,Customer_8690,21,Female,Lucknow,Gold
8691,Customer_8691,35,Male,Patna,Gold
8692,Customer_8692,36,Male,Ahmedabad,Platinum
8693,Customer_8693,60,Female,Surat,Gold
8694,Customer_8694,52,Female,Bhopal,Platinum
8695,Customer_8695,57,Female,Ahmedabad,Gold
8696,Customer_8696,31,Female,Patna,Gold
8697,Customer_8697,50,Female,Bhopal,Silver
8698,Customer_8698,31,Male,Indore,Silver
8699,Customer_8699,51,Male,Guwahati,Gold
8700,Customer_8700,21,Male,Nagpur,Silver
8701,Customer_8701,41,Female,Coimbatore,Gold
8702,Customer_8702,46,Male,Surat,Silver
8703,Customer_8703,36,Female,Chennai,Platinum
8704,Customer_8704,23,Male,Kochi,Silver
8705,Customer_8705,50,Male,Guwahati,Platinum
8706,Customer_8706,57,Female,Jaipur,Gold
8707,Customer_8707,36,Female,Pune,Silver
8708,Customer_8708,18,Male,Delhi,Gold
8709,Customer_8709,22,Male,Pune,Silver
8710,Customer_8710,44,Male,Pune,Silver
8711,Customer_8711,33,Male,Visakhapatnam,Silver
8712,Customer_8712,23,Male,Pune,Silver
8713,Customer_8713,57,Female,Ahmedabad,Platinum
8714,Customer_8714,30,Female,Chandigarh,Silver
8715,Customer_8715,52,Female,Bengaluru,Gold
8716,Customer_8716,36,Female,Surat,Silver
8717,Customer_8717,29,Male,Lucknow,Gold
8718,Customer_8718,33,Male,Coimbatore,Silver
8719,Customer_8719,60,Female,Pune,Gold
8720,Customer_8720,27,Male,Kolkata,Gold
8721,Customer_8721,42,Female,Pune,Gold
8722,Customer_8722,37,Male,Kochi,Silver
8723,Customer_8723,48,Male,Chennai,Gold
8724,Customer_8724,21,Male,Chandigarh,Silver
8725,Customer_8725,61,Female,Guwahati,Silver
8726,Customer_8726,40,Female,Lucknow,Silver
8727,Customer_8727,19,Female,Bengaluru,Silver
8728,Customer_8728,39,Female,Bengaluru,Silver
8729,Customer_8729,54,Male,Kochi,Gold
8730,Customer_8730,25,Male,Lucknow,Silver
8731,Customer_8731,24,Male,Kochi,Silver
8732,Customer_8732,31,Male,Kochi,Silver
8733,Customer_8733,20,Female,Chennai,Gold
8734,Customer_8734,33,Male,Hyderabad,Gold
8735,Customer_8735,36,Male,Bhopal,Silver
8736,Customer_8736,35,Male,Visakhapatnam,Gold
8737,Customer_8737,33,Female,Kochi,Gold
8738,Customer_8738,25,Female,Kochi,Silver
8739,Customer_8739,50,Female,Lucknow,Gold
8740,Customer_8740,29,Male,Pune,Gold
8741,Customer_8741,28,Female,Chandigarh,Gold
8742,Customer_8742,22,Male,Surat,Silver
8743,Customer_8743,44,Male,Bengaluru,Silver
8744,Customer_8744,29,Male,Mumbai,Silver
8745,Customer_8745,34,Female,Chandigarh,Gold
8746,Customer_8746,23,Female,Hyderabad,Platinum
8747,Customer_8747,50,Male,Hyderabad,Silver
8748,Customer_8748,22,Male,Surat,Silver
8749,Customer_8749,45,Female,Pune,Gold
8750,Customer_8750,31,Female,Kolkata,Platinum
8751,Customer_8751,22,Female,Pune,Platinum
8752,Customer_8752,50,Male,Mumbai,Gold
8753,Customer_8753,58,Male,Kochi,Platinum
8754,Customer_8754,36,Male,Surat,Silver
8755,Customer_8755,39,Female,Chandigarh,Silver
8756,Customer_8756,22,Female,Visakhapatnam,Silver
8757,Customer_8757,19,Female,Mumbai,Gold
8758,Customer_8758,47,Male,Kolkata,Silver
8759,Customer_8759,64,Male,Coimbatore,Silver
8760,Customer_8760,56,Female,Pune,Silver
8761,Customer_8761,21,Male,Indore,Silver
8762,Customer_8762,50,Female,Indore,Platinum
8763,Customer_8763,30,Male,Kochi,Silver
8764,Customer_8764,37,Female,Chandigarh,Silver
8765,Customer_8765,24,Male,Surat,Gold
8766,Customer_8766,32,Male,Kolkata,Silver
8767,Customer_8767,40,Female,Visakhapatnam,Gold
8768,Customer_8768,31,Female,Chandigarh,Platinum
8769,Customer_8769,40,Female,Chandigarh,Platinum
8770,Customer_8770,36,Female,Chandigarh,Platinum
8771,Customer_8771,46,Female,Nagpur,Silver
8772,Customer_8772,37,Male,Hyderabad,Gold
8773,Customer_8773,46,Female,Mumbai,Silver
8774,Customer_8774,41,Female,Nagpur,Silver
8775,Customer_8775,35,Female,Chandigarh,Silver
8776,Customer_8776,27,Male,Visakhapatnam,Silver
8777,Customer_8777,58,Female,Surat,Platinum
8778,Customer_8778,25,Female,Patna,Silver
8779,Customer_8779,43,Female,Bhopal,Gold
8780,Customer_8780,46,Male,Jaipur,Silver
8781,Customer_8781,27,Male,Coimbatore,Silver
8782,Customer_8782,34,Female,Nagpur,Platinum
8783,Customer_8783,19,Male,Visakhapatnam,Silver
8784,Customer_8784,23,Female,Chennai,Gold
8785,Customer_8785,22,Male,Ahmedabad,Silver
8786,Customer_8786,45,Female,Ahmedabad,Silver
8787,Customer_8787,58,Male,Chandigarh,Silver
8788,Customer_8788,22,Female,Lucknow,Platinum
8789,Customer_8789,35,Female,Kochi,Silver
8790,Customer_8790,43,Male,Delhi,Silver
8791,Customer_8791,37,Female,Coimbatore,Silver
8792,Customer_8792,58,Female,Lucknow,Gold
8793,Customer_8793,44,Female,Chennai,Gold
8794,Customer_8794,29,Female,Delhi,Gold
8795,Customer_8795,24,Male,Chennai,Silver
8796,Customer_8796,20,Female,Chennai,Platinum
8797,Customer_8797,27,Male,Chennai,Gold
8798,Customer_8798,51,Male,Kochi,Platinum
8799,Customer_8799,42,Male,Jaipur,Platinum
8800,Customer_8800,52,Male,Guwahati,Gold
8801,Customer_8801,33,Female,Surat,Silver
8802,Customer_8802,19,Female,Chennai,Platinum
8803,Customer_8803,41,Male,Kolkata,Platinum
8804,Customer_8804,27,Female,Surat,Silver
8805,Customer_8805,55,Male,Chandigarh,Silver
8806,Customer_8806,39,Female,Kolkata,Platinum
8807,Customer_8807,43,Female,Ahmedabad,Silver
8808,Customer_8808,60,Female,Chandigarh,Platinum
8809,Customer_8809,56,Male,Delhi,Silver
8810,Customer_8810,44,Male,Hyderabad,Silver
8811,Customer_8811,46,Female,Indore,Silver
8812,Customer_8812,64,Male,Chandigarh,Silver
8813,Customer_8813,55,Male,Kolkata,Silver
8814,Customer_8814,37,Female,Chandigarh,Silver
8815,Customer_8815,44,Male,Pune,Gold
8816,Customer_8816,58,Female,Guwahati,Platinum
8817,Customer_8817,37,Female,Delhi,Silver
8818,Customer_8818,61,Female,Jaipur,Gold
8819,Customer_8819,36,Male,Coimbatore,Gold
8820,Customer_8820,37,Female,Surat,Gold
8821,Customer_8821,52,Female,Patna,Gold
8822,Customer_8822,64,Male,Bengaluru,Silver
8823,Customer_8823,19,Male,Lucknow,Silver
8824,Customer_8824,47,Male,Jaipur,Silver
8825,Customer_8825,51,Male,Surat,Silver
8826,Customer_8826,39,Female,Chandigarh,Gold
8827,Customer_8827,20,Male,Bengaluru,Silver
8828,Customer_8828,23,Male,Patna,Platinum
8829,Customer_8829,32,Male,Kochi,Platinum
8830,Customer_8830,44,Male,Nagpur,Platinum
8831,Customer_8831,27,Female,Pune,Platinum
8832,Customer_8832,26,Male,Visakhapatnam,Silver
8833,Customer_8833,50,Female,Chandigarh,Gold
8834,Customer_8834,49,Male,Ahmedabad,Silver
8835,Customer_8835,23,Female,Chennai,Platinum
8836,Customer_8836,58,Female,Visakhapatnam,Platinum
8837,Customer_8837,53,Male,Patna,Platinum
8838,Customer_8838,19,Female,Kolkata,Silver
8839,Customer_8839,46,Male,Surat,Gold
8840,Customer_8840,21,Female,Hyderabad,Silver
8841,Customer_8841,18,Female,Kolkata,Silver
8842,Customer_8842,36,Female,Kochi,Gold
8843,Customer_8843,43,Male,Pune,Silver
8844,Customer_8844,42,Female,Hyderabad,Platinum
8845,Customer_8845,27,Male,Mumbai,Silver
8846,Customer_8846,32,Female,Indore,Platinum
8847,Customer_8847,39,Female,Pune,Silver
8848,Customer_8848,38,Female,Ahmedabad,Platinum
8849,Customer_8849,39,Female,Kolkata,Platinum
8850,Customer_8850,53,Female,Coimbatore,Platinum
8851,Customer_8851,51,Female,Chandigarh,Silver
8852,Customer_8852,47,Male,Nagpur,Platinum
8853,Customer_8853,42,Male,Bhopal,Silver
8854,Customer_8854,62,Male,Kochi,Silver
8855,Customer_8855,45,Female,Kolkata,Silver
8856,Customer_8856,18,Male,Nagpur,Platinum
8857,Customer_8857,62,Female,Hyderabad,Silver
8858,Customer_8858,21,Male,Patna,Platinum
8859,Customer_8859,24,Male,Pune,Gold
8860,Customer_8860,26,Female,Nagpur,Silver
8861,Customer_8861,53,Female,Coimbatore,Platinum
8862,Customer_8862,36,Male,Delhi,Silver
8863,Customer_8863,18,Male,Hyderabad,Platinum
8864,Customer_8864,27,Male,Bengaluru,Silver
8865,Customer_8865,53,Male,Kolkata,Gold
8866,Customer_8866,26,Female,Bhopal,Silver
8867,Customer_8867,62,Male,Indore,Silver
8868,Customer_8868,63,Female,Surat,Silver
8869,Customer_8869,59,Female,Chandigarh,Silver
8870,Customer_8870,49,Male,Coimbatore,Silver
8871,Customer_8871,49,Female,Kochi,Silver
8872,Customer_8872,23,Male,Kochi,Silver
8873,Customer_8873,55,Female,Indore,Gold
8874,Customer_8874,34,Female,Visakhapatnam,Gold
8875,Customer_8875,27,Male,Lucknow,Platinum
8876,Customer_8876,44,Female,Chandigarh,Gold
8877,Customer_8877,52,Female,Mumbai,Gold
8878,Customer_8878,38,Male,Kochi,Gold
8879,Customer_8879,42,Female,Visakhapatnam,Silver
8880,Customer_8880,45,Female,Lucknow,Gold
8881,Customer_8881,64,Male,Surat,Silver
8882,Customer_8882,32,Male,Bhopal,Platinum
8883,Customer_8883,21,Female,Patna,Gold
8884,Customer_8884,46,Female,Pune,Silver
8885,Customer_8885,26,Female,Surat,Gold
8886,Customer_8886,44,Male,Bhopal,Silver
8887,Customer_8887,43,Female,Bhopal,Silver
8888,Customer_8888,36,Female,Mumbai,Silver
8889,Customer_8889,45,Female,Kolkata,Gold
8890,Customer_8890,34,Female,Mumbai,Gold
8891,Customer_8891,60,Female,Visakhapatnam,Platinum
8892,Customer_8892,58,Female,Surat,Silver
8893,Customer_8893,59,Male,Bengaluru,Gold
8894,Customer_8894,37,Male,Indore,Gold
8895,Customer_8895,62,Female,Chandigarh,Silver
8896,Customer_8896,57,Female,Delhi,Gold
8897,Customer_8897,56,Male,Guwahati,Silver
8898,Customer_8898,40,Male,Indore,Silver
8899,Customer_8899,64,Male,Jaipur,Silver
8900,Customer_8900,49,Female,Nagpur,Gold
8901,Customer_8901,64,Female,Jaipur,Silver
8902,Customer_8902,50,Female,Pune,Silver
8903,Customer_8903,63,Female,Chandigarh,Silver
8904,Customer_8904,22,Male,Bengaluru,Silver
8905,Customer_8905,60,Male,Guwahati,Silver
8906,Customer_8906,51,Male,Chennai,Silver
8907,Customer_8907,57,Male,Pune,Gold
8908,Customer_8908,28,Female,Bhopal,Silver
8909,Customer_8909,20,Female,Coimbatore,Gold
8910,Customer_8910,50,Male,Kolkata,Gold
8911,Customer_8911,28,Male,Lucknow,Silver
8912,Customer_8912,33,Male,Bhopal,Silver
8913,Customer_8913,35,Male,Ahmedabad,Platinum
8914,Customer_8914,47,Male,Guwahati,Silver
8915,Customer_8915,27,Female,Patna,Silver
8916,Customer_8916,35,Female,Delhi,Silver
8917,Customer_8917,55,Male,Bengaluru,Gold
8918,Customer_8918,36,Male,Coimbatore,Gold
8919,Customer_8919,53,Male,Coimbatore,Platinum
8920,Customer_8920,30,Female,Mumbai,Platinum
8921,Customer_8921,63,Female,Kolkata,Silver
8922,Customer_8922,20,Female,Delhi,Silver
8923,Customer_8923,27,Male,Lucknow,Silver
8924,Customer_8924,55,Female,Visakhapatnam,Silver
8925,Customer_8925,18,Male,Lucknow,Silver
8926,Customer_8926,44,Female,Kolkata,Silver
8927,Customer_8927,63,Female,Coimbatore,Silver
8928,Customer_8928,25,Female,Patna,Silver
8929,Customer_8929,63,Male,Visakhapatnam,Silver
8930,Customer_8930,59,Male,Ahmedabad,Platinum
8931,Customer_8931,34,Female,Kochi,Gold
8932,Customer_8932,26,Male,Bhopal,Platinum
8933,Customer_8933,23,Male,Bhopal,Silver
8934,Customer_8934,60,Male,Delhi,Silver
8935,Customer_8935,42,Male,Chennai,Silver
8936,Customer_8936,56,Male,Ahmedabad,Silver
8937,Customer_8937,45,Male,Delhi,Silver
8938,Customer_8938,50,Male,Patna,Platinum
8939,Customer_8939,54,Female,Coimbatore,Platinum
8940,Customer_8940,26,Male,Delhi,Silver
8941,Customer_8941,35,Male,Indore,Silver
8942,Customer_8942,38,Female,Mumbai,Silver
8943,Customer_8943,19,Female,Delhi,Silver
8944,Customer_8944,60,Female,Bhopal,Silver
8945,Customer_8945,55,Female,Chandigarh,Silver
8946,Customer_8946,57,Male,Lucknow,Silver
8947,Customer_8947,53,Female,Coimbatore,Silver
8948,Customer_8948,60,Female,Patna,Silver
8949,Customer_8949,54,Male,Kochi,Silver
8950,Customer_8950,32,Male,Lucknow,Silver
8951,Customer_8951,45,Male,Bengaluru,Platinum
8952,Customer_8952,35,Female,Chandigarh,Silver
8953,Customer_8953,51,Male,Hyderabad,Platinum
8954,Customer_8954,39,Female,Bengaluru,Platinum
8955,Customer_8955,28,Male,Jaipur,Platinum
8956,Customer_8956,30,Male,Indore,Gold
8957,Customer_8957,21,Female,Surat,Gold
8958,Customer_8958,39,Male,Coimbatore,Platinum
8959,Customer_8959,24,Male,Chennai,Silver
8960,Customer_8960,60,Male,Ahmedabad,Silver
8961,Customer_8961,41,Male,Surat,Platinum
8962,Customer_8962,21,Male,Lucknow,Gold
8963,Customer_8963,45,Female,Mumbai,Platinum
8964,Customer_8964,32,Female,Ahmedabad,Gold
8965,Customer_8965,18,Male,Hyderabad,Platinum
8966,Customer_8966,20,Female,Chandigarh,Gold
8967,Customer_8967,31,Female,Coimbatore,Gold
8968,Customer_8968,55,Female,Kochi,Gold
8969,Customer_8969,18,Male,Hyderabad,Platinum
8970,Customer_8970,55,Male,Surat,Platinum
8971,Customer_8971,55,Male,Nagpur,Platinum
8972,Customer_8972,38,Female,Lucknow,Gold
8973,Customer_8973,46,Female,Indore,Silver
8974,Customer_8974,22,Male,Surat,Silver
8975,Customer_8975,27,Male,Bhopal,Platinum
8976,Customer_8976,45,Female,Jaipur,Gold
8977,Customer_8977,38,Female,Chennai,Silver
8978,Customer_8978,24,Male,Pune,Silver
8979,Customer_8979,20,Female,Mumbai,Platinum
8980,Customer_8980,62,Female,Pune,Platinum
8981,Customer_8981,64,Female,Jaipur,Platinum
8982,Customer_8982,37,Female,Kolkata,Gold
8983,Customer_8983,36,Female,Patna,Silver
8984,Customer_8984,52,Female,Coimbatore,Silver
8985,Customer_8985,21,Female,Chennai,Silver
8986,Customer_8986,22,Male,Guwahati,Platinum
8987,Customer_8987,18,Male,Visakhapatnam,Silver
8988,Customer_8988,21,Female,Pune,Gold
8989,Customer_8989,29,Female,Ahmedabad,Gold
8990,Customer_8990,44,Female,Kochi,Gold
8991,Customer_8991,59,Male,Surat,Platinum
8992,Customer_8992,40,Male,Indore,Silver
8993,Customer_8993,42,Female,Delhi,Gold
8994,Customer_8994,38,Male,Mumbai,Silver
8995,Customer_8995,41,Female,Kochi,Silver
8996,Customer_8996,42,Female,Kolkata,Silver
8997,Customer_8997,62,Female,Hyderabad,Silver
8998,Customer_8998,63,Female,Pune,Gold
8999,Customer_8999,49,Female,Patna,Gold
9000,Customer_9000,49,Female,Guwahati,Silver
9001,Customer_9001,22,Female,Chandigarh,Silver
9002,Customer_9002,53,Male,Surat,Gold
9003,Customer_9003,63,Female,Kolkata,Platinum
9004,Customer_9004,59,Male,Bengaluru,Silver
9005,Customer_9005,59,Female,Bengaluru,Gold
9006,Customer_9006,56,Female,Guwahati,Gold
9007,Customer_9007,33,Male,Nagpur,Gold
9008,Customer_9008,50,Male,Chandigarh,Silver
9009,Customer_9009,38,Female,Kochi,Gold
9010,Customer_9010,26,Male,Chennai,Gold
9011,Customer_9011,23,Female,Surat,Gold
9012,Customer_9012,62,Female,Ahmedabad,Gold
9013,Customer_9013,52,Male,Guwahati,Platinum
9014,Customer_9014,56,Male,Kolkata,Silver
9015,Customer_9015,39,Male,Mumbai,Platinum
9016,Customer_9016,58,Male,Patna,Gold
9017,Customer_9017,22,Female,Mumbai,Gold
9018,Customer_9018,59,Male,Indore,Silver
9019,Customer_9019,40,Male,Surat,Silver
9020,Customer_9020,34,Male,Lucknow,Gold
9021,Customer_9021,29,Male,Bengaluru,Gold
9022,Customer_9022,40,Male,Kolkata,Silver
9023,Customer_9023,33,Female,Bengaluru,Gold
9024,Customer_9024,20,Female,Hyderabad,Silver
9025,Customer_9025,47,Male,Surat,Platinum
9026,Customer_9026,39,Male,Lucknow,Platinum
9027,Customer_9027,26,Female,Guwahati,Silver
9028,Customer_9028,46,Male,Ahmedabad,Platinum
9029,Customer_9029,64,Female,Coimbatore,Platinum
9030,Customer_9030,54,Female,Bengaluru,Silver
9031,Customer_9031,40,Male,Kochi,Gold
9032,Customer_9032,30,Female,Ahmedabad,Silver
9033,Customer_9033,49,Male,Lucknow,Gold
9034,Customer_9034,63,Male,Mumbai,Silver
9035,Customer_9035,64,Female,Bhopal,Silver
9036,Customer_9036,40,Female,Hyderabad,Silver
9037,Customer_9037,62,Male,Mumbai,Silver
9038,Customer_9038,34,Female,Bengaluru,Platinum
9039,Customer_9039,57,Male,Kochi,Silver
9040,Customer_9040,38,Female,Pune,Silver
9041,Customer_9041,19,Female,Kolkata,Platinum
9042,Customer_9042,54,Male,Delhi,Silver
9043,Customer_9043,23,Male,Ahmedabad,Gold
9044,Customer_9044,61,Male,Bhopal,Platinum
9045,Customer_9045,35,Female,Nagpur,Platinum
9046,Customer_9046,47,Male,Chandigarh,Silver
9047,Customer_9047,39,Male,Lucknow,Silver
9048,Customer_9048,50,Female,Patna,Platinum
9049,Customer_9049,47,Female,Patna,Silver
9050,Customer_9050,34,Male,Lucknow,Silver
9051,Customer_9051,60,Male,Pune,Silver
9052,Customer_9052,49,Male,Bengaluru,Silver
9053,Customer_9053,59,Male,Mumbai,Gold
9054,Customer_9054,31,Female,Hyderabad,Gold
9055,Customer_9055,27,Female,Jaipur,Platinum
9056,Customer_9056,64,Male,Lucknow,Gold
9057,Customer_9057,53,Male,Chennai,Silver
9058,Customer_9058,51,Male,Bengaluru,Silver
9059,Customer_9059,26,Female,Jaipur,Platinum
9060,Customer_9060,59,Male,Kochi,Silver
9061,Customer_9061,45,Male,Nagpur,Silver
9062,Customer_9062,28,Female,Lucknow,Platinum
9063,Customer_9063,31,Female,Surat,Gold
9064,Customer_9064,56,Male,Bhopal,Silver
9065,Customer_9065,64,Male,Delhi,Platinum
9066,Customer_9066,36,Female,Guwahati,Platinum
9067,Customer_9067,32,Male,Guwahati,Silver
9068,Customer_9068,45,Male,Hyderabad,Platinum
9069,Customer_9069,41,Female,Surat,Silver
9070,Customer_9070,25,Female,Guwahati,Gold
9071,Customer_9071,60,Female,Surat,Platinum
9072,Customer_9072,26,Male,Chennai,Platinum
9073,Customer_9073,64,Female,Mumbai,Silver
9074,Customer_9074,50,Female,Patna,Silver
9075,Customer_9075,50,Male,Bhopal,Silver
9076,Customer_9076,36,Male,Pune,Gold
9077,Customer_9077,20,Female,Visakhapatnam,Silver
9078,Customer_9078,27,Female,Coimbatore,Silver
9079,Customer_9079,57,Male,Surat,Silver
9080,Customer_9080,64,Male,Kochi,Silver
9081,Customer_9081,59,Female,Chennai,Silver
9082,Customer_9082,18,Female,Nagpur,Platinum
9083,Customer_9083,46,Male,Visakhapatnam,Silver
9084,Customer_9084,51,Female,Surat,Silver
9085,Customer_9085,30,Male,Bengaluru,Platinum
9086,Customer_9086,18,Female,Coimbatore,Gold
9087,Customer_9087,51,Male,Nagpur,Silver
9088,Customer_9088,46,Male,Patna,Silver
9089,Customer_9089,64,Female,Bengaluru,Gold
9090,Customer_9090,30,Female,Delhi,Silver
9091,Customer_9091,46,Male,Kochi,Gold
9092,Customer_9092,56,Female,Bengaluru,Silver
9093,Customer_9093,41,Female,Nagpur,Silver
9094,Customer_9094,43,Female,Bengaluru,Silver
9095,Customer_9095,34,Male,Surat,Gold
9096,Customer_9096,24,Female,Patna,Platinum
9097,Customer_9097,30,Female,Coimbatore,Silver
9098,Customer_9098,22,Male,Nagpur,Gold
9099,Customer_9099,43,Female,Bengaluru,Silver
9100,Customer_9100,20,Female,Guwahati,Silver
9101,Customer_9101,24,Male,Ahmedabad,Platinum
9102,Customer_9102,56,Male,Chennai,Silver
9103,Customer_9103,18,Female,Chennai,Platinum
9104,Customer_9104,34,Female,Guwahati,Gold
9105,Customer_9105,60,Male,Indore,Platinum
9106,Customer_9106,42,Male,Delhi,Gold
9107,Customer_9107,20,Female,Ahmedabad,Silver
9108,Customer_9108,32,Female,Patna,Silver
9109,Customer_9109,46,Female,Delhi,Silver
9110,Customer_9110,60,Male,Pune,Silver
9111,Customer_9111,49,Female,Visakhapatnam,Silver
9112,Customer_9112,43,Male,Visakhapatnam,Silver
9113,Customer_9113,33,Male,Indore,Platinum
9114,Customer_9114,42,Male,Nagpur,Silver
9115,Customer_9115,45,Female,Chandigarh,Gold
9116,Customer_9116,26,Female,Nagpur,Platinum
9117,Customer_9117,18,Female,Bhopal,Platinum
9118,Customer_9118,46,Male,Kochi,Silver
9119,Customer_9119,39,Female,Nagpur,Silver
9120,Customer_9120,33,Male,Lucknow,Silver
9121,Customer_9121,58,Male,Nagpur,Silver
9122,Customer_9122,61,Male,Coimbatore,Silver
9123,Customer_9123,58,Male,Jaipur,Platinum
9124,Customer_9124,24,Male,Kochi,Silver
9125,Customer_9125,31,Male,Hyderabad,Gold
9126,Customer_9126,46,Female,Ahmedabad,Platinum
9127,Customer_9127,36,Male,Surat,Silver
9128,Customer_9128,36,Female,Coimbatore,Silver
9129,Customer_9129,19,Male,Kolkata,Gold
9130,Customer_9130,58,Female,Hyderabad,Silver
9131,Customer_9131,62,Female,Guwahati,Gold
9132,Customer_9132,32,Female,Chennai,Silver
9133,Customer_9133,20,Female,Pune,Platinum
9134,Customer_9134,28,Male,Chennai,Silver
9135,Customer_9135,63,Male,Indore,Silver
9136,Customer_9136,47,Male,Bhopal,Gold
9137,Customer_9137,57,Male,Nagpur,Silver
9138,Customer_9138,35,Female,Surat,Silver
9139,Customer_9139,19,Female,Lucknow,Silver
9140,Customer_9140,49,Female,Coimbatore,Silver
9141,Customer_9141,25,Male,Chandigarh,Gold
9142,Customer_9142,39,Female,Kolkata,Gold
9143,Customer_9143,23,Male,Ahmedabad,Gold
9144,Customer_9144,29,Female,Nagpur,Gold
9145,Customer_9145,64,Female,Kolkata,Silver
9146,Customer_9146,57,Female,Ahmedabad,Silver
9147,Customer_9147,53,Female,Hyderabad,Gold
9148,Customer_9148,32,Female,Chandigarh,Platinum
9149,Customer_9149,45,Male,Chennai,Silver
9150,Customer_9150,62,Female,Bhopal,Silver
9151,Customer_9151,35,Male,Indore,Silver
9152,Customer_9152,19,Male,Bengaluru,Gold
9153,Customer_9153,30,Male,Bhopal,Gold
9154,Customer_9154,62,Male,Kolkata,Silver
9155,Customer_9155,32,Male,Hyderabad,Gold
9156,Customer_9156,37,Male,Guwahati,Silver
9157,Customer_9157,46,Male,Coimbatore,Silver
9158,Customer_9158,59,Male,Chandigarh,Platinum
9159,Customer_9159,46,Female,Indore,Silver
9160,Customer_9160,20,Female,Kolkata,Silver
9161,Customer_9161,36,Male,Jaipur,Platinum
9162,Customer_9162,20,Male,Bengaluru,Platinum
9163,Customer_9163,31,Male,Ahmedabad,Gold
9164,Customer_9164,57,Female,Hyderabad,Silver
9165,Customer_9165,21,Female,Chennai,Silver
9166,Customer_9166,28,Male,Bhopal,Platinum
9167,Customer_9167,48,Male,Bhopal,Gold
9168,Customer_9168,60,Female,Chandigarh,Platinum
9169,Customer_9169,49,Female,Lucknow,Silver
9170,Customer_9170,44,Male,Nagpur,Silver
9171,Customer_9171,47,Male,Surat,Platinum
9172,Customer_9172,60,Male,Jaipur,Gold
9173,Customer_9173,19,Male,Pune,Silver
9174,Customer_9174,26,Female,Bhopal,Silver
9175,Customer_9175,45,Female,Kolkata,Silver
9176,Customer_9176,48,Male,Coimbatore,Silver
9177,Customer_9177,51,Male,Chennai,Silver
9178,Customer_9178,32,Male,Mumbai,Silver
9179,Customer_9179,42,Female,Bengaluru,Gold
9180,Customer_9180,53,Male,Bhopal,Silver
9181,Customer_9181,25,Male,Bengaluru,Platinum
9182,Customer_9182,26,Male,Chennai,Silver
9183,Customer_9183,54,Female,Hyderabad,Gold
9184,Customer_9184,62,Male,Bhopal,Silver
9185,Customer_9185,56,Female,Guwahati,Gold
9186,Customer_9186,49,Male,Lucknow,Platinum
9187,Customer_9187,34,Male,Delhi,Platinum
9188,Customer_9188,52,Male,Kochi,Gold
9189,Customer_9189,54,Female,Chandigarh,Silver
9190,Customer_9190,36,Male,Jaipur,Platinum
9191,Customer_9191,61,Male,Jaipur,Platinum
9192,Customer_9192,46,Female,Jaipur,Platinum
9193,Customer_9193,24,Female,Bhopal,Silver
9194,Customer_9194,45,Female,Jaipur,Platinum
9195,Customer_9195,26,Male,Patna,Silver
9196,Customer_9196,45,Female,Mumbai,Silver
9197,Customer_9197,23,Male,Indore,Silver
9198,Customer_9198,46,Female,Indore,Silver
9199,Customer_9199,34,Female,Ahmedabad,Gold
9200,Customer_9200,33,Female,Hyderabad,Platinum
9201,Customer_9201,40,Male,Visakhapatnam,Gold
9202,Customer_9202,48,Male,Pune,Gold
9203,Customer_9203,20,Male,Bengaluru,Gold
9204,Customer_9204,38,Male,Ahmedabad,Gold
9205,Customer_9205,43,Male,Coimbatore,Silver
9206,Customer_9206,53,Male,Kochi,Platinum
9207,Customer_9207,59,Male,Indore,Gold
9208,Customer_9208,54,Male,Mumbai,Gold
9209,Customer_9209,39,Male,Guwahati,Gold
9210,Customer_9210,59,Female,Pune,Platinum
9211,Customer_9211,29,Female,Coimbatore,Silver
9212,Customer_9212,59,Male,Ahmedabad,Silver
9213,Customer_9213,30,Male,Nagpur,Gold
9214,Customer_9214,28,Male,Pune,Silver
9215,Customer_9215,33,Male,Chennai,Platinum
9216,Customer_9216,25,Female,Kochi,Silver
9217,Customer_9217,57,Female,Kolkata,Silver
9218,Customer_9218,57,Male,Bhopal,Platinum
9219,Customer_9219,62,Female,Jaipur,Silver
9220,Customer_9220,19,Female,Visakhapatnam,Gold
9221,Customer_9221,47,Male,Surat,Silver
9222,Customer_9222,47,Male,Coimbatore,Silver
9223,Customer_9223,29,Male,Visakhapatnam,Gold
9224,Customer_9224,27,Male,Jaipur,Silver
9225,Customer_9225,61,Female,Chennai,Platinum
9226,Customer_9226,28,Male,Ahmedabad,Gold
9227,Customer_9227,32,Female,Delhi,Silver
9228,Customer_9228,33,Male,Kochi,Gold
9229,Customer_9229,34,Female,Jaipur,Gold
9230,Customer_9230,43,Male,Visakhapatnam,Silver
9231,Customer_9231,19,Male,Surat,Silver
9232,Customer_9232,29,Female,Mumbai,Silver
9233,Customer_9233,43,Female,Surat,Gold
9234,Customer_9234,40,Female,Jaipur,Gold
9235,Customer_9235,35,Male,Visakhapatnam,Gold
9236,Customer_9236,49,Female,Hyderabad,Gold
9237,Customer_9237,55,Female,Delhi,Gold
9238,Customer_9238,64,Female,Kolkata,Gold
9239,Customer_9239,20,Female,Bengaluru,Gold
9240,Customer_9240,55,Female,Chennai,Silver
9241,Customer_9241,20,Female,Delhi,Platinum
9242,Customer_9242,47,Female,Nagpur,Gold
9243,Customer_9243,18,Female,Jaipur,Platinum
9244,Customer_9244,47,Female,Chennai,Gold
9245,Customer_9245,62,Male,Coimbatore,Silver
9246,Customer_9246,49,Male,Nagpur,Gold
9247,Customer_9247,45,Female,Chennai,Silver
9248,Customer_9248,38,Male,Lucknow,Gold
9249,Customer_9249,63,Male,Bengaluru,Silver
9250,Customer_9250,30,Female,Pune,Platinum
9251,Customer_9251,44,Female,Lucknow,Gold
9252,Customer_9252,53,Female,Surat,Gold
9253,Customer_9253,24,Female,Chennai,Silver
9254,Customer_9254,39,Female,Coimbatore,Platinum
9255,Customer_9255,27,Female,Indore,Platinum
9256,Customer_9256,56,Male,Chennai,Gold
9257,Customer_9257,32,Female,Nagpur,Silver
9258,Customer_9258,32,Male,Coimbatore,Gold
9259,Customer_9259,21,Female,Ahmedabad,Silver
9260,Customer_9260,49,Female,Lucknow,Gold
9261,Customer_9261,40,Male,Kolkata,Silver
9262,Customer_9262,23,Female,Pune,Gold
9263,Customer_9263,41,Female,Bhopal,Gold
9264,Customer_9264,37,Male,Bengaluru,Silver
9265,Customer_9265,54,Female,Chennai,Silver
9266,Customer_9266,37,Male,Lucknow,Platinum
9267,Customer_9267,29,Female,Chennai,Silver
9268,Customer_9268,50,Female,Patna,Gold
9269,Customer_9269,45,Male,Lucknow,Silver
9270,Customer_9270,25,Female,Chandigarh,Silver
9271,Customer_9271,18,Male,Patna,Silver
9272,Customer_9272,54,Male,Guwahati,Gold
9273,Customer_9273,39,Male,Visakhapatnam,Silver
9274,Customer_9274,23,Female,Guwahati,Platinum
9275,Customer_9275,38,Female,Coimbatore,Gold
9276,Customer_9276,49,Male,Bhopal,Silver
9277,Customer_9277,52,Female,Chandigarh,Gold
9278,Customer_9278,32,Female,Delhi,Silver
9279,Customer_9279,22,Female,Chandigarh,Gold
9280,Customer_9280,63,Male,Mumbai,Silver
9281,Customer_9281,23,Female,Patna,Silver
9282,Customer_9282,42,Male,Pune,Gold
9283,Customer_9283,63,Female,Delhi,Platinum
9284,Customer_9284,57,Female,Kolkata,Silver
9285,Customer_9285,46,Male,Lucknow,Platinum
9286,Customer_9286,24,Female,Chennai,Silver
9287,Customer_9287,57,Male,Nagpur,Platinum
9288,Customer_9288,30,Female,Surat,Gold
9289,Customer_9289,55,Male,Delhi,Silver
9290,Customer_9290,35,Female,Chandigarh,Silver
9291,Customer_9291,19,Female,Jaipur,Silver
9292,Customer_9292,25,Female,Chandigarh,Silver
9293,Customer_9293,28,Male,Guwahati,Silver
9294,Customer_9294,50,Male,Patna,Gold
9295,Customer_9295,55,Male,Nagpur,Platinum
9296,Customer_9296,44,Female,Visakhapatnam,Silver
9297,Customer_9297,37,Male,Lucknow,Gold
9298,Customer_9298,29,Male,Bhopal,Gold
9299,Customer_9299,60,Male,Delhi,Platinum
9300,Customer_9300,48,Male,Kochi,Gold
9301,Customer_9301,44,Male,Jaipur,Gold
9302,Customer_9302,49,Male,Guwahati,Silver
9303,Customer_9303,27,Male,Coimbatore,Silver
9304,Customer_9304,20,Male,Pune,Silver
9305,Customer_9305,62,Male,Jaipur,Silver
9306,Customer_9306,44,Male,Bhopal,Silver
9307,Customer_9307,52,Female,Pune,Gold
9308,Customer_9308,48,Female,Nagpur,Silver
9309,Customer_9309,32,Male,Patna,Gold
9310,Customer_9310,33,Female,Patna,Silver
9311,Customer_9311,30,Female,Hyderabad,Platinum
9312,Customer_9312,52,Male,Nagpur,Platinum
9313,Customer_9313,28,Male,Mumbai,Silver
9314,Customer_9314,38,Male,Ahmedabad,Silver
9315,Customer_9315,28,Female,Surat,Gold
9316,Customer_9316,47,Male,Hyderabad,Silver
9317,Customer_9317,52,Female,Kolkata,Silver
9318,Customer_9318,39,Male,Kolkata,Silver
9319,Customer_9319,55,Female,Delhi,Platinum
9320,Customer_9320,48,Female,Jaipur,Platinum
9321,Customer_9321,31,Male,Hyderabad,Gold
9322,Customer_9322,41,Male,Visakhapatnam,Gold
9323,Customer_9323,49,Female,Pune,Platinum
9324,Customer_9324,53,Female,Jaipur,Platinum
9325,Customer_9325,49,Male,Kolkata,Platinum
9326,Customer_9326,32,Male,Nagpur,Silver
9327,Customer_9327,60,Female,Kolkata,Silver
9328,Customer_9328,52,Male,Ahmedabad,Gold
9329,Customer_9329,20,Female,Pune,Gold
9330,Customer_9330,33,Male,Surat,Silver
9331,Customer_9331,22,Male,Surat,Silver
9332,Customer_9332,38,Male,Ahmedabad,Platinum
9333,Customer_9333,27,Female,Indore,Platinum
9334,Customer_9334,36,Male,Coimbatore,Silver
9335,Customer_9335,42,Female,Guwahati,Platinum
9336,Customer_9336,21,Male,Hyderabad,Gold
9337,Customer_9337,46,Female,Mumbai,Platinum
9338,Customer_9338,36,Female,Surat,Silver
9339,Customer_9339,60,Male,Indore,Silver
9340,Customer_9340,19,Female,Delhi,Silver
9341,Customer_9341,27,Female,Mumbai,Silver
9342,Customer_9342,60,Female,Kochi,Gold
9343,Customer_9343,42,Female,Ahmedabad,Silver
9344,Customer_9344,37,Male,Mumbai,Platinum
9345,Customer_9345,36,Male,Hyderabad,Silver
9346,Customer_9346,40,Male,Kolkata,Silver
9347,Customer_9347,41,Female,Chandigarh,Gold
9348,Customer_9348,28,Female,Ahmedabad,Gold
9349,Customer_9349,63,Male,Guwahati,Silver
9350,Customer_9350,51,Male,Chandigarh,Gold
9351,Customer_9351,45,Female,Surat,Gold
9352,Customer_9352,22,Male,Visakhapatnam,Gold
9353,Customer_9353,22,Male,Pune,Gold
9354,Customer_9354,38,Female,Chandigarh,Silver
9355,Customer_9355,29,Male,Chandigarh,Gold
9356,Customer_9356,21,Female,Bhopal,Platinum
9357,Customer_9357,59,Male,Nagpur,Silver
9358,Customer_9358,37,Female,Coimbatore,Silver
9359,Customer_9359,55,Female,Coimbatore,Platinum
9360,Customer_9360,42,Female,Chandigarh,Silver
9361,Customer_9361,31,Female,Visakhapatnam,Silver
9362,Customer_9362,28,Female,Chandigarh,Platinum
9363,Customer_9363,49,Male,Surat,Silver
9364,Customer_9364,28,Male,Jaipur,Silver
9365,Customer_9365,35,Male,Jaipur,Platinum
9366,Customer_9366,44,Female,Surat,Platinum
9367,Customer_9367,35,Male,Chennai,Silver
9368,Customer_9368,40,Female,Jaipur,Gold
9369,Customer_9369,28,Female,Patna,Platinum
9370,Customer_9370,38,Male,Nagpur,Gold
9371,Customer_9371,61,Female,Guwahati,Silver
9372,Customer_9372,22,Male,Bhopal,Silver
9373,Customer_9373,40,Female,Hyderabad,Silver
9374,Customer_9374,58,Female,Bengaluru,Platinum
9375,Customer_9375,42,Male,Visakhapatnam,Platinum
9376,Customer_9376,58,Female,Chandigarh,Platinum
9377,Customer_9377,27,Male,Visakhapatnam,Platinum
9378,Customer_9378,39,Female,Kochi,Gold
9379,Customer_9379,36,Male,Chandigarh,Silver
9380,Customer_9380,18,Female,Hyderabad,Gold
9381,Customer_9381,24,Male,Ahmedabad,Gold
9382,Customer_9382,21,Male,Guwahati,Gold
9383,Customer_9383,18,Female,Mumbai,Silver
9384,Customer_9384,32,Male,Nagpur,Platinum
9385,Customer_9385,57,Female,Bhopal,Silver
9386,Customer_9386,29,Female,Kochi,Silver
9387,Customer_9387,39,Male,Patna,Gold
9388,Customer_9388,39,Male,Coimbatore,Gold
9389,Customer_9389,64,Male,Chandigarh,Silver
9390,Customer_9390,34,Male,Surat,Platinum
9391,Customer_9391,46,Male,Kochi,Silver
9392,Customer_9392,63,Female,Ahmedabad,Silver
9393,Customer_9393,31,Male,Delhi,Silver
9394,Customer_9394,37,Female,Bengaluru,Gold
9395,Customer_9395,50,Male,Chandigarh,Platinum
9396,Customer_9396,60,Male,Mumbai,Platinum
9397,Customer_9397,32,Male,Patna,Platinum
9398,Customer_9398,29,Female,Delhi,Silver
9399,Customer_9399,57,Male,Jaipur,Silver
9400,Customer_9400,37,Female,Chandigarh,Gold
9401,Customer_9401,47,Female,Chennai,Silver
9402,Customer_9402,55,Female,Bhopal,Platinum
9403,Customer_9403,20,Male,Delhi,Gold
9404,Customer_9404,45,Female,Delhi,Platinum
9405,Customer_9405,43,Male,Pune,Silver
9406,Customer_9406,47,Female,Coimbatore,Silver
9407,Customer_9407,30,Male,Patna,Gold
9408,Customer_9408,30,Female,Surat,Silver
9409,Customer_9409,19,Male,Chandigarh,Gold
9410,Customer_9410,54,Male,Pune,Silver
9411,Customer_9411,55,Male,Chandigarh,Silver
9412,Customer_9412,19,Female,Surat,Silver
9413,Customer_9413,53,Female,Nagpur,Silver
9414,Customer_9414,43,Male,Kochi,Gold
9415,Customer_9415,28,Female,Bhopal,Silver
9416,Customer_9416,25,Female,Visakhapatnam,Silver
9417,Customer_9417,61,Female,Surat,Silver
9418,Customer_9418,57,Female,Visakhapatnam,Silver
9419,Customer_9419,60,Female,Patna,Silver
9420,Customer_9420,39,Female,Chennai,Silver
9421,Customer_9421,37,Female,Mumbai,Gold
9422,Customer_9422,25,Male,Coimbatore,Gold
9423,Customer_9423,46,Male,Mumbai,Gold
9424,Customer_9424,57,Female,Patna,Platinum
9425,Customer_9425,43,Male,Guwahati,Silver
9426,Customer_9426,47,Male,Patna,Gold
9427,Customer_9427,34,Male,Visakhapatnam,Platinum
9428,Customer_9428,37,Female,Lucknow,Silver
9429,Customer_9429,33,Female,Visakhapatnam,Gold
9430,Customer_9430,63,Female,Indore,Silver
9431,Customer_9431,60,Female,Lucknow,Silver
9432,Customer_9432,24,Female,Kolkata,Gold
9433,Customer_9433,33,Male,Jaipur,Silver
9434,Customer_9434,62,Female,Visakhapatnam,Silver
9435,Customer_9435,64,Male,Guwahati,Silver
9436,Customer_9436,44,Female,Surat,Silver
9437,Customer_9437,40,Male,Coimbatore,Silver
9438,Customer_9438,41,Female,Kochi,Gold
9439,Customer_9439,26,Female,Hyderabad,Gold
9440,Customer_9440,52,Female,Lucknow,Gold
9441,Customer_9441,37,Female,Mumbai,Silver
9442,Customer_9442,54,Female,Hyderabad,Platinum
9443,Customer_9443,59,Female,Surat,Gold
9444,Customer_9444,34,Male,Coimbatore,Silver
9445,Customer_9445,64,Female,Pune,Platinum
9446,Customer_9446,48,Male,Mumbai,Gold
9447,Customer_9447,25,Female,Nagpur,Gold
9448,Customer_9448,32,Male,Kolkata,Silver
9449,Customer_9449,48,Male,Coimbatore,Silver
9450,Customer_9450,47,Male,Indore,Platinum
9451,Customer_9451,63,Male,Lucknow,Gold
9452,Customer_9452,37,Male,Indore,Gold
9453,Customer_9453,56,Male,Mumbai,Gold
9454,Customer_9454,29,Female,Patna,Platinum
9455,Customer_9455,34,Male,Pune,Silver
9456,Customer_9456,59,Female,Jaipur,Gold
9457,Customer_9457,47,Female,Kolkata,Silver
9458,Customer_9458,46,Male,Pune,Gold
9459,Customer_9459,36,Male,Visakhapatnam,Gold
9460,Customer_9460,63,Female,Mumbai,Silver
9461,Customer_9461,28,Male,Bengaluru,Gold
9462,Customer_9462,51,Male,Mumbai,Silver
9463,Customer_9463,24,Male,Guwahati,Silver
9464,Customer_9464,61,Male,Chennai,Silver
9465,Customer_9465,51,Male,Visakhapatnam,Silver
9466,Customer_9466,37,Male,Pune,Silver
9467,Customer_9467,55,Male,Pune,Silver
9468,Customer_9468,41,Female,Kochi,Gold
9469,Customer_9469,27,Male,Guwahati,Gold
9470,Customer_9470,49,Female,Chandigarh,Gold
9471,Customer_9471,32,Female,Bengaluru,Silver
9472,Customer_9472,54,Female,Patna,Platinum
9473,Customer_9473,37,Female,Nagpur,Gold
9474,Customer_9474,20,Male,Patna,Silver
9475,Customer_9475,54,Female,Nagpur,Platinum
9476,Customer_9476,57,Female,Pune,Silver
9477,Customer_9477,25,Female,Bengaluru,Gold
9478,Customer_9478,57,Female,Kochi,Silver
9479,Customer_9479,61,Female,Lucknow,Silver
9480,Customer_9480,40,Male,Patna,Platinum
9481,Customer_9481,57,Male,Hyderabad,Silver
9482,Customer_9482,28,Female,Kochi,Silver
9483,Customer_9483,63,Male,Kochi,Platinum
9484,Customer_9484,25,Male,Nagpur,Platinum
9485,Customer_9485,46,Female,Coimbatore,Gold
9486,Customer_9486,47,Female,Kolkata,Silver
9487,Customer_9487,27,Female,Ahmedabad,Silver
9488,Customer_9488,56,Male,Pune,Gold
9489,Customer_9489,45,Female,Chennai,Silver
9490,Customer_9490,53,Male,Coimbatore,Silver
9491,Customer_9491,30,Male,Kolkata,Gold
9492,Customer_9492,49,Male,Chandigarh,Silver
9493,Customer_9493,53,Female,Nagpur,Silver
9494,Customer_9494,54,Male,Guwahati,Silver
9495,Customer_9495,43,Female,Nagpur,Silver
9496,Customer_9496,39,Female,Jaipur,Silver
9497,Customer_9497,21,Female,Hyderabad,Silver
9498,Customer_9498,48,Female,Kochi,Silver
9499,Customer_9499,35,Female,Guwahati,Gold
9500,Customer_9500,55,Male,Bhopal,Platinum
9501,Customer_9501,41,Male,Chennai,Silver
9502,Customer_9502,40,Male,Chandigarh,Gold
9503,Customer_9503,39,Male,Indore,Silver
9504,Customer_9504,19,Male,Chennai,Silver
9505,Customer_9505,48,Female,Kochi,Silver
9506,Customer_9506,28,Female,Ahmedabad,Gold
9507,Customer_9507,45,Male,Nagpur,Gold
9508,Customer_9508,63,Male,Mumbai,Gold
9509,Customer_9509,49,Male,Indore,Silver
9510,Customer_9510,22,Female,Indore,Silver
9511,Customer_9511,55,Female,Hyderabad,Gold
9512,Customer_9512,27,Female,Nagpur,Silver
9513,Customer_9513,57,Male,Lucknow,Gold
9514,Customer_9514,63,Male,Ahmedabad,Gold
9515,Customer_9515,41,Male,Pune,Gold
9516,Customer_9516,52,Male,Ahmedabad,Platinum
9517,Customer_9517,61,Female,Ahmedabad,Platinum
9518,Customer_9518,40,Male,Mumbai,Gold
9519,Customer_9519,34,Male,Chandigarh,Gold
9520,Customer_9520,18,Male,Jaipur,Silver
9521,Customer_9521,48,Female,Surat,Platinum
9522,Customer_9522,48,Female,Bhopal,Silver
9523,Customer_9523,59,Male,Kochi,Silver
9524,Customer_9524,59,Female,Mumbai,Silver
9525,Customer_9525,51,Female,Surat,Silver
9526,Customer_9526,26,Female,Delhi,Gold
9527,Customer_9527,39,Female,Guwahati,Gold
9528,Customer_9528,30,Female,Indore,Silver
9529,Customer_9529,42,Male,Kolkata,Silver
9530,Customer_9530,35,Male,Delhi,Platinum
9531,Customer_9531,29,Male,Visakhapatnam,Gold
9532,Customer_9532,57,Female,Surat,Platinum
9533,Customer_9533,34,Female,Ahmedabad,Silver
9534,Customer_9534,32,Female,Hyderabad,Gold
9535,Customer_9535,59,Female,Kochi,Silver
9536,Customer_9536,32,Male,Bhopal,Silver
9537,Customer_9537,32,Male,Delhi,Silver
9538,Customer_9538,56,Male,Bengaluru,Silver
9539,Customer_9539,30,Male,Nagpur,Silver
9540,Customer_9540,34,Male,Ahmedabad,Platinum
9541,Customer_9541,49,Male,Indore,Silver
9542,Customer_9542,26,Female,Nagpur,Silver
9543,Customer_9543,57,Female,Ahmedabad,Silver
9544,Customer_9544,37,Male,Bengaluru,Silver
9545,Customer_9545,43,Female,Pune,Gold
9546,Customer_9546,44,Male,Guwahati,Silver
9547,Customer_9547,38,Male,Chennai,Gold
9548,Customer_9548,35,Female,Chandigarh,Silver
9549,Customer_9549,30,Male,Surat,Gold
9550,Customer_9550,33,Male,Visakhapatnam,Gold
9551,Customer_9551,26,Male,Guwahati,Platinum
9552,Customer_9552,29,Female,Kolkata,Platinum
9553,Customer_9553,61,Female,Kolkata,Gold
9554,Customer_9554,55,Female,Visakhapatnam,Silver
9555,Customer_9555,36,Female,Chennai,Gold
9556,Customer_9556,24,Male,Mumbai,Gold
9557,Customer_9557,52,Female,Surat,Platinum
9558,Customer_9558,35,Female,Chandigarh,Silver
9559,Customer_9559,33,Female,Mumbai,Silver
9560,Customer_9560,56,Male,Guwahati,Gold
9561,Customer_9561,21,Female,Kochi,Silver
9562,Customer_9562,42,Female,Kolkata,Silver
9563,Customer_9563,49,Male,Coimbatore,Silver
9564,Customer_9564,57,Male,Coimbatore,Gold
9565,Customer_9565,30,Male,Ahmedabad,Platinum
9566,Customer_9566,62,Male,Patna,Silver
9567,Customer_9567,34,Female,Surat,Silver
9568,Customer_9568,54,Male,Surat,Silver
9569,Customer_9569,23,Female,Chandigarh,Silver
9570,Customer_9570,36,Female,Visakhapatnam,Gold
9571,Customer_9571,30,Female,Surat,Gold
9572,Customer_9572,43,Female,Visakhapatnam,Silver
9573,Customer_9573,31,Female,Mumbai,Gold
9574,Customer_9574,48,Male,Bengaluru,Gold
9575,Customer_9575,21,Female,Patna,Silver
9576,Customer_9576,56,Female,Guwahati,Silver
9577,Customer_9577,25,Female,Surat,Platinum
9578,Customer_9578,42,Male,Kolkata,Silver
9579,Customer_9579,30,Female,Hyderabad,Gold
9580,Customer_9580,49,Female,Nagpur,Silver
9581,Customer_9581,55,Male,Chennai,Gold
9582,Customer_9582,55,Female,Guwahati,Gold
9583,Customer_9583,45,Female,Pune,Gold
9584,Customer_9584,47,Male,Chennai,Platinum
9585,Customer_9585,20,Female,Mumbai,Platinum
9586,Customer_9586,45,Female,Pune,Gold
9587,Customer_9587,20,Female,Bengaluru,Silver
9588,Customer_9588,62,Female,Patna,Silver
9589,Customer_9589,51,Female,Delhi,Gold
9590,Customer_9590,33,Male,Mumbai,Gold
9591,Customer_9591,39,Male,Lucknow,Silver
9592,Customer_9592,49,Male,Chandigarh,Silver
9593,Customer_9593,55,Female,Patna,Gold
9594,Customer_9594,25,Female,Patna,Silver
9595,Customer_9595,25,Female,Nagpur,Silver
9596,Customer_9596,23,Male,Nagpur,Gold
9597,Customer_9597,31,Female,Hyderabad,Gold
9598,Customer_9598,49,Female,Nagpur,Silver
9599,Customer_9599,52,Female,Kochi,Silver
9600,Customer_9600,27,Male,Coimbatore,Silver
9601,Customer_9601,20,Male,Visakhapatnam,Silver
9602,Customer_9602,29,Female,Guwahati,Gold
9603,Customer_9603,48,Female,Kochi,Gold
9604,Customer_9604,46,Female,Chandigarh,Silver
9605,Customer_9605,22,Male,Ahmedabad,Silver
9606,Customer_9606,42,Male,Pune,Silver
9607,Customer_9607,58,Male,Visakhapatnam,Platinum
9608,Customer_9608,48,Female,Bhopal,Silver
9609,Customer_9609,38,Male,Jaipur,Platinum
9610,Customer_9610,37,Female,Nagpur,Platinum
9611,Customer_9611,56,Female,Visakhapatnam,Gold
9612,Customer_9612,39,Male,Delhi,Gold
9613,Customer_9613,21,Female,Lucknow,Silver
9614,Customer_9614,30,Male,Kochi,Gold
9615,Customer_9615,62,Female,Kochi,Silver
9616,Customer_9616,59,Female,Kochi,Platinum
9617,Customer_9617,37,Male,Chennai,Silver
9618,Customer_9618,30,Female,Kochi,Gold
9619,Customer_9619,34,Female,Coimbatore,Silver
9620,Customer_9620,53,Female,Visakhapatnam,Platinum
9621,Customer_9621,50,Female,Mumbai,Silver
9622,Customer_9622,18,Female,Ahmedabad,Gold
9623,Customer_9623,32,Female,Surat,Silver
9624,Customer_9624,30,Female,Visakhapatnam,Silver
9625,Customer_9625,34,Female,Patna,Gold
9626,Customer_9626,41,Male,Visakhapatnam,Platinum
9627,Customer_9627,25,Male,Jaipur,Silver
9628,Customer_9628,44,Female,Bengaluru,Platinum
9629,Customer_9629,62,Female,Bengaluru,Gold
9630,Customer_9630,40,Male,Mumbai,Platinum
9631,Customer_9631,63,Female,Delhi,Silver
9632,Customer_9632,25,Male,Nagpur,Silver
9633,Customer_9633,25,Male,Kochi,Platinum
9634,Customer_9634,43,Male,Surat,Silver
9635,Customer_9635,64,Female,Guwahati,Gold
9636,Customer_9636,30,Female,Patna,Silver
9637,Customer_9637,56,Female,Nagpur,Silver
9638,Customer_9638,54,Male,Mumbai,Gold
9639,Customer_9639,45,Male,Pune,Gold
9640,Customer_9640,42,Male,Kochi,Gold
9641,Customer_9641,33,Female,Coimbatore,Silver
9642,Customer_9642,19,Male,Hyderabad,Silver
9643,Customer_9643,35,Male,Ahmedabad,Silver
9644,Customer_9644,34,Female,Mumbai,Silver
9645,Customer_9645,47,Male,Delhi,Platinum
9646,Customer_9646,56,Male,Chandigarh,Gold
9647,Customer_9647,30,Female,Pune,Silver
9648,Customer_9648,49,Female,Indore,Platinum
9649,Customer_9649,46,Male,Patna,Silver
9650,Customer_9650,63,Female,Surat,Gold
9651,Customer_9651,47,Male,Mumbai,Silver
9652,Customer_9652,35,Female,Nagpur,Gold
9653,Customer_9653,30,Male,Hyderabad,Silver
9654,Customer_9654,60,Female,Jaipur,Silver
9655,Customer_9655,38,Male,Pune,Silver
9656,Customer_9656,47,Female,Coimbatore,Silver
9657,Customer_9657,38,Female,Jaipur,Silver
9658,Customer_9658,34,Female,Chennai,Silver
9659,Customer_9659,57,Female,Jaipur,Silver
9660,Customer_9660,36,Female,Chennai,Gold
9661,Customer_9661,32,Female,Bhopal,Silver
9662,Customer_9662,26,Female,Chennai,Gold
9663,Customer_9663,27,Male,Visakhapatnam,Silver
9664,Customer_9664,61,Male,Nagpur,Platinum
9665,Customer_9665,48,Female,Pune,Platinum
9666,Customer_9666,40,Female,Surat,Silver
9667,Customer_9667,47,Male,Ahmedabad,Gold
9668,Customer_9668,50,Male,Kolkata,Silver
9669,Customer_9669,26,Female,Bhopal,Platinum
9670,Customer_9670,64,Male,Surat,Gold
9671,Customer_9671,18,Male,Visakhapatnam,Silver
9672,Customer_9672,61,Female,Nagpur,Silver
9673,Customer_9673,52,Female,Coimbatore,Silver
9674,Customer_9674,28,Female,Visakhapatnam,Silver
9675,Customer_9675,51,Male,Chennai,Gold
9676,Customer_9676,33,Female,Coimbatore,Silver
9677,Customer_9677,26,Female,Pune,Silver
9678,Customer_9678,49,Male,Patna,Silver
9679,Customer_9679,32,Female,Hyderabad,Silver
9680,Customer_9680,29,Male,Chandigarh,Silver
9681,Customer_9681,50,Male,Visakhapatnam,Platinum
9682,Customer_9682,62,Male,Ahmedabad,Silver
9683,Customer_9683,31,Male,Chandigarh,Gold
9684,Customer_9684,25,Male,Chandigarh,Silver
9685,Customer_9685,25,Male,Bengaluru,Silver
9686,Customer_9686,44,Female,Kochi,Gold
9687,Customer_9687,29,Female,Jaipur,Silver
9688,Customer_9688,18,Female,Bengaluru,Silver
9689,Customer_9689,60,Male,Visakhapatnam,Gold
9690,Customer_9690,57,Female,Pune,Silver
9691,Customer_9691,59,Male,Coimbatore,Silver
9692,Customer_9692,28,Female,Bhopal,Gold
9693,Customer_9693,56,Male,Guwahati,Gold
9694,Customer_9694,60,Female,Chandigarh,Silver
9695,Customer_9695,48,Male,Kochi,Silver
9696,Customer_9696,34,Female,Visakhapatnam,Silver
9697,Customer_9697,50,Male,Patna,Silver
9698,Customer_9698,49,Female,Delhi,Gold
9699,Customer_9699,46,Male,Mumbai,Platinum
9700,Customer_9700,38,Female,Ahmedabad,Platinum
9701,Customer_9701,38,Female,Mumbai,Silver
9702,Customer_9702,57,Female,Guwahati,Silver
9703,Customer_9703,40,Male,Jaipur,Gold
9704,Customer_9704,23,Male,Jaipur,Silver
9705,Customer_9705,39,Male,Surat,Gold
9706,Customer_9706,55,Male,Hyderabad,Gold
9707,Customer_9707,54,Male,Patna,Platinum
9708,Customer_9708,62,Female,Guwahati,Silver
9709,Customer_9709,25,Male,Patna,Silver
9710,Customer_9710,58,Female,Coimbatore,Platinum
9711,Customer_9711,52,Female,Pune,Gold
9712,Customer_9712,28,Male,Indore,Platinum
9713,Customer_9713,41,Female,Ahmedabad,Silver
9714,Customer_9714,38,Male,Hyderabad,Gold
9715,Customer_9715,19,Male,Ahmedabad,Gold
9716,Customer_9716,57,Male,Mumbai,Silver
9717,Customer_9717,36,Female,Guwahati,Gold
9718,Customer_9718,56,Male,Chandigarh,Gold
9719,Customer_9719,45,Male,Pune,Silver
9720,Customer_9720,34,Male,Lucknow,Silver
9721,Customer_9721,23,Female,Bhopal,Gold
9722,Customer_9722,36,Male,Kochi,Silver
9723,Customer_9723,55,Female,Pune,Platinum
9724,Customer_9724,45,Female,Ahmedabad,Silver
9725,Customer_9725,19,Male,Pune,Silver
9726,Customer_9726,55,Female,Chennai,Platinum
9727,Customer_9727,54,Female,Bengaluru,Platinum
9728,Customer_9728,21,Male,Guwahati,Silver
9729,Customer_9729,39,Male,Patna,Gold
9730,Customer_9730,43,Male,Chennai,Silver
9731,Customer_9731,60,Female,Jaipur,Silver
9732,Customer_9732,53,Male,Surat,Silver
9733,Customer_9733,30,Female,Coimbatore,Silver
9734,Customer_9734,49,Female,Chandigarh,Platinum
9735,Customer_9735,34,Female,Delhi,Gold
9736,Customer_9736,58,Female,Chennai,Platinum
9737,Customer_9737,53,Female,Coimbatore,Gold
9738,Customer_9738,63,Male,Ahmedabad,Silver
9739,Customer_9739,36,Male,Visakhapatnam,Gold
9740,Customer_9740,52,Female,Chandigarh,Platinum
9741,Customer_9741,63,Female,Indore,Gold
9742,Customer_9742,57,Male,Visakhapatnam,Gold
9743,Customer_9743,45,Male,Guwahati,Platinum
9744,Customer_9744,18,Female,Guwahati,Silver
9745,Customer_9745,59,Female,Coimbatore,Gold
9746,Customer_9746,35,Male,Guwahati,Platinum
9747,Customer_9747,57,Male,Indore,Platinum
9748,Customer_9748,50,Female,Bengaluru,Silver
9749,Customer_9749,29,Male,Ahmedabad,Gold
9750,Customer_9750,25,Male,Visakhapatnam,Gold
9751,Customer_9751,41,Female,Guwahati,Silver
9752,Customer_9752,33,Female,Lucknow,Gold
9753,Customer_9753,21,Female,Chandigarh,Silver
9754,Customer_9754,55,Male,Kolkata,Silver
9755,Customer_9755,61,Female,Visakhapatnam,Silver
9756,Customer_9756,44,Male,Jaipur,Gold
9757,Customer_9757,26,Female,Ahmedabad,Silver
9758,Customer_9758,64,Female,Indore,Silver
9759,Customer_9759,33,Male,Chandigarh,Silver
9760,Customer_9760,29,Male,Pune,Silver
9761,Customer_9761,48,Female,Patna,Silver
9762,Customer_9762,41,Female,Visakhapatnam,Silver
9763,Customer_9763,31,Male,Kochi,Gold
9764,Customer_9764,62,Female,Hyderabad,Gold
9765,Customer_9765,42,Male,Patna,Silver
9766,Customer_9766,51,Male,Ahmedabad,Silver
9767,Customer_9767,20,Female,Pune,Gold
9768,Customer_9768,41,Male,Mumbai,Silver
9769,Customer_9769,59,Male,Surat,Platinum
9770,Customer_9770,26,Male,Hyderabad,Gold
9771,Customer_9771,43,Female,Kolkata,Silver
9772,Customer_9772,37,Male,Visakhapatnam,Silver
9773,Customer_9773,57,Female,Delhi,Gold
9774,Customer_9774,27,Female,Coimbatore,Silver
9775,Customer_9775,36,Female,Patna,Silver
9776,Customer_9776,20,Male,Lucknow,Silver
9777,Customer_9777,41,Male,Bengaluru,Gold
9778,Customer_9778,22,Female,Kolkata,Gold
9779,Customer_9779,20,Female,Surat,Silver
9780,Customer_9780,44,Male,Ahmedabad,Gold
9781,Customer_9781,33,Female,Mumbai,Silver
9782,Customer_9782,32,Female,Jaipur,Gold
9783,Customer_9783,52,Male,Kochi,Silver
9784,Customer_9784,29,Female,Coimbatore,Gold
9785,Customer_9785,58,Male,Surat,Platinum
9786,Customer_9786,61,Male,Delhi,Silver
9787,Customer_9787,43,Female,Bhopal,Silver
9788,Customer_9788,64,Male,Visakhapatnam,Silver
9789,Customer_9789,51,Male,Visakhapatnam,Silver
9790,Customer_9790,40,Male,Kolkata,Silver
9791,Customer_9791,48,Female,Ahmedabad,Platinum
9792,Customer_9792,37,Female,Patna,Platinum
9793,Customer_9793,29,Female,Bengaluru,Silver
9794,Customer_9794,40,Male,Hyderabad,Gold
9795,Customer_9795,21,Male,Surat,Gold
9796,Customer_9796,40,Female,Bhopal,Gold
9797,Customer_9797,18,Female,Guwahati,Silver
9798,Customer_9798,42,Male,Coimbatore,Silver
9799,Customer_9799,19,Female,Delhi,Silver
9800,Customer_9800,47,Female,Pune,Silver
9801,Customer_9801,20,Female,Bhopal,Gold
9802,Customer_9802,38,Female,Lucknow,Gold
9803,Customer_9803,42,Female,Bhopal,Silver
9804,Customer_9804,37,Male,Indore,Silver
9805,Customer_9805,39,Female,Chennai,Platinum
9806,Customer_9806,38,Female,Guwahati,Gold
9807,Customer_9807,50,Male,Hyderabad,Platinum
9808,Customer_9808,55,Male,Jaipur,Silver
9809,Customer_9809,32,Male,Visakhapatnam,Gold
9810,Customer_9810,63,Male,Lucknow,Gold
9811,Customer_9811,32,Female,Kolkata,Platinum
9812,Customer_9812,63,Female,Surat,Silver
9813,Customer_9813,42,Female,Jaipur,Silver
9814,Customer_9814,38,Female,Mumbai,Silver
9815,Customer_9815,41,Male,Coimbatore,Platinum
9816,Customer_9816,22,Male,Delhi,Platinum
9817,Customer_9817,23,Female,Bhopal,Platinum
9818,Customer_9818,60,Female,Lucknow,Platinum
9819,Customer_9819,61,Female,Mumbai,Silver
9820,Customer_9820,64,Female,Jaipur,Silver
9821,Customer_9821,40,Male,Mumbai,Silver
9822,Customer_9822,21,Female,Nagpur,Silver
9823,Customer_9823,44,Male,Indore,Platinum
9824,Customer_9824,35,Male,Indore,Platinum
9825,Customer_9825,38,Male,Kochi,Silver
9826,Customer_9826,45,Male,Chennai,Gold
9827,Customer_9827,52,Female,Surat,Platinum
9828,Customer_9828,39,Female,Pune,Silver
9829,Customer_9829,57,Female,Chandigarh,Silver
9830,Customer_9830,40,Female,Delhi,Silver
9831,Customer_9831,20,Male,Surat,Silver
9832,Customer_9832,57,Male,Delhi,Gold
9833,Customer_9833,27,Male,Indore,Silver
9834,Customer_9834,42,Female,Hyderabad,Silver
9835,Customer_9835,25,Male,Visakhapatnam,Platinum
9836,Customer_9836,28,Male,Bengaluru,Gold
9837,Customer_9837,22,Male,Bhopal,Silver
9838,Customer_9838,62,Male,Kolkata,Platinum
9839,Customer_9839,54,Female,Jaipur,Silver
9840,Customer_9840,62,Male,Bhopal,Silver
9841,Customer_9841,55,Male,Lucknow,Platinum
9842,Customer_9842,46,Female,Guwahati,Silver
9843,Customer_9843,22,Female,Kolkata,Gold
9844,Customer_9844,26,Female,Kolkata,Silver
9845,Customer_9845,19,Male,Jaipur,Silver
9846,Customer_9846,18,Male,Visakhapatnam,Gold
9847,Customer_9847,57,Male,Kochi,Silver
9848,Customer_9848,47,Male,Lucknow,Gold
9849,Customer_9849,28,Female,Delhi,Gold
9850,Customer_9850,45,Male,Chandigarh,Platinum
9851,Customer_9851,61,Male,Patna,Gold
9852,Customer_9852,29,Female,Kochi,Silver
9853,Customer_9853,56,Female,Visakhapatnam,Platinum
9854,Customer_9854,43,Female,Surat,Gold
9855,Customer_9855,30,Male,Delhi,Gold
9856,Customer_9856,25,Male,Ahmedabad,Platinum
9857,Customer_9857,45,Male,Kolkata,Gold
9858,Customer_9858,47,Male,Hyderabad,Silver
9859,Customer_9859,26,Male,Visakhapatnam,Gold
9860,Customer_9860,56,Female,Nagpur,Silver
9861,Customer_9861,48,Female,Indore,Silver
9862,Customer_9862,38,Male,Hyderabad,Gold
9863,Customer_9863,64,Male,Indore,Silver
9864,Customer_9864,51,Male,Surat,Silver
9865,Customer_9865,48,Male,Bhopal,Silver
9866,Customer_9866,42,Male,Mumbai,Gold
9867,Customer_9867,29,Female,Bengaluru,Silver
9868,Customer_9868,18,Female,Chennai,Gold
9869,Customer_9869,39,Female,Kochi,Silver
9870,Customer_9870,57,Male,Hyderabad,Silver
9871,Customer_9871,54,Male,Pune,Silver
9872,Customer_9872,64,Female,Patna,Gold
9873,Customer_9873,18,Female,Indore,Silver
9874,Customer_9874,18,Male,Bengaluru,Platinum
9875,Customer_9875,59,Female,Hyderabad,Platinum
9876,Customer_9876,59,Female,Mumbai,Platinum
9877,Customer_9877,38,Male,Nagpur,Platinum
9878,Customer_9878,32,Female,Jaipur,Silver
9879,Customer_9879,34,Female,Coimbatore,Gold
9880,Customer_9880,39,Female,Guwahati,Gold
9881,Customer_9881,55,Male,Bhopal,Gold
9882,Customer_9882,52,Female,Surat,Platinum
9883,Customer_9883,62,Female,Bhopal,Gold
9884,Customer_9884,33,Female,Bhopal,Platinum
9885,Customer_9885,25,Male,Coimbatore,Silver
9886,Customer_9886,64,Male,Jaipur,Platinum
9887,Customer_9887,34,Female,Kochi,Gold
9888,Customer_9888,34,Male,Chandigarh,Gold
9889,Customer_9889,43,Female,Kochi,Silver
9890,Customer_9890,30,Male,Ahmedabad,Gold
9891,Customer_9891,34,Male,Indore,Platinum
9892,Customer_9892,55,Female,Mumbai,Silver
9893,Customer_9893,34,Female,Ahmedabad,Gold
9894,Customer_9894,31,Female,Bhopal,Silver
9895,Customer_9895,62,Male,Delhi,Platinum
9896,Customer_9896,23,Female,Surat,Silver
9897,Customer_9897,52,Male,Kochi,Silver
9898,Customer_9898,63,Male,Nagpur,Silver
9899,Customer_9899,31,Female,Nagpur,Gold
9900,Customer_9900,64,Male,Chandigarh,Silver
9901,Customer_9901,25,Female,Kochi,Gold
9902,Customer_9902,32,Male,Hyderabad,Platinum
9903,Customer_9903,44,Female,Pune,Platinum
9904,Customer_9904,30,Male,Delhi,Silver
9905,Customer_9905,48,Male,Patna,Platinum
9906,Customer_9906,52,Female,Visakhapatnam,Gold
9907,Customer_9907,23,Male,Coimbatore,Silver
9908,Customer_9908,22,Female,Surat,Silver
9909,Customer_9909,39,Male,Mumbai,Silver
9910,Customer_9910,40,Male,Guwahati,Platinum
9911,Customer_9911,42,Male,Patna,Silver
9912,Customer_9912,51,Female,Bhopal,Silver
9913,Customer_9913,43,Female,Patna,Gold
9914,Customer_9914,64,Female,Coimbatore,Gold
9915,Customer_9915,22,Female,Nagpur,Gold
9916,Customer_9916,43,Female,Hyderabad,Gold
9917,Customer_9917,37,Male,Bhopal,Silver
9918,Customer_9918,23,Male,Visakhapatnam,Platinum
9919,Customer_9919,23,Female,Hyderabad,Silver
9920,Customer_9920,35,Male,Jaipur,Gold
9921,Customer_9921,21,Male,Chennai,Gold
9922,Customer_9922,34,Male,Kochi,Silver
9923,Customer_9923,31,Male,Mumbai,Platinum
9924,Customer_9924,31,Female,Chandigarh,Silver
9925,Customer_9925,30,Male,Nagpur,Silver
9926,Customer_9926,24,Female,Ahmedabad,Platinum
9927,Customer_9927,61,Female,Nagpur,Gold
9928,Customer_9928,32,Male,Mumbai,Gold
9929,Customer_9929,36,Female,Chandigarh,Gold
9930,Customer_9930,60,Male,Chennai,Platinum
9931,Customer_9931,64,Male,Delhi,Silver
9932,Customer_9932,61,Male,Visakhapatnam,Silver
9933,Customer_9933,52,Female,Nagpur,Silver
9934,Customer_9934,34,Female,Ahmedabad,Silver
9935,Customer_9935,52,Female,Bengaluru,Gold
9936,Customer_9936,36,Male,Kolkata,Silver
9937,Customer_9937,37,Male,Hyderabad,Silver
9938,Customer_9938,53,Male,Ahmedabad,Silver
9939,Customer_9939,52,Female,Hyderabad,Gold
9940,Customer_9940,49,Male,Hyderabad,Platinum
9941,Customer_9941,61,Male,Chennai,Silver
9942,Customer_9942,57,Female,Pune,Gold
9943,Customer_9943,41,Female,Guwahati,Silver
9944,Customer_9944,34,Female,Pune,Gold
9945,Customer_9945,24,Male,Bengaluru,Silver
9946,Customer_9946,60,Male,Ahmedabad,Silver
9947,Customer_9947,18,Male,Delhi,Gold
9948,Customer_9948,52,Female,Delhi,Platinum
9949,Customer_9949,49,Female,Nagpur,Silver
9950,Customer_9950,53,Female,Hyderabad,Gold
9951,Customer_9951,30,Female,Lucknow,Gold
9952,Customer_9952,23,Male,Nagpur,Platinum
9953,Customer_9953,31,Male,Chennai,Silver
9954,Customer_9954,54,Male,Hyderabad,Silver
9955,Customer_9955,32,Male,Chandigarh,Platinum
9956,Customer_9956,64,Male,Delhi,Silver
9957,Customer_9957,21,Male,Hyderabad,Silver
9958,Customer_9958,57,Male,Jaipur,Silver
9959,Customer_9959,33,Male,Patna,Platinum
9960,Customer_9960,45,Female,Bhopal,Silver
9961,Customer_9961,33,Female,Bengaluru,Platinum
9962,Customer_9962,21,Male,Indore,Silver
9963,Customer_9963,62,Female,Patna,Silver
9964,Customer_9964,43,Male,Bengaluru,Silver
9965,Customer_9965,45,Male,Nagpur,Silver
9966,Customer_9966,49,Female,Mumbai,Gold
9967,Customer_9967,62,Male,Chennai,Gold
9968,Customer_9968,19,Male,Guwahati,Silver
9969,Customer_9969,48,Male,Bhopal,Silver
9970,Customer_9970,20,Male,Mumbai,Gold
9971,Customer_9971,25,Male,Kochi,Platinum
9972,Customer_9972,41,Male,Bengaluru,Gold
9973,Customer_9973,32,Male,Lucknow,Platinum
9974,Customer_9974,60,Female,Chandigarh,Silver
9975,Customer_9975,48,Female,Jaipur,Platinum
9976,Customer_9976,26,Male,Indore,Silver
9977,Customer_9977,56,Female,Patna,Silver
9978,Customer_9978,62,Male,Bengaluru,Platinum
9979,Customer_9979,19,Male,Chandigarh,Platinum
9980,Customer_9980,25,Male,Bhopal,Gold
9981,Customer_9981,24,Male,Kolkata,Silver
9982,Customer_9982,61,Female,Pune,Silver
9983,Customer_9983,56,Female,Jaipur,Silver
9984,Customer_9984,59,Female,Coimbatore,Platinum
9985,Customer_9985,33,Female,Ahmedabad,Silver
9986,Customer_9986,52,Male,Bhopal,Platinum
9987,Customer_9987,47,Female,Visakhapatnam,Silver
9988,Customer_9988,27,Male,Mumbai,Platinum
9989,Customer_9989,55,Male,Lucknow,Platinum
9990,Customer_9990,35,Female,Guwahati,Silver
9991,Customer_9991,22,Male,Jaipur,Silver
9992,Customer_9992,46,Female,Ahmedabad,Platinum
9993,Customer_9993,56,Female,Delhi,Gold
9994,Customer_9994,51,Female,Hyderabad,Gold
9995,Customer_9995,60,Female,Bhopal,Gold
9996,Customer_9996,62,Female,Guwahati,Silver
9997,Customer_9997,40,Male,Kochi,Platinum
9998,Customer_9998,22,Female,Mumbai,Silver
9999,Customer_9999,47,Female,Indore,Platinum
