Transaction_ID,Date,Store_ID,Product_ID,Customer_ID,Quantity,Unit_Price_INR,Revenue_INR
1,2024-12-17,1049,1383,5798,7,26627,186389
2,2024-06-02,1089,1252,8778,8,2888,23104
3,2024-12-03,1086,1833,5392,9,41918,377262
4,2024-10-19,1000,1987,6632,5,23851,119255
5,2024-06-14,1020,1646,5027,4,48691,194764
6,2024-09-28,1056,1933,8035,7,25457,178199
7,2024-01-24,1018,1178,8831,4,21358,85432
8,2024-04-24,1028,1382,6937,3,43965,131895
9,2024-12-16,1049,1625,7506,4,17722,70888
10,2024-09-16,1089,1256,5984,8,45527,364216
11,2024-11-01,1033,1465,7820,8,12535,100280
12,2024-12-29,1080,1843,5808,6,12479,74874
13,2024-08-13,1081,1756,8147,8,49731,397848
14,2024-04-11,1053,1688,6225,4,41027,164108
15,2024-05-10,1031,1455,6224,3,22058,66174
16,2024-09-20,1003,1531,5372,7,5012,35084
17,2024-01-12,1029,1354,8393,6,31794,190764
18,2024-11-17,1094,1553,7376,6,37224,223344
19,2024-06-29,1017,1143,8703,2,20598,41196
20,2024-12-14,1068,1753,6202,2,43548,87096
21,2024-06-09,1095,1544,9239,5,26010,130050
22,2024-04-23,1028,1999,5192,3,13099,39297
23,2024-01-18,1011,1600,9564,3,5061,15183
24,2024-04-13,1014,1594,6265,9,5722,51498
25,2024-07-04,1078,1482,9672,9,22637,203733
26,2024-12-07,1098,1783,9528,1,11628,11628
27,2024-04-02,1052,1911,7094,6,5385,32310
28,2024-10-27,1034,1687,7343,2,14018,28036
29,2024-05-22,1051,1600,5303,5,5061,25305
30,2024-05-22,1052,1991,7463,2,22166,44332
31,2024-10-27,1013,1310,8031,6,21703,130218
32,2024-04-09,1017,1747,6830,9,11873,106857
33,2024-03-02,1037,1667,8744,7,49111,343777
34,2024-03-24,1085,1712,7461,1,6005,6005
35,2024-10-02,1037,1721,7713,6,49649,297894
36,2024-06-15,1054,1662,5554,2,48902,97804
37,2024-10-21,1010,1797,6462,2,12205,24410
38,2024-05-08,1066,1444,7603,3,45664,136992
39,2024-12-29,1052,1095,6101,8,27357,218856
40,2024-03-07,1077,1343,7155,7,3085,21595
41,2024-02-16,1043,1714,5386,4,17492,69968
42,2024-11-05,1024,1243,8930,3,43676,131028
43,2024-05-27,1061,1636,6417,1,25955,25955
44,2024-09-06,1013,1537,5521,4,17647,70588
45,2024-05-16,1046,1394,8299,8,29500,236000
46,2024-04-04,1094,1275,7081,1,23643,23643
47,2024-08-25,1088,1811,7201,2,25774,51548
48,2024-10-10,1054,1785,9923,2,26118,52236
49,2024-11-15,1082,1673,6153,9,33346,300114
50,2024-02-04,1011,1099,7037,1,9440,9440
51,2024-10-22,1006,1515,9652,6,43934,263604
52,2024-12-23,1048,1724,5004,4,29112,116448
53,2024-09-14,1013,1089,6358,9,47903,431127
54,2024-09-26,1028,1653,8480,6,11287,67722
55,2024-12-20,1046,1857,6817,9,1230,11070
56,2024-11-19,1013,1396,5726,2,33873,67746
57,2024-02-16,1086,1601,6620,2,33630,67260
58,2024-04-03,1050,1040,9137,6,45320,271920
59,2024-06-30,1013,1974,8230,2,11100,22200
60,2024-07-08,1086,1602,8742,4,23417,93668
61,2024-02-20,1007,1440,5499,4,36881,147524
62,2024-07-24,1076,1470,5249,5,27356,136780
63,2024-10-30,1099,1533,5330,7,35917,251419
64,2024-11-28,1064,1649,6872,1,38461,38461
65,2024-05-04,1036,1964,8285,5,14688,73440
66,2024-07-30,1089,1963,5239,7,23878,167146
67,2024-09-22,1067,1049,9895,3,41768,125304
68,2024-05-14,1015,1611,6090,3,13489,40467
69,2024-09-29,1088,1271,6214,8,12842,102736
70,2024-10-04,1082,1991,8392,4,22166,88664
71,2024-11-10,1019,1906,9267,2,31220,62440
72,2024-10-26,1089,1870,8768,6,27483,164898
73,2024-09-23,1095,1992,6700,5,28885,144425
74,2024-10-24,1066,1482,7065,7,22637,158459
75,2024-10-05,1070,1495,8443,2,7401,14802
76,2024-08-01,1031,1963,9706,5,23878,119390
77,2024-03-02,1068,1470,6653,5,27356,136780
78,2024-02-23,1084,1322,7143,3,2225,6675
79,2024-12-03,1029,1787,7969,8,1417,11336
80,2024-12-30,1019,1192,7336,7,41115,287805
81,2024-04-21,1057,1507,5215,9,30197,271773
82,2024-09-25,1028,1288,9021,6,48434,290604
83,2024-11-19,1023,1137,9728,5,25216,126080
84,2024-04-16,1000,1450,9554,5,40929,204645
85,2024-10-09,1088,1310,8453,6,21703,130218
86,2024-06-16,1026,1927,5258,1,22546,22546
87,2024-03-14,1088,1556,9774,7,10626,74382
88,2024-08-23,1020,1186,7886,2,9857,19714
89,2024-04-01,1016,1869,8467,3,45211,135633
90,2024-03-25,1091,1286,8104,5,17612,88060
91,2024-03-15,1031,1468,9885,8,46406,371248
92,2024-03-24,1043,1471,9002,9,12532,112788
93,2024-09-01,1097,1634,8993,9,4609,41481
94,2024-08-15,1021,1087,9562,1,46213,46213
95,2024-03-23,1041,1435,8964,2,39178,78356
96,2024-01-15,1082,1137,5428,5,25216,126080
97,2024-10-27,1061,1773,7628,3,29210,87630
98,2024-06-29,1047,1731,8170,6,18512,111072
99,2024-12-03,1007,1640,6936,3,29286,87858
100,2024-09-19,1001,1761,8203,3,7024,21072
101,2024-03-18,1004,1878,9361,5,12486,62430
102,2024-08-16,1027,1941,5221,7,41670,291690
103,2024-08-20,1003,1363,6380,7,19633,137431
104,2024-01-30,1052,1841,7748,8,19616,156928
105,2024-06-03,1099,1872,8989,2,44686,89372
106,2024-10-31,1000,1925,9244,5,43646,218230
107,2024-07-03,1078,1116,5126,2,7788,15576
108,2024-12-22,1076,1846,6263,6,36452,218712
109,2024-09-11,1094,1461,7326,5,27047,135235
110,2024-06-17,1080,1958,6630,1,10835,10835
111,2024-03-21,1005,1855,6424,8,13215,105720
112,2024-10-12,1087,1062,8948,7,36031,252217
113,2024-07-28,1054,1073,8348,1,21448,21448
114,2024-09-15,1051,1473,9192,1,38111,38111
115,2024-02-06,1076,1896,9238,1,15350,15350
116,2024-10-12,1084,1381,6247,4,40684,162736
117,2024-02-23,1023,1019,5314,7,35500,248500
118,2024-07-30,1061,1028,7958,8,18487,147896
119,2024-12-07,1055,1161,8442,9,29202,262818
120,2024-04-09,1085,1705,8412,8,24856,198848
121,2024-03-25,1092,1705,7673,4,24856,99424
122,2024-07-31,1023,1641,9858,3,44537,133611
123,2024-09-20,1075,1967,5731,7,16262,113834
124,2024-03-26,1019,1821,5421,6,34667,208002
125,2024-03-03,1033,1856,7885,1,27650,27650
126,2024-07-10,1014,1273,7826,5,24724,123620
127,2024-04-02,1050,1748,8447,6,42108,252648
128,2024-09-09,1003,1720,8528,4,21576,86304
129,2024-05-17,1052,1285,7544,1,48772,48772
130,2024-02-18,1013,1263,8336,4,21381,85524
131,2024-04-30,1064,1681,6401,4,1693,6772
132,2024-02-08,1032,1749,8298,2,33974,67948
133,2024-02-03,1049,1668,9063,8,38344,306752
134,2024-12-23,1062,1050,8547,9,34507,310563
135,2024-09-22,1049,1850,6179,5,7487,37435
136,2024-01-09,1092,1119,7797,4,10267,41068
137,2024-07-06,1073,1868,9370,4,42952,171808
138,2024-04-05,1035,1407,9448,5,16665,83325
139,2024-05-12,1077,1465,8030,8,12535,100280
140,2024-06-11,1085,1649,6243,2,38461,76922
141,2024-05-18,1096,1655,8331,4,13830,55320
142,2024-10-24,1091,1632,7862,4,20338,81352
143,2024-03-20,1070,1561,6890,1,46597,46597
144,2024-03-31,1099,1552,5388,5,43077,215385
145,2024-09-12,1099,1745,9219,5,33660,168300
146,2024-05-27,1049,1565,8375,8,28460,227680
147,2024-06-27,1040,1811,6405,5,25774,128870
148,2024-09-13,1097,1315,9207,9,22438,201942
149,2024-08-05,1069,1324,7894,2,44675,89350
150,2024-09-23,1098,1846,8297,9,36452,328068
151,2024-11-12,1026,1022,7535,6,13322,79932
152,2024-03-19,1029,1222,8630,7,27819,194733
153,2024-06-15,1031,1605,7408,4,6446,25784
154,2024-04-13,1082,1838,8234,7,29512,206584
155,2024-10-30,1021,1787,9142,6,1417,8502
156,2024-12-03,1084,1038,7647,4,15850,63400
157,2024-10-10,1068,1770,7944,4,23712,94848
158,2024-12-10,1020,1770,5054,1,23712,23712
159,2024-08-02,1055,1926,7314,5,30655,153275
160,2024-03-15,1083,1262,9640,4,25428,101712
161,2024-08-12,1030,1384,6989,4,37254,149016
162,2024-12-01,1058,1695,9023,5,13120,65600
163,2024-10-18,1069,1410,6343,9,7197,64773
164,2024-12-08,1094,1704,8036,8,1705,13640
165,2024-03-10,1042,1581,8129,7,14424,100968
166,2024-12-28,1087,1467,7667,3,29345,88035
167,2024-07-08,1053,1678,7321,5,17342,86710
168,2024-04-15,1017,1107,7732,7,3873,27111
169,2024-03-10,1054,1770,8194,2,23712,47424
170,2024-01-10,1028,1186,7195,2,9857,19714
171,2024-08-01,1060,1257,6233,5,42754,213770
172,2024-01-05,1050,1763,7804,9,1795,16155
173,2024-01-28,1075,1942,5144,3,24447,73341
174,2024-11-10,1011,1351,5600,1,33002,33002
175,2024-08-28,1092,1506,9868,7,8031,56217
176,2024-08-23,1060,1275,7421,9,23643,212787
177,2024-04-01,1070,1483,6379,6,15452,92712
178,2024-11-13,1015,1282,9832,6,45489,272934
179,2024-12-10,1011,1595,5782,4,37237,148948
180,2024-12-28,1061,1786,8535,8,21287,170296
181,2024-02-07,1084,1694,5997,2,34535,69070
182,2024-08-06,1067,1318,7214,6,825,4950
183,2024-05-31,1059,1724,9439,7,29112,203784
184,2024-07-10,1080,1554,8332,2,38592,77184
185,2024-04-30,1027,1467,8778,5,29345,146725
186,2024-06-19,1063,1644,6672,4,37636,150544
187,2024-04-19,1094,1374,5189,1,2364,2364
188,2024-05-23,1071,1915,8805,6,41528,249168
189,2024-03-06,1049,1715,9590,9,3186,28674
190,2024-11-17,1025,1623,7749,5,30533,152665
191,2024-07-15,1039,1188,7493,4,1419,5676
192,2024-02-15,1054,1189,8771,2,43361,86722
193,2024-05-28,1030,1073,9528,8,21448,171584
194,2024-02-29,1082,1500,5680,9,28433,255897
195,2024-05-17,1070,1702,5305,6,19011,114066
196,2024-03-30,1004,1149,5993,6,48477,290862
197,2024-07-30,1012,1805,6401,6,2604,15624
198,2024-06-17,1017,1091,9301,2,20537,41074
199,2024-04-22,1081,1651,7487,5,7713,38565
200,2024-12-06,1049,1614,5768,7,3468,24276
201,2024-03-06,1083,1713,5192,8,41673,333384
202,2024-10-28,1086,1239,8007,8,34453,275624
203,2024-04-27,1035,1060,8329,5,20955,104775
204,2024-08-12,1051,1610,5011,5,35962,179810
205,2024-05-30,1032,1815,5940,6,38970,233820
206,2024-06-15,1063,1235,5214,4,18099,72396
207,2024-04-04,1070,1231,5673,8,28799,230392
208,2024-09-16,1068,1228,5784,7,15383,107681
209,2024-09-15,1095,1912,7856,2,5786,11572
210,2024-04-29,1072,1755,5717,6,46322,277932
211,2024-03-14,1029,1730,7506,6,29338,176028
212,2024-12-27,1095,1307,9806,4,20980,83920
213,2024-04-05,1067,1557,9416,6,35485,212910
214,2024-10-18,1088,1055,8838,9,48490,436410
215,2024-06-25,1021,1284,7287,9,10530,94770
216,2024-01-27,1058,1217,5014,1,8286,8286
217,2024-11-04,1007,1328,9972,7,11465,80255
218,2024-10-31,1065,1178,6189,4,21358,85432
219,2024-07-29,1036,1126,8336,2,29520,59040
220,2024-12-23,1098,1971,9265,8,40560,324480
221,2024-09-13,1055,1234,5725,3,42706,128118
222,2024-11-13,1060,1921,9786,2,38414,76828
223,2024-07-23,1085,1224,9173,9,47220,424980
224,2024-12-20,1064,1735,5738,5,887,4435
225,2024-03-06,1041,1330,5207,8,16591,132728
226,2024-05-29,1096,1028,5914,8,18487,147896
227,2024-06-15,1048,1186,7920,4,9857,39428
228,2024-08-07,1067,1775,5193,3,23882,71646
229,2024-10-26,1008,1792,5099,6,8128,48768
230,2024-09-14,1007,1723,6527,7,1340,9380
231,2024-07-21,1057,1148,7250,7,46234,323638
232,2024-08-27,1085,1003,7055,5,32717,163585
233,2024-11-10,1053,1291,8951,7,12383,86681
234,2024-08-16,1084,1682,9804,2,15868,31736
235,2024-06-04,1047,1732,8615,9,11948,107532
236,2024-08-05,1053,1082,9037,3,15855,47565
237,2024-07-13,1027,1153,9103,1,13885,13885
238,2024-09-26,1065,1803,6795,3,2103,6309
239,2024-01-16,1080,1984,5803,5,15805,79025
240,2024-08-28,1030,1918,9248,1,44740,44740
241,2024-09-08,1012,1997,8353,6,42764,256584
242,2024-02-20,1058,1475,8374,1,14320,14320
243,2024-12-21,1081,1680,8271,6,33510,201060
244,2024-01-28,1087,1330,8086,1,16591,16591
245,2024-02-22,1030,1348,6705,8,16446,131568
246,2024-11-03,1032,1939,9492,2,9982,19964
247,2024-04-25,1052,1305,7026,2,23268,46536
248,2024-01-09,1094,1467,8566,2,29345,58690
249,2024-01-11,1090,1776,9785,1,20535,20535
250,2024-04-16,1035,1727,9091,2,37083,74166
251,2024-10-27,1084,1686,6077,8,14321,114568
252,2024-12-06,1068,1112,6720,8,30683,245464
253,2024-09-14,1074,1168,9747,6,34337,206022
254,2024-06-30,1097,1268,5348,4,12176,48704
255,2024-06-18,1033,1697,6407,4,32518,130072
256,2024-11-20,1060,1961,8731,8,41361,330888
257,2024-05-18,1059,1336,9551,8,7606,60848
258,2024-10-11,1002,1753,9092,8,43548,348384
259,2024-04-20,1005,1185,5292,4,21727,86908
260,2024-04-01,1019,1730,9254,2,29338,58676
261,2024-08-07,1003,1357,6502,3,23182,69546
262,2024-01-05,1052,1321,5024,3,8702,26106
263,2024-01-20,1070,1253,9913,6,29095,174570
264,2024-04-10,1061,1160,6644,1,7558,7558
265,2024-10-21,1080,1452,6543,1,855,855
266,2024-06-05,1037,1845,8677,3,10371,31113
267,2024-01-01,1035,1026,9514,3,36901,110703
268,2024-07-30,1033,1305,9465,2,23268,46536
269,2024-04-28,1005,1570,6515,4,8016,32064
270,2024-09-16,1065,1355,6812,5,22902,114510
271,2024-06-23,1017,1986,8616,3,40631,121893
272,2024-05-13,1026,1589,9352,7,48141,336987
273,2024-04-11,1038,1462,9423,5,37828,189140
274,2024-03-02,1050,1154,5253,4,48402,193608
275,2024-02-23,1018,1698,7818,2,23817,47634
276,2024-10-31,1095,1695,9749,9,13120,118080
277,2024-01-07,1087,1890,5121,3,3621,10863
278,2024-12-21,1033,1501,5032,9,43872,394848
279,2024-01-03,1088,1327,6283,1,23073,23073
280,2024-11-27,1023,1468,7597,3,46406,139218
281,2024-11-30,1024,1673,6176,4,33346,133384
282,2024-05-28,1075,1304,9726,3,28721,86163
283,2024-10-14,1093,1731,7536,6,18512,111072
284,2024-01-12,1069,1727,9325,7,37083,259581
285,2024-04-13,1029,1656,5200,9,29309,263781
286,2024-04-20,1096,1377,5554,9,46503,418527
287,2024-09-19,1078,1248,6189,7,3136,21952
288,2024-06-21,1092,1371,8106,7,36716,257012
289,2024-04-04,1053,1767,5950,3,38045,114135
290,2024-11-16,1077,1325,5817,8,30607,244856
291,2024-07-21,1024,1933,5845,2,25457,50914
292,2024-02-14,1004,1466,5229,4,38377,153508
293,2024-02-03,1001,1000,7337,3,16915,50745
294,2024-07-29,1079,1677,5920,9,26853,241677
295,2024-08-12,1062,1537,7473,6,17647,105882
296,2024-09-20,1053,1196,9854,7,37451,262157
297,2024-10-27,1037,1707,6774,6,33347,200082
298,2024-08-13,1016,1280,9161,8,33453,267624
299,2024-04-13,1030,1876,9948,1,12843,12843
300,2024-08-08,1000,1627,8105,7,31217,218519
301,2024-11-29,1005,1496,7002,6,9618,57708
302,2024-10-27,1094,1057,5926,1,43305,43305
303,2024-05-02,1069,1428,5665,1,35537,35537
304,2024-08-09,1035,1021,8403,1,47038,47038
305,2024-02-12,1007,1431,9220,6,31367,188202
306,2024-07-28,1092,1268,6886,3,12176,36528
307,2024-12-02,1072,1982,9463,6,40953,245718
308,2024-01-11,1085,1608,7057,9,9796,88164
309,2024-08-03,1009,1408,9232,4,3944,15776
310,2024-06-12,1023,1521,5180,1,28007,28007
311,2024-08-12,1062,1273,6477,2,24724,49448
312,2024-08-12,1039,1054,7133,5,1586,7930
313,2024-09-02,1001,1922,9815,7,37919,265433
314,2024-05-25,1019,1823,9309,5,25362,126810
315,2024-07-09,1080,1567,6190,6,16301,97806
316,2024-09-17,1032,1560,6340,1,27518,27518
317,2024-10-13,1013,1409,9147,5,31604,158020
318,2024-01-16,1095,1368,7243,6,6152,36912
319,2024-07-12,1053,1489,5712,1,3018,3018
320,2024-01-09,1054,1115,5681,2,7215,14430
321,2024-01-02,1036,1769,5586,6,44109,264654
322,2024-10-19,1087,1329,6410,7,42065,294455
323,2024-03-24,1083,1955,5363,2,2126,4252
324,2024-07-27,1005,1083,6932,1,39293,39293
325,2024-02-27,1032,1293,9472,6,41030,246180
326,2024-12-04,1049,1130,8644,5,25912,129560
327,2024-04-15,1091,1969,6097,3,9959,29877
328,2024-05-15,1074,1987,5726,9,23851,214659
329,2024-11-03,1099,1466,5499,1,38377,38377
330,2024-11-26,1083,1890,6120,9,3621,32589
331,2024-03-17,1069,1464,6974,1,22820,22820
332,2024-11-20,1071,1107,5589,7,3873,27111
333,2024-07-28,1082,1564,5847,1,30569,30569
334,2024-08-19,1078,1427,6106,6,40537,243222
335,2024-05-04,1085,1382,5928,9,43965,395685
336,2024-06-28,1050,1790,8112,7,23716,166012
337,2024-10-16,1065,1539,8009,6,27190,163140
338,2024-08-01,1060,1346,7661,5,47428,237140
339,2024-04-06,1027,1159,8760,3,31216,93648
340,2024-09-05,1099,1229,6799,2,42251,84502
341,2024-08-08,1099,1203,5595,2,48654,97308
342,2024-01-13,1043,1531,7260,9,5012,45108
343,2024-11-01,1081,1389,9692,3,39971,119913
344,2024-03-31,1011,1770,7168,7,23712,165984
345,2024-07-11,1082,1002,7503,4,45041,180164
346,2024-07-17,1056,1790,9520,7,23716,166012
347,2024-09-16,1025,1328,9810,6,11465,68790
348,2024-03-04,1024,1032,6672,4,4566,18264
349,2024-11-25,1091,1931,7288,3,13149,39447
350,2024-08-19,1014,1831,6631,4,34894,139576
351,2024-08-14,1073,1395,8519,2,48559,97118
352,2024-06-15,1097,1701,7979,2,9978,19956
353,2024-09-07,1076,1281,5430,4,13443,53772
354,2024-07-04,1079,1804,7736,3,41212,123636
355,2024-09-05,1052,1369,5694,5,12505,62525
356,2024-09-28,1094,1175,5118,1,18560,18560
357,2024-12-05,1064,1585,6929,7,23888,167216
358,2024-05-17,1053,1555,6598,4,46509,186036
359,2024-04-18,1086,1138,7811,6,32156,192936
360,2024-11-13,1077,1978,5489,2,42583,85166
361,2024-02-13,1038,1452,7461,4,855,3420
362,2024-12-07,1093,1279,5540,5,11937,59685
363,2024-12-02,1050,1226,6461,6,14368,86208
364,2024-07-19,1019,1603,6266,1,11930,11930
365,2024-04-13,1063,1349,6274,4,35167,140668
366,2024-04-29,1088,1530,8237,2,12245,24490
367,2024-12-27,1010,1709,5282,1,38108,38108
368,2024-01-28,1089,1311,7775,9,10683,96147
369,2024-04-16,1051,1304,6057,1,28721,28721
370,2024-10-06,1084,1630,8862,2,30824,61648
371,2024-01-28,1053,1108,5755,9,28093,252837
372,2024-07-04,1068,1998,9941,8,15104,120832
373,2024-07-13,1006,1722,8140,4,26176,104704
374,2024-05-25,1011,1498,6652,2,6814,13628
375,2024-09-16,1001,1056,5072,8,18244,145952
376,2024-12-25,1020,1094,7878,3,37898,113694
377,2024-06-25,1095,1633,7030,1,48943,48943
378,2024-05-07,1068,1491,8869,2,27282,54564
379,2024-04-15,1090,1778,6547,4,15136,60544
380,2024-12-17,1094,1958,7835,1,10835,10835
381,2024-07-29,1075,1253,8775,6,29095,174570
382,2024-12-14,1035,1848,5924,4,48505,194020
383,2024-11-17,1020,1144,5182,6,27045,162270
384,2024-11-09,1052,1881,6291,5,23705,118525
385,2024-01-11,1018,1782,7581,4,4722,18888
386,2024-12-25,1002,1965,8821,7,36304,254128
387,2024-11-16,1059,1445,7966,7,36864,258048
388,2024-01-17,1080,1671,9396,4,8793,35172
389,2024-12-01,1093,1167,5106,4,6125,24500
390,2024-03-06,1099,1138,9891,4,32156,128624
391,2024-04-22,1072,1377,9839,8,46503,372024
392,2024-05-11,1033,1268,6608,5,12176,60880
393,2024-03-11,1028,1336,8268,5,7606,38030
394,2024-03-01,1073,1027,5001,9,4719,42471
395,2024-11-09,1056,1752,7665,6,34734,208404
396,2024-08-31,1072,1465,9635,4,12535,50140
397,2024-11-04,1039,1155,7380,7,17655,123585
398,2024-01-05,1049,1943,9276,8,35652,285216
399,2024-11-12,1074,1438,7701,7,35923,251461
400,2024-01-21,1018,1015,5173,6,7710,46260
401,2024-07-04,1021,1803,8814,2,2103,4206
402,2024-07-27,1050,1752,5380,5,34734,173670
403,2024-08-18,1048,1167,6993,6,6125,36750
404,2024-01-14,1051,1915,7548,2,41528,83056
405,2024-12-17,1021,1230,6221,9,32906,296154
406,2024-03-19,1061,1602,9642,4,23417,93668
407,2024-06-30,1059,1231,7991,5,28799,143995
408,2024-03-18,1079,1352,5938,5,42618,213090
409,2024-10-23,1080,1513,9371,7,27223,190561
410,2024-09-28,1006,1204,9151,9,28131,253179
411,2024-02-20,1052,1257,8179,9,42754,384786
412,2024-09-13,1030,1762,7050,6,49256,295536
413,2024-10-22,1003,1383,5835,9,26627,239643
414,2024-01-18,1092,1356,8978,4,10596,42384
415,2024-10-16,1006,1324,8944,5,44675,223375
416,2024-08-05,1093,1069,6596,5,14466,72330
417,2024-04-09,1002,1561,6502,5,46597,232985
418,2024-05-28,1024,1863,7936,1,7895,7895
419,2024-06-03,1033,1175,9517,7,18560,129920
420,2024-04-11,1032,1510,8411,6,42356,254136
421,2024-04-24,1094,1151,8582,3,42146,126438
422,2024-09-26,1087,1720,6786,8,21576,172608
423,2024-04-01,1037,1392,6879,6,38691,232146
424,2024-01-21,1003,1244,8861,9,10128,91152
425,2024-04-29,1047,1121,6832,7,36164,253148
426,2024-01-19,1073,1167,5211,8,6125,49000
427,2024-01-24,1088,1935,5109,9,11166,100494
428,2024-01-26,1060,1129,7684,6,35845,215070
429,2024-06-01,1064,1584,6391,8,2958,23664
430,2024-10-27,1080,1901,6384,2,8528,17056
431,2024-12-29,1070,1658,7438,1,13936,13936
432,2024-07-20,1077,1608,6453,9,9796,88164
433,2024-05-18,1060,1888,9557,6,41201,247206
434,2024-10-06,1000,1018,8326,3,44894,134682
435,2024-01-24,1005,1672,7844,3,18307,54921
436,2024-01-12,1073,1884,5834,8,6299,50392
437,2024-05-14,1020,1503,5358,3,8683,26049
438,2024-03-21,1066,1748,9316,6,42108,252648
439,2024-12-20,1082,1828,5335,6,29328,175968
440,2024-03-10,1027,1541,5852,5,8122,40610
441,2024-07-22,1065,1998,9438,7,15104,105728
442,2024-03-19,1026,1116,9991,4,7788,31152
443,2024-10-05,1031,1189,5881,6,43361,260166
444,2024-07-17,1011,1652,8053,1,43383,43383
445,2024-10-20,1064,1913,7527,3,32784,98352
446,2024-10-11,1045,1897,8310,7,10068,70476
447,2024-06-04,1039,1002,5217,9,45041,405369
448,2024-03-16,1092,1901,5003,1,8528,8528
449,2024-08-06,1008,1923,9631,4,725,2900
450,2024-11-19,1081,1332,9008,7,37014,259098
451,2024-10-03,1061,1339,9458,9,20066,180594
452,2024-09-21,1099,1159,6547,8,31216,249728
453,2024-02-18,1015,1894,7859,2,20880,41760
454,2024-04-07,1098,1827,7184,2,34247,68494
455,2024-10-19,1099,1414,5165,9,15075,135675
456,2024-01-21,1067,1572,7636,2,13233,26466
457,2024-01-23,1039,1264,7872,7,44587,312109
458,2024-05-17,1034,1066,5950,9,2378,21402
459,2024-08-17,1082,1949,8287,8,5852,46816
460,2024-11-21,1059,1094,5897,5,37898,189490
461,2024-12-22,1069,1718,5367,2,27095,54190
462,2024-01-29,1094,1579,8941,6,14373,86238
463,2024-11-10,1090,1240,9333,7,46264,323848
464,2024-01-21,1002,1016,5338,7,45421,317947
465,2024-12-07,1052,1748,8310,5,42108,210540
466,2024-04-08,1099,1826,7193,9,23187,208683
467,2024-03-03,1058,1414,5065,6,15075,90450
468,2024-10-28,1035,1220,5473,9,8580,77220
469,2024-05-12,1065,1714,6087,8,17492,139936
470,2024-01-15,1036,1700,6751,9,3129,28161
471,2024-04-14,1078,1863,8567,1,7895,7895
472,2024-04-20,1086,1039,5666,2,34809,69618
473,2024-12-04,1043,1130,6332,8,25912,207296
474,2024-12-01,1063,1689,6466,6,15943,95658
475,2024-04-20,1050,1128,9725,1,28413,28413
476,2024-12-28,1005,1519,8612,1,29481,29481
477,2024-12-08,1096,1829,7119,1,7115,7115
478,2024-01-04,1068,1191,5222,3,39493,118479
479,2024-05-31,1020,1424,6805,9,35271,317439
480,2024-02-11,1056,1784,5579,6,46867,281202
481,2024-01-26,1027,1455,6564,2,22058,44116
482,2024-12-27,1084,1810,7616,8,25598,204784
483,2024-07-12,1023,1224,7677,3,47220,141660
484,2024-12-25,1091,1729,7416,1,14713,14713
485,2024-01-08,1074,1513,8482,6,27223,163338
486,2024-03-13,1062,1174,9927,4,7467,29868
487,2024-03-18,1021,1315,8762,6,22438,134628
488,2024-05-27,1033,1176,6661,8,43603,348824
489,2024-11-17,1036,1092,9842,4,47800,191200
490,2024-03-08,1040,1270,7997,4,31057,124228
491,2024-12-20,1080,1892,5073,6,21617,129702
492,2024-07-01,1078,1605,7633,2,6446,12892
493,2024-11-29,1092,1433,6437,3,38607,115821
494,2024-03-25,1097,1747,7526,2,11873,23746
495,2024-03-19,1042,1941,7287,9,41670,375030
496,2024-02-08,1021,1459,8228,4,45945,183780
497,2024-11-01,1090,1513,9040,3,27223,81669
498,2024-01-20,1014,1123,5970,2,1072,2144
499,2024-03-10,1020,1724,8799,1,29112,29112
500,2024-06-04,1051,1668,9440,2,38344,76688
501,2024-04-26,1003,1889,8062,4,24253,97012
502,2024-01-28,1046,1924,8769,4,4448,17792
503,2024-04-07,1017,1079,9940,7,49659,347613
504,2024-11-24,1070,1370,6421,3,43867,131601
505,2024-05-30,1079,1094,5040,7,37898,265286
506,2024-12-29,1034,1188,6461,4,1419,5676
507,2024-01-22,1075,1864,5773,9,47551,427959
508,2024-09-17,1006,1121,5204,7,36164,253148
509,2024-02-29,1040,1833,5896,2,41918,83836
510,2024-06-11,1009,1043,8579,9,39027,351243
511,2024-04-23,1061,1259,5796,9,28140,253260
512,2024-12-19,1064,1806,6741,2,44863,89726
513,2024-07-14,1011,1187,7938,8,1166,9328
514,2024-02-14,1090,1816,5409,7,7498,52486
515,2024-04-22,1027,1260,9950,1,29907,29907
516,2024-06-27,1057,1961,5609,1,41361,41361
517,2024-09-26,1055,1556,7749,8,10626,85008
518,2024-11-20,1017,1059,7051,5,28820,144100
519,2024-02-25,1064,1263,9134,9,21381,192429
520,2024-12-12,1056,1817,7672,3,37686,113058
521,2024-09-23,1049,1547,9951,3,40936,122808
522,2024-04-24,1086,1837,9641,8,8322,66576
523,2024-12-22,1080,1936,5119,5,37368,186840
524,2024-06-15,1044,1009,5280,1,39529,39529
525,2024-12-19,1061,1803,7318,9,2103,18927
526,2024-04-24,1064,1835,6152,2,2515,5030
527,2024-03-20,1054,1102,9471,7,32715,229005
528,2024-11-09,1037,1909,7952,8,11330,90640
529,2024-10-12,1003,1843,9410,4,12479,49916
530,2024-11-18,1014,1110,7189,3,40173,120519
531,2024-01-29,1020,1784,6128,1,46867,46867
532,2024-02-11,1020,1532,5798,7,5634,39438
533,2024-04-28,1050,1500,9823,7,28433,199031
534,2024-03-02,1085,1204,5503,9,28131,253179
535,2024-06-03,1077,1096,9148,6,32486,194916
536,2024-10-11,1034,1821,9339,4,34667,138668
537,2024-07-07,1003,1396,7441,1,33873,33873
538,2024-10-11,1098,1895,9713,6,11889,71334
539,2024-04-13,1031,1943,6194,2,35652,71304
540,2024-02-26,1091,1812,8217,9,38891,350019
541,2024-11-06,1011,1648,6338,7,36724,257068
542,2024-06-20,1053,1566,6355,1,26408,26408
543,2024-06-04,1029,1561,9962,4,46597,186388
544,2024-06-13,1008,1495,9459,5,7401,37005
545,2024-11-28,1018,1531,5085,3,5012,15036
546,2024-03-09,1079,1363,7506,9,19633,176697
547,2024-02-27,1029,1935,6837,9,11166,100494
548,2024-07-25,1064,1256,6200,9,45527,409743
549,2024-03-25,1044,1204,7443,2,28131,56262
550,2024-11-20,1022,1341,7647,3,46261,138783
551,2024-04-10,1075,1498,9666,7,6814,47698
552,2024-10-18,1004,1972,8380,6,2059,12354
553,2024-09-07,1083,1191,8395,8,39493,315944
554,2024-08-07,1066,1802,9452,1,28913,28913
555,2024-06-08,1065,1123,6726,8,1072,8576
556,2024-07-05,1042,1125,6564,1,9279,9279
557,2024-03-27,1083,1192,6886,6,41115,246690
558,2024-11-25,1001,1237,5088,8,26610,212880
559,2024-12-14,1047,1247,8492,7,27343,191401
560,2024-06-03,1057,1820,7326,3,13281,39843
561,2024-12-20,1039,1224,9854,7,47220,330540
562,2024-10-06,1098,1188,5432,3,1419,4257
563,2024-12-08,1052,1772,6109,3,19114,57342
564,2024-11-18,1058,1221,8954,5,9942,49710
565,2024-06-12,1067,1964,6645,2,14688,29376
566,2024-03-08,1062,1618,7453,1,24746,24746
567,2024-12-27,1035,1600,9464,4,5061,20244
568,2024-10-14,1039,1955,7441,4,2126,8504
569,2024-07-30,1005,1089,5823,4,47903,191612
570,2024-04-29,1013,1402,6974,9,17755,159795
571,2024-07-03,1078,1971,7962,3,40560,121680
572,2024-08-03,1032,1056,9128,6,18244,109464
573,2024-05-09,1018,1519,5802,7,29481,206367
574,2024-03-18,1075,1457,5378,7,28063,196441
575,2024-06-18,1042,1401,8102,5,11881,59405
576,2024-02-07,1053,1872,6457,2,44686,89372
577,2024-02-24,1072,1394,6142,2,29500,59000
578,2024-10-16,1082,1957,8885,9,43228,389052
579,2024-02-15,1095,1157,9873,1,43351,43351
580,2024-06-19,1091,1126,9418,1,29520,29520
581,2024-05-09,1091,1516,7209,8,47674,381392
582,2024-06-12,1094,1983,6830,7,10376,72632
583,2024-03-10,1060,1236,9313,9,31314,281826
584,2024-10-18,1099,1332,8779,6,37014,222084
585,2024-03-09,1012,1823,7969,3,25362,76086
586,2024-04-14,1041,1035,7882,2,18947,37894
587,2024-02-23,1096,1624,7137,7,11657,81599
588,2024-12-28,1017,1154,9984,1,48402,48402
589,2024-09-04,1092,1543,5129,8,31348,250784
590,2024-11-04,1071,1909,9107,8,11330,90640
591,2024-04-15,1085,1936,9922,9,37368,336312
592,2024-12-14,1064,1117,6404,9,40642,365778
593,2024-11-10,1047,1321,5031,9,8702,78318
594,2024-04-06,1094,1515,7098,7,43934,307538
595,2024-12-07,1083,1266,5379,3,36360,109080
596,2024-01-27,1035,1361,8429,6,20617,123702
597,2024-03-12,1086,1484,5266,6,36752,220512
598,2024-07-03,1080,1815,6823,2,38970,77940
599,2024-05-13,1044,1229,6486,4,42251,169004
600,2024-06-22,1009,1420,5053,2,41696,83392
601,2024-10-07,1008,1396,5517,3,33873,101619
602,2024-04-07,1045,1712,6817,7,6005,42035
603,2024-03-04,1016,1809,6317,8,5370,42960
604,2024-04-22,1066,1410,7695,1,7197,7197
605,2024-03-05,1032,1321,8600,8,8702,69616
606,2024-08-03,1064,1302,6362,8,48761,390088
607,2024-12-19,1019,1474,7428,7,19681,137767
608,2024-10-16,1065,1843,6448,7,12479,87353
609,2024-11-10,1015,1523,8892,3,30324,90972
610,2024-03-29,1072,1450,5621,9,40929,368361
611,2024-09-03,1013,1537,9984,3,17647,52941
612,2024-11-27,1000,1718,7655,7,27095,189665
613,2024-05-28,1034,1410,6247,8,7197,57576
614,2024-12-22,1081,1498,7800,2,6814,13628
615,2024-12-31,1000,1108,6332,4,28093,112372
616,2024-08-27,1042,1162,5893,4,28996,115984
617,2024-01-06,1068,1012,7033,7,9686,67802
618,2024-08-24,1074,1126,6293,6,29520,177120
619,2024-12-30,1087,1757,6600,6,18243,109458
620,2024-09-23,1095,1823,5992,6,25362,152172
621,2024-12-01,1054,1767,5640,9,38045,342405
622,2024-08-25,1015,1452,8074,4,855,3420
623,2024-05-18,1066,1170,7794,2,34869,69738
624,2024-06-13,1062,1885,8411,2,47126,94252
625,2024-10-08,1071,1208,6728,9,10999,98991
626,2024-07-03,1095,1761,8513,4,7024,28096
627,2024-06-02,1021,1338,5315,9,3402,30618
628,2024-04-15,1055,1851,6239,1,29833,29833
629,2024-05-28,1051,1058,9339,2,28635,57270
630,2024-07-03,1080,1982,9569,7,40953,286671
631,2024-09-27,1026,1506,6802,7,8031,56217
632,2024-12-24,1063,1267,7227,1,38403,38403
633,2024-07-09,1044,1479,7922,8,16610,132880
634,2024-06-11,1066,1668,7117,7,38344,268408
635,2024-07-19,1025,1516,5551,2,47674,95348
636,2024-04-15,1098,1944,8697,1,38176,38176
637,2024-08-02,1012,1447,6477,2,47197,94394
638,2024-11-19,1080,1882,9240,7,11567,80969
639,2024-08-07,1029,1554,6686,4,38592,154368
640,2024-12-10,1092,1577,8806,6,12590,75540
641,2024-08-04,1077,1133,9175,5,6079,30395
642,2024-01-29,1029,1212,6586,8,18238,145904
643,2024-08-25,1043,1098,7645,7,36609,256263
644,2024-03-04,1047,1270,6679,7,31057,217399
645,2024-04-05,1008,1657,9268,9,37697,339273
646,2024-06-02,1047,1048,9284,4,38918,155672
647,2024-01-28,1095,1174,7827,9,7467,67203
648,2024-12-05,1055,1513,5005,3,27223,81669
649,2024-06-24,1067,1900,8971,3,8676,26028
650,2024-09-07,1005,1804,9709,5,41212,206060
651,2024-07-12,1064,1488,8961,3,7777,23331
652,2024-10-05,1088,1005,8273,9,37773,339957
653,2024-02-08,1066,1754,8815,1,47803,47803
654,2024-03-09,1020,1553,6070,6,37224,223344
655,2024-10-03,1077,1306,7644,7,36317,254219
656,2024-04-29,1029,1466,5116,1,38377,38377
657,2024-03-26,1056,1527,8346,5,6586,32930
658,2024-06-25,1054,1715,7330,9,3186,28674
659,2024-04-03,1001,1727,5138,6,37083,222498
660,2024-04-01,1047,1072,5325,4,47140,188560
661,2024-03-21,1021,1066,5552,4,2378,9512
662,2024-12-06,1012,1592,9778,5,5973,29865
663,2024-08-15,1088,1541,5574,5,8122,40610
664,2024-03-28,1042,1026,6452,6,36901,221406
665,2024-12-15,1074,1599,8351,3,40351,121053
666,2024-05-07,1073,1425,8428,4,7600,30400
667,2024-10-24,1048,1575,9812,5,43374,216870
668,2024-07-08,1036,1433,5447,2,38607,77214
669,2024-12-20,1088,1806,8406,4,44863,179452
670,2024-05-13,1034,1390,5456,7,34271,239897
671,2024-05-15,1018,1328,8366,4,11465,45860
672,2024-11-20,1027,1655,8193,8,13830,110640
673,2024-02-09,1056,1055,6580,1,48490,48490
674,2024-05-17,1060,1266,8900,9,36360,327240
675,2024-10-13,1042,1392,7513,5,38691,193455
676,2024-09-12,1059,1768,9095,2,44630,89260
677,2024-10-12,1009,1811,6730,6,25774,154644
678,2024-03-25,1078,1546,6883,4,14661,58644
679,2024-11-12,1095,1595,6449,8,37237,297896
680,2024-01-27,1066,1178,6832,8,21358,170864
681,2024-08-17,1023,1775,5938,7,23882,167174
682,2024-10-17,1073,1582,5121,3,1649,4947
683,2024-11-11,1043,1548,9758,4,34446,137784
684,2024-10-14,1029,1100,7405,3,739,2217
685,2024-12-11,1096,1467,8768,1,29345,29345
686,2024-05-11,1044,1644,6100,7,37636,263452
687,2024-03-31,1088,1203,7830,8,48654,389232
688,2024-12-21,1059,1276,6548,8,14759,118072
689,2024-08-16,1052,1467,8132,8,29345,234760
690,2024-01-27,1024,1516,5477,1,47674,47674
691,2024-10-29,1075,1022,7669,1,13322,13322
692,2024-10-08,1003,1696,7519,5,12275,61375
693,2024-10-06,1091,1326,6037,3,19525,58575
694,2024-07-17,1083,1576,9752,1,8474,8474
695,2024-10-26,1073,1920,5743,2,13189,26378
696,2024-06-02,1030,1658,5829,8,13936,111488
697,2024-10-25,1018,1769,9915,5,44109,220545
698,2024-02-12,1001,1907,9378,4,10960,43840
699,2024-11-17,1003,1937,5039,2,18610,37220
700,2024-04-19,1078,1536,5034,8,43994,351952
701,2024-04-20,1037,1379,5094,6,14314,85884
702,2024-01-01,1032,1991,8770,8,22166,177328
703,2024-05-19,1017,1943,9064,1,35652,35652
704,2024-12-31,1031,1849,9106,3,24995,74985
705,2024-06-26,1095,1125,7810,1,9279,9279
706,2024-02-29,1076,1670,5249,4,34870,139480
707,2024-07-01,1079,1441,5865,5,13301,66505
708,2024-10-08,1032,1828,5380,6,29328,175968
709,2024-11-08,1033,1043,8880,6,39027,234162
710,2024-08-08,1050,1776,8743,7,20535,143745
711,2024-08-14,1062,1660,9956,6,8770,52620
712,2024-05-23,1077,1693,7948,3,46937,140811
713,2024-08-11,1046,1358,9721,2,11710,23420
714,2024-02-21,1065,1198,9554,8,44598,356784
715,2024-03-21,1012,1652,5250,6,43383,260298
716,2024-05-28,1051,1723,6861,1,1340,1340
717,2024-01-27,1092,1652,7970,9,43383,390447
718,2024-08-19,1051,1307,8764,2,20980,41960
719,2024-04-20,1042,1795,9655,5,17544,87720
720,2024-03-19,1097,1356,6490,2,10596,21192
721,2024-10-05,1060,1088,5057,9,35817,322353
722,2024-05-06,1080,1173,7348,9,32585,293265
723,2024-10-07,1002,1687,8227,3,14018,42054
724,2024-11-14,1093,1364,9251,2,29527,59054
725,2024-12-06,1067,1473,7810,8,38111,304888
726,2024-06-30,1094,1235,5194,9,18099,162891
727,2024-04-28,1058,1224,8024,2,47220,94440
728,2024-09-22,1053,1359,5929,9,44846,403614
729,2024-06-26,1068,1423,9651,3,34420,103260
730,2024-07-19,1001,1053,8403,1,1814,1814
731,2024-03-10,1067,1666,6752,6,1437,8622
732,2024-06-06,1043,1334,8348,2,26728,53456
733,2024-11-06,1037,1898,6425,1,40233,40233
734,2024-04-07,1059,1604,9131,4,32867,131468
735,2024-07-23,1026,1094,7629,9,37898,341082
736,2024-03-26,1090,1314,5467,8,4786,38288
737,2024-12-26,1014,1487,9788,3,11586,34758
738,2024-10-06,1038,1374,9862,8,2364,18912
739,2024-03-25,1037,1887,8551,6,23165,138990
740,2024-12-24,1053,1017,6491,5,38905,194525
741,2024-08-02,1062,1663,8698,1,20785,20785
742,2024-05-12,1057,1828,5126,9,29328,263952
743,2024-09-03,1061,1998,9088,2,15104,30208
744,2024-05-20,1077,1636,7771,9,25955,233595
745,2024-03-16,1017,1885,9615,5,47126,235630
746,2024-04-07,1028,1952,9351,3,19810,59430
747,2024-10-29,1070,1811,5815,7,25774,180418
748,2024-02-24,1056,1686,9502,1,14321,14321
749,2024-10-31,1023,1967,6536,5,16262,81310
750,2024-09-15,1037,1220,5001,5,8580,42900
751,2024-01-22,1005,1879,8657,7,39677,277739
752,2024-02-04,1019,1420,9388,8,41696,333568
753,2024-01-28,1041,1036,7809,8,19956,159648
754,2024-06-18,1099,1328,8165,1,11465,11465
755,2024-05-19,1073,1940,7098,4,45392,181568
756,2024-05-08,1021,1669,8243,6,24381,146286
757,2024-04-09,1032,1142,9255,2,4911,9822
758,2024-09-03,1086,1743,7231,7,32539,227773
759,2024-01-23,1045,1971,6841,9,40560,365040
760,2024-12-22,1053,1371,6215,5,36716,183580
761,2024-10-10,1041,1892,9261,5,21617,108085
762,2024-04-22,1050,1488,6661,5,7777,38885
763,2024-07-15,1067,1922,9941,9,37919,341271
764,2024-06-12,1084,1302,5898,5,48761,243805
765,2024-11-05,1055,1558,7092,4,17360,69440
766,2024-02-25,1076,1926,8261,8,30655,245240
767,2024-01-10,1041,1204,7182,4,28131,112524
768,2024-05-12,1012,1270,8920,8,31057,248456
769,2024-05-31,1053,1181,7024,7,18789,131523
770,2024-07-09,1011,1708,6765,8,49961,399688
771,2024-10-10,1087,1809,7070,2,5370,10740
772,2024-10-03,1034,1630,8231,4,30824,123296
773,2024-08-30,1082,1573,9609,3,12027,36081
774,2024-11-27,1008,1280,7721,7,33453,234171
775,2024-10-02,1012,1011,8260,9,23762,213858
776,2024-07-08,1021,1264,7043,6,44587,267522
777,2024-04-24,1039,1636,6134,4,25955,103820
778,2024-12-17,1035,1857,8453,4,1230,4920
779,2024-11-02,1091,1292,6798,3,11161,33483
780,2024-12-23,1040,1136,5265,6,9269,55614
781,2024-10-22,1006,1196,5472,3,37451,112353
782,2024-08-21,1093,1694,9737,5,34535,172675
783,2024-12-06,1094,1813,6949,5,37973,189865
784,2024-03-21,1054,1454,6104,5,35458,177290
785,2024-07-11,1074,1936,5315,7,37368,261576
786,2024-12-29,1093,1094,7064,5,37898,189490
787,2024-09-14,1078,1235,5183,1,18099,18099
788,2024-08-18,1012,1612,7645,7,33404,233828
789,2024-01-14,1098,1006,8992,7,10159,71113
790,2024-01-14,1098,1388,9879,3,34391,103173
791,2024-02-13,1019,1947,5152,6,875,5250
792,2024-07-28,1057,1124,6294,5,4547,22735
793,2024-02-09,1022,1208,6636,1,10999,10999
794,2024-02-03,1052,1714,8512,7,17492,122444
795,2024-08-22,1036,1676,6806,4,48059,192236
796,2024-11-16,1019,1827,6207,2,34247,68494
797,2024-08-21,1018,1291,6572,2,12383,24766
798,2024-09-30,1017,1986,8360,8,40631,325048
799,2024-10-16,1067,1512,7178,3,28420,85260
800,2024-12-08,1060,1505,6328,6,26109,156654
801,2024-12-01,1071,1640,5693,8,29286,234288
802,2024-08-16,1045,1717,7157,7,30572,214004
803,2024-11-13,1093,1500,5104,3,28433,85299
804,2024-05-07,1047,1443,8098,9,25401,228609
805,2024-11-21,1019,1475,7435,2,14320,28640
806,2024-07-27,1071,1808,7176,8,48290,386320
807,2024-10-30,1068,1448,7486,7,41404,289828
808,2024-03-20,1033,1903,6133,2,25151,50302
809,2024-10-21,1006,1040,7716,5,45320,226600
810,2024-06-24,1049,1942,8605,5,24447,122235
811,2024-08-20,1052,1378,8222,2,33182,66364
812,2024-11-21,1085,1874,7567,8,36086,288688
813,2024-12-01,1072,1857,6849,2,1230,2460
814,2024-09-21,1010,1931,8151,7,13149,92043
815,2024-10-11,1075,1092,9578,6,47800,286800
816,2024-04-27,1007,1103,8159,7,47449,332143
817,2024-06-14,1031,1364,7618,9,29527,265743
818,2024-11-13,1062,1240,8161,5,46264,231320
819,2024-05-21,1054,1259,6279,7,28140,196980
820,2024-09-03,1058,1169,5193,4,42589,170356
821,2024-06-25,1062,1257,5379,4,42754,171016
822,2024-10-25,1016,1249,9330,9,49865,448785
823,2024-12-09,1025,1989,5678,7,30895,216265
824,2024-09-20,1050,1814,5619,8,22937,183496
825,2024-06-16,1032,1915,7954,9,41528,373752
826,2024-01-25,1025,1029,7699,7,8975,62825
827,2024-07-09,1021,1081,6663,5,4617,23085
828,2024-01-15,1066,1285,8554,4,48772,195088
829,2024-01-16,1094,1877,7103,4,17633,70532
830,2024-11-05,1077,1354,5423,7,31794,222558
831,2024-05-06,1081,1256,6902,1,45527,45527
832,2024-09-23,1097,1313,8983,1,45684,45684
833,2024-01-28,1062,1834,9272,8,5098,40784
834,2024-09-19,1016,1534,8359,6,32498,194988
835,2024-10-20,1040,1940,8444,1,45392,45392
836,2024-05-31,1075,1231,7476,5,28799,143995
837,2024-03-08,1038,1405,5212,8,18631,149048
838,2024-02-06,1032,1304,8535,1,28721,28721
839,2024-02-04,1031,1374,8398,8,2364,18912
840,2024-05-13,1020,1252,7948,3,2888,8664
841,2024-12-31,1052,1943,7431,3,35652,106956
842,2024-06-09,1063,1574,5171,4,42288,169152
843,2024-08-11,1077,1815,6632,8,38970,311760
844,2024-04-19,1065,1043,5340,8,39027,312216
845,2024-04-11,1048,1562,9245,2,23549,47098
846,2024-12-20,1070,1189,9496,2,43361,86722
847,2024-06-30,1078,1751,6624,5,21523,107615
848,2024-05-26,1030,1718,9968,1,27095,27095
849,2024-08-03,1091,1892,5689,8,21617,172936
850,2024-05-18,1040,1552,6747,9,43077,387693
851,2024-11-22,1071,1463,9254,4,19693,78772
852,2024-07-06,1070,1666,9041,8,1437,11496
853,2024-03-28,1035,1479,7098,2,16610,33220
854,2024-09-03,1073,1609,6783,7,45965,321755
855,2024-07-04,1038,1056,8872,5,18244,91220
856,2024-03-28,1093,1169,7920,3,42589,127767
857,2024-11-29,1040,1779,5019,3,7968,23904
858,2024-05-31,1040,1465,5973,1,12535,12535
859,2024-09-23,1004,1849,7939,1,24995,24995
860,2024-07-18,1084,1571,5071,8,22260,178080
861,2024-11-30,1005,1575,7789,5,43374,216870
862,2024-09-02,1061,1771,7011,8,3583,28664
863,2024-08-03,1015,1481,7377,4,4017,16068
864,2024-03-14,1079,1422,8704,7,48782,341474
865,2024-06-08,1087,1402,5999,5,17755,88775
866,2024-09-11,1018,1874,6677,4,36086,144344
867,2024-01-17,1082,1701,5061,5,9978,49890
868,2024-05-17,1036,1940,8169,4,45392,181568
869,2024-01-06,1063,1060,5126,3,20955,62865
870,2024-08-06,1058,1243,8664,8,43676,349408
871,2024-01-01,1096,1414,6883,6,15075,90450
872,2024-03-04,1068,1176,8619,1,43603,43603
873,2024-07-27,1072,1670,7787,6,34870,209220
874,2024-01-01,1084,1553,9104,8,37224,297792
875,2024-12-22,1006,1943,7795,4,35652,142608
876,2024-07-07,1041,1019,7786,2,35500,71000
877,2024-09-03,1024,1111,6260,4,5511,22044
878,2024-09-13,1055,1723,5144,9,1340,12060
879,2024-06-22,1046,1607,9089,7,48005,336035
880,2024-04-18,1084,1531,6548,7,5012,35084
881,2024-02-29,1076,1015,6994,2,7710,15420
882,2024-02-12,1049,1506,5626,3,8031,24093
883,2024-02-07,1084,1056,9064,7,18244,127708
884,2024-12-28,1073,1274,5475,5,16051,80255
885,2024-09-14,1087,1734,7311,8,12138,97104
886,2024-03-22,1090,1012,5403,7,9686,67802
887,2024-08-08,1032,1758,9218,4,22329,89316
888,2024-04-20,1025,1531,9294,4,5012,20048
889,2024-09-21,1099,1362,8388,8,12628,101024
890,2024-05-15,1016,1331,5555,9,5136,46224
891,2024-12-01,1020,1432,6202,8,49935,399480
892,2024-11-13,1001,1238,8513,5,28262,141310
893,2024-01-23,1078,1409,8967,1,31604,31604
894,2024-12-14,1043,1546,6140,6,14661,87966
895,2024-02-28,1065,1168,7806,3,34337,103011
896,2024-09-22,1070,1393,6437,4,29740,118960
897,2024-05-19,1035,1331,6890,1,5136,5136
898,2024-04-25,1045,1279,8564,5,11937,59685
899,2024-07-22,1049,1200,5612,8,7898,63184
900,2024-06-06,1095,1836,8805,2,27761,55522
901,2024-11-25,1066,1158,9497,6,34991,209946
902,2024-07-14,1002,1437,5280,8,33745,269960
903,2024-07-30,1032,1313,5161,8,45684,365472
904,2024-02-10,1044,1097,5043,7,23379,163653
905,2024-12-24,1024,1827,9006,9,34247,308223
906,2024-01-07,1036,1876,7523,7,12843,89901
907,2024-12-15,1035,1010,6625,6,28915,173490
908,2024-04-14,1034,1584,8242,6,2958,17748
909,2024-11-03,1018,1213,6939,4,49284,197136
910,2024-02-14,1044,1039,6793,8,34809,278472
911,2024-02-07,1082,1438,7545,2,35923,71846
912,2024-06-12,1096,1430,6825,2,29449,58898
913,2024-03-21,1017,1987,5822,9,23851,214659
914,2024-12-06,1026,1444,5468,8,45664,365312
915,2024-02-27,1093,1719,6991,5,21210,106050
916,2024-10-28,1030,1585,7262,3,23888,71664
917,2024-05-02,1038,1033,7666,4,37115,148460
918,2024-07-13,1066,1061,7887,3,18640,55920
919,2024-07-11,1021,1078,5320,5,35876,179380
920,2024-04-13,1051,1977,5939,8,34532,276256
921,2024-04-21,1009,1172,7346,3,24196,72588
922,2024-05-11,1007,1606,8145,4,26479,105916
923,2024-04-05,1033,1516,9540,9,47674,429066
924,2024-03-23,1052,1306,5140,4,36317,145268
925,2024-06-18,1017,1352,5881,5,42618,213090
926,2024-02-18,1011,1057,6525,4,43305,173220
927,2024-05-14,1063,1122,6051,6,38948,233688
928,2024-09-21,1056,1604,9253,6,32867,197202
929,2024-07-17,1095,1002,8153,6,45041,270246
930,2024-10-09,1001,1022,5825,5,13322,66610
931,2024-02-04,1016,1265,7068,7,24102,168714
932,2024-12-09,1051,1814,6369,3,22937,68811
933,2024-07-22,1075,1799,7264,8,30315,242520
934,2024-08-28,1070,1888,9946,3,41201,123603
935,2024-12-14,1078,1047,9584,3,4374,13122
936,2024-11-18,1001,1922,7360,4,37919,151676
937,2024-02-12,1026,1252,8857,2,2888,5776
938,2024-09-20,1025,1547,8987,6,40936,245616
939,2024-03-18,1024,1087,9966,8,46213,369704
940,2024-02-05,1011,1309,9257,9,42072,378648
941,2024-10-30,1016,1531,6417,4,5012,20048
942,2024-06-22,1064,1642,5288,4,4788,19152
943,2024-05-14,1094,1196,8698,1,37451,37451
944,2024-11-25,1039,1386,8986,9,45605,410445
945,2024-05-19,1004,1935,7736,2,11166,22332
946,2024-02-24,1091,1250,5029,4,34368,137472
947,2024-09-08,1027,1827,5210,7,34247,239729
948,2024-10-05,1071,1965,9564,8,36304,290432
949,2024-06-28,1051,1462,7362,2,37828,75656
950,2024-01-13,1013,1378,7805,6,33182,199092
951,2024-07-22,1005,1709,6515,1,38108,38108
952,2024-11-04,1017,1022,8021,7,13322,93254
953,2024-03-03,1036,1699,9372,2,48296,96592
954,2024-03-14,1073,1797,7996,6,12205,73230
955,2024-11-02,1063,1166,9530,3,5115,15345
956,2024-06-03,1098,1167,5407,9,6125,55125
957,2024-01-07,1034,1559,7276,4,14631,58524
958,2024-11-01,1016,1212,6710,2,18238,36476
959,2024-12-08,1090,1812,5825,2,38891,77782
960,2024-06-01,1087,1036,8120,8,19956,159648
961,2024-02-13,1009,1405,5395,2,18631,37262
962,2024-02-05,1050,1051,8752,2,48395,96790
963,2024-04-06,1080,1769,6595,7,44109,308763
964,2024-06-13,1051,1013,5780,1,23574,23574
965,2024-08-21,1063,1529,7492,1,47282,47282
966,2024-04-12,1032,1113,6108,6,35234,211404
967,2024-01-07,1096,1177,5500,8,41282,330256
968,2024-04-03,1016,1782,6858,8,4722,37776
969,2024-04-30,1081,1804,8312,7,41212,288484
970,2024-12-30,1048,1385,5229,4,1868,7472
971,2024-02-06,1006,1118,5245,6,24035,144210
972,2024-01-21,1089,1874,5100,9,36086,324774
973,2024-04-07,1064,1851,7856,4,29833,119332
974,2024-10-28,1061,1329,8000,8,42065,336520
975,2024-01-21,1074,1580,6693,8,33224,265792
976,2024-08-19,1009,1031,6068,6,20744,124464
977,2024-12-19,1030,1961,9169,7,41361,289527
978,2024-03-12,1024,1747,5256,1,11873,11873
979,2024-12-17,1056,1752,6126,2,34734,69468
980,2024-02-21,1064,1312,6115,5,5511,27555
981,2024-08-09,1042,1245,6260,4,44831,179324
982,2024-10-11,1002,1316,7770,5,6510,32550
983,2024-11-20,1054,1772,9179,5,19114,95570
984,2024-06-15,1047,1852,5531,3,32886,98658
985,2024-10-09,1064,1657,9958,6,37697,226182
986,2024-07-23,1070,1815,9094,1,38970,38970
987,2024-05-17,1059,1295,5857,4,17383,69532
988,2024-02-05,1013,1067,8618,4,7325,29300
989,2024-04-04,1086,1863,7140,9,7895,71055
990,2024-01-16,1080,1995,8032,1,43532,43532
991,2024-08-24,1013,1055,7359,9,48490,436410
992,2024-06-12,1008,1899,7341,8,14367,114936
993,2024-03-30,1084,1656,7780,2,29309,58618
994,2024-04-17,1044,1051,9693,2,48395,96790
995,2024-03-24,1001,1636,9537,4,25955,103820
996,2024-09-11,1031,1446,7677,6,30661,183966
997,2024-06-13,1007,1937,9717,3,18610,55830
998,2024-07-18,1035,1416,8783,9,31717,285453
999,2024-11-19,1089,1981,9681,7,34989,244923
1000,2024-11-10,1036,1785,5462,1,26118,26118
1001,2024-06-05,1014,1410,6342,4,7197,28788
1002,2024-01-31,1033,1127,5620,3,31246,93738
1003,2024-03-06,1020,1974,6510,4,11100,44400
1004,2024-03-29,1086,1444,9006,6,45664,273984
1005,2024-09-15,1008,1024,5916,3,41060,123180
1006,2024-09-09,1039,1060,8299,9,20955,188595
1007,2024-08-21,1025,1905,7863,9,12590,113310
1008,2024-04-16,1021,1335,9097,4,3890,15560
1009,2024-03-09,1012,1387,8482,9,24362,219258
1010,2024-10-04,1024,1639,5774,2,49254,98508
1011,2024-12-01,1070,1670,8176,9,34870,313830
1012,2024-07-19,1090,1762,6241,4,49256,197024
1013,2024-02-22,1014,1799,7322,4,30315,121260
1014,2024-08-28,1075,1663,5935,3,20785,62355
1015,2024-11-27,1044,1314,6337,2,4786,9572
1016,2024-06-23,1096,1913,9505,8,32784,262272
1017,2024-02-11,1020,1991,8529,5,22166,110830
1018,2024-09-16,1088,1884,9899,6,6299,37794
1019,2024-07-28,1039,1603,5299,3,11930,35790
1020,2024-02-11,1046,1202,7044,4,24530,98120
1021,2024-12-18,1085,1199,8071,2,26798,53596
1022,2024-06-18,1060,1704,8903,3,1705,5115
1023,2024-09-15,1013,1885,7686,5,47126,235630
1024,2024-12-02,1071,1897,6814,4,10068,40272
1025,2024-07-22,1087,1916,5072,2,8770,17540
1026,2024-12-02,1066,1635,6054,2,5747,11494
1027,2024-06-11,1075,1115,6414,6,7215,43290
1028,2024-04-14,1046,1978,9294,9,42583,383247
1029,2024-06-26,1085,1681,7428,7,1693,11851
1030,2024-07-09,1015,1989,9809,8,30895,247160
1031,2024-05-03,1070,1500,7221,4,28433,113732
1032,2024-07-16,1017,1638,8996,2,42321,84642
1033,2024-04-08,1044,1871,8800,7,20054,140378
1034,2024-01-06,1022,1408,5232,1,3944,3944
1035,2024-10-14,1025,1564,6821,1,30569,30569
1036,2024-09-23,1065,1392,6458,5,38691,193455
1037,2024-02-12,1001,1169,8794,3,42589,127767
1038,2024-10-21,1021,1243,8572,6,43676,262056
1039,2024-05-20,1037,1795,6565,4,17544,70176
1040,2024-09-25,1041,1932,8361,7,42299,296093
1041,2024-02-08,1027,1060,6755,1,20955,20955
1042,2024-06-10,1062,1058,7322,6,28635,171810
1043,2024-07-13,1016,1927,9101,2,22546,45092
1044,2024-11-19,1081,1936,8216,3,37368,112104
1045,2024-04-13,1058,1074,8172,5,25817,129085
1046,2024-09-01,1001,1504,5602,6,8482,50892
1047,2024-03-05,1098,1369,8215,1,12505,12505
1048,2024-07-19,1078,1212,8523,5,18238,91190
1049,2024-08-29,1078,1125,5022,3,9279,27837
1050,2024-01-07,1097,1151,8266,9,42146,379314
1051,2024-08-06,1049,1576,8517,8,8474,67792
1052,2024-01-03,1014,1719,7391,3,21210,63630
1053,2024-12-07,1017,1115,6934,4,7215,28860
1054,2024-10-31,1076,1599,9042,4,40351,161404
1055,2024-11-09,1037,1521,5578,9,28007,252063
1056,2024-10-10,1007,1479,7514,4,16610,66440
1057,2024-01-22,1079,1859,9267,9,24110,216990
1058,2024-04-03,1019,1561,9581,4,46597,186388
1059,2024-12-22,1059,1608,9802,6,9796,58776
1060,2024-03-11,1025,1763,9138,5,1795,8975
1061,2024-08-09,1034,1574,6135,6,42288,253728
1062,2024-01-13,1080,1997,5746,8,42764,342112
1063,2024-01-05,1025,1597,8901,9,49267,443403
1064,2024-01-22,1017,1192,6418,2,41115,82230
1065,2024-11-04,1043,1354,9574,1,31794,31794
1066,2024-10-21,1006,1057,8208,2,43305,86610
1067,2024-02-06,1034,1492,7949,4,38143,152572
1068,2024-01-31,1011,1203,9336,6,48654,291924
1069,2024-03-02,1043,1503,8637,5,8683,43415
1070,2024-08-08,1040,1301,7877,4,48841,195364
1071,2024-12-24,1053,1344,5632,8,49389,395112
1072,2024-03-21,1000,1283,9330,3,34605,103815
1073,2024-08-20,1024,1119,9433,1,10267,10267
1074,2024-01-06,1079,1464,5598,9,22820,205380
1075,2024-04-14,1014,1207,8202,7,29643,207501
1076,2024-12-02,1074,1735,5895,4,887,3548
1077,2024-06-10,1002,1826,9586,1,23187,23187
1078,2024-12-08,1044,1492,6282,9,38143,343287
1079,2024-02-21,1044,1771,5962,3,3583,10749
1080,2024-06-06,1050,1622,6310,4,4400,17600
1081,2024-01-13,1041,1635,8398,4,5747,22988
1082,2024-07-04,1038,1680,9662,1,33510,33510
1083,2024-08-09,1019,1112,5970,4,30683,122732
1084,2024-08-28,1086,1571,7139,2,22260,44520
1085,2024-11-04,1078,1317,5891,4,49439,197756
1086,2024-05-27,1017,1522,7275,7,22022,154154
1087,2024-02-24,1038,1531,8181,8,5012,40096
1088,2024-02-28,1098,1217,7328,7,8286,58002
1089,2024-07-16,1028,1134,7597,1,15538,15538
1090,2024-04-07,1019,1350,7875,4,30692,122768
1091,2024-06-04,1041,1573,8156,7,12027,84189
1092,2024-09-06,1078,1902,6221,6,2590,15540
1093,2024-06-28,1095,1630,8147,6,30824,184944
1094,2024-03-14,1011,1831,5976,6,34894,209364
1095,2024-03-01,1055,1697,6196,6,32518,195108
1096,2024-02-14,1011,1643,5611,6,2600,15600
1097,2024-05-14,1088,1199,5623,6,26798,160788
1098,2024-07-28,1052,1242,9863,8,37781,302248
1099,2024-03-26,1097,1141,6449,2,16176,32352
1100,2024-09-26,1007,1248,7681,1,3136,3136
1101,2024-10-18,1057,1853,9188,6,6923,41538
1102,2024-09-20,1023,1662,6892,7,48902,342314
1103,2024-09-24,1060,1856,8613,9,27650,248850
1104,2024-08-12,1000,1803,8904,3,2103,6309
1105,2024-08-03,1088,1496,8659,1,9618,9618
1106,2024-12-27,1097,1089,6829,6,47903,287418
1107,2024-08-18,1077,1791,8411,5,39400,197000
1108,2024-07-08,1099,1593,6805,4,39897,159588
1109,2024-05-21,1069,1020,5481,7,23369,163583
1110,2024-06-25,1044,1062,8930,5,36031,180155
1111,2024-02-20,1008,1302,9856,4,48761,195044
1112,2024-07-08,1000,1324,8304,9,44675,402075
1113,2024-01-05,1072,1782,8304,8,4722,37776
1114,2024-07-29,1023,1926,8032,4,30655,122620
1115,2024-07-13,1059,1729,7825,4,14713,58852
1116,2024-01-01,1081,1259,7086,9,28140,253260
1117,2024-04-13,1047,1894,7655,8,20880,167040
1118,2024-12-26,1038,1643,5225,7,2600,18200
1119,2024-04-10,1017,1171,7966,1,22950,22950
1120,2024-05-07,1091,1625,7527,4,17722,70888
1121,2024-12-18,1051,1444,7390,1,45664,45664
1122,2024-10-31,1001,1190,7454,5,40335,201675
1123,2024-09-05,1035,1082,7837,4,15855,63420
1124,2024-12-16,1047,1153,8346,7,13885,97195
1125,2024-10-17,1087,1433,5638,8,38607,308856
1126,2024-09-25,1034,1416,9769,1,31717,31717
1127,2024-02-07,1069,1899,6915,5,14367,71835
1128,2024-11-29,1080,1696,5025,7,12275,85925
1129,2024-09-06,1093,1238,6711,3,28262,84786
1130,2024-08-08,1071,1829,6580,9,7115,64035
1131,2024-03-03,1041,1101,5386,8,34146,273168
1132,2024-09-09,1073,1855,5979,5,13215,66075
1133,2024-09-21,1079,1990,5951,3,10541,31623
1134,2024-06-12,1037,1161,9580,3,29202,87606
1135,2024-01-23,1025,1637,8885,3,13576,40728
1136,2024-03-19,1030,1801,5110,2,6074,12148
1137,2024-04-27,1051,1641,5565,1,44537,44537
1138,2024-07-03,1059,1298,8864,1,24719,24719
1139,2024-02-28,1007,1327,9990,9,23073,207657
1140,2024-10-29,1060,1432,9760,7,49935,349545
1141,2024-09-08,1034,1532,6776,7,5634,39438
1142,2024-03-29,1033,1651,7238,2,7713,15426
1143,2024-08-16,1009,1547,7103,4,40936,163744
1144,2024-12-08,1039,1890,8097,8,3621,28968
1145,2024-11-26,1051,1768,9205,6,44630,267780
1146,2024-08-25,1011,1507,8007,4,30197,120788
1147,2024-10-18,1026,1425,7498,3,7600,22800
1148,2024-10-21,1018,1358,9248,2,11710,23420
1149,2024-11-16,1056,1143,5788,4,20598,82392
1150,2024-02-13,1089,1560,7721,4,27518,110072
1151,2024-11-28,1053,1517,6011,1,10125,10125
1152,2024-03-20,1014,1123,6524,8,1072,8576
1153,2024-06-22,1094,1736,8685,8,18372,146976
1154,2024-05-20,1036,1780,8432,6,23992,143952
1155,2024-02-06,1060,1172,8608,5,24196,120980
1156,2024-01-14,1017,1520,9288,1,12581,12581
1157,2024-05-01,1092,1738,5767,8,49097,392776
1158,2024-08-25,1043,1667,6390,7,49111,343777
1159,2024-02-24,1090,1703,9992,3,43261,129783
1160,2024-01-22,1083,1417,7999,7,19285,134995
1161,2024-12-05,1020,1159,9367,7,31216,218512
1162,2024-07-21,1028,1118,5543,2,24035,48070
1163,2024-12-11,1014,1960,8946,3,34439,103317
1164,2024-01-15,1085,1870,5327,7,27483,192381
1165,2024-01-30,1086,1088,9440,9,35817,322353
1166,2024-01-29,1067,1691,7443,6,40917,245502
1167,2024-09-08,1087,1329,7499,4,42065,168260
1168,2024-06-08,1063,1449,8518,4,21065,84260
1169,2024-04-26,1013,1131,8481,8,43800,350400
1170,2024-06-06,1036,1536,9539,8,43994,351952
1171,2024-04-17,1053,1591,6865,9,16102,144918
1172,2024-04-24,1058,1062,9668,4,36031,144124
1173,2024-09-28,1058,1807,7052,5,25870,129350
1174,2024-12-03,1084,1107,9767,8,3873,30984
1175,2024-06-24,1054,1836,6119,8,27761,222088
1176,2024-08-18,1042,1695,7837,3,13120,39360
1177,2024-10-10,1051,1662,7879,5,48902,244510
1178,2024-11-13,1038,1595,8415,2,37237,74474
1179,2024-09-06,1076,1386,9842,6,45605,273630
1180,2024-02-25,1018,1383,8560,5,26627,133135
1181,2024-11-26,1055,1320,9623,8,1053,8424
1182,2024-09-29,1089,1893,7354,2,28761,57522
1183,2024-07-08,1035,1306,7011,7,36317,254219
1184,2024-01-21,1051,1759,6650,5,37811,189055
1185,2024-06-13,1043,1280,7996,5,33453,167265
1186,2024-10-11,1045,1207,5386,5,29643,148215
1187,2024-03-08,1096,1808,8980,5,48290,241450
1188,2024-09-23,1039,1516,9059,1,47674,47674
1189,2024-08-05,1079,1739,5023,8,6045,48360
1190,2024-12-03,1052,1191,9018,2,39493,78986
1191,2024-04-05,1056,1645,5177,7,7620,53340
1192,2024-07-06,1018,1587,9555,5,18360,91800
1193,2024-07-26,1077,1813,9470,4,37973,151892
1194,2024-03-14,1043,1918,8760,2,44740,89480
1195,2024-12-29,1093,1621,9384,4,13880,55520
1196,2024-06-10,1094,1165,6209,6,12521,75126
1197,2024-06-09,1019,1900,6185,9,8676,78084
1198,2024-02-29,1043,1060,7909,5,20955,104775
1199,2024-01-26,1042,1641,7028,3,44537,133611
1200,2024-12-27,1006,1002,6481,3,45041,135123
1201,2024-01-25,1041,1646,7914,5,48691,243455
1202,2024-09-14,1061,1345,6102,4,35534,142136
1203,2024-12-11,1001,1459,9282,8,45945,367560
1204,2024-12-05,1085,1433,7586,1,38607,38607
1205,2024-01-03,1076,1955,5384,3,2126,6378
1206,2024-10-14,1045,1960,7755,5,34439,172195
1207,2024-09-13,1037,1704,6789,4,1705,6820
1208,2024-10-06,1094,1352,7913,1,42618,42618
1209,2024-11-01,1000,1061,9915,5,18640,93200
1210,2024-09-04,1046,1309,5952,1,42072,42072
1211,2024-02-13,1012,1244,5598,8,10128,81024
1212,2024-02-02,1059,1998,9018,6,15104,90624
1213,2024-10-20,1080,1507,7002,7,30197,211379
1214,2024-04-21,1063,1052,7170,9,39764,357876
1215,2024-11-03,1067,1520,6491,8,12581,100648
1216,2024-10-17,1054,1640,5254,1,29286,29286
1217,2024-09-29,1030,1398,7259,2,42762,85524
1218,2024-11-09,1096,1856,5283,2,27650,55300
1219,2024-10-30,1013,1107,7327,3,3873,11619
1220,2024-02-12,1084,1803,8239,5,2103,10515
1221,2024-10-30,1085,1393,8274,6,29740,178440
1222,2024-02-13,1004,1374,7775,3,2364,7092
1223,2024-10-15,1053,1561,7992,6,46597,279582
1224,2024-03-27,1052,1414,9711,6,15075,90450
1225,2024-08-17,1036,1498,8732,3,6814,20442
1226,2024-03-23,1095,1723,8455,4,1340,5360
1227,2024-07-22,1056,1068,6858,4,5986,23944
1228,2024-05-09,1002,1475,7877,1,14320,14320
1229,2024-05-17,1076,1097,8409,1,23379,23379
1230,2024-03-23,1010,1614,9073,4,3468,13872
1231,2024-06-23,1041,1869,6081,8,45211,361688
1232,2024-05-15,1054,1015,6955,9,7710,69390
1233,2024-04-16,1037,1078,5639,6,35876,215256
1234,2024-05-30,1023,1744,5782,3,31855,95565
1235,2024-04-18,1008,1742,6341,1,589,589
1236,2024-08-09,1012,1297,6189,4,7611,30444
1237,2024-12-13,1085,1409,7623,2,31604,63208
1238,2024-11-14,1017,1669,5619,7,24381,170667
1239,2024-11-28,1009,1257,6367,3,42754,128262
1240,2024-09-03,1011,1962,6734,8,38048,304384
1241,2024-02-06,1093,1210,5714,9,14018,126162
1242,2024-09-24,1046,1183,5966,4,47561,190244
1243,2024-03-14,1082,1919,8992,5,46155,230775
1244,2024-04-24,1082,1194,9032,5,8150,40750
1245,2024-03-21,1009,1039,8301,8,34809,278472
1246,2024-07-11,1000,1702,9601,1,19011,19011
1247,2024-08-01,1056,1452,9296,6,855,5130
1248,2024-01-15,1070,1314,8178,2,4786,9572
1249,2024-12-01,1010,1991,7803,9,22166,199494
1250,2024-03-24,1052,1060,5468,7,20955,146685
1251,2024-09-22,1003,1691,7069,9,40917,368253
1252,2024-10-24,1099,1478,8118,4,44232,176928
1253,2024-06-02,1060,1843,9120,5,12479,62395
1254,2024-10-31,1084,1746,8685,7,12256,85792
1255,2024-09-09,1085,1035,6340,3,18947,56841
1256,2024-09-29,1009,1227,8763,8,46492,371936
1257,2024-12-26,1086,1542,7015,7,45780,320460
1258,2024-11-08,1004,1736,9303,6,18372,110232
1259,2024-12-07,1060,1122,6012,8,38948,311584
1260,2024-05-11,1075,1262,7067,2,25428,50856
1261,2024-07-17,1029,1122,9712,5,38948,194740
1262,2024-11-20,1056,1217,8689,9,8286,74574
1263,2024-12-16,1032,1345,5357,8,35534,284272
1264,2024-03-23,1036,1275,7732,1,23643,23643
1265,2024-11-01,1081,1097,9238,8,23379,187032
1266,2024-05-05,1067,1928,7219,2,31188,62376
1267,2024-08-01,1090,1466,6678,7,38377,268639
1268,2024-11-18,1022,1912,8703,1,5786,5786
1269,2024-08-02,1069,1484,9725,3,36752,110256
1270,2024-08-25,1006,1005,5853,7,37773,264411
1271,2024-03-28,1018,1122,5395,1,38948,38948
1272,2024-04-22,1014,1085,7970,9,12202,109818
1273,2024-04-14,1085,1741,5914,4,4007,16028
1274,2024-03-03,1031,1502,9297,5,23939,119695
1275,2024-08-26,1078,1080,7018,3,13975,41925
1276,2024-01-26,1058,1915,9856,9,41528,373752
1277,2024-05-07,1069,1361,7923,6,20617,123702
1278,2024-01-01,1069,1425,8121,7,7600,53200
1279,2024-04-03,1005,1702,5764,8,19011,152088
1280,2024-01-12,1075,1766,8911,1,27620,27620
1281,2024-06-14,1065,1040,7186,1,45320,45320
1282,2024-10-24,1088,1729,7702,6,14713,88278
1283,2024-09-28,1003,1347,8646,6,32174,193044
1284,2024-03-07,1069,1113,6368,1,35234,35234
1285,2024-06-15,1056,1876,8593,8,12843,102744
1286,2024-09-10,1060,1199,7289,7,26798,187586
1287,2024-12-20,1055,1134,7492,7,15538,108766
1288,2024-09-09,1013,1198,9014,4,44598,178392
1289,2024-09-02,1082,1156,7096,5,1105,5525
1290,2024-02-28,1006,1322,6017,8,2225,17800
1291,2024-10-20,1053,1911,6568,9,5385,48465
1292,2024-05-23,1081,1510,5845,4,42356,169424
1293,2024-07-27,1057,1844,9276,9,47045,423405
1294,2024-08-13,1060,1305,9388,9,23268,209412
1295,2024-10-10,1071,1849,9885,9,24995,224955
1296,2024-03-31,1027,1043,6244,3,39027,117081
1297,2024-04-20,1084,1716,9737,4,9795,39180
1298,2024-08-27,1054,1798,5915,5,15110,75550
1299,2024-12-15,1098,1322,5474,6,2225,13350
1300,2024-11-28,1073,1221,8842,6,9942,59652
1301,2024-03-20,1052,1258,5441,1,18743,18743
1302,2024-07-22,1091,1601,9677,4,33630,134520
1303,2024-08-25,1082,1449,7404,7,21065,147455
1304,2024-11-23,1043,1614,8646,8,3468,27744
1305,2024-10-20,1098,1993,8992,8,40964,327712
1306,2024-07-02,1027,1357,5196,6,23182,139092
1307,2024-07-30,1045,1716,7386,3,9795,29385
1308,2024-09-07,1048,1842,9040,4,21565,86260
1309,2024-08-14,1066,1868,6161,4,42952,171808
1310,2024-06-15,1026,1262,9720,6,25428,152568
1311,2024-01-31,1080,1026,7093,4,36901,147604
1312,2024-12-01,1078,1006,8032,5,10159,50795
1313,2024-05-30,1038,1263,7161,6,21381,128286
1314,2024-06-10,1085,1355,6170,3,22902,68706
1315,2024-04-05,1083,1553,7289,3,37224,111672
1316,2024-09-29,1026,1220,7989,7,8580,60060
1317,2024-12-28,1034,1852,9327,1,32886,32886
1318,2024-01-24,1046,1153,6393,4,13885,55540
1319,2024-04-27,1051,1572,5192,3,13233,39699
1320,2024-03-27,1068,1275,5069,5,23643,118215
1321,2024-10-01,1065,1220,8365,2,8580,17160
1322,2024-02-19,1040,1590,7917,9,33854,304686
1323,2024-11-22,1049,1086,7918,5,36079,180395
1324,2024-04-21,1044,1590,7940,4,33854,135416
1325,2024-10-06,1019,1050,7192,4,34507,138028
1326,2024-10-28,1070,1841,9680,7,19616,137312
1327,2024-05-15,1035,1897,9220,4,10068,40272
1328,2024-11-28,1071,1239,8217,8,34453,275624
1329,2024-01-03,1090,1371,8309,1,36716,36716
1330,2024-06-10,1069,1127,9836,6,31246,187476
1331,2024-03-17,1023,1797,6158,9,12205,109845
1332,2024-07-03,1035,1228,6442,5,15383,76915
1333,2024-02-27,1004,1346,9267,5,47428,237140
1334,2024-06-11,1083,1912,7886,4,5786,23144
1335,2024-01-21,1019,1194,9390,9,8150,73350
1336,2024-03-05,1052,1967,5522,2,16262,32524
1337,2024-03-06,1039,1938,7313,9,32588,293292
1338,2024-10-24,1097,1100,8199,6,739,4434
1339,2024-10-25,1049,1304,8425,8,28721,229768
1340,2024-10-08,1073,1003,8147,4,32717,130868
1341,2024-06-23,1066,1983,7405,4,10376,41504
1342,2024-06-13,1097,1796,6645,1,49645,49645
1343,2024-03-22,1034,1711,7783,6,33292,199752
1344,2024-05-25,1063,1161,5687,2,29202,58404
1345,2024-07-22,1036,1239,9116,5,34453,172265
1346,2024-06-12,1044,1392,5207,3,38691,116073
1347,2024-04-13,1037,1185,9952,2,21727,43454
1348,2024-05-09,1086,1080,9850,1,13975,13975
1349,2024-03-24,1084,1585,5261,9,23888,214992
1350,2024-04-29,1026,1919,8130,1,46155,46155
1351,2024-09-15,1064,1695,5611,8,13120,104960
1352,2024-04-13,1072,1748,8530,6,42108,252648
1353,2024-12-29,1002,1725,7677,4,30461,121844
1354,2024-02-03,1058,1080,9002,9,13975,125775
1355,2024-12-31,1099,1734,7443,1,12138,12138
1356,2024-06-22,1097,1875,5738,4,18669,74676
1357,2024-11-21,1029,1700,9038,7,3129,21903
1358,2024-08-19,1094,1200,5184,4,7898,31592
1359,2024-07-03,1093,1974,5668,1,11100,11100
1360,2024-12-09,1015,1702,7772,4,19011,76044
1361,2024-01-18,1028,1681,8644,6,1693,10158
1362,2024-08-18,1069,1882,9860,8,11567,92536
1363,2024-05-14,1077,1221,6596,2,9942,19884
1364,2024-02-14,1073,1016,5215,9,45421,408789
1365,2024-04-21,1087,1710,6278,7,23031,161217
1366,2024-03-23,1099,1237,8548,6,26610,159660
1367,2024-02-08,1023,1748,9637,3,42108,126324
1368,2024-09-10,1006,1345,9963,4,35534,142136
1369,2024-05-24,1048,1244,8222,8,10128,81024
1370,2024-11-12,1062,1449,5753,7,21065,147455
1371,2024-02-20,1045,1303,7267,6,15182,91092
1372,2024-10-19,1047,1732,5932,7,11948,83636
1373,2024-03-07,1024,1112,7482,9,30683,276147
1374,2024-01-24,1042,1453,5835,5,11202,56010
1375,2024-05-01,1054,1416,8563,5,31717,158585
1376,2024-02-18,1033,1805,5363,7,2604,18228
1377,2024-05-28,1064,1256,8774,7,45527,318689
1378,2024-07-03,1027,1054,9588,5,1586,7930
1379,2024-09-06,1040,1438,6316,8,35923,287384
1380,2024-05-24,1028,1137,8680,6,25216,151296
1381,2024-08-30,1031,1371,5626,4,36716,146864
1382,2024-12-30,1068,1822,8582,9,1720,15480
1383,2024-12-23,1033,1606,5542,2,26479,52958
1384,2024-05-28,1058,1124,6176,2,4547,9094
1385,2024-03-08,1060,1023,5456,5,44687,223435
1386,2024-08-11,1051,1455,6176,3,22058,66174
1387,2024-07-28,1062,1795,5360,3,17544,52632
1388,2024-07-10,1025,1091,9781,7,20537,143759
1389,2024-10-26,1076,1495,8032,5,7401,37005
1390,2024-05-03,1011,1363,5285,6,19633,117798
1391,2024-10-10,1021,1562,5403,3,23549,70647
1392,2024-10-18,1072,1893,7326,8,28761,230088
1393,2024-10-26,1055,1941,9222,5,41670,208350
1394,2024-02-19,1005,1711,5384,8,33292,266336
1395,2024-07-01,1035,1156,7190,4,1105,4420
1396,2024-09-03,1073,1658,8092,4,13936,55744
1397,2024-03-28,1058,1092,5254,5,47800,239000
1398,2024-05-17,1058,1378,5113,8,33182,265456
1399,2024-02-07,1095,1718,6262,4,27095,108380
1400,2024-02-18,1067,1478,9640,6,44232,265392
1401,2024-03-12,1051,1004,6505,8,26876,215008
1402,2024-09-14,1067,1432,8961,3,49935,149805
1403,2024-02-13,1076,1091,9160,6,20537,123222
1404,2024-10-17,1079,1310,6202,7,21703,151921
1405,2024-04-25,1050,1045,9558,8,23669,189352
1406,2024-05-28,1089,1142,7462,5,4911,24555
1407,2024-11-08,1096,1761,9407,4,7024,28096
1408,2024-12-12,1067,1455,5544,4,22058,88232
1409,2024-10-05,1025,1995,8177,3,43532,130596
1410,2024-10-14,1072,1223,6586,2,12111,24222
1411,2024-08-05,1040,1166,8716,6,5115,30690
1412,2024-03-11,1074,1998,6317,1,15104,15104
1413,2024-06-09,1004,1405,6668,6,18631,111786
1414,2024-09-29,1052,1317,5055,5,49439,247195
1415,2024-05-06,1037,1196,9944,2,37451,74902
1416,2024-06-18,1095,1841,5966,5,19616,98080
1417,2024-01-17,1092,1670,6944,7,34870,244090
1418,2024-10-30,1091,1932,7498,1,42299,42299
1419,2024-08-26,1052,1662,6331,5,48902,244510
1420,2024-06-24,1087,1735,8363,8,887,7096
1421,2024-07-28,1055,1727,6399,8,37083,296664
1422,2024-02-26,1018,1899,8547,8,14367,114936
1423,2024-12-24,1064,1298,7710,1,24719,24719
1424,2024-07-07,1068,1037,9999,8,24778,198224
1425,2024-02-13,1086,1654,8902,8,28483,227864
1426,2024-05-01,1052,1010,8820,5,28915,144575
1427,2024-11-04,1018,1280,6634,6,33453,200718
1428,2024-02-02,1065,1409,7920,2,31604,63208
1429,2024-11-07,1047,1501,8689,2,43872,87744
1430,2024-01-28,1065,1550,8575,1,21581,21581
1431,2024-05-30,1072,1055,7972,3,48490,145470
1432,2024-03-03,1017,1946,9395,2,13860,27720
1433,2024-01-07,1079,1868,5216,8,42952,343616
1434,2024-04-20,1038,1355,7817,5,22902,114510
1435,2024-05-09,1072,1928,5107,7,31188,218316
1436,2024-05-11,1050,1111,7408,2,5511,11022
1437,2024-01-08,1022,1363,6166,8,19633,157064
1438,2024-10-31,1032,1147,9838,1,27479,27479
1439,2024-01-29,1059,1497,6447,4,48099,192396
1440,2024-12-03,1058,1307,6198,7,20980,146860
1441,2024-11-06,1097,1545,6227,1,27448,27448
1442,2024-12-16,1025,1300,9595,3,22583,67749
1443,2024-01-06,1016,1331,5307,3,5136,15408
1444,2024-04-21,1052,1611,8927,5,13489,67445
1445,2024-04-14,1077,1771,6669,3,3583,10749
1446,2024-07-25,1076,1780,6199,4,23992,95968
1447,2024-02-09,1085,1058,8769,6,28635,171810
1448,2024-09-24,1042,1322,7148,4,2225,8900
1449,2024-11-15,1047,1436,6666,1,10794,10794
1450,2024-02-15,1081,1504,7399,7,8482,59374
1451,2024-08-28,1019,1400,7193,8,44818,358544
1452,2024-09-26,1093,1454,8255,7,35458,248206
1453,2024-06-03,1034,1377,6883,5,46503,232515
1454,2024-04-25,1032,1556,5144,7,10626,74382
1455,2024-02-06,1080,1302,8871,7,48761,341327
1456,2024-07-23,1098,1205,5075,1,40606,40606
1457,2024-09-05,1075,1863,9964,8,7895,63160
1458,2024-04-19,1001,1623,7772,9,30533,274797
1459,2024-11-13,1033,1752,5385,1,34734,34734
1460,2024-11-18,1075,1409,7214,1,31604,31604
1461,2024-03-20,1089,1926,5446,3,30655,91965
1462,2024-03-16,1031,1879,9496,8,39677,317416
1463,2024-09-26,1020,1123,6123,9,1072,9648
1464,2024-04-07,1004,1670,7081,2,34870,69740
1465,2024-03-16,1027,1463,8901,1,19693,19693
1466,2024-10-08,1086,1315,7463,4,22438,89752
1467,2024-03-21,1047,1512,5597,2,28420,56840
1468,2024-12-29,1095,1173,9908,9,32585,293265
1469,2024-11-04,1068,1801,5377,9,6074,54666
1470,2024-03-03,1098,1217,5882,5,8286,41430
1471,2024-09-23,1069,1693,6879,5,46937,234685
1472,2024-02-02,1082,1698,7816,9,23817,214353
1473,2024-10-23,1039,1605,8560,7,6446,45122
1474,2024-02-09,1005,1040,8393,2,45320,90640
1475,2024-06-22,1013,1050,7199,6,34507,207042
1476,2024-09-16,1066,1516,7791,6,47674,286044
1477,2024-08-11,1010,1343,5001,1,3085,3085
1478,2024-08-10,1038,1905,6724,2,12590,25180
1479,2024-09-23,1040,1677,6946,2,26853,53706
1480,2024-06-03,1023,1930,8414,1,28212,28212
1481,2024-09-20,1042,1705,5957,6,24856,149136
1482,2024-05-28,1081,1988,9890,3,2006,6018
1483,2024-08-12,1094,1658,8275,9,13936,125424
1484,2024-05-06,1073,1677,8079,8,26853,214824
1485,2024-01-05,1025,1436,8859,7,10794,75558
1486,2024-10-14,1028,1375,6715,5,2113,10565
1487,2024-12-10,1001,1233,6529,3,15452,46356
1488,2024-02-27,1029,1561,6296,7,46597,326179
1489,2024-03-12,1073,1333,8692,6,7601,45606
1490,2024-06-03,1075,1859,7336,2,24110,48220
1491,2024-10-08,1083,1673,9406,5,33346,166730
1492,2024-06-16,1056,1899,7250,5,14367,71835
1493,2024-01-29,1058,1060,7376,3,20955,62865
1494,2024-03-22,1018,1878,7145,2,12486,24972
1495,2024-09-19,1053,1856,5363,2,27650,55300
1496,2024-04-15,1069,1500,6514,5,28433,142165
1497,2024-10-03,1022,1758,5319,1,22329,22329
1498,2024-12-17,1082,1246,8159,6,41163,246978
1499,2024-01-10,1094,1965,9452,9,36304,326736
1500,2024-03-02,1032,1731,8440,1,18512,18512
1501,2024-08-11,1065,1357,5167,3,23182,69546
1502,2024-05-15,1078,1392,7233,5,38691,193455
1503,2024-08-11,1010,1691,5594,3,40917,122751
1504,2024-04-23,1089,1337,6012,2,41015,82030
1505,2024-09-16,1017,1926,9710,3,30655,91965
1506,2024-06-05,1064,1853,8421,7,6923,48461
1507,2024-08-16,1031,1067,6542,7,7325,51275
1508,2024-04-09,1003,1160,7490,5,7558,37790
1509,2024-09-11,1085,1611,5826,2,13489,26978
1510,2024-06-27,1035,1826,8441,1,23187,23187
1511,2024-10-01,1092,1418,9207,3,31957,95871
1512,2024-08-16,1099,1268,7333,7,12176,85232
1513,2024-01-31,1056,1590,7441,1,33854,33854
1514,2024-04-17,1032,1188,6121,7,1419,9933
1515,2024-10-08,1013,1096,9262,6,32486,194916
1516,2024-04-18,1047,1987,6304,4,23851,95404
1517,2024-01-29,1036,1303,6959,6,15182,91092
1518,2024-01-17,1004,1865,9135,4,10059,40236
1519,2024-06-18,1049,1165,5487,5,12521,62605
1520,2024-12-31,1060,1960,6538,3,34439,103317
1521,2024-06-23,1085,1565,5435,9,28460,256140
1522,2024-03-14,1068,1158,8885,1,34991,34991
1523,2024-08-27,1037,1048,6121,7,38918,272426
1524,2024-04-05,1045,1464,9420,5,22820,114100
1525,2024-01-02,1097,1661,5469,9,6026,54234
1526,2024-07-20,1014,1223,8899,2,12111,24222
1527,2024-02-06,1036,1924,7549,6,4448,26688
1528,2024-03-31,1026,1192,6275,3,41115,123345
1529,2024-08-20,1000,1047,8326,4,4374,17496
1530,2024-05-26,1028,1603,9504,4,11930,47720
1531,2024-10-23,1071,1104,8937,2,16595,33190
1532,2024-09-09,1096,1961,6121,1,41361,41361
1533,2024-07-30,1006,1280,7155,3,33453,100359
1534,2024-03-04,1028,1020,5349,8,23369,186952
1535,2024-01-05,1030,1484,7170,3,36752,110256
1536,2024-05-25,1037,1793,5258,1,49083,49083
1537,2024-03-12,1007,1871,7452,4,20054,80216
1538,2024-04-14,1094,1640,7002,9,29286,263574
1539,2024-11-25,1036,1415,5176,6,40091,240546
1540,2024-02-05,1058,1584,6837,9,2958,26622
1541,2024-05-26,1078,1173,7429,1,32585,32585
1542,2024-09-12,1053,1752,9065,1,34734,34734
1543,2024-08-15,1057,1260,8958,6,29907,179442
1544,2024-12-14,1095,1167,8917,3,6125,18375
1545,2024-12-30,1025,1144,6603,8,27045,216360
1546,2024-10-05,1047,1564,5286,4,30569,122276
1547,2024-04-22,1010,1220,9554,9,8580,77220
1548,2024-01-11,1022,1619,9867,6,17904,107424
1549,2024-07-12,1033,1338,8708,2,3402,6804
1550,2024-08-11,1032,1871,7359,1,20054,20054
1551,2024-09-06,1080,1796,7213,2,49645,99290
1552,2024-09-05,1096,1882,7309,1,11567,11567
1553,2024-12-16,1001,1587,7548,8,18360,146880
1554,2024-09-25,1060,1647,7967,2,40960,81920
1555,2024-12-07,1003,1106,7995,9,6893,62037
1556,2024-10-17,1011,1554,9206,9,38592,347328
1557,2024-03-23,1028,1734,6096,9,12138,109242
1558,2024-01-29,1041,1142,7212,6,4911,29466
1559,2024-12-04,1082,1161,6633,8,29202,233616
1560,2024-03-20,1056,1601,6661,3,33630,100890
1561,2024-04-04,1049,1893,5987,9,28761,258849
1562,2024-09-15,1065,1930,8121,9,28212,253908
1563,2024-05-01,1006,1988,9874,5,2006,10030
1564,2024-05-03,1056,1928,8993,9,31188,280692
1565,2024-01-23,1045,1352,8003,8,42618,340944
1566,2024-08-03,1021,1227,7843,7,46492,325444
1567,2024-10-15,1010,1276,8795,4,14759,59036
1568,2024-04-01,1032,1989,7815,5,30895,154475
1569,2024-01-24,1053,1658,7392,1,13936,13936
1570,2024-04-16,1019,1095,5574,5,27357,136785
1571,2024-11-01,1004,1497,8260,2,48099,96198
1572,2024-02-21,1067,1000,9249,1,16915,16915
1573,2024-07-17,1013,1178,6682,2,21358,42716
1574,2024-10-20,1002,1160,6201,8,7558,60464
1575,2024-10-26,1081,1537,5146,6,17647,105882
1576,2024-12-10,1057,1937,6766,6,18610,111660
1577,2024-02-25,1026,1309,7791,9,42072,378648
1578,2024-07-12,1003,1044,5270,2,13635,27270
1579,2024-02-14,1066,1666,5015,1,1437,1437
1580,2024-12-08,1063,1818,7963,5,15797,78985
1581,2024-08-26,1090,1027,8583,4,4719,18876
1582,2024-08-19,1091,1211,9242,4,17560,70240
1583,2024-11-15,1085,1519,9019,8,29481,235848
1584,2024-08-26,1041,1857,6031,2,1230,2460
1585,2024-05-15,1028,1926,9145,1,30655,30655
1586,2024-10-11,1079,1004,6724,2,26876,53752
1587,2024-01-13,1034,1522,7951,9,22022,198198
1588,2024-01-29,1018,1340,5012,7,27410,191870
1589,2024-06-26,1093,1199,6225,4,26798,107192
1590,2024-10-19,1078,1665,5658,9,34829,313461
1591,2024-09-13,1068,1633,9529,6,48943,293658
1592,2024-04-17,1030,1187,8478,8,1166,9328
1593,2024-03-09,1042,1301,6976,5,48841,244205
1594,2024-06-24,1094,1139,8945,2,29536,59072
1595,2024-07-01,1072,1746,7205,9,12256,110304
1596,2024-08-29,1076,1012,7972,5,9686,48430
1597,2024-07-12,1020,1713,7620,4,41673,166692
1598,2024-11-14,1094,1371,8618,8,36716,293728
1599,2024-01-22,1064,1348,6391,2,16446,32892
1600,2024-12-15,1076,1263,9472,7,21381,149667
1601,2024-01-11,1033,1425,8177,3,7600,22800
1602,2024-10-11,1060,1101,9927,6,34146,204876
1603,2024-12-27,1035,1704,7418,2,1705,3410
1604,2024-09-15,1079,1392,7157,3,38691,116073
1605,2024-06-21,1073,1643,7341,7,2600,18200
1606,2024-07-23,1040,1352,9057,1,42618,42618
1607,2024-09-04,1033,1310,7378,7,21703,151921
1608,2024-09-15,1024,1873,7471,7,7298,51086
1609,2024-11-25,1056,1499,7271,9,33517,301653
1610,2024-09-26,1064,1212,7220,5,18238,91190
1611,2024-03-21,1075,1378,8200,8,33182,265456
1612,2024-11-16,1021,1838,5245,3,29512,88536
1613,2024-07-06,1059,1054,7343,1,1586,1586
1614,2024-12-03,1053,1095,5608,2,27357,54714
1615,2024-08-18,1021,1312,5351,5,5511,27555
1616,2024-01-28,1060,1184,8719,9,22270,200430
1617,2024-12-15,1065,1422,5292,4,48782,195128
1618,2024-11-18,1044,1667,8526,7,49111,343777
1619,2024-01-03,1071,1665,8183,7,34829,243803
1620,2024-08-24,1096,1504,9811,1,8482,8482
1621,2024-06-29,1068,1612,9172,2,33404,66808
1622,2024-01-04,1063,1353,6610,8,23836,190688
1623,2024-12-13,1009,1072,9175,4,47140,188560
1624,2024-03-12,1066,1837,8627,8,8322,66576
1625,2024-06-30,1010,1021,5435,8,47038,376304
1626,2024-04-13,1093,1200,8764,7,7898,55286
1627,2024-09-28,1027,1172,8857,2,24196,48392
1628,2024-10-13,1004,1654,9007,6,28483,170898
1629,2024-03-27,1011,1448,8260,1,41404,41404
1630,2024-03-13,1043,1351,6816,5,33002,165010
1631,2024-03-31,1092,1494,9130,4,9181,36724
1632,2024-06-21,1089,1145,9678,2,10942,21884
1633,2024-11-05,1092,1266,5211,5,36360,181800
1634,2024-07-05,1028,1994,9378,1,20080,20080
1635,2024-08-23,1077,1864,7780,3,47551,142653
1636,2024-06-10,1035,1387,7185,7,24362,170534
1637,2024-03-13,1034,1033,9682,4,37115,148460
1638,2024-08-12,1007,1303,5484,7,15182,106274
1639,2024-08-17,1015,1082,7805,7,15855,110985
1640,2024-09-10,1042,1559,8978,6,14631,87786
1641,2024-06-10,1068,1843,7533,3,12479,37437
1642,2024-12-20,1015,1295,5834,8,17383,139064
1643,2024-09-06,1055,1698,7047,4,23817,95268
1644,2024-07-17,1040,1483,7469,2,15452,30904
1645,2024-08-27,1076,1943,6161,2,35652,71304
1646,2024-08-24,1007,1296,9101,1,31240,31240
1647,2024-03-16,1053,1405,8166,1,18631,18631
1648,2024-12-07,1089,1366,7977,1,28599,28599
1649,2024-10-21,1004,1319,7608,9,23036,207324
1650,2024-02-14,1008,1203,6823,3,48654,145962
1651,2024-12-08,1065,1048,9380,7,38918,272426
1652,2024-06-27,1070,1629,5377,5,30242,151210
1653,2024-08-09,1029,1694,5741,7,34535,241745
1654,2024-01-17,1080,1603,5784,7,11930,83510
1655,2024-08-06,1094,1270,5560,6,31057,186342
1656,2024-03-24,1064,1643,7182,5,2600,13000
1657,2024-07-09,1091,1647,7828,9,40960,368640
1658,2024-05-11,1029,1478,7435,7,44232,309624
1659,2024-10-13,1046,1894,6342,1,20880,20880
1660,2024-04-03,1094,1827,6220,8,34247,273976
1661,2024-04-04,1087,1638,5123,2,42321,84642
1662,2024-07-02,1030,1345,6867,5,35534,177670
1663,2024-05-11,1059,1898,9173,3,40233,120699
1664,2024-03-22,1074,1742,7948,5,589,2945
1665,2024-12-05,1079,1902,8345,8,2590,20720
1666,2024-10-22,1008,1846,6863,1,36452,36452
1667,2024-12-25,1093,1211,8544,8,17560,140480
1668,2024-04-21,1075,1912,5370,2,5786,11572
1669,2024-10-29,1053,1891,9249,4,40663,162652
1670,2024-11-01,1060,1223,6610,6,12111,72666
1671,2024-02-20,1063,1521,9512,8,28007,224056
1672,2024-10-20,1079,1079,6045,6,49659,297954
1673,2024-07-07,1096,1111,9351,3,5511,16533
1674,2024-07-26,1005,1793,6604,4,49083,196332
1675,2024-05-28,1044,1277,5853,2,32925,65850
1676,2024-09-21,1064,1398,5034,9,42762,384858
1677,2024-10-07,1076,1511,6246,9,13714,123426
1678,2024-04-22,1036,1569,6149,7,25852,180964
1679,2024-02-05,1098,1763,7176,5,1795,8975
1680,2024-04-20,1089,1827,9905,3,34247,102741
1681,2024-06-19,1072,1331,8641,1,5136,5136
1682,2024-03-18,1016,1166,8927,6,5115,30690
1683,2024-12-02,1098,1898,6252,4,40233,160932
1684,2024-01-28,1024,1443,7269,2,25401,50802
1685,2024-02-14,1049,1692,9959,7,7909,55363
1686,2024-12-26,1070,1407,8519,2,16665,33330
1687,2024-10-30,1030,1438,9684,2,35923,71846
1688,2024-05-21,1031,1513,9450,8,27223,217784
1689,2024-01-15,1047,1707,7983,8,33347,266776
1690,2024-05-07,1082,1406,6441,8,23768,190144
1691,2024-06-15,1016,1381,9535,4,40684,162736
1692,2024-06-01,1060,1058,5522,7,28635,200445
1693,2024-03-03,1056,1568,8032,8,11284,90272
1694,2024-02-28,1056,1982,6319,9,40953,368577
1695,2024-07-21,1069,1711,9748,2,33292,66584
1696,2024-06-05,1088,1425,5663,7,7600,53200
1697,2024-01-03,1032,1619,8171,4,17904,71616
1698,2024-02-08,1018,1139,6159,3,29536,88608
1699,2024-10-04,1014,1200,8318,6,7898,47388
1700,2024-04-10,1034,1586,5902,6,33382,200292
1701,2024-06-17,1048,1236,9413,8,31314,250512
1702,2024-01-20,1095,1478,6008,6,44232,265392
1703,2024-05-20,1035,1512,6222,1,28420,28420
1704,2024-12-12,1095,1866,5126,5,18556,92780
1705,2024-10-01,1095,1565,6052,7,28460,199220
1706,2024-11-17,1053,1759,5858,3,37811,113433
1707,2024-07-11,1035,1810,9583,9,25598,230382
1708,2024-05-31,1052,1957,8409,3,43228,129684
1709,2024-08-23,1059,1910,8585,6,44171,265026
1710,2024-10-20,1097,1518,6978,2,39383,78766
1711,2024-07-26,1073,1411,7996,4,25598,102392
1712,2024-02-06,1043,1751,9803,2,21523,43046
1713,2024-03-18,1032,1773,5316,9,29210,262890
1714,2024-06-20,1043,1787,7733,2,1417,2834
1715,2024-02-14,1054,1855,8399,8,13215,105720
1716,2024-12-02,1073,1937,9707,4,18610,74440
1717,2024-03-24,1043,1995,9666,2,43532,87064
1718,2024-04-02,1050,1549,5303,7,27258,190806
1719,2024-06-02,1098,1701,6928,4,9978,39912
1720,2024-04-15,1085,1843,7449,9,12479,112311
1721,2024-12-23,1050,1770,6877,2,23712,47424
1722,2024-07-27,1086,1155,5748,8,17655,141240
1723,2024-07-22,1006,1011,8274,1,23762,23762
1724,2024-09-04,1084,1758,8226,4,22329,89316
1725,2024-12-13,1000,1847,5415,3,21621,64863
1726,2024-12-17,1012,1171,5221,9,22950,206550
1727,2024-08-13,1072,1526,8413,4,28553,114212
1728,2024-12-01,1047,1373,8930,5,46367,231835
1729,2024-02-17,1083,1310,7762,3,21703,65109
1730,2024-09-02,1046,1094,9826,2,37898,75796
1731,2024-01-31,1046,1244,6007,8,10128,81024
1732,2024-07-01,1009,1980,9528,9,32515,292635
1733,2024-09-13,1025,1337,5656,8,41015,328120
1734,2024-05-05,1049,1943,8366,3,35652,106956
1735,2024-08-06,1046,1773,9808,1,29210,29210
1736,2024-09-01,1043,1063,9536,2,22508,45016
1737,2024-05-18,1000,1720,6550,7,21576,151032
1738,2024-08-14,1062,1726,5891,9,43660,392940
1739,2024-10-28,1016,1546,8998,2,14661,29322
1740,2024-09-13,1016,1465,8333,6,12535,75210
1741,2024-09-11,1038,1010,8904,9,28915,260235
1742,2024-03-10,1042,1790,6365,4,23716,94864
1743,2024-03-06,1075,1312,6053,5,5511,27555
1744,2024-01-02,1040,1080,9181,8,13975,111800
1745,2024-11-20,1014,1581,5708,5,14424,72120
1746,2024-09-25,1000,1983,7467,5,10376,51880
1747,2024-12-04,1057,1369,5301,4,12505,50020
1748,2024-10-29,1053,1164,8456,7,35248,246736
1749,2024-05-08,1095,1062,8316,3,36031,108093
1750,2024-05-25,1074,1079,6419,5,49659,248295
1751,2024-04-22,1004,1988,7041,8,2006,16048
1752,2024-10-14,1061,1028,8921,9,18487,166383
1753,2024-04-05,1081,1499,9844,7,33517,234619
1754,2024-09-23,1081,1681,6395,7,1693,11851
1755,2024-01-08,1086,1667,9278,7,49111,343777
1756,2024-08-07,1070,1911,5688,1,5385,5385
1757,2024-07-31,1045,1450,8254,9,40929,368361
1758,2024-04-11,1089,1617,6859,3,32507,97521
1759,2024-06-14,1064,1983,5808,4,10376,41504
1760,2024-09-18,1027,1273,8254,5,24724,123620
1761,2024-01-02,1083,1943,8017,5,35652,178260
1762,2024-07-20,1040,1400,5457,8,44818,358544
1763,2024-11-24,1022,1240,5718,3,46264,138792
1764,2024-07-01,1031,1329,7730,4,42065,168260
1765,2024-09-15,1057,1228,6516,6,15383,92298
1766,2024-11-17,1038,1664,7512,7,28050,196350
1767,2024-08-15,1081,1355,6105,4,22902,91608
1768,2024-07-18,1032,1494,5312,2,9181,18362
1769,2024-01-26,1057,1303,6839,1,15182,15182
1770,2024-12-15,1088,1342,9913,9,11709,105381
1771,2024-04-11,1031,1177,8012,9,41282,371538
1772,2024-05-15,1049,1018,8975,6,44894,269364
1773,2024-11-26,1050,1969,7743,7,9959,69713
1774,2024-12-10,1091,1330,5621,7,16591,116137
1775,2024-07-15,1076,1040,8034,1,45320,45320
1776,2024-01-30,1018,1260,9211,6,29907,179442
1777,2024-10-25,1002,1261,6644,7,34094,238658
1778,2024-05-12,1090,1386,8350,8,45605,364840
1779,2024-09-12,1016,1300,8624,9,22583,203247
1780,2024-01-20,1042,1229,5086,6,42251,253506
1781,2024-11-03,1028,1586,8164,2,33382,66764
1782,2024-01-21,1043,1700,6248,1,3129,3129
1783,2024-02-10,1051,1111,8386,7,5511,38577
1784,2024-12-29,1096,1362,7302,5,12628,63140
1785,2024-05-31,1027,1745,8061,8,33660,269280
1786,2024-11-03,1083,1175,8345,1,18560,18560
1787,2024-01-02,1033,1407,7374,7,16665,116655
1788,2024-02-13,1079,1365,8963,1,31461,31461
1789,2024-02-10,1053,1559,5135,9,14631,131679
1790,2024-11-21,1001,1409,5361,2,31604,63208
1791,2024-09-19,1091,1176,8344,9,43603,392427
1792,2024-10-20,1016,1473,6842,6,38111,228666
1793,2024-06-21,1083,1727,8488,4,37083,148332
1794,2024-01-09,1017,1743,9673,4,32539,130156
1795,2024-02-22,1027,1438,8043,4,35923,143692
1796,2024-10-10,1027,1899,8103,9,14367,129303
1797,2024-05-07,1051,1048,5135,5,38918,194590
1798,2024-01-19,1015,1969,6086,2,9959,19918
1799,2024-05-11,1032,1609,5208,4,45965,183860
1800,2024-01-13,1084,1811,7087,5,25774,128870
1801,2024-08-07,1004,1796,5513,3,49645,148935
1802,2024-09-23,1044,1281,6791,1,13443,13443
1803,2024-09-01,1036,1466,6840,9,38377,345393
1804,2024-09-14,1081,1468,8046,2,46406,92812
1805,2024-05-19,1051,1210,9848,1,14018,14018
1806,2024-09-03,1063,1126,7590,8,29520,236160
1807,2024-08-19,1061,1316,7627,2,6510,13020
1808,2024-02-25,1004,1295,7393,7,17383,121681
1809,2024-03-28,1010,1613,6416,1,4901,4901
1810,2024-09-10,1085,1018,6033,8,44894,359152
1811,2024-02-21,1086,1721,9146,1,49649,49649
1812,2024-09-03,1089,1653,6195,5,11287,56435
1813,2024-09-08,1090,1290,8097,7,15679,109753
1814,2024-05-04,1002,1849,6358,7,24995,174965
1815,2024-07-19,1050,1859,5747,1,24110,24110
1816,2024-12-26,1059,1146,9715,7,28340,198380
1817,2024-05-11,1065,1088,7077,1,35817,35817
1818,2024-06-25,1056,1846,9806,3,36452,109356
1819,2024-02-21,1016,1239,9324,2,34453,68906
1820,2024-02-03,1002,1880,7639,2,9382,18764
1821,2024-01-22,1002,1898,8194,2,40233,80466
1822,2024-05-20,1039,1854,9330,8,11498,91984
1823,2024-11-14,1079,1433,8514,3,38607,115821
1824,2024-09-27,1075,1748,5869,4,42108,168432
1825,2024-06-16,1062,1651,9053,4,7713,30852
1826,2024-02-07,1050,1095,5837,6,27357,164142
1827,2024-12-26,1000,1181,5659,4,18789,75156
1828,2024-09-02,1050,1859,8268,1,24110,24110
1829,2024-08-22,1003,1737,8274,1,37069,37069
1830,2024-02-24,1080,1192,6153,1,41115,41115
1831,2024-04-29,1082,1137,7695,2,25216,50432
1832,2024-03-06,1003,1369,6671,7,12505,87535
1833,2024-11-17,1046,1794,5196,3,42419,127257
1834,2024-11-23,1038,1587,5063,7,18360,128520
1835,2024-06-14,1083,1492,7083,7,38143,267001
1836,2024-07-28,1048,1867,7638,1,2470,2470
1837,2024-03-15,1056,1244,7736,3,10128,30384
1838,2024-05-13,1038,1864,7128,4,47551,190204
1839,2024-09-21,1067,1835,8788,1,2515,2515
1840,2024-06-22,1016,1404,5618,8,35565,284520
1841,2024-08-30,1014,1147,9847,5,27479,137395
1842,2024-03-29,1027,1369,7798,8,12505,100040
1843,2024-09-06,1015,1656,9474,6,29309,175854
1844,2024-01-31,1005,1115,6645,6,7215,43290
1845,2024-10-03,1091,1301,5588,9,48841,439569
1846,2024-02-07,1031,1929,6532,4,18907,75628
1847,2024-11-03,1080,1845,6672,9,10371,93339
1848,2024-05-17,1024,1521,9910,6,28007,168042
1849,2024-03-16,1038,1120,6257,9,32482,292338
1850,2024-12-04,1016,1659,5106,2,12249,24498
1851,2024-09-09,1045,1959,9549,2,9223,18446
1852,2024-03-19,1078,1957,6658,1,43228,43228
1853,2024-02-07,1052,1226,6618,9,14368,129312
1854,2024-11-13,1050,1974,8246,6,11100,66600
1855,2024-11-23,1017,1934,9427,4,14066,56264
1856,2024-06-11,1019,1730,6574,9,29338,264042
1857,2024-12-23,1086,1829,7437,5,7115,35575
1858,2024-05-07,1004,1078,6443,6,35876,215256
1859,2024-06-06,1061,1978,5445,1,42583,42583
1860,2024-11-24,1011,1345,7851,8,35534,284272
1861,2024-11-14,1080,1139,6182,7,29536,206752
1862,2024-03-23,1029,1535,9775,3,2973,8919
1863,2024-08-04,1082,1820,8131,5,13281,66405
1864,2024-07-20,1095,1739,8932,9,6045,54405
1865,2024-10-04,1015,1288,5479,3,48434,145302
1866,2024-05-31,1001,1836,7794,8,27761,222088
1867,2024-01-26,1075,1328,7596,4,11465,45860
1868,2024-12-08,1002,1871,6274,9,20054,180486
1869,2024-09-10,1007,1973,9753,9,37755,339795
1870,2024-09-07,1036,1429,5985,6,4967,29802
1871,2024-06-15,1052,1099,5401,9,9440,84960
1872,2024-12-18,1054,1600,6953,4,5061,20244
1873,2024-05-19,1087,1006,5309,1,10159,10159
1874,2024-08-16,1048,1865,6401,5,10059,50295
1875,2024-03-13,1088,1170,6310,7,34869,244083
1876,2024-10-25,1058,1262,8411,6,25428,152568
1877,2024-08-23,1059,1862,7907,8,27024,216192
1878,2024-07-13,1088,1371,8651,3,36716,110148
1879,2024-03-28,1077,1828,8015,8,29328,234624
1880,2024-04-06,1045,1543,9991,3,31348,94044
1881,2024-06-14,1099,1724,6233,3,29112,87336
1882,2024-10-22,1062,1496,5061,8,9618,76944
1883,2024-07-21,1078,1058,8150,8,28635,229080
1884,2024-07-05,1031,1334,9358,8,26728,213824
1885,2024-10-01,1065,1029,5879,7,8975,62825
1886,2024-01-20,1084,1259,6182,8,28140,225120
1887,2024-03-13,1003,1545,9350,6,27448,164688
1888,2024-12-03,1028,1136,5863,2,9269,18538
1889,2024-12-26,1048,1315,9135,7,22438,157066
1890,2024-11-05,1092,1459,7386,7,45945,321615
1891,2024-03-22,1022,1733,8047,1,22721,22721
1892,2024-10-22,1002,1407,5192,7,16665,116655
1893,2024-12-21,1053,1626,5024,1,27114,27114
1894,2024-01-27,1020,1182,8366,7,979,6853
1895,2024-05-20,1079,1246,9871,6,41163,246978
1896,2024-02-16,1043,1028,5652,6,18487,110922
1897,2024-04-21,1019,1309,6217,2,42072,84144
1898,2024-08-22,1098,1178,7924,7,21358,149506
1899,2024-05-30,1056,1504,5923,8,8482,67856
1900,2024-11-10,1068,1376,6313,8,9663,77304
1901,2024-11-28,1089,1277,6974,3,32925,98775
1902,2024-05-05,1070,1482,8910,6,22637,135822
1903,2024-01-07,1051,1275,7653,6,23643,141858
1904,2024-02-19,1079,1292,7376,5,11161,55805
1905,2024-12-25,1016,1127,6298,9,31246,281214
1906,2024-03-06,1065,1744,6558,9,31855,286695
1907,2024-12-27,1011,1306,9620,3,36317,108951
1908,2024-06-15,1057,1072,6500,8,47140,377120
1909,2024-09-08,1076,1372,8998,9,38223,344007
1910,2024-09-19,1004,1725,8399,5,30461,152305
1911,2024-07-14,1079,1433,9461,6,38607,231642
1912,2024-07-01,1091,1719,9570,4,21210,84840
1913,2024-09-20,1071,1833,8447,6,41918,251508
1914,2024-10-14,1055,1061,6933,3,18640,55920
1915,2024-10-01,1091,1763,8477,6,1795,10770
1916,2024-04-27,1045,1043,9541,7,39027,273189
1917,2024-11-08,1071,1369,6459,1,12505,12505
1918,2024-12-12,1092,1790,8919,7,23716,166012
1919,2024-10-03,1017,1860,9889,3,6957,20871
1920,2024-05-11,1043,1522,8511,5,22022,110110
1921,2024-05-26,1042,1693,9491,5,46937,234685
1922,2024-01-29,1079,1694,9047,6,34535,207210
1923,2024-11-22,1089,1060,6840,2,20955,41910
1924,2024-11-15,1085,1482,9071,9,22637,203733
1925,2024-08-12,1078,1179,6675,7,38829,271803
1926,2024-05-18,1076,1634,9707,4,4609,18436
1927,2024-10-15,1021,1021,6627,5,47038,235190
1928,2024-10-07,1059,1514,8707,5,38722,193610
1929,2024-01-26,1084,1750,5434,6,20139,120834
1930,2024-10-18,1062,1715,6259,4,3186,12744
1931,2024-09-23,1023,1832,8587,6,9042,54252
1932,2024-10-12,1064,1757,8942,4,18243,72972
1933,2024-11-08,1028,1697,5978,5,32518,162590
1934,2024-04-06,1000,1682,9888,4,15868,63472
1935,2024-05-17,1000,1857,7711,9,1230,11070
1936,2024-10-07,1072,1993,6207,1,40964,40964
1937,2024-04-05,1020,1572,9370,5,13233,66165
1938,2024-02-26,1077,1348,6618,5,16446,82230
1939,2024-05-02,1027,1564,5607,1,30569,30569
1940,2024-08-18,1017,1672,8276,4,18307,73228
1941,2024-10-16,1096,1223,7093,2,12111,24222
1942,2024-03-26,1051,1536,6681,2,43994,87988
1943,2024-11-05,1065,1305,6212,2,23268,46536
1944,2024-02-20,1097,1302,9678,1,48761,48761
1945,2024-08-15,1087,1633,8116,9,48943,440487
1946,2024-01-06,1061,1697,5429,6,32518,195108
1947,2024-11-05,1018,1355,8088,7,22902,160314
1948,2024-09-29,1001,1577,7376,6,12590,75540
1949,2024-12-09,1069,1718,8873,4,27095,108380
1950,2024-01-02,1054,1268,5650,2,12176,24352
1951,2024-10-02,1078,1937,7729,5,18610,93050
1952,2024-03-31,1056,1014,9701,3,45125,135375
1953,2024-09-18,1010,1517,5058,1,10125,10125
1954,2024-08-29,1015,1252,8070,2,2888,5776
1955,2024-09-02,1084,1084,7699,8,8403,67224
1956,2024-03-19,1061,1553,5523,7,37224,260568
1957,2024-11-06,1026,1729,5539,7,14713,102991
1958,2024-10-30,1021,1162,7780,9,28996,260964
1959,2024-02-27,1002,1236,8757,2,31314,62628
1960,2024-08-12,1002,1081,7924,2,4617,9234
1961,2024-07-20,1020,1773,8879,6,29210,175260
1962,2024-01-06,1042,1589,5866,2,48141,96282
1963,2024-01-30,1069,1401,7844,8,11881,95048
1964,2024-05-30,1088,1810,7423,9,25598,230382
1965,2024-02-05,1036,1147,9037,6,27479,164874
1966,2024-04-19,1093,1974,7861,6,11100,66600
1967,2024-04-30,1055,1436,8291,5,10794,53970
1968,2024-08-28,1038,1620,7844,7,12975,90825
1969,2024-09-15,1019,1559,8123,6,14631,87786
1970,2024-03-30,1064,1154,8623,9,48402,435618
1971,2024-01-30,1034,1983,7565,6,10376,62256
1972,2024-08-24,1042,1587,8236,1,18360,18360
1973,2024-06-18,1089,1128,9480,4,28413,113652
1974,2024-05-28,1020,1118,8247,7,24035,168245
1975,2024-03-28,1009,1269,9862,3,48594,145782
1976,2024-01-04,1044,1415,6931,6,40091,240546
1977,2024-09-08,1092,1834,9803,4,5098,20392
1978,2024-02-20,1002,1009,6265,5,39529,197645
1979,2024-01-24,1042,1409,8819,8,31604,252832
1980,2024-02-15,1051,1222,5106,6,27819,166914
1981,2024-04-25,1040,1841,5724,2,19616,39232
1982,2024-01-27,1040,1576,7035,3,8474,25422
1983,2024-04-04,1076,1177,9692,1,41282,41282
1984,2024-04-08,1008,1176,5445,9,43603,392427
1985,2024-04-25,1045,1543,6336,6,31348,188088
1986,2024-10-02,1015,1850,9929,9,7487,67383
1987,2024-12-01,1046,1576,9170,3,8474,25422
1988,2024-04-04,1027,1025,6700,5,26492,132460
1989,2024-07-17,1027,1196,7478,5,37451,187255
1990,2024-05-25,1074,1409,5339,5,31604,158020
1991,2024-06-03,1093,1741,9322,9,4007,36063
1992,2024-09-26,1010,1064,8354,2,47734,95468
1993,2024-11-16,1028,1477,9784,6,21533,129198
1994,2024-10-02,1055,1752,8515,8,34734,277872
1995,2024-11-21,1075,1395,7630,4,48559,194236
1996,2024-09-12,1071,1483,5256,1,15452,15452
1997,2024-02-14,1056,1803,5355,5,2103,10515
1998,2024-01-01,1052,1663,9992,5,20785,103925
1999,2024-05-26,1073,1937,6525,4,18610,74440
2000,2024-10-21,1058,1822,8954,2,1720,3440
2001,2024-06-03,1034,1182,6386,7,979,6853
2002,2024-02-25,1051,1600,5968,7,5061,35427
2003,2024-08-13,1035,1263,9620,3,21381,64143
2004,2024-01-07,1076,1971,5806,6,40560,243360
2005,2024-01-20,1057,1700,6555,2,3129,6258
2006,2024-06-07,1090,1026,5984,1,36901,36901
2007,2024-12-05,1001,1250,9504,9,34368,309312
2008,2024-03-19,1027,1507,6463,1,30197,30197
2009,2024-12-31,1097,1971,8541,5,40560,202800
2010,2024-01-01,1084,1702,6408,3,19011,57033
2011,2024-12-01,1069,1127,6607,9,31246,281214
2012,2024-08-16,1062,1415,9579,8,40091,320728
2013,2024-07-31,1051,1827,5533,4,34247,136988
2014,2024-10-09,1059,1418,8047,8,31957,255656
2015,2024-09-04,1089,1655,7516,5,13830,69150
2016,2024-04-28,1035,1419,6620,8,44500,356000
2017,2024-08-14,1081,1823,6566,2,25362,50724
2018,2024-01-24,1061,1669,6768,8,24381,195048
2019,2024-07-08,1042,1228,5922,7,15383,107681
2020,2024-11-03,1038,1892,9865,6,21617,129702
2021,2024-11-02,1004,1543,8577,8,31348,250784
2022,2024-02-26,1089,1078,6001,7,35876,251132
2023,2024-11-06,1074,1788,8565,5,27799,138995
2024,2024-11-04,1049,1055,7439,5,48490,242450
2025,2024-03-29,1015,1935,9716,7,11166,78162
2026,2024-10-01,1082,1860,5546,8,6957,55656
2027,2024-04-18,1051,1053,7950,4,1814,7256
2028,2024-05-20,1068,1413,8818,3,1323,3969
2029,2024-10-11,1070,1472,5301,2,2624,5248
2030,2024-08-31,1002,1531,9882,6,5012,30072
2031,2024-03-14,1088,1201,9174,7,18646,130522
2032,2024-12-20,1009,1222,5608,2,27819,55638
2033,2024-09-18,1050,1128,5482,2,28413,56826
2034,2024-06-24,1068,1329,6767,3,42065,126195
2035,2024-08-17,1031,1657,8084,4,37697,150788
2036,2024-03-16,1095,1880,5414,5,9382,46910
2037,2024-11-18,1004,1739,6734,4,6045,24180
2038,2024-07-01,1042,1440,7686,4,36881,147524
2039,2024-09-30,1082,1826,5933,3,23187,69561
2040,2024-10-03,1011,1895,9408,7,11889,83223
2041,2024-08-14,1030,1127,7659,7,31246,218722
2042,2024-06-13,1080,1140,9598,4,18196,72784
2043,2024-10-01,1021,1799,6373,1,30315,30315
2044,2024-08-04,1058,1469,6202,2,18332,36664
2045,2024-11-07,1051,1581,8724,4,14424,57696
2046,2024-07-08,1046,1160,9811,4,7558,30232
2047,2024-01-18,1085,1448,7241,8,41404,331232
2048,2024-08-19,1048,1514,6556,2,38722,77444
2049,2024-07-02,1055,1388,6692,1,34391,34391
2050,2024-04-15,1089,1881,9691,9,23705,213345
2051,2024-08-30,1030,1986,5895,6,40631,243786
2052,2024-02-22,1058,1523,6201,1,30324,30324
2053,2024-08-13,1069,1288,7751,6,48434,290604
2054,2024-07-20,1075,1488,7824,9,7777,69993
2055,2024-03-26,1042,1026,9366,9,36901,332109
2056,2024-02-19,1090,1368,7996,5,6152,30760
2057,2024-09-16,1080,1892,9832,1,21617,21617
2058,2024-11-14,1073,1012,7228,5,9686,48430
2059,2024-07-13,1004,1365,9354,5,31461,157305
2060,2024-09-04,1003,1122,7069,2,38948,77896
2061,2024-02-25,1014,1714,7342,3,17492,52476
2062,2024-06-25,1001,1253,6996,4,29095,116380
2063,2024-05-29,1048,1714,9619,3,17492,52476
2064,2024-01-13,1055,1675,6376,3,35364,106092
2065,2024-12-26,1007,1360,6786,3,46670,140010
2066,2024-10-15,1015,1185,5866,2,21727,43454
2067,2024-03-04,1063,1319,5806,6,23036,138216
2068,2024-12-04,1083,1433,9354,9,38607,347463
2069,2024-04-14,1023,1633,5523,1,48943,48943
2070,2024-08-26,1098,1690,6578,2,42528,85056
2071,2024-02-03,1054,1643,5332,6,2600,15600
2072,2024-11-19,1053,1299,8447,1,34241,34241
2073,2024-02-08,1080,1529,5706,7,47282,330974
2074,2024-08-12,1068,1017,8581,3,38905,116715
2075,2024-05-08,1077,1475,6646,6,14320,85920
2076,2024-05-12,1077,1005,9185,3,37773,113319
2077,2024-02-09,1059,1186,7825,6,9857,59142
2078,2024-11-14,1030,1702,6523,4,19011,76044
2079,2024-08-08,1019,1042,6283,9,19474,175266
2080,2024-04-03,1076,1249,8940,3,49865,149595
2081,2024-04-08,1053,1196,5267,5,37451,187255
2082,2024-02-29,1008,1202,5271,6,24530,147180
2083,2024-05-08,1033,1964,9240,1,14688,14688
2084,2024-05-11,1075,1776,7910,7,20535,143745
2085,2024-10-27,1079,1918,6793,9,44740,402660
2086,2024-03-09,1064,1778,5028,6,15136,90816
2087,2024-01-14,1015,1188,8421,4,1419,5676
2088,2024-05-30,1069,1846,6519,7,36452,255164
2089,2024-06-22,1083,1472,5906,4,2624,10496
2090,2024-12-10,1005,1272,6380,9,15823,142407
2091,2024-10-18,1034,1689,5673,8,15943,127544
2092,2024-07-14,1002,1948,9597,1,25324,25324
2093,2024-02-01,1020,1089,6254,3,47903,143709
2094,2024-03-13,1006,1269,5992,1,48594,48594
2095,2024-07-12,1077,1550,9216,1,21581,21581
2096,2024-02-19,1029,1119,7224,7,10267,71869
2097,2024-02-26,1021,1566,5346,7,26408,184856
2098,2024-04-26,1013,1239,9432,9,34453,310077
2099,2024-07-10,1054,1264,8340,1,44587,44587
2100,2024-08-04,1088,1190,9331,2,40335,80670
2101,2024-04-20,1066,1282,7428,9,45489,409401
2102,2024-03-29,1004,1674,9586,9,33184,298656
2103,2024-12-25,1068,1858,9555,2,39905,79810
2104,2024-11-05,1058,1756,6776,4,49731,198924
2105,2024-11-04,1008,1463,7165,7,19693,137851
2106,2024-06-05,1047,1827,9524,1,34247,34247
2107,2024-03-09,1036,1725,5071,2,30461,60922
2108,2024-09-26,1067,1797,7806,5,12205,61025
2109,2024-08-12,1019,1089,7631,2,47903,95806
2110,2024-01-05,1084,1358,6812,6,11710,70260
2111,2024-08-30,1049,1379,7270,1,14314,14314
2112,2024-04-27,1023,1166,5976,6,5115,30690
2113,2024-06-20,1070,1691,6711,5,40917,204585
2114,2024-05-22,1048,1992,9329,9,28885,259965
2115,2024-11-18,1007,1615,8586,8,6923,55384
2116,2024-09-13,1074,1569,5033,8,25852,206816
2117,2024-12-30,1072,1832,7085,9,9042,81378
2118,2024-11-13,1005,1203,7174,5,48654,243270
2119,2024-03-18,1039,1125,6741,7,9279,64953
2120,2024-02-26,1080,1464,8806,3,22820,68460
2121,2024-01-20,1053,1344,9243,6,49389,296334
2122,2024-01-14,1076,1668,9729,8,38344,306752
2123,2024-07-24,1016,1953,9591,4,49515,198060
2124,2024-08-24,1050,1766,7107,1,27620,27620
2125,2024-06-29,1001,1425,5449,3,7600,22800
2126,2024-10-17,1029,1539,9845,7,27190,190330
2127,2024-07-07,1031,1210,5700,6,14018,84108
2128,2024-05-26,1049,1265,5690,1,24102,24102
2129,2024-12-05,1099,1266,7763,6,36360,218160
2130,2024-02-11,1070,1969,8779,6,9959,59754
2131,2024-12-19,1015,1253,8322,2,29095,58190
2132,2024-01-01,1082,1187,5683,6,1166,6996
2133,2024-11-19,1078,1029,6212,9,8975,80775
2134,2024-04-13,1054,1304,7287,8,28721,229768
2135,2024-09-11,1056,1966,6223,3,47150,141450
2136,2024-07-27,1077,1452,7489,3,855,2565
2137,2024-08-05,1044,1699,7397,5,48296,241480
2138,2024-03-18,1051,1795,7168,7,17544,122808
2139,2024-02-20,1070,1787,6650,1,1417,1417
2140,2024-10-14,1046,1991,7088,3,22166,66498
2141,2024-04-09,1032,1698,9247,6,23817,142902
2142,2024-07-30,1097,1907,9266,2,10960,21920
2143,2024-08-24,1023,1644,7384,2,37636,75272
2144,2024-10-21,1034,1029,8445,5,8975,44875
2145,2024-06-05,1063,1160,6000,5,7558,37790
2146,2024-10-24,1084,1649,6800,3,38461,115383
2147,2024-01-14,1087,1422,6183,4,48782,195128
2148,2024-04-25,1079,1346,7472,5,47428,237140
2149,2024-05-18,1059,1843,6034,6,12479,74874
2150,2024-03-15,1080,1577,7163,5,12590,62950
2151,2024-10-29,1028,1221,5740,9,9942,89478
2152,2024-12-25,1017,1187,8345,6,1166,6996
2153,2024-01-24,1057,1424,8079,2,35271,70542
2154,2024-06-25,1047,1964,8354,5,14688,73440
2155,2024-02-24,1010,1548,7824,9,34446,310014
2156,2024-07-31,1002,1510,9609,1,42356,42356
2157,2024-11-21,1041,1205,8460,1,40606,40606
2158,2024-11-29,1017,1370,7699,4,43867,175468
2159,2024-11-24,1015,1473,7473,7,38111,266777
2160,2024-06-11,1040,1881,9962,9,23705,213345
2161,2024-10-26,1064,1391,6394,2,25086,50172
2162,2024-06-12,1042,1478,6488,9,44232,398088
2163,2024-03-29,1042,1508,8374,4,42795,171180
2164,2024-01-15,1090,1056,9677,1,18244,18244
2165,2024-10-27,1030,1066,6823,7,2378,16646
2166,2024-05-01,1027,1027,9833,5,4719,23595
2167,2024-11-13,1050,1653,9495,1,11287,11287
2168,2024-12-13,1026,1650,8654,1,25976,25976
2169,2024-06-26,1008,1924,6680,2,4448,8896
2170,2024-09-25,1037,1231,9767,7,28799,201593
2171,2024-04-14,1035,1949,9109,7,5852,40964
2172,2024-06-07,1059,1971,8212,3,40560,121680
2173,2024-01-05,1090,1106,9735,2,6893,13786
2174,2024-12-04,1056,1136,7776,8,9269,74152
2175,2024-05-20,1046,1377,7827,7,46503,325521
2176,2024-06-17,1089,1675,9592,9,35364,318276
2177,2024-01-17,1090,1658,9061,9,13936,125424
2178,2024-02-01,1067,1390,5535,1,34271,34271
2179,2024-01-05,1050,1784,6658,2,46867,93734
2180,2024-05-16,1057,1894,8460,7,20880,146160
2181,2024-04-16,1047,1815,9718,8,38970,311760
2182,2024-06-10,1058,1690,6520,6,42528,255168
2183,2024-09-13,1075,1598,8230,5,16790,83950
2184,2024-06-16,1046,1075,5034,6,49962,299772
2185,2024-10-14,1014,1454,7567,2,35458,70916
2186,2024-12-20,1093,1344,8914,9,49389,444501
2187,2024-09-01,1077,1589,5144,4,48141,192564
2188,2024-04-22,1071,1569,8091,9,25852,232668
2189,2024-06-26,1091,1734,9570,8,12138,97104
2190,2024-07-08,1094,1984,8319,4,15805,63220
2191,2024-01-11,1001,1714,9429,5,17492,87460
2192,2024-01-23,1078,1458,5437,7,20521,143647
2193,2024-04-28,1060,1902,5880,5,2590,12950
2194,2024-10-08,1039,1362,7630,2,12628,25256
2195,2024-11-14,1042,1573,6232,8,12027,96216
2196,2024-03-09,1047,1962,9466,8,38048,304384
2197,2024-12-11,1071,1142,9176,8,4911,39288
2198,2024-05-13,1068,1578,7295,8,20107,160856
2199,2024-09-09,1056,1637,7499,6,13576,81456
2200,2024-02-20,1067,1820,9815,2,13281,26562
2201,2024-02-12,1011,1936,6364,4,37368,149472
2202,2024-05-20,1073,1144,7016,2,27045,54090
2203,2024-01-25,1067,1368,6164,2,6152,12304
2204,2024-09-26,1050,1952,7812,9,19810,178290
2205,2024-12-26,1073,1427,8100,9,40537,364833
2206,2024-04-13,1028,1966,8534,5,47150,235750
2207,2024-10-21,1091,1714,9512,3,17492,52476
2208,2024-06-01,1028,1252,5910,9,2888,25992
2209,2024-10-30,1082,1959,6146,7,9223,64561
2210,2024-10-31,1012,1621,6386,4,13880,55520
2211,2024-06-09,1056,1147,9607,3,27479,82437
2212,2024-10-09,1097,1126,5916,8,29520,236160
2213,2024-02-14,1045,1896,8951,6,15350,92100
2214,2024-10-13,1019,1351,6709,4,33002,132008
2215,2024-11-14,1081,1997,6516,9,42764,384876
2216,2024-06-14,1058,1120,6222,1,32482,32482
2217,2024-07-25,1035,1373,8652,5,46367,231835
2218,2024-04-17,1000,1340,5133,3,27410,82230
2219,2024-03-05,1089,1030,6921,2,11779,23558
2220,2024-09-23,1002,1784,6912,5,46867,234335
2221,2024-12-18,1043,1344,7562,3,49389,148167
2222,2024-07-03,1054,1552,5308,7,43077,301539
2223,2024-08-11,1059,1992,9617,1,28885,28885
2224,2024-06-01,1002,1203,9631,5,48654,243270
2225,2024-10-15,1084,1371,5416,7,36716,257012
2226,2024-10-11,1062,1411,6363,6,25598,153588
2227,2024-07-04,1081,1560,7036,2,27518,55036
2228,2024-08-13,1030,1601,7325,5,33630,168150
2229,2024-07-18,1099,1227,7876,3,46492,139476
2230,2024-01-11,1060,1822,7527,2,1720,3440
2231,2024-11-20,1048,1903,6245,8,25151,201208
2232,2024-10-03,1043,1031,6858,2,20744,41488
2233,2024-01-03,1051,1690,6539,4,42528,170112
2234,2024-12-15,1030,1345,5806,8,35534,284272
2235,2024-10-04,1071,1196,9296,9,37451,337059
2236,2024-03-02,1088,1746,7077,6,12256,73536
2237,2024-01-05,1048,1293,6268,5,41030,205150
2238,2024-01-09,1045,1588,9956,4,626,2504
2239,2024-02-27,1053,1786,8544,1,21287,21287
2240,2024-10-06,1083,1773,8238,5,29210,146050
2241,2024-08-25,1010,1121,9706,4,36164,144656
2242,2024-11-12,1064,1635,9120,6,5747,34482
2243,2024-05-06,1084,1374,8320,6,2364,14184
2244,2024-10-30,1016,1556,8641,7,10626,74382
2245,2024-08-24,1027,1965,8300,4,36304,145216
2246,2024-08-06,1081,1015,6187,1,7710,7710
2247,2024-06-26,1092,1437,7442,3,33745,101235
2248,2024-11-13,1073,1348,9569,9,16446,148014
2249,2024-05-28,1008,1209,7665,5,6529,32645
2250,2024-02-07,1033,1159,7349,3,31216,93648
2251,2024-04-27,1019,1284,9952,8,10530,84240
2252,2024-11-10,1094,1051,7836,1,48395,48395
2253,2024-04-06,1002,1080,5496,4,13975,55900
2254,2024-01-17,1000,1873,5385,3,7298,21894
2255,2024-11-20,1059,1879,7249,2,39677,79354
2256,2024-10-05,1096,1380,6830,2,19148,38296
2257,2024-12-24,1049,1836,9194,5,27761,138805
2258,2024-06-02,1007,1351,7464,7,33002,231014
2259,2024-04-03,1017,1284,5744,9,10530,94770
2260,2024-06-23,1029,1860,8906,5,6957,34785
2261,2024-10-28,1096,1489,5452,2,3018,6036
2262,2024-01-29,1021,1386,9560,4,45605,182420
2263,2024-02-03,1080,1434,7624,4,46514,186056
2264,2024-01-10,1008,1579,6190,6,14373,86238
2265,2024-10-02,1021,1043,7036,2,39027,78054
2266,2024-10-16,1009,1792,7801,3,8128,24384
2267,2024-04-10,1096,1506,9992,6,8031,48186
2268,2024-05-20,1066,1661,9705,4,6026,24104
2269,2024-03-27,1080,1169,5156,6,42589,255534
2270,2024-10-27,1008,1074,9924,6,25817,154902
2271,2024-05-07,1046,1007,6374,3,49515,148545
2272,2024-07-24,1039,1474,5583,7,19681,137767
2273,2024-03-29,1035,1171,6847,4,22950,91800
2274,2024-03-22,1018,1436,5736,7,10794,75558
2275,2024-07-30,1097,1636,5632,9,25955,233595
2276,2024-04-28,1001,1725,5410,3,30461,91383
2277,2024-12-13,1044,1450,6504,9,40929,368361
2278,2024-05-15,1090,1794,9069,2,42419,84838
2279,2024-09-17,1082,1650,5435,5,25976,129880
2280,2024-10-02,1032,1666,8063,4,1437,5748
2281,2024-07-26,1063,1646,7810,7,48691,340837
2282,2024-11-09,1025,1891,5159,7,40663,284641
2283,2024-08-30,1033,1858,9567,3,39905,119715
2284,2024-12-10,1062,1494,8457,4,9181,36724
2285,2024-04-09,1027,1458,7881,7,20521,143647
2286,2024-04-24,1079,1184,7195,3,22270,66810
2287,2024-11-25,1085,1728,9152,1,28415,28415
2288,2024-01-16,1091,1166,8133,2,5115,10230
2289,2024-01-04,1077,1306,8034,5,36317,181585
2290,2024-09-22,1005,1975,8669,5,47572,237860
2291,2024-02-17,1010,1276,9607,8,14759,118072
2292,2024-08-10,1045,1089,9742,3,47903,143709
2293,2024-07-22,1019,1218,7865,9,36896,332064
2294,2024-01-20,1035,1440,7811,5,36881,184405
2295,2024-10-14,1015,1690,7849,3,42528,127584
2296,2024-07-12,1069,1620,9200,8,12975,103800
2297,2024-11-11,1071,1628,7902,2,30016,60032
2298,2024-01-11,1044,1784,8140,8,46867,374936
2299,2024-01-20,1099,1926,6386,9,30655,275895
2300,2024-10-05,1047,1397,7370,8,20058,160464
2301,2024-11-28,1003,1470,5599,1,27356,27356
2302,2024-02-04,1047,1897,6185,9,10068,90612
2303,2024-09-22,1097,1985,5626,1,47335,47335
2304,2024-08-19,1083,1409,6322,9,31604,284436
2305,2024-02-07,1087,1917,5031,2,2064,4128
2306,2024-03-23,1066,1617,6392,8,32507,260056
2307,2024-02-01,1027,1283,6377,9,34605,311445
2308,2024-02-23,1029,1901,7358,6,8528,51168
2309,2024-08-12,1028,1230,9544,6,32906,197436
2310,2024-11-08,1020,1658,8934,3,13936,41808
2311,2024-04-16,1041,1823,9454,9,25362,228258
2312,2024-01-25,1090,1020,7916,8,23369,186952
2313,2024-02-14,1049,1937,7239,2,18610,37220
2314,2024-04-27,1088,1275,5475,5,23643,118215
2315,2024-10-20,1002,1478,9233,7,44232,309624
2316,2024-05-04,1064,1346,7558,1,47428,47428
2317,2024-02-05,1022,1974,8016,8,11100,88800
2318,2024-12-09,1004,1894,5473,3,20880,62640
2319,2024-06-15,1094,1171,5496,2,22950,45900
2320,2024-09-25,1024,1888,5109,7,41201,288407
2321,2024-07-12,1034,1542,8122,5,45780,228900
2322,2024-05-03,1064,1008,5801,8,21305,170440
2323,2024-09-27,1078,1817,6497,1,37686,37686
2324,2024-02-27,1038,1848,6380,9,48505,436545
2325,2024-02-28,1087,1978,6502,6,42583,255498
2326,2024-11-03,1097,1543,6317,8,31348,250784
2327,2024-08-04,1017,1201,5027,6,18646,111876
2328,2024-03-09,1024,1935,9471,7,11166,78162
2329,2024-08-31,1099,1179,6259,8,38829,310632
2330,2024-04-12,1000,1708,9583,9,49961,449649
2331,2024-01-05,1061,1716,7999,4,9795,39180
2332,2024-10-25,1008,1884,7010,3,6299,18897
2333,2024-09-20,1040,1538,8392,2,19863,39726
2334,2024-08-28,1094,1513,7023,2,27223,54446
2335,2024-11-29,1021,1768,8131,4,44630,178520
2336,2024-12-14,1065,1382,9320,8,43965,351720
2337,2024-08-09,1044,1775,8852,6,23882,143292
2338,2024-11-14,1051,1393,6476,3,29740,89220
2339,2024-08-16,1019,1987,9147,4,23851,95404
2340,2024-02-01,1086,1580,6383,3,33224,99672
2341,2024-12-18,1011,1881,7858,3,23705,71115
2342,2024-01-24,1073,1705,5731,9,24856,223704
2343,2024-11-01,1063,1245,7007,3,44831,134493
2344,2024-07-05,1031,1424,6747,2,35271,70542
2345,2024-05-07,1061,1303,7089,2,15182,30364
2346,2024-04-21,1004,1115,5979,8,7215,57720
2347,2024-10-20,1043,1116,9418,3,7788,23364
2348,2024-05-28,1028,1848,9420,9,48505,436545
2349,2024-05-30,1032,1431,9717,3,31367,94101
2350,2024-06-22,1086,1124,5116,2,4547,9094
2351,2024-07-15,1099,1032,5580,8,4566,36528
2352,2024-09-11,1012,1472,7145,6,2624,15744
2353,2024-06-16,1049,1964,7297,4,14688,58752
2354,2024-03-22,1001,1603,6510,1,11930,11930
2355,2024-03-10,1074,1762,9986,6,49256,295536
2356,2024-11-20,1027,1434,5185,7,46514,325598
2357,2024-01-13,1088,1703,6766,8,43261,346088
2358,2024-04-28,1099,1849,8575,7,24995,174965
2359,2024-07-30,1017,1889,9526,2,24253,48506
2360,2024-04-11,1072,1022,6808,3,13322,39966
2361,2024-10-03,1065,1947,6416,1,875,875
2362,2024-07-14,1099,1994,9931,4,20080,80320
2363,2024-03-17,1045,1081,7781,5,4617,23085
2364,2024-12-03,1016,1202,6775,9,24530,220770
2365,2024-11-28,1032,1554,8021,1,38592,38592
2366,2024-07-23,1098,1106,8644,7,6893,48251
2367,2024-08-16,1032,1073,5192,4,21448,85792
2368,2024-07-07,1095,1905,9025,8,12590,100720
2369,2024-04-08,1083,1355,6434,2,22902,45804
2370,2024-08-05,1029,1200,7241,5,7898,39490
2371,2024-07-12,1021,1361,8884,2,20617,41234
2372,2024-02-12,1052,1588,5316,2,626,1252
2373,2024-05-03,1088,1470,9472,7,27356,191492
2374,2024-01-20,1045,1384,7344,4,37254,149016
2375,2024-11-06,1043,1911,5189,9,5385,48465
2376,2024-11-25,1074,1018,7664,2,44894,89788
2377,2024-11-23,1033,1843,9085,7,12479,87353
2378,2024-06-16,1027,1644,8819,8,37636,301088
2379,2024-02-15,1034,1694,7224,1,34535,34535
2380,2024-08-10,1067,1573,6769,1,12027,12027
2381,2024-03-19,1008,1644,9842,7,37636,263452
2382,2024-06-18,1021,1120,6768,5,32482,162410
2383,2024-09-02,1060,1134,7961,7,15538,108766
2384,2024-09-27,1088,1254,7781,1,30889,30889
2385,2024-04-08,1084,1363,9580,9,19633,176697
2386,2024-11-17,1024,1333,8844,2,7601,15202
2387,2024-05-20,1080,1544,5650,5,26010,130050
2388,2024-04-18,1078,1005,7051,4,37773,151092
2389,2024-11-08,1040,1593,5123,5,39897,199485
2390,2024-05-16,1006,1133,6906,9,6079,54711
2391,2024-04-30,1058,1562,8786,5,23549,117745
2392,2024-04-08,1095,1221,9718,4,9942,39768
2393,2024-03-06,1071,1267,6307,4,38403,153612
2394,2024-05-23,1066,1881,9023,5,23705,118525
2395,2024-04-19,1032,1994,9288,1,20080,20080
2396,2024-05-09,1099,1714,6057,9,17492,157428
2397,2024-11-23,1080,1633,7119,1,48943,48943
2398,2024-09-13,1064,1131,5015,7,43800,306600
2399,2024-07-28,1099,1972,8155,4,2059,8236
2400,2024-09-02,1059,1768,6165,9,44630,401670
2401,2024-12-26,1080,1051,9729,1,48395,48395
2402,2024-06-02,1057,1254,7749,4,30889,123556
2403,2024-05-12,1043,1741,7497,7,4007,28049
2404,2024-01-21,1047,1308,8353,2,49110,98220
2405,2024-02-04,1036,1348,7264,5,16446,82230
2406,2024-12-25,1024,1269,8451,7,48594,340158
2407,2024-11-05,1024,1404,8055,3,35565,106695
2408,2024-08-11,1056,1616,5720,8,36027,288216
2409,2024-05-03,1012,1158,7589,4,34991,139964
2410,2024-08-27,1076,1168,6995,5,34337,171685
2411,2024-12-29,1011,1952,6592,5,19810,99050
2412,2024-10-26,1095,1646,7727,7,48691,340837
2413,2024-12-06,1098,1572,9891,8,13233,105864
2414,2024-01-04,1091,1270,9192,1,31057,31057
2415,2024-05-02,1062,1617,5685,7,32507,227549
2416,2024-02-11,1061,1776,9552,8,20535,164280
2417,2024-06-17,1083,1476,7775,2,47171,94342
2418,2024-10-06,1027,1827,5543,1,34247,34247
2419,2024-08-12,1054,1823,9182,9,25362,228258
2420,2024-07-03,1094,1983,7785,9,10376,93384
2421,2024-11-18,1087,1398,7041,3,42762,128286
2422,2024-01-11,1074,1340,6689,9,27410,246690
2423,2024-06-21,1041,1616,6349,1,36027,36027
2424,2024-04-05,1060,1599,7225,1,40351,40351
2425,2024-10-04,1079,1006,9973,2,10159,20318
2426,2024-05-18,1037,1023,6567,7,44687,312809
2427,2024-06-14,1080,1568,5185,4,11284,45136
2428,2024-07-05,1004,1726,5575,9,43660,392940
2429,2024-03-26,1083,1319,9428,6,23036,138216
2430,2024-08-18,1047,1536,7942,8,43994,351952
2431,2024-05-17,1034,1455,9328,7,22058,154406
2432,2024-01-19,1047,1417,9251,9,19285,173565
2433,2024-12-03,1013,1482,7912,9,22637,203733
2434,2024-06-04,1053,1565,6991,2,28460,56920
2435,2024-04-04,1025,1085,8279,1,12202,12202
2436,2024-01-17,1042,1502,7934,9,23939,215451
2437,2024-10-06,1041,1801,9390,9,6074,54666
2438,2024-09-17,1087,1923,7767,3,725,2175
2439,2024-06-08,1094,1768,9908,7,44630,312410
2440,2024-11-04,1017,1762,9236,8,49256,394048
2441,2024-03-21,1054,1363,5914,2,19633,39266
2442,2024-07-03,1049,1036,7250,3,19956,59868
2443,2024-07-31,1085,1285,5858,7,48772,341404
2444,2024-12-07,1020,1506,5719,3,8031,24093
2445,2024-12-24,1033,1625,6928,9,17722,159498
2446,2024-06-15,1088,1920,9428,7,13189,92323
2447,2024-07-24,1039,1754,5146,9,47803,430227
2448,2024-12-01,1029,1187,8446,7,1166,8162
2449,2024-09-17,1069,1129,5957,6,35845,215070
2450,2024-09-30,1024,1923,7875,5,725,3625
2451,2024-08-23,1068,1303,7857,2,15182,30364
2452,2024-08-30,1028,1923,9993,8,725,5800
2453,2024-08-07,1085,1726,7097,4,43660,174640
2454,2024-12-30,1066,1869,8055,8,45211,361688
2455,2024-12-12,1056,1535,5066,6,2973,17838
2456,2024-03-10,1046,1248,6024,6,3136,18816
2457,2024-07-31,1093,1226,7180,3,14368,43104
2458,2024-12-02,1087,1711,8424,7,33292,233044
2459,2024-10-13,1016,1483,6622,7,15452,108164
2460,2024-08-13,1048,1657,7705,5,37697,188485
2461,2024-09-25,1049,1787,5067,6,1417,8502
2462,2024-10-05,1083,1323,5872,6,7464,44784
2463,2024-09-05,1089,1007,9192,8,49515,396120
2464,2024-11-16,1004,1857,5473,9,1230,11070
2465,2024-07-14,1012,1055,7837,6,48490,290940
2466,2024-01-30,1062,1572,7845,3,13233,39699
2467,2024-10-29,1038,1550,7816,5,21581,107905
2468,2024-05-10,1067,1979,7117,1,38614,38614
2469,2024-01-12,1044,1273,5592,1,24724,24724
2470,2024-01-16,1016,1096,7782,1,32486,32486
2471,2024-04-26,1058,1826,6330,9,23187,208683
2472,2024-05-28,1098,1657,9931,2,37697,75394
2473,2024-04-18,1094,1097,5585,1,23379,23379
2474,2024-08-23,1079,1766,8260,5,27620,138100
2475,2024-11-09,1097,1210,7356,8,14018,112144
2476,2024-01-05,1058,1553,7406,5,37224,186120
2477,2024-06-28,1095,1564,9309,5,30569,152845
2478,2024-12-02,1096,1032,8582,2,4566,9132
2479,2024-01-01,1007,1276,5853,7,14759,103313
2480,2024-01-08,1029,1966,5134,1,47150,47150
2481,2024-05-23,1002,1443,7086,2,25401,50802
2482,2024-05-22,1016,1653,9900,5,11287,56435
2483,2024-10-01,1050,1800,7110,7,32977,230839
2484,2024-06-01,1023,1899,5722,7,14367,100569
2485,2024-10-13,1079,1426,8145,8,39924,319392
2486,2024-05-09,1063,1129,5383,6,35845,215070
2487,2024-04-30,1083,1295,5612,3,17383,52149
2488,2024-02-28,1073,1561,9797,8,46597,372776
2489,2024-08-04,1087,1478,9721,1,44232,44232
2490,2024-01-31,1070,1574,9008,3,42288,126864
2491,2024-08-31,1048,1944,6816,8,38176,305408
2492,2024-05-19,1019,1109,5155,3,24236,72708
2493,2024-07-31,1076,1861,7288,5,42303,211515
2494,2024-01-29,1028,1319,9587,5,23036,115180
2495,2024-06-12,1009,1177,9817,7,41282,288974
2496,2024-04-13,1008,1393,9847,4,29740,118960
2497,2024-03-03,1070,1243,6015,2,43676,87352
2498,2024-01-15,1062,1596,9386,2,6122,12244
2499,2024-10-12,1032,1113,8305,7,35234,246638
2500,2024-06-27,1023,1115,7003,3,7215,21645
2501,2024-01-11,1079,1662,5166,2,48902,97804
2502,2024-01-13,1031,1548,9064,5,34446,172230
2503,2024-08-02,1003,1583,6338,2,12676,25352
2504,2024-11-06,1061,1137,5119,5,25216,126080
2505,2024-08-13,1077,1408,8053,8,3944,31552
2506,2024-03-03,1092,1288,9908,6,48434,290604
2507,2024-09-11,1021,1528,7066,1,5909,5909
2508,2024-05-09,1022,1882,5687,7,11567,80969
2509,2024-09-19,1089,1279,6090,4,11937,47748
2510,2024-06-19,1025,1176,8741,4,43603,174412
2511,2024-07-08,1048,1745,5115,9,33660,302940
2512,2024-10-10,1043,1241,5704,6,28258,169548
2513,2024-01-25,1021,1541,5324,7,8122,56854
2514,2024-06-08,1066,1576,5005,2,8474,16948
2515,2024-08-04,1041,1381,6069,3,40684,122052
2516,2024-06-24,1051,1080,9807,1,13975,13975
2517,2024-12-01,1016,1795,5188,5,17544,87720
2518,2024-08-08,1013,1012,6054,7,9686,67802
2519,2024-10-06,1063,1696,9046,6,12275,73650
2520,2024-03-21,1044,1443,6945,6,25401,152406
2521,2024-05-04,1063,1137,6465,6,25216,151296
2522,2024-06-18,1029,1192,5288,4,41115,164460
2523,2024-03-10,1012,1339,8055,7,20066,140462
2524,2024-03-18,1025,1390,8379,6,34271,205626
2525,2024-03-30,1031,1955,7918,5,2126,10630
2526,2024-12-13,1045,1830,8359,7,22619,158333
2527,2024-04-20,1097,1479,8460,7,16610,116270
2528,2024-06-12,1050,1980,9501,2,32515,65030
2529,2024-05-07,1086,1537,6912,5,17647,88235
2530,2024-06-03,1033,1236,7036,7,31314,219198
2531,2024-07-12,1075,1628,5644,8,30016,240128
2532,2024-06-21,1086,1454,9165,9,35458,319122
2533,2024-10-26,1027,1549,9926,4,27258,109032
2534,2024-11-08,1018,1309,6773,5,42072,210360
2535,2024-01-21,1047,1556,6831,8,10626,85008
2536,2024-11-06,1097,1487,8173,8,11586,92688
2537,2024-04-18,1071,1367,8816,2,39768,79536
2538,2024-12-25,1033,1697,9526,1,32518,32518
2539,2024-05-08,1015,1168,6819,4,34337,137348
2540,2024-10-06,1070,1172,5055,2,24196,48392
2541,2024-01-27,1026,1218,6843,3,36896,110688
2542,2024-12-09,1050,1417,5061,2,19285,38570
2543,2024-04-01,1083,1587,8814,4,18360,73440
2544,2024-10-21,1053,1715,9203,8,3186,25488
2545,2024-02-24,1098,1313,9265,9,45684,411156
2546,2024-07-14,1016,1590,5174,7,33854,236978
2547,2024-08-08,1091,1211,6141,2,17560,35120
2548,2024-10-27,1071,1137,8430,7,25216,176512
2549,2024-06-04,1067,1760,9234,6,32575,195450
2550,2024-04-10,1096,1237,7754,4,26610,106440
2551,2024-08-23,1085,1893,9867,1,28761,28761
2552,2024-10-11,1094,1601,5478,1,33630,33630
2553,2024-03-09,1000,1912,8613,6,5786,34716
2554,2024-09-23,1013,1713,5590,7,41673,291711
2555,2024-05-17,1006,1316,7638,1,6510,6510
2556,2024-09-04,1063,1631,7745,2,42058,84116
2557,2024-04-12,1071,1010,9767,9,28915,260235
2558,2024-04-17,1007,1400,7132,4,44818,179272
2559,2024-07-18,1053,1202,9325,4,24530,98120
2560,2024-08-02,1023,1526,6930,6,28553,171318
2561,2024-06-03,1054,1515,7911,5,43934,219670
2562,2024-03-27,1000,1856,6178,9,27650,248850
2563,2024-07-27,1098,1739,9375,3,6045,18135
2564,2024-06-26,1071,1180,6828,8,20722,165776
2565,2024-03-14,1068,1430,5799,1,29449,29449
2566,2024-09-14,1031,1734,7612,7,12138,84966
2567,2024-09-29,1000,1557,6152,8,35485,283880
2568,2024-12-16,1065,1412,7156,9,10207,91863
2569,2024-12-01,1041,1542,7743,1,45780,45780
2570,2024-01-24,1078,1328,5517,1,11465,11465
2571,2024-11-08,1008,1559,5970,8,14631,117048
2572,2024-03-11,1075,1183,8773,2,47561,95122
2573,2024-03-23,1073,1960,6621,6,34439,206634
2574,2024-12-18,1023,1130,5524,8,25912,207296
2575,2024-10-18,1018,1771,8837,6,3583,21498
2576,2024-10-27,1050,1274,9427,9,16051,144459
2577,2024-01-10,1080,1936,6640,8,37368,298944
2578,2024-11-14,1001,1661,9739,7,6026,42182
2579,2024-02-12,1009,1370,6061,5,43867,219335
2580,2024-02-20,1068,1455,7992,1,22058,22058
2581,2024-07-25,1005,1024,5414,2,41060,82120
2582,2024-04-16,1061,1387,8056,2,24362,48724
2583,2024-09-15,1065,1308,8497,1,49110,49110
2584,2024-07-12,1007,1178,5433,5,21358,106790
2585,2024-08-22,1067,1205,8350,3,40606,121818
2586,2024-06-11,1058,1004,5226,8,26876,215008
2587,2024-03-09,1049,1305,6851,2,23268,46536
2588,2024-11-30,1094,1177,6439,3,41282,123846
2589,2024-10-18,1035,1314,5055,9,4786,43074
2590,2024-10-31,1007,1860,6622,2,6957,13914
2591,2024-09-13,1094,1916,5289,9,8770,78930
2592,2024-11-24,1016,1846,8366,9,36452,328068
2593,2024-07-03,1058,1662,9092,3,48902,146706
2594,2024-09-11,1077,1592,5833,5,5973,29865
2595,2024-04-25,1007,1130,9605,2,25912,51824
2596,2024-01-14,1088,1224,7707,1,47220,47220
2597,2024-08-02,1077,1305,5269,3,23268,69804
2598,2024-04-02,1086,1309,6189,8,42072,336576
2599,2024-08-21,1042,1090,8876,2,47490,94980
2600,2024-06-28,1062,1911,6828,5,5385,26925
2601,2024-02-23,1080,1261,9467,4,34094,136376
2602,2024-10-31,1011,1808,5987,9,48290,434610
2603,2024-01-30,1083,1437,8463,5,33745,168725
2604,2024-01-12,1097,1521,8729,1,28007,28007
2605,2024-04-20,1055,1117,5574,7,40642,284494
2606,2024-04-21,1048,1668,8794,9,38344,345096
2607,2024-06-17,1051,1442,6878,6,3589,21534
2608,2024-04-13,1010,1592,6053,8,5973,47784
2609,2024-01-11,1026,1358,9437,9,11710,105390
2610,2024-12-12,1061,1173,7102,7,32585,228095
2611,2024-11-24,1008,1461,5197,5,27047,135235
2612,2024-09-28,1081,1395,7244,3,48559,145677
2613,2024-01-14,1035,1229,9061,4,42251,169004
2614,2024-06-23,1045,1156,5198,4,1105,4420
2615,2024-06-06,1091,1333,5869,7,7601,53207
2616,2024-04-19,1083,1711,5172,9,33292,299628
2617,2024-05-31,1028,1304,8575,2,28721,57442
2618,2024-08-21,1067,1743,5703,2,32539,65078
2619,2024-05-20,1078,1679,5458,4,27192,108768
2620,2024-04-28,1040,1976,6960,8,47842,382736
2621,2024-01-09,1027,1298,6424,1,24719,24719
2622,2024-06-25,1063,1614,5778,6,3468,20808
2623,2024-02-18,1023,1342,7907,1,11709,11709
2624,2024-10-24,1015,1518,7953,9,39383,354447
2625,2024-11-28,1021,1651,5791,5,7713,38565
2626,2024-05-28,1046,1719,7871,3,21210,63630
2627,2024-06-05,1016,1012,7329,1,9686,9686
2628,2024-04-01,1000,1700,5663,4,3129,12516
2629,2024-05-31,1030,1382,7886,6,43965,263790
2630,2024-06-18,1088,1174,6771,8,7467,59736
2631,2024-03-24,1011,1402,5291,9,17755,159795
2632,2024-12-24,1019,1642,8088,4,4788,19152
2633,2024-11-22,1018,1874,9815,5,36086,180430
2634,2024-02-17,1004,1631,6809,8,42058,336464
2635,2024-11-30,1014,1455,9703,3,22058,66174
2636,2024-08-04,1024,1679,5321,4,27192,108768
2637,2024-03-17,1034,1267,6648,6,38403,230418
2638,2024-02-12,1054,1670,9591,5,34870,174350
2639,2024-09-20,1062,1895,6421,8,11889,95112
2640,2024-03-03,1046,1674,6198,2,33184,66368
2641,2024-09-01,1066,1339,7697,9,20066,180594
2642,2024-04-29,1081,1987,5822,1,23851,23851
2643,2024-11-14,1063,1833,5219,2,41918,83836
2644,2024-09-18,1021,1026,7685,8,36901,295208
2645,2024-11-25,1079,1258,5757,8,18743,149944
2646,2024-09-06,1078,1815,6575,8,38970,311760
2647,2024-02-21,1068,1916,5190,2,8770,17540
2648,2024-10-03,1076,1882,7683,8,11567,92536
2649,2024-05-21,1091,1563,6342,5,37613,188065
2650,2024-09-07,1073,1134,9968,4,15538,62152
2651,2024-11-09,1079,1306,5686,2,36317,72634
2652,2024-08-12,1001,1480,5732,9,13881,124929
2653,2024-06-01,1099,1812,5172,3,38891,116673
2654,2024-02-25,1024,1813,7280,5,37973,189865
2655,2024-12-04,1060,1800,8720,4,32977,131908
2656,2024-01-09,1004,1803,5750,9,2103,18927
2657,2024-08-28,1027,1016,5650,4,45421,181684
2658,2024-06-12,1080,1389,5084,5,39971,199855
2659,2024-05-12,1065,1627,8020,8,31217,249736
2660,2024-03-21,1014,1916,9119,4,8770,35080
2661,2024-12-15,1054,1805,9884,2,2604,5208
2662,2024-05-14,1037,1417,9355,2,19285,38570
2663,2024-05-13,1092,1048,8808,9,38918,350262
2664,2024-02-21,1022,1060,9707,6,20955,125730
2665,2024-07-20,1081,1313,8015,1,45684,45684
2666,2024-07-16,1013,1587,9340,2,18360,36720
2667,2024-04-15,1031,1779,7438,9,7968,71712
2668,2024-11-06,1043,1145,5384,8,10942,87536
2669,2024-08-31,1069,1701,5452,9,9978,89802
2670,2024-08-20,1091,1495,6100,6,7401,44406
2671,2024-01-14,1081,1005,8519,3,37773,113319
2672,2024-08-12,1098,1204,9603,4,28131,112524
2673,2024-07-29,1057,1862,5496,7,27024,189168
2674,2024-07-19,1003,1249,6534,8,49865,398920
2675,2024-06-13,1061,1344,5253,9,49389,444501
2676,2024-02-18,1059,1431,8413,8,31367,250936
2677,2024-05-12,1094,1343,5881,2,3085,6170
2678,2024-03-10,1074,1617,5428,2,32507,65014
2679,2024-04-28,1058,1778,7150,5,15136,75680
2680,2024-05-18,1074,1416,6935,2,31717,63434
2681,2024-08-30,1028,1532,9536,1,5634,5634
2682,2024-06-29,1018,1486,5859,4,16114,64456
2683,2024-07-01,1016,1919,5438,1,46155,46155
2684,2024-11-30,1003,1054,8855,4,1586,6344
2685,2024-02-19,1043,1176,7319,4,43603,174412
2686,2024-06-29,1003,1747,7341,6,11873,71238
2687,2024-05-04,1058,1883,7389,5,27496,137480
2688,2024-08-18,1011,1467,6695,9,29345,264105
2689,2024-11-06,1046,1494,8944,8,9181,73448
2690,2024-12-13,1006,1520,6494,6,12581,75486
2691,2024-01-03,1084,1862,7070,6,27024,162144
2692,2024-06-21,1096,1987,7648,6,23851,143106
2693,2024-03-21,1011,1117,5985,4,40642,162568
2694,2024-10-01,1070,1805,6059,5,2604,13020
2695,2024-11-10,1053,1388,5433,4,34391,137564
2696,2024-12-10,1057,1612,7657,2,33404,66808
2697,2024-08-06,1062,1936,6640,5,37368,186840
2698,2024-05-19,1014,1417,5899,1,19285,19285
2699,2024-03-03,1036,1201,8875,9,18646,167814
2700,2024-01-27,1055,1863,7494,9,7895,71055
2701,2024-07-14,1072,1868,6747,9,42952,386568
2702,2024-05-31,1096,1958,9989,2,10835,21670
2703,2024-09-08,1079,1144,9174,3,27045,81135
2704,2024-09-04,1030,1180,9155,8,20722,165776
2705,2024-06-02,1014,1035,7701,2,18947,37894
2706,2024-07-28,1001,1035,7430,6,18947,113682
2707,2024-01-22,1012,1396,7619,9,33873,304857
2708,2024-03-10,1004,1531,7496,7,5012,35084
2709,2024-01-19,1047,1818,6600,3,15797,47391
2710,2024-04-10,1032,1229,8998,8,42251,338008
2711,2024-06-10,1031,1210,9982,9,14018,126162
2712,2024-05-18,1052,1469,8173,5,18332,91660
2713,2024-03-28,1020,1783,8477,8,11628,93024
2714,2024-02-06,1065,1005,6148,8,37773,302184
2715,2024-06-19,1099,1458,8009,1,20521,20521
2716,2024-09-16,1060,1393,7051,2,29740,59480
2717,2024-12-03,1053,1158,8441,7,34991,244937
2718,2024-09-27,1096,1145,5216,1,10942,10942
2719,2024-09-11,1074,1351,5471,4,33002,132008
2720,2024-05-19,1040,1680,8527,7,33510,234570
2721,2024-03-08,1086,1873,6964,5,7298,36490
2722,2024-03-08,1037,1046,7396,2,36237,72474
2723,2024-06-17,1032,1535,7308,3,2973,8919
2724,2024-04-14,1007,1109,9433,8,24236,193888
2725,2024-11-10,1099,1975,9558,1,47572,47572
2726,2024-02-27,1035,1604,6786,5,32867,164335
2727,2024-07-05,1032,1486,5769,3,16114,48342
2728,2024-02-25,1028,1216,8934,9,32225,290025
2729,2024-01-04,1094,1103,8992,6,47449,284694
2730,2024-10-11,1056,1728,8324,5,28415,142075
2731,2024-01-17,1093,1679,5441,3,27192,81576
2732,2024-08-24,1071,1556,8349,4,10626,42504
2733,2024-11-02,1060,1338,6038,8,3402,27216
2734,2024-09-06,1089,1713,8629,1,41673,41673
2735,2024-01-24,1086,1768,8543,7,44630,312410
2736,2024-10-26,1054,1282,5382,1,45489,45489
2737,2024-04-25,1051,1533,6273,1,35917,35917
2738,2024-08-25,1042,1027,6063,4,4719,18876
2739,2024-06-17,1025,1765,5237,2,5423,10846
2740,2024-11-08,1001,1943,5837,1,35652,35652
2741,2024-10-14,1054,1546,9017,8,14661,117288
2742,2024-08-28,1089,1514,9141,7,38722,271054
2743,2024-12-29,1017,1421,5071,9,31527,283743
2744,2024-10-24,1090,1729,9899,2,14713,29426
2745,2024-10-16,1049,1811,7359,6,25774,154644
2746,2024-09-07,1080,1504,8723,3,8482,25446
2747,2024-06-13,1044,1253,5964,5,29095,145475
2748,2024-12-06,1014,1900,5588,9,8676,78084
2749,2024-05-20,1006,1239,8346,3,34453,103359
2750,2024-04-29,1080,1240,9107,9,46264,416376
2751,2024-12-03,1082,1201,9383,8,18646,149168
2752,2024-06-09,1026,1134,9645,9,15538,139842
2753,2024-04-14,1039,1477,9540,2,21533,43066
2754,2024-12-03,1016,1472,9057,4,2624,10496
2755,2024-04-01,1031,1425,7557,3,7600,22800
2756,2024-07-22,1015,1353,5847,6,23836,143016
2757,2024-02-09,1062,1366,7404,8,28599,228792
2758,2024-02-23,1093,1568,8919,7,11284,78988
2759,2024-03-29,1077,1084,9477,2,8403,16806
2760,2024-05-14,1059,1156,8974,5,1105,5525
2761,2024-01-02,1081,1336,5063,4,7606,30424
2762,2024-04-06,1085,1190,8702,1,40335,40335
2763,2024-02-25,1051,1931,9220,5,13149,65745
2764,2024-12-25,1079,1935,5886,5,11166,55830
2765,2024-05-03,1048,1498,5761,5,6814,34070
2766,2024-07-03,1048,1020,6509,3,23369,70107
2767,2024-05-04,1079,1609,9237,1,45965,45965
2768,2024-11-29,1025,1692,5036,7,7909,55363
2769,2024-09-20,1050,1655,9679,9,13830,124470
2770,2024-12-05,1042,1685,9915,6,18169,109014
2771,2024-07-09,1069,1491,6993,4,27282,109128
2772,2024-12-03,1070,1136,6696,5,9269,46345
2773,2024-08-02,1008,1235,5356,3,18099,54297
2774,2024-08-08,1043,1002,5915,4,45041,180164
2775,2024-07-17,1063,1022,7883,3,13322,39966
2776,2024-12-09,1089,1140,7546,7,18196,127372
2777,2024-06-22,1001,1037,5188,4,24778,99112
2778,2024-08-04,1035,1161,7926,6,29202,175212
2779,2024-07-24,1002,1221,8285,8,9942,79536
2780,2024-03-07,1053,1742,5503,8,589,4712
2781,2024-06-22,1020,1409,6730,6,31604,189624
2782,2024-03-18,1066,1927,5239,9,22546,202914
2783,2024-11-18,1008,1019,8582,6,35500,213000
2784,2024-02-11,1011,1557,7963,9,35485,319365
2785,2024-03-04,1071,1101,5235,6,34146,204876
2786,2024-11-24,1036,1822,7137,9,1720,15480
2787,2024-07-17,1084,1904,5150,8,21367,170936
2788,2024-03-30,1036,1486,8340,7,16114,112798
2789,2024-01-07,1066,1306,7511,8,36317,290536
2790,2024-09-19,1055,1056,6132,4,18244,72976
2791,2024-05-01,1084,1847,7023,7,21621,151347
2792,2024-06-12,1062,1940,5563,2,45392,90784
2793,2024-04-25,1025,1677,5353,3,26853,80559
2794,2024-01-13,1087,1835,9839,3,2515,7545
2795,2024-01-20,1045,1139,7267,5,29536,147680
2796,2024-07-19,1052,1473,6562,4,38111,152444
2797,2024-11-04,1059,1116,6858,1,7788,7788
2798,2024-09-10,1097,1137,7150,7,25216,176512
2799,2024-03-26,1031,1975,7405,2,47572,95144
2800,2024-06-28,1090,1320,5708,8,1053,8424
2801,2024-08-24,1061,1267,9922,4,38403,153612
2802,2024-12-18,1046,1435,9943,5,39178,195890
2803,2024-03-01,1060,1765,9766,4,5423,21692
2804,2024-08-02,1093,1050,6621,4,34507,138028
2805,2024-08-02,1003,1981,5898,6,34989,209934
2806,2024-12-23,1001,1319,7884,5,23036,115180
2807,2024-03-30,1022,1696,8406,6,12275,73650
2808,2024-04-05,1054,1604,6761,2,32867,65734
2809,2024-03-01,1040,1530,8342,1,12245,12245
2810,2024-02-25,1067,1669,8738,3,24381,73143
2811,2024-08-07,1036,1731,9684,8,18512,148096
2812,2024-04-03,1010,1724,8217,1,29112,29112
2813,2024-02-09,1035,1337,7057,8,41015,328120
2814,2024-12-02,1099,1744,5451,2,31855,63710
2815,2024-11-14,1014,1023,8521,4,44687,178748
2816,2024-09-04,1066,1281,7483,3,13443,40329
2817,2024-08-04,1029,1035,8384,1,18947,18947
2818,2024-06-02,1056,1874,9781,8,36086,288688
2819,2024-12-16,1061,1823,5830,1,25362,25362
2820,2024-03-02,1086,1719,8533,7,21210,148470
2821,2024-08-27,1032,1825,5892,3,42104,126312
2822,2024-07-08,1064,1499,5310,3,33517,100551
2823,2024-05-25,1000,1543,7105,9,31348,282132
2824,2024-01-10,1002,1257,5061,8,42754,342032
2825,2024-10-18,1008,1968,5996,3,10833,32499
2826,2024-05-09,1031,1337,9370,9,41015,369135
2827,2024-02-29,1076,1176,9176,6,43603,261618
2828,2024-06-23,1044,1496,5431,3,9618,28854
2829,2024-03-13,1094,1429,8303,7,4967,34769
2830,2024-08-26,1056,1492,6484,4,38143,152572
2831,2024-06-27,1020,1594,8476,6,5722,34332
2832,2024-03-07,1022,1889,8690,2,24253,48506
2833,2024-03-21,1076,1822,5279,9,1720,15480
2834,2024-03-17,1025,1741,9765,3,4007,12021
2835,2024-09-04,1088,1267,7970,4,38403,153612
2836,2024-07-13,1071,1716,9019,9,9795,88155
2837,2024-03-08,1029,1446,9930,7,30661,214627
2838,2024-12-03,1068,1674,7676,2,33184,66368
2839,2024-02-25,1023,1239,6743,1,34453,34453
2840,2024-04-08,1073,1116,9099,7,7788,54516
2841,2024-09-26,1082,1585,8500,2,23888,47776
2842,2024-03-16,1063,1405,5696,6,18631,111786
2843,2024-11-26,1034,1265,5895,6,24102,144612
2844,2024-03-06,1021,1305,9320,5,23268,116340
2845,2024-02-02,1038,1418,5620,2,31957,63914
2846,2024-09-25,1054,1655,6881,9,13830,124470
2847,2024-01-30,1006,1803,5870,1,2103,2103
2848,2024-01-26,1061,1572,7051,1,13233,13233
2849,2024-07-28,1038,1586,6952,2,33382,66764
2850,2024-09-25,1019,1016,9529,8,45421,363368
2851,2024-11-19,1055,1856,6916,5,27650,138250
2852,2024-05-02,1095,1896,8891,3,15350,46050
2853,2024-02-02,1065,1011,9618,4,23762,95048
2854,2024-05-22,1014,1514,8202,4,38722,154888
2855,2024-05-24,1073,1882,8357,9,11567,104103
2856,2024-09-18,1020,1584,9560,5,2958,14790
2857,2024-01-05,1078,1082,9576,4,15855,63420
2858,2024-06-09,1033,1658,8216,7,13936,97552
2859,2024-11-05,1034,1382,5166,6,43965,263790
2860,2024-05-23,1004,1625,5288,2,17722,35444
2861,2024-05-31,1055,1083,5878,4,39293,157172
2862,2024-01-05,1082,1586,6473,3,33382,100146
2863,2024-07-13,1006,1983,6668,9,10376,93384
2864,2024-05-04,1052,1789,8747,6,34717,208302
2865,2024-03-16,1043,1512,8330,2,28420,56840
2866,2024-11-01,1057,1564,8943,5,30569,152845
2867,2024-06-17,1041,1508,5159,6,42795,256770
2868,2024-08-04,1099,1171,7189,1,22950,22950
2869,2024-07-01,1017,1490,6782,6,9043,54258
2870,2024-12-02,1005,1265,9074,3,24102,72306
2871,2024-04-22,1003,1458,8545,8,20521,164168
2872,2024-10-02,1068,1007,7000,5,49515,247575
2873,2024-06-26,1013,1144,8387,6,27045,162270
2874,2024-05-04,1040,1709,8666,4,38108,152432
2875,2024-10-17,1046,1762,7122,1,49256,49256
2876,2024-11-18,1096,1134,5774,4,15538,62152
2877,2024-07-17,1052,1636,9492,4,25955,103820
2878,2024-05-17,1020,1830,5626,4,22619,90476
2879,2024-08-05,1012,1862,5664,3,27024,81072
2880,2024-10-23,1065,1420,7187,3,41696,125088
2881,2024-06-16,1014,1067,6294,1,7325,7325
2882,2024-05-13,1079,1575,7570,8,43374,346992
2883,2024-06-09,1098,1253,5614,7,29095,203665
2884,2024-09-28,1044,1774,9511,3,29223,87669
2885,2024-10-06,1083,1399,8848,7,10795,75565
2886,2024-09-04,1064,1984,9264,9,15805,142245
2887,2024-08-09,1045,1355,9045,7,22902,160314
2888,2024-11-11,1002,1738,8927,4,49097,196388
2889,2024-11-25,1016,1781,7004,1,40601,40601
2890,2024-06-20,1016,1249,5620,9,49865,448785
2891,2024-09-15,1083,1163,6060,8,2749,21992
2892,2024-09-12,1019,1884,8204,3,6299,18897
2893,2024-06-16,1003,1840,9104,9,38361,345249
2894,2024-04-29,1074,1266,9280,5,36360,181800
2895,2024-01-19,1014,1383,6093,4,26627,106508
2896,2024-10-22,1056,1384,7279,6,37254,223524
2897,2024-11-04,1044,1264,6905,7,44587,312109
2898,2024-09-03,1026,1536,8468,6,43994,263964
2899,2024-07-23,1087,1615,5847,9,6923,62307
2900,2024-03-07,1019,1782,7677,1,4722,4722
2901,2024-12-07,1078,1764,9432,4,21632,86528
2902,2024-12-10,1005,1569,6717,1,25852,25852
2903,2024-07-03,1017,1023,8229,7,44687,312809
2904,2024-12-07,1085,1583,7744,4,12676,50704
2905,2024-04-17,1048,1371,5138,1,36716,36716
2906,2024-06-13,1084,1604,5199,1,32867,32867
2907,2024-04-30,1023,1966,7354,8,47150,377200
2908,2024-03-24,1080,1126,8647,4,29520,118080
2909,2024-10-28,1010,1173,7788,3,32585,97755
2910,2024-09-17,1017,1017,8584,9,38905,350145
2911,2024-04-16,1034,1450,6112,2,40929,81858
2912,2024-05-02,1054,1062,7907,5,36031,180155
2913,2024-03-13,1094,1622,6372,2,4400,8800
2914,2024-12-02,1027,1151,9501,3,42146,126438
2915,2024-11-08,1087,1851,8472,5,29833,149165
2916,2024-06-02,1035,1670,9364,2,34870,69740
2917,2024-10-15,1023,1473,5335,7,38111,266777
2918,2024-04-06,1032,1506,7418,2,8031,16062
2919,2024-10-18,1093,1933,5587,5,25457,127285
2920,2024-12-14,1036,1750,9335,5,20139,100695
2921,2024-10-04,1012,1749,5806,3,33974,101922
2922,2024-09-10,1015,1810,5828,2,25598,51196
2923,2024-03-22,1042,1007,7894,8,49515,396120
2924,2024-01-17,1072,1223,8231,6,12111,72666
2925,2024-10-26,1049,1199,8584,5,26798,133990
2926,2024-06-28,1012,1132,6742,3,12777,38331
2927,2024-08-03,1070,1847,7082,1,21621,21621
2928,2024-01-22,1034,1538,5723,5,19863,99315
2929,2024-08-23,1089,1381,9766,1,40684,40684
2930,2024-07-29,1072,1190,7963,1,40335,40335
2931,2024-10-12,1034,1230,8886,3,32906,98718
2932,2024-07-25,1023,1704,7071,2,1705,3410
2933,2024-11-20,1096,1574,7547,5,42288,211440
2934,2024-09-11,1084,1900,5329,5,8676,43380
2935,2024-12-10,1052,1322,5504,7,2225,15575
2936,2024-01-11,1085,1051,7808,5,48395,241975
2937,2024-11-02,1038,1336,8042,7,7606,53242
2938,2024-11-14,1018,1992,7429,8,28885,231080
2939,2024-12-07,1043,1594,9799,1,5722,5722
2940,2024-02-03,1045,1899,7140,4,14367,57468
2941,2024-04-30,1044,1332,6224,1,37014,37014
2942,2024-08-23,1031,1434,8191,6,46514,279084
2943,2024-07-01,1004,1753,9745,4,43548,174192
2944,2024-03-18,1075,1682,8839,9,15868,142812
2945,2024-05-02,1005,1694,5956,1,34535,34535
2946,2024-10-02,1081,1473,8585,7,38111,266777
2947,2024-07-26,1006,1808,8350,8,48290,386320
2948,2024-07-04,1082,1670,5849,1,34870,34870
2949,2024-01-17,1014,1506,5953,4,8031,32124
2950,2024-10-16,1072,1802,9490,1,28913,28913
2951,2024-09-10,1019,1719,7404,6,21210,127260
2952,2024-04-08,1058,1824,9087,3,27731,83193
2953,2024-05-26,1083,1407,8424,5,16665,83325
2954,2024-04-23,1003,1820,6059,1,13281,13281
2955,2024-04-06,1073,1797,6976,1,12205,12205
2956,2024-11-17,1039,1378,9567,7,33182,232274
2957,2024-11-23,1064,1763,7904,6,1795,10770
2958,2024-12-14,1034,1720,7326,9,21576,194184
2959,2024-06-18,1087,1204,9533,5,28131,140655
2960,2024-11-02,1043,1357,6598,1,23182,23182
2961,2024-07-17,1006,1248,8797,8,3136,25088
2962,2024-06-25,1021,1902,9128,1,2590,2590
2963,2024-05-03,1022,1904,5686,1,21367,21367
2964,2024-06-05,1064,1148,6554,9,46234,416106
2965,2024-04-04,1087,1669,5929,7,24381,170667
2966,2024-10-12,1019,1484,6497,5,36752,183760
2967,2024-04-08,1031,1612,7051,5,33404,167020
2968,2024-08-22,1094,1789,6120,8,34717,277736
2969,2024-07-08,1096,1942,7506,3,24447,73341
2970,2024-10-20,1035,1317,8825,1,49439,49439
2971,2024-09-29,1017,1510,8199,5,42356,211780
2972,2024-11-25,1096,1286,5692,5,17612,88060
2973,2024-01-18,1032,1387,6656,7,24362,170534
2974,2024-06-22,1068,1777,5917,8,20426,163408
2975,2024-11-01,1081,1797,9513,7,12205,85435
2976,2024-04-29,1008,1733,5416,7,22721,159047
2977,2024-09-12,1041,1902,7584,9,2590,23310
2978,2024-04-05,1094,1142,8181,1,4911,4911
2979,2024-11-05,1070,1402,9401,8,17755,142040
2980,2024-01-31,1078,1585,7386,9,23888,214992
2981,2024-04-06,1003,1166,6795,2,5115,10230
2982,2024-07-11,1045,1858,5071,4,39905,159620
2983,2024-08-20,1071,1770,6836,8,23712,189696
2984,2024-02-15,1023,1610,8187,8,35962,287696
2985,2024-10-17,1071,1563,7889,3,37613,112839
2986,2024-08-23,1068,1379,9635,1,14314,14314
2987,2024-02-18,1022,1209,6717,7,6529,45703
2988,2024-12-02,1054,1855,8257,1,13215,13215
2989,2024-06-10,1097,1780,9948,7,23992,167944
2990,2024-10-11,1014,1043,5762,8,39027,312216
2991,2024-05-13,1050,1464,7954,3,22820,68460
2992,2024-09-13,1049,1761,8215,2,7024,14048
2993,2024-07-01,1046,1528,9347,4,5909,23636
2994,2024-01-27,1082,1330,5862,1,16591,16591
2995,2024-05-19,1024,1656,9267,2,29309,58618
2996,2024-09-16,1038,1307,9336,9,20980,188820
2997,2024-03-20,1067,1688,8994,8,41027,328216
2998,2024-06-28,1045,1850,5336,9,7487,67383
2999,2024-09-23,1071,1070,9849,1,34587,34587
3000,2024-02-21,1092,1914,5079,6,30190,181140
3001,2024-03-24,1012,1891,7816,1,40663,40663
3002,2024-06-04,1037,1289,8318,7,7223,50561
3003,2024-11-23,1035,1220,7170,5,8580,42900
3004,2024-04-13,1036,1669,7751,8,24381,195048
3005,2024-12-11,1041,1617,6956,6,32507,195042
3006,2024-04-06,1094,1510,9502,1,42356,42356
3007,2024-05-04,1018,1540,8610,7,47536,332752
3008,2024-07-01,1036,1485,6892,6,26398,158388
3009,2024-11-22,1088,1175,8671,3,18560,55680
3010,2024-02-23,1064,1391,7521,8,25086,200688
3011,2024-10-28,1084,1579,9695,3,14373,43119
3012,2024-06-12,1038,1091,5862,8,20537,164296
3013,2024-05-28,1025,1307,7776,5,20980,104900
3014,2024-10-16,1041,1586,5178,3,33382,100146
3015,2024-03-27,1061,1337,5129,8,41015,328120
3016,2024-06-10,1052,1596,6276,2,6122,12244
3017,2024-06-16,1066,1878,6094,1,12486,12486
3018,2024-05-14,1049,1057,8439,8,43305,346440
3019,2024-03-30,1068,1060,6110,8,20955,167640
3020,2024-11-03,1028,1423,5860,4,34420,137680
3021,2024-10-31,1096,1607,8677,7,48005,336035
3022,2024-03-21,1001,1272,5412,3,15823,47469
3023,2024-12-16,1017,1225,5926,9,26242,236178
3024,2024-08-18,1059,1336,8497,1,7606,7606
3025,2024-03-29,1013,1526,7753,8,28553,228424
3026,2024-10-19,1039,1723,5334,7,1340,9380
3027,2024-01-02,1063,1358,7044,8,11710,93680
3028,2024-12-17,1029,1906,6551,5,31220,156100
3029,2024-08-09,1028,1338,7055,8,3402,27216
3030,2024-01-17,1028,1863,8623,7,7895,55265
3031,2024-07-14,1018,1983,5208,7,10376,72632
3032,2024-04-29,1089,1837,6780,5,8322,41610
3033,2024-08-29,1057,1337,5205,7,41015,287105
3034,2024-06-22,1039,1488,7644,1,7777,7777
3035,2024-02-01,1008,1376,5282,8,9663,77304
3036,2024-10-01,1076,1687,6695,9,14018,126162
3037,2024-07-13,1030,1268,6487,4,12176,48704
3038,2024-01-04,1077,1630,6915,5,30824,154120
3039,2024-10-07,1094,1153,7166,7,13885,97195
3040,2024-01-21,1014,1007,6968,6,49515,297090
3041,2024-08-25,1033,1281,5754,6,13443,80658
3042,2024-04-02,1061,1880,7428,7,9382,65674
3043,2024-03-29,1073,1397,5535,9,20058,180522
3044,2024-04-22,1056,1245,5340,2,44831,89662
3045,2024-08-08,1020,1936,7726,5,37368,186840
3046,2024-04-07,1053,1133,5903,7,6079,42553
3047,2024-05-21,1088,1655,8921,1,13830,13830
3048,2024-05-29,1036,1226,6490,7,14368,100576
3049,2024-02-17,1039,1033,5146,9,37115,334035
3050,2024-02-20,1019,1295,8749,9,17383,156447
3051,2024-07-26,1070,1474,9523,7,19681,137767
3052,2024-01-11,1017,1995,8653,6,43532,261192
3053,2024-09-26,1043,1139,7329,1,29536,29536
3054,2024-09-19,1055,1384,7139,6,37254,223524
3055,2024-07-15,1089,1284,5417,4,10530,42120
3056,2024-07-04,1016,1208,6196,4,10999,43996
3057,2024-10-22,1041,1081,9388,2,4617,9234
3058,2024-08-08,1070,1432,6624,8,49935,399480
3059,2024-03-21,1027,1759,9766,9,37811,340299
3060,2024-08-09,1020,1399,5103,1,10795,10795
3061,2024-06-18,1036,1354,5578,7,31794,222558
3062,2024-03-26,1022,1648,7985,7,36724,257068
3063,2024-02-13,1047,1954,8204,7,6284,43988
3064,2024-09-17,1058,1363,8163,4,19633,78532
3065,2024-04-13,1073,1294,5560,6,10146,60876
3066,2024-10-10,1051,1421,5664,9,31527,283743
3067,2024-08-15,1016,1005,5137,9,37773,339957
3068,2024-07-06,1037,1857,6121,4,1230,4920
3069,2024-04-30,1000,1592,8598,2,5973,11946
3070,2024-05-28,1074,1855,7252,2,13215,26430
3071,2024-12-17,1032,1585,7234,2,23888,47776
3072,2024-10-31,1094,1479,9336,1,16610,16610
3073,2024-02-26,1043,1826,8638,7,23187,162309
3074,2024-12-06,1087,1514,9918,6,38722,232332
3075,2024-07-07,1019,1914,7249,5,30190,150950
3076,2024-12-22,1046,1226,8255,3,14368,43104
3077,2024-02-07,1068,1666,8844,3,1437,4311
3078,2024-07-19,1041,1280,7821,1,33453,33453
3079,2024-08-16,1025,1724,7471,1,29112,29112
3080,2024-05-10,1048,1705,8311,8,24856,198848
3081,2024-06-19,1070,1339,5228,6,20066,120396
3082,2024-11-25,1090,1406,5127,5,23768,118840
3083,2024-02-04,1017,1891,5148,4,40663,162652
3084,2024-07-19,1094,1574,6875,8,42288,338304
3085,2024-06-16,1008,1441,7274,9,13301,119709
3086,2024-09-02,1065,1736,5382,1,18372,18372
3087,2024-08-11,1059,1817,7378,2,37686,75372
3088,2024-12-06,1036,1391,6475,4,25086,100344
3089,2024-02-27,1046,1887,9505,6,23165,138990
3090,2024-10-16,1028,1434,9749,3,46514,139542
3091,2024-01-25,1097,1100,6533,1,739,739
3092,2024-02-01,1062,1247,7281,3,27343,82029
3093,2024-04-19,1014,1297,7147,8,7611,60888
3094,2024-04-10,1008,1989,6176,5,30895,154475
3095,2024-05-29,1079,1830,6382,1,22619,22619
3096,2024-12-10,1065,1414,7377,5,15075,75375
3097,2024-07-11,1000,1104,8263,8,16595,132760
3098,2024-04-18,1008,1058,8140,9,28635,257715
3099,2024-12-21,1056,1209,6859,6,6529,39174
3100,2024-10-03,1055,1094,6136,4,37898,151592
3101,2024-08-20,1019,1601,8475,5,33630,168150
3102,2024-01-21,1001,1343,7429,3,3085,9255
3103,2024-09-08,1000,1050,9138,7,34507,241549
3104,2024-01-14,1073,1952,9484,4,19810,79240
3105,2024-08-02,1086,1900,8819,7,8676,60732
3106,2024-01-24,1053,1500,8036,4,28433,113732
3107,2024-01-20,1018,1714,5109,1,17492,17492
3108,2024-07-20,1017,1563,5927,9,37613,338517
3109,2024-11-16,1023,1983,5853,7,10376,72632
3110,2024-02-21,1051,1704,6836,8,1705,13640
3111,2024-12-22,1085,1139,9522,5,29536,147680
3112,2024-07-04,1019,1101,8829,2,34146,68292
3113,2024-07-25,1010,1918,5363,2,44740,89480
3114,2024-12-25,1072,1119,9166,1,10267,10267
3115,2024-04-04,1078,1307,5992,9,20980,188820
3116,2024-12-13,1059,1875,8897,7,18669,130683
3117,2024-09-22,1015,1472,9635,4,2624,10496
3118,2024-11-21,1012,1446,8284,5,30661,153305
3119,2024-01-15,1052,1075,8794,4,49962,199848
3120,2024-06-23,1005,1642,6330,3,4788,14364
3121,2024-08-06,1024,1151,6913,9,42146,379314
3122,2024-01-10,1062,1729,8722,7,14713,102991
3123,2024-01-19,1046,1590,6936,2,33854,67708
3124,2024-03-08,1014,1862,6868,2,27024,54048
3125,2024-10-04,1053,1490,7088,7,9043,63301
3126,2024-11-14,1081,1937,7354,9,18610,167490
3127,2024-10-20,1042,1404,7826,4,35565,142260
3128,2024-01-15,1096,1251,6022,6,38765,232590
3129,2024-11-21,1013,1724,6842,6,29112,174672
3130,2024-04-23,1033,1374,8098,9,2364,21276
3131,2024-10-26,1001,1340,7608,2,27410,54820
3132,2024-06-06,1019,1118,6461,2,24035,48070
3133,2024-04-13,1015,1152,7317,5,25319,126595
3134,2024-10-06,1066,1523,6533,3,30324,90972
3135,2024-03-26,1029,1815,7769,5,38970,194850
3136,2024-04-03,1086,1612,8275,7,33404,233828
3137,2024-06-22,1050,1721,5793,1,49649,49649
3138,2024-08-29,1086,1073,8623,4,21448,85792
3139,2024-09-18,1002,1709,7293,4,38108,152432
3140,2024-10-20,1076,1696,6553,4,12275,49100
3141,2024-10-08,1050,1796,5501,3,49645,148935
3142,2024-05-26,1045,1156,8181,4,1105,4420
3143,2024-01-02,1039,1220,5913,7,8580,60060
3144,2024-03-08,1028,1173,7816,3,32585,97755
3145,2024-03-09,1022,1237,7063,9,26610,239490
3146,2024-02-16,1016,1520,8428,8,12581,100648
3147,2024-12-20,1084,1763,8015,8,1795,14360
3148,2024-03-04,1092,1543,9595,5,31348,156740
3149,2024-03-20,1068,1495,6985,3,7401,22203
3150,2024-09-10,1084,1140,7678,2,18196,36392
3151,2024-08-24,1065,1877,8036,4,17633,70532
3152,2024-11-24,1022,1180,7525,2,20722,41444
3153,2024-05-18,1074,1842,8970,9,21565,194085
3154,2024-09-20,1078,1097,8335,2,23379,46758
3155,2024-11-11,1022,1309,6275,4,42072,168288
3156,2024-06-02,1006,1379,8601,7,14314,100198
3157,2024-05-11,1042,1371,6625,3,36716,110148
3158,2024-08-13,1061,1412,6560,1,10207,10207
3159,2024-04-01,1033,1690,8345,6,42528,255168
3160,2024-04-27,1050,1459,8095,1,45945,45945
3161,2024-05-05,1043,1176,8140,2,43603,87206
3162,2024-08-14,1069,1862,5010,6,27024,162144
3163,2024-12-04,1079,1936,5259,2,37368,74736
3164,2024-06-27,1054,1469,8081,5,18332,91660
3165,2024-03-25,1065,1729,8657,4,14713,58852
3166,2024-06-12,1095,1779,7955,8,7968,63744
3167,2024-08-17,1057,1802,7794,2,28913,57826
3168,2024-07-24,1042,1368,8162,2,6152,12304
3169,2024-04-13,1060,1485,7527,4,26398,105592
3170,2024-04-23,1037,1771,5022,1,3583,3583
3171,2024-07-06,1027,1556,8255,3,10626,31878
3172,2024-09-27,1056,1816,7605,8,7498,59984
3173,2024-02-20,1040,1969,5349,9,9959,89631
3174,2024-11-01,1072,1243,9681,3,43676,131028
3175,2024-08-09,1088,1126,9096,7,29520,206640
3176,2024-04-20,1049,1657,7851,4,37697,150788
3177,2024-02-24,1089,1813,6085,3,37973,113919
3178,2024-01-12,1089,1111,7667,5,5511,27555
3179,2024-07-08,1060,1978,9111,9,42583,383247
3180,2024-06-03,1068,1441,5423,4,13301,53204
3181,2024-11-30,1062,1270,8308,8,31057,248456
3182,2024-12-11,1080,1313,6327,2,45684,91368
3183,2024-09-21,1025,1662,7564,9,48902,440118
3184,2024-12-25,1025,1406,7456,1,23768,23768
3185,2024-04-13,1072,1852,6717,8,32886,263088
3186,2024-06-11,1022,1921,5476,8,38414,307312
3187,2024-05-20,1051,1236,6992,3,31314,93942
3188,2024-08-24,1087,1161,6617,1,29202,29202
3189,2024-02-13,1072,1380,6483,4,19148,76592
3190,2024-08-26,1073,1808,9524,3,48290,144870
3191,2024-04-06,1069,1460,7160,2,21400,42800
3192,2024-04-07,1003,1312,7214,6,5511,33066
3193,2024-11-19,1000,1280,6691,3,33453,100359
3194,2024-02-22,1005,1949,8837,7,5852,40964
3195,2024-04-18,1055,1555,6845,2,46509,93018
3196,2024-09-13,1028,1992,5095,4,28885,115540
3197,2024-01-11,1002,1731,9371,8,18512,148096
3198,2024-06-26,1087,1140,7535,3,18196,54588
3199,2024-10-20,1041,1053,9032,1,1814,1814
3200,2024-01-25,1008,1538,6227,5,19863,99315
3201,2024-05-05,1080,1519,8861,7,29481,206367
3202,2024-09-22,1058,1483,8527,5,15452,77260
3203,2024-05-12,1037,1501,5139,6,43872,263232
3204,2024-10-04,1041,1170,9661,1,34869,34869
3205,2024-02-11,1049,1375,8877,2,2113,4226
3206,2024-04-10,1013,1709,6371,1,38108,38108
3207,2024-10-10,1099,1076,7910,3,49664,148992
3208,2024-10-03,1044,1851,6253,3,29833,89499
3209,2024-05-18,1032,1182,5997,4,979,3916
3210,2024-08-08,1019,1703,5347,6,43261,259566
3211,2024-03-09,1033,1004,6286,2,26876,53752
3212,2024-10-19,1066,1570,5323,1,8016,8016
3213,2024-06-25,1083,1236,7716,1,31314,31314
3214,2024-07-15,1066,1666,6404,3,1437,4311
3215,2024-02-02,1069,1498,6897,4,6814,27256
3216,2024-10-27,1092,1018,9739,2,44894,89788
3217,2024-08-15,1038,1064,8665,5,47734,238670
3218,2024-05-15,1042,1835,7999,5,2515,12575
3219,2024-05-13,1094,1321,9935,9,8702,78318
3220,2024-05-22,1038,1235,8094,7,18099,126693
3221,2024-09-01,1084,1665,6774,1,34829,34829
3222,2024-05-16,1043,1288,7275,7,48434,339038
3223,2024-03-01,1000,1235,9383,3,18099,54297
3224,2024-02-25,1096,1748,8424,3,42108,126324
3225,2024-05-12,1049,1421,9794,4,31527,126108
3226,2024-07-26,1073,1390,7526,2,34271,68542
3227,2024-05-05,1061,1732,5400,9,11948,107532
3228,2024-05-02,1089,1755,8234,6,46322,277932
3229,2024-08-18,1002,1004,6877,6,26876,161256
3230,2024-02-04,1077,1136,5313,9,9269,83421
3231,2024-09-22,1007,1396,9919,2,33873,67746
3232,2024-03-31,1047,1749,8444,6,33974,203844
3233,2024-01-21,1095,1935,5626,9,11166,100494
3234,2024-05-19,1040,1047,5830,7,4374,30618
3235,2024-09-21,1035,1557,7094,9,35485,319365
3236,2024-04-29,1090,1063,7377,1,22508,22508
3237,2024-08-08,1056,1703,6294,9,43261,389349
3238,2024-01-23,1096,1540,9215,6,47536,285216
3239,2024-02-08,1084,1529,6670,6,47282,283692
3240,2024-08-22,1089,1669,5101,5,24381,121905
3241,2024-08-28,1077,1713,8345,2,41673,83346
3242,2024-05-07,1042,1018,6361,6,44894,269364
3243,2024-01-22,1099,1175,5773,1,18560,18560
3244,2024-02-24,1027,1776,7858,1,20535,20535
3245,2024-11-25,1091,1724,8768,7,29112,203784
3246,2024-02-16,1084,1512,8644,1,28420,28420
3247,2024-08-21,1058,1744,6117,5,31855,159275
3248,2024-01-27,1028,1759,5018,6,37811,226866
3249,2024-02-17,1037,1217,9687,4,8286,33144
3250,2024-06-15,1033,1973,9002,5,37755,188775
3251,2024-09-27,1064,1550,7630,2,21581,43162
3252,2024-03-21,1019,1732,7921,7,11948,83636
3253,2024-04-27,1025,1566,8045,1,26408,26408
3254,2024-02-14,1026,1759,9776,2,37811,75622
3255,2024-10-01,1022,1490,9049,8,9043,72344
3256,2024-06-29,1070,1307,7443,2,20980,41960
3257,2024-11-06,1021,1454,8237,1,35458,35458
3258,2024-08-19,1046,1831,8333,5,34894,174470
3259,2024-03-26,1098,1023,9682,2,44687,89374
3260,2024-04-14,1067,1282,8197,3,45489,136467
3261,2024-08-30,1092,1745,8663,6,33660,201960
3262,2024-06-25,1099,1370,6446,6,43867,263202
3263,2024-08-21,1066,1577,8120,3,12590,37770
3264,2024-03-18,1065,1705,9579,3,24856,74568
3265,2024-05-05,1068,1118,6881,7,24035,168245
3266,2024-07-07,1081,1248,6754,6,3136,18816
3267,2024-02-29,1097,1061,6316,1,18640,18640
3268,2024-08-07,1014,1399,5213,5,10795,53975
3269,2024-03-16,1043,1139,6298,7,29536,206752
3270,2024-03-31,1050,1551,6484,6,38769,232614
3271,2024-04-25,1064,1217,8236,4,8286,33144
3272,2024-10-06,1085,1009,9721,1,39529,39529
3273,2024-06-15,1024,1959,9663,7,9223,64561
3274,2024-05-05,1060,1566,9930,4,26408,105632
3275,2024-08-20,1016,1846,5802,4,36452,145808
3276,2024-04-23,1096,1088,5083,5,35817,179085
3277,2024-04-09,1051,1515,7221,7,43934,307538
3278,2024-05-30,1057,1473,5479,9,38111,342999
3279,2024-03-12,1080,1252,8213,4,2888,11552
3280,2024-12-14,1056,1382,6436,1,43965,43965
3281,2024-06-15,1037,1022,6808,3,13322,39966
3282,2024-03-12,1068,1612,9666,7,33404,233828
3283,2024-12-13,1036,1560,9515,7,27518,192626
3284,2024-12-18,1074,1361,7648,2,20617,41234
3285,2024-01-11,1075,1771,6489,6,3583,21498
3286,2024-10-24,1033,1384,9943,3,37254,111762
3287,2024-08-16,1034,1960,7017,7,34439,241073
3288,2024-05-05,1059,1678,6401,1,17342,17342
3289,2024-06-01,1038,1386,9363,2,45605,91210
3290,2024-06-10,1045,1239,5777,6,34453,206718
3291,2024-10-04,1015,1824,9828,9,27731,249579
3292,2024-06-27,1087,1314,7679,2,4786,9572
3293,2024-05-23,1030,1623,7817,4,30533,122132
3294,2024-05-18,1013,1206,8747,5,23626,118130
3295,2024-07-24,1046,1758,7949,2,22329,44658
3296,2024-04-05,1031,1234,6640,8,42706,341648
3297,2024-08-01,1076,1885,8172,3,47126,141378
3298,2024-03-09,1016,1273,9702,4,24724,98896
3299,2024-12-21,1055,1148,8176,9,46234,416106
3300,2024-11-13,1035,1567,8820,5,16301,81505
3301,2024-01-19,1041,1691,8713,3,40917,122751
3302,2024-11-11,1081,1893,7182,7,28761,201327
3303,2024-12-16,1018,1903,9884,1,25151,25151
3304,2024-04-10,1006,1280,5957,3,33453,100359
3305,2024-03-21,1054,1159,5619,4,31216,124864
3306,2024-07-01,1029,1887,8537,8,23165,185320
3307,2024-01-18,1075,1069,8496,6,14466,86796
3308,2024-06-03,1074,1807,9332,3,25870,77610
3309,2024-12-06,1028,1339,8444,9,20066,180594
3310,2024-05-08,1066,1240,6518,8,46264,370112
3311,2024-11-10,1033,1924,7701,1,4448,4448
3312,2024-12-31,1033,1708,8536,5,49961,249805
3313,2024-06-09,1094,1162,7570,1,28996,28996
3314,2024-04-28,1085,1082,7027,9,15855,142695
3315,2024-11-27,1001,1614,9654,2,3468,6936
3316,2024-06-21,1026,1459,8162,4,45945,183780
3317,2024-06-01,1046,1160,7321,1,7558,7558
3318,2024-01-20,1099,1866,6314,4,18556,74224
3319,2024-02-03,1095,1873,8133,9,7298,65682
3320,2024-11-09,1056,1613,8285,5,4901,24505
3321,2024-02-29,1098,1239,6642,5,34453,172265
3322,2024-06-06,1016,1941,5156,2,41670,83340
3323,2024-12-29,1097,1711,8954,6,33292,199752
3324,2024-07-24,1025,1485,5469,1,26398,26398
3325,2024-04-02,1009,1670,8663,1,34870,34870
3326,2024-08-05,1038,1202,6530,4,24530,98120
3327,2024-11-18,1008,1835,9807,7,2515,17605
3328,2024-03-29,1024,1423,9811,5,34420,172100
3329,2024-06-21,1019,1196,8777,3,37451,112353
3330,2024-02-09,1014,1041,6348,9,15850,142650
3331,2024-07-21,1090,1213,6741,9,49284,443556
3332,2024-08-08,1010,1683,9303,3,19210,57630
3333,2024-02-16,1015,1252,6121,9,2888,25992
3334,2024-08-30,1093,1016,5745,3,45421,136263
3335,2024-03-28,1021,1659,6138,6,12249,73494
3336,2024-06-05,1061,1115,7492,2,7215,14430
3337,2024-06-10,1023,1891,8462,2,40663,81326
3338,2024-01-20,1087,1203,7592,6,48654,291924
3339,2024-05-27,1035,1692,7151,5,7909,39545
3340,2024-07-19,1017,1811,8476,5,25774,128870
3341,2024-11-07,1019,1912,8800,7,5786,40502
3342,2024-05-30,1007,1794,7603,1,42419,42419
3343,2024-04-09,1014,1150,7629,6,12925,77550
3344,2024-09-03,1076,1245,7425,9,44831,403479
3345,2024-04-22,1099,1057,5445,5,43305,216525
3346,2024-08-06,1077,1708,8824,7,49961,349727
3347,2024-12-09,1046,1506,6193,3,8031,24093
3348,2024-12-25,1087,1240,8428,8,46264,370112
3349,2024-01-25,1023,1695,8012,1,13120,13120
3350,2024-10-15,1046,1091,7944,7,20537,143759
3351,2024-04-12,1017,1612,7461,6,33404,200424
3352,2024-03-19,1031,1605,7479,6,6446,38676
3353,2024-01-16,1098,1940,9827,1,45392,45392
3354,2024-12-06,1083,1924,7749,2,4448,8896
3355,2024-02-28,1041,1397,5086,6,20058,120348
3356,2024-07-12,1095,1391,6438,2,25086,50172
3357,2024-05-04,1036,1045,9872,4,23669,94676
3358,2024-02-01,1032,1154,7314,6,48402,290412
3359,2024-06-26,1000,1069,6450,2,14466,28932
3360,2024-08-06,1091,1902,5017,6,2590,15540
3361,2024-04-09,1026,1510,7942,9,42356,381204
3362,2024-04-12,1016,1281,9992,6,13443,80658
3363,2024-04-27,1045,1425,7421,7,7600,53200
3364,2024-08-30,1078,1029,5043,3,8975,26925
3365,2024-04-28,1077,1720,5322,4,21576,86304
3366,2024-01-07,1094,1261,9133,4,34094,136376
3367,2024-01-10,1033,1322,9332,1,2225,2225
3368,2024-11-11,1002,1082,9776,9,15855,142695
3369,2024-10-07,1055,1466,6295,9,38377,345393
3370,2024-02-11,1011,1949,6250,7,5852,40964
3371,2024-02-16,1025,1215,9441,2,4791,9582
3372,2024-04-05,1023,1731,5739,3,18512,55536
3373,2024-09-02,1059,1802,7019,7,28913,202391
3374,2024-08-11,1057,1034,5978,1,47475,47475
3375,2024-04-23,1062,1004,5410,3,26876,80628
3376,2024-02-01,1097,1869,5414,4,45211,180844
3377,2024-11-25,1007,1005,8214,5,37773,188865
3378,2024-06-01,1075,1246,8295,7,41163,288141
3379,2024-08-04,1072,1092,6800,9,47800,430200
3380,2024-09-02,1025,1790,5811,2,23716,47432
3381,2024-09-28,1057,1314,5240,6,4786,28716
3382,2024-12-15,1037,1434,6357,2,46514,93028
3383,2024-09-17,1048,1189,5690,2,43361,86722
3384,2024-01-07,1042,1868,9853,5,42952,214760
3385,2024-07-23,1058,1543,6061,5,31348,156740
3386,2024-09-20,1082,1768,9511,1,44630,44630
3387,2024-10-15,1020,1432,6285,8,49935,399480
3388,2024-11-13,1012,1225,5114,8,26242,209936
3389,2024-07-20,1098,1235,9405,1,18099,18099
3390,2024-04-25,1002,1539,8634,6,27190,163140
3391,2024-07-30,1088,1881,5735,9,23705,213345
3392,2024-06-08,1031,1198,7032,5,44598,222990
3393,2024-05-08,1020,1420,8169,7,41696,291872
3394,2024-12-12,1013,1540,9427,6,47536,285216
3395,2024-05-27,1094,1146,9488,1,28340,28340
3396,2024-11-06,1007,1111,6924,3,5511,16533
3397,2024-03-18,1006,1107,7896,7,3873,27111
3398,2024-09-18,1099,1530,7417,8,12245,97960
3399,2024-02-21,1098,1434,9668,7,46514,325598
3400,2024-09-14,1082,1467,9997,1,29345,29345
3401,2024-08-08,1058,1372,5689,3,38223,114669
3402,2024-02-08,1001,1270,6055,2,31057,62114
3403,2024-09-04,1068,1919,7450,4,46155,184620
3404,2024-10-14,1043,1872,8443,3,44686,134058
3405,2024-09-10,1065,1188,6644,9,1419,12771
3406,2024-04-25,1017,1564,9411,6,30569,183414
3407,2024-07-15,1078,1711,8209,6,33292,199752
3408,2024-08-01,1015,1511,9719,6,13714,82284
3409,2024-04-01,1011,1114,6703,9,15305,137745
3410,2024-02-01,1059,1698,8406,9,23817,214353
3411,2024-04-02,1099,1006,9442,9,10159,91431
3412,2024-08-19,1085,1466,8102,4,38377,153508
3413,2024-05-10,1091,1347,5783,6,32174,193044
3414,2024-11-13,1053,1075,6051,9,49962,449658
3415,2024-08-10,1039,1857,5428,6,1230,7380
3416,2024-01-13,1042,1610,6895,8,35962,287696
3417,2024-11-21,1021,1579,6188,8,14373,114984
3418,2024-01-21,1003,1033,6450,5,37115,185575
3419,2024-01-14,1075,1518,6352,3,39383,118149
3420,2024-12-10,1020,1437,5838,6,33745,202470
3421,2024-11-22,1090,1730,7363,5,29338,146690
3422,2024-04-16,1022,1450,5831,3,40929,122787
3423,2024-05-07,1041,1352,9923,6,42618,255708
3424,2024-02-01,1090,1139,5098,4,29536,118144
3425,2024-06-17,1040,1313,6966,6,45684,274104
3426,2024-10-14,1015,1466,9773,7,38377,268639
3427,2024-03-21,1095,1819,5192,1,42642,42642
3428,2024-06-30,1035,1633,8105,6,48943,293658
3429,2024-12-23,1016,1208,9757,8,10999,87992
3430,2024-07-08,1053,1823,9189,3,25362,76086
3431,2024-09-11,1081,1081,8783,2,4617,9234
3432,2024-12-06,1090,1770,9422,7,23712,165984
3433,2024-10-25,1006,1396,5769,4,33873,135492
3434,2024-06-14,1040,1095,8677,7,27357,191499
3435,2024-09-12,1061,1318,7443,9,825,7425
3436,2024-07-16,1083,1388,7025,8,34391,275128
3437,2024-07-31,1056,1664,5869,2,28050,56100
3438,2024-02-14,1098,1085,8866,6,12202,73212
3439,2024-10-28,1032,1370,6121,3,43867,131601
3440,2024-12-25,1025,1882,7981,2,11567,23134
3441,2024-01-13,1087,1071,8576,3,22516,67548
3442,2024-02-21,1023,1051,8359,7,48395,338765
3443,2024-09-21,1030,1463,6753,6,19693,118158
3444,2024-11-20,1026,1095,7109,9,27357,246213
3445,2024-02-12,1048,1260,9831,3,29907,89721
3446,2024-01-07,1072,1867,9727,3,2470,7410
3447,2024-08-17,1065,1826,6080,8,23187,185496
3448,2024-02-13,1069,1792,5559,3,8128,24384
3449,2024-06-20,1030,1335,8978,4,3890,15560
3450,2024-04-11,1024,1855,9716,8,13215,105720
3451,2024-08-10,1015,1013,7349,3,23574,70722
3452,2024-03-08,1005,1716,5056,7,9795,68565
3453,2024-05-01,1086,1470,6459,5,27356,136780
3454,2024-03-17,1068,1563,6590,9,37613,338517
3455,2024-10-26,1016,1280,5149,1,33453,33453
3456,2024-10-22,1008,1218,8989,4,36896,147584
3457,2024-07-23,1089,1071,5323,3,22516,67548
3458,2024-11-13,1061,1055,7556,9,48490,436410
3459,2024-06-19,1012,1209,7407,7,6529,45703
3460,2024-08-05,1006,1292,7730,5,11161,55805
3461,2024-10-31,1017,1709,6403,1,38108,38108
3462,2024-07-11,1044,1389,6423,8,39971,319768
3463,2024-11-28,1023,1408,8305,1,3944,3944
3464,2024-06-01,1054,1403,8667,1,38944,38944
3465,2024-02-10,1031,1790,9553,3,23716,71148
3466,2024-01-23,1006,1568,9384,1,11284,11284
3467,2024-07-04,1019,1180,7654,3,20722,62166
3468,2024-08-03,1097,1954,5235,5,6284,31420
3469,2024-02-12,1018,1117,9351,2,40642,81284
3470,2024-12-26,1061,1336,9032,5,7606,38030
3471,2024-04-22,1013,1223,5280,6,12111,72666
3472,2024-08-18,1031,1316,6316,5,6510,32550
3473,2024-04-19,1008,1822,6041,8,1720,13760
3474,2024-05-17,1099,1335,9494,6,3890,23340
3475,2024-04-14,1048,1484,8011,4,36752,147008
3476,2024-11-11,1089,1275,9642,2,23643,47286
3477,2024-05-19,1083,1258,9931,8,18743,149944
3478,2024-09-11,1092,1832,5255,9,9042,81378
3479,2024-12-14,1015,1292,8083,8,11161,89288
3480,2024-03-15,1094,1162,6896,9,28996,260964
3481,2024-08-20,1023,1503,5417,1,8683,8683
3482,2024-07-30,1029,1635,7522,5,5747,28735
3483,2024-02-27,1007,1510,6944,3,42356,127068
3484,2024-02-07,1089,1527,6995,4,6586,26344
3485,2024-09-18,1078,1367,8796,5,39768,198840
3486,2024-07-30,1009,1003,5433,1,32717,32717
3487,2024-05-17,1035,1770,5060,2,23712,47424
3488,2024-10-08,1023,1619,8218,8,17904,143232
3489,2024-02-27,1007,1272,8031,6,15823,94938
3490,2024-09-29,1000,1683,6004,9,19210,172890
3491,2024-02-22,1073,1190,8731,2,40335,80670
3492,2024-07-24,1086,1097,6245,6,23379,140274
3493,2024-01-05,1073,1681,5626,9,1693,15237
3494,2024-11-18,1032,1609,8475,1,45965,45965
3495,2024-04-16,1030,1656,5720,8,29309,234472
3496,2024-08-30,1076,1535,6121,4,2973,11892
3497,2024-05-27,1061,1676,9554,5,48059,240295
3498,2024-06-27,1034,1257,8793,5,42754,213770
3499,2024-06-22,1043,1631,7899,4,42058,168232
3500,2024-11-18,1046,1781,8393,3,40601,121803
3501,2024-05-18,1031,1393,5774,3,29740,89220
3502,2024-06-23,1062,1782,9186,5,4722,23610
3503,2024-09-09,1021,1548,8854,1,34446,34446
3504,2024-09-06,1006,1313,5338,4,45684,182736
3505,2024-05-15,1005,1429,9293,9,4967,44703
3506,2024-01-22,1040,1692,6975,2,7909,15818
3507,2024-02-07,1079,1593,8552,1,39897,39897
3508,2024-01-27,1011,1253,7491,9,29095,261855
3509,2024-10-08,1072,1823,8959,7,25362,177534
3510,2024-10-05,1039,1748,6627,5,42108,210540
3511,2024-04-29,1068,1524,9107,8,28156,225248
3512,2024-09-09,1057,1674,5731,8,33184,265472
3513,2024-12-24,1002,1163,6910,5,2749,13745
3514,2024-03-05,1099,1996,7564,2,35923,71846
3515,2024-03-14,1042,1329,9882,3,42065,126195
3516,2024-10-29,1073,1504,7375,2,8482,16964
3517,2024-11-12,1007,1348,7283,6,16446,98676
3518,2024-06-22,1072,1929,7596,2,18907,37814
3519,2024-09-16,1012,1535,5027,3,2973,8919
3520,2024-10-11,1055,1180,6194,4,20722,82888
3521,2024-03-13,1018,1538,9292,2,19863,39726
3522,2024-03-19,1022,1456,7799,1,27967,27967
3523,2024-02-13,1042,1968,6751,7,10833,75831
3524,2024-08-20,1023,1073,7679,1,21448,21448
3525,2024-01-03,1002,1139,5133,7,29536,206752
3526,2024-03-19,1096,1654,7932,5,28483,142415
3527,2024-06-29,1086,1002,8291,2,45041,90082
3528,2024-05-18,1013,1795,7175,9,17544,157896
3529,2024-10-29,1082,1264,7827,6,44587,267522
3530,2024-01-07,1032,1422,6422,7,48782,341474
3531,2024-12-31,1086,1541,8646,9,8122,73098
3532,2024-11-19,1026,1568,9980,8,11284,90272
3533,2024-07-31,1011,1790,5499,8,23716,189728
3534,2024-01-01,1045,1413,7979,3,1323,3969
3535,2024-07-02,1070,1319,6030,8,23036,184288
3536,2024-09-07,1099,1399,9314,4,10795,43180
3537,2024-08-02,1045,1119,5944,7,10267,71869
3538,2024-03-17,1081,1419,9757,6,44500,267000
3539,2024-02-12,1015,1285,6331,1,48772,48772
3540,2024-06-05,1057,1045,5554,4,23669,94676
3541,2024-01-18,1013,1356,5170,9,10596,95364
3542,2024-12-08,1084,1079,8188,9,49659,446931
3543,2024-08-07,1042,1767,8749,7,38045,266315
3544,2024-03-13,1090,1859,5602,3,24110,72330
3545,2024-07-08,1024,1885,5210,3,47126,141378
3546,2024-12-28,1014,1403,5748,8,38944,311552
3547,2024-09-18,1073,1461,8407,9,27047,243423
3548,2024-05-23,1029,1108,6227,3,28093,84279
3549,2024-05-08,1043,1567,8890,8,16301,130408
3550,2024-10-04,1008,1220,9886,6,8580,51480
3551,2024-10-28,1091,1237,9274,5,26610,133050
3552,2024-07-08,1081,1804,6393,7,41212,288484
3553,2024-05-30,1010,1466,8319,2,38377,76754
3554,2024-11-02,1065,1208,9845,1,10999,10999
3555,2024-04-04,1021,1189,9341,2,43361,86722
3556,2024-02-07,1086,1960,7141,2,34439,68878
3557,2024-06-04,1019,1668,7447,4,38344,153376
3558,2024-10-26,1028,1125,5415,2,9279,18558
3559,2024-12-12,1089,1637,6467,4,13576,54304
3560,2024-02-11,1062,1639,6428,4,49254,197016
3561,2024-11-11,1040,1604,9349,1,32867,32867
3562,2024-05-05,1075,1471,7499,9,12532,112788
3563,2024-11-08,1092,1082,5518,3,15855,47565
3564,2024-03-17,1082,1042,5746,4,19474,77896
3565,2024-04-05,1097,1713,7373,3,41673,125019
3566,2024-09-19,1047,1291,9371,1,12383,12383
3567,2024-11-02,1026,1886,9267,7,5510,38570
3568,2024-08-12,1093,1144,7347,8,27045,216360
3569,2024-04-20,1030,1181,8130,1,18789,18789
3570,2024-08-25,1091,1144,8533,9,27045,243405
3571,2024-07-23,1024,1159,8305,9,31216,280944
3572,2024-10-14,1048,1911,7721,1,5385,5385
3573,2024-09-19,1069,1306,9339,8,36317,290536
3574,2024-03-16,1063,1371,6835,4,36716,146864
3575,2024-05-22,1055,1442,5700,3,3589,10767
3576,2024-11-10,1006,1766,5532,7,27620,193340
3577,2024-03-25,1069,1790,9747,2,23716,47432
3578,2024-09-08,1034,1655,9605,3,13830,41490
3579,2024-11-28,1088,1543,6489,9,31348,282132
3580,2024-08-19,1020,1577,7355,5,12590,62950
3581,2024-10-21,1046,1871,6752,6,20054,120324
3582,2024-11-14,1059,1837,8065,3,8322,24966
3583,2024-05-09,1016,1713,9621,3,41673,125019
3584,2024-10-11,1089,1993,7961,8,40964,327712
3585,2024-11-12,1016,1701,8004,3,9978,29934
3586,2024-01-29,1070,1413,9803,4,1323,5292
3587,2024-08-15,1024,1626,8647,7,27114,189798
3588,2024-10-20,1033,1419,9263,9,44500,400500
3589,2024-01-07,1025,1261,7716,3,34094,102282
3590,2024-01-30,1005,1812,7193,6,38891,233346
3591,2024-08-02,1009,1800,9803,3,32977,98931
3592,2024-04-24,1080,1004,9730,3,26876,80628
3593,2024-08-02,1077,1311,6388,6,10683,64098
3594,2024-06-12,1002,1539,9093,1,27190,27190
3595,2024-06-18,1058,1902,7625,1,2590,2590
3596,2024-08-08,1079,1749,8442,4,33974,135896
3597,2024-09-16,1068,1058,6803,3,28635,85905
3598,2024-07-30,1047,1914,9541,7,30190,211330
3599,2024-09-17,1022,1829,7701,7,7115,49805
3600,2024-10-28,1090,1298,9809,4,24719,98876
3601,2024-11-26,1004,1049,5262,7,41768,292376
3602,2024-05-09,1055,1753,6454,4,43548,174192
3603,2024-04-14,1037,1985,5697,8,47335,378680
3604,2024-02-23,1081,1948,6614,4,25324,101296
3605,2024-04-17,1075,1631,6450,2,42058,84116
3606,2024-11-10,1084,1869,5369,4,45211,180844
3607,2024-10-15,1006,1549,7227,3,27258,81774
3608,2024-09-11,1016,1742,6751,5,589,2945
3609,2024-10-04,1008,1400,9801,4,44818,179272
3610,2024-02-16,1087,1722,6932,6,26176,157056
3611,2024-05-13,1074,1282,9888,3,45489,136467
3612,2024-01-24,1088,1164,9235,3,35248,105744
3613,2024-04-26,1045,1894,5699,4,20880,83520
3614,2024-08-26,1036,1262,5795,3,25428,76284
3615,2024-11-02,1006,1293,5743,3,41030,123090
3616,2024-02-10,1016,1208,8981,4,10999,43996
3617,2024-09-06,1040,1888,6272,8,41201,329608
3618,2024-11-18,1063,1668,6016,7,38344,268408
3619,2024-03-29,1082,1306,6729,1,36317,36317
3620,2024-04-01,1056,1363,9411,4,19633,78532
3621,2024-03-21,1084,1102,6894,6,32715,196290
3622,2024-05-09,1044,1491,7124,7,27282,190974
3623,2024-03-31,1072,1976,9618,9,47842,430578
3624,2024-04-09,1007,1398,8433,1,42762,42762
3625,2024-03-18,1090,1655,9739,1,13830,13830
3626,2024-02-12,1086,1608,7739,2,9796,19592
3627,2024-05-02,1009,1778,7606,4,15136,60544
3628,2024-10-14,1053,1928,5633,2,31188,62376
3629,2024-01-23,1065,1351,8010,7,33002,231014
3630,2024-05-23,1043,1236,9979,8,31314,250512
3631,2024-09-14,1047,1091,8288,1,20537,20537
3632,2024-01-07,1070,1894,9502,8,20880,167040
3633,2024-10-03,1001,1147,5720,9,27479,247311
3634,2024-07-04,1079,1028,8517,9,18487,166383
3635,2024-04-04,1005,1015,6076,2,7710,15420
3636,2024-01-25,1079,1861,7398,3,42303,126909
3637,2024-10-17,1088,1400,5653,9,44818,403362
3638,2024-08-14,1044,1952,8374,8,19810,158480
3639,2024-06-21,1009,1205,6553,4,40606,162424
3640,2024-05-14,1008,1727,6346,5,37083,185415
3641,2024-10-14,1095,1804,6132,4,41212,164848
3642,2024-11-04,1031,1844,9834,5,47045,235225
3643,2024-03-09,1001,1017,5252,1,38905,38905
3644,2024-10-07,1020,1838,5918,2,29512,59024
3645,2024-12-16,1002,1891,8166,2,40663,81326
3646,2024-12-07,1097,1176,8515,5,43603,218015
3647,2024-12-23,1092,1650,7236,2,25976,51952
3648,2024-11-28,1083,1440,9752,1,36881,36881
3649,2024-08-18,1022,1720,7171,5,21576,107880
3650,2024-12-07,1036,1530,8930,2,12245,24490
3651,2024-11-12,1071,1069,6800,2,14466,28932
3652,2024-11-02,1035,1627,9255,1,31217,31217
3653,2024-09-14,1013,1977,6380,3,34532,103596
3654,2024-06-21,1086,1820,6271,2,13281,26562
3655,2024-02-01,1090,1521,9403,7,28007,196049
3656,2024-07-18,1014,1256,6485,8,45527,364216
3657,2024-03-20,1034,1256,5949,9,45527,409743
3658,2024-12-18,1021,1558,9117,8,17360,138880
3659,2024-03-15,1046,1229,7919,6,42251,253506
3660,2024-09-20,1035,1666,5812,8,1437,11496
3661,2024-03-25,1014,1664,5283,1,28050,28050
3662,2024-08-04,1095,1217,9162,9,8286,74574
3663,2024-04-30,1081,1614,5493,8,3468,27744
3664,2024-01-20,1057,1905,8621,3,12590,37770
3665,2024-05-28,1030,1163,6638,2,2749,5498
3666,2024-01-07,1040,1941,5005,9,41670,375030
3667,2024-03-26,1099,1391,6677,3,25086,75258
3668,2024-05-26,1088,1992,6491,6,28885,173310
3669,2024-11-11,1073,1957,8378,2,43228,86456
3670,2024-07-05,1077,1924,9073,5,4448,22240
3671,2024-11-20,1025,1052,9950,6,39764,238584
3672,2024-10-27,1082,1993,7124,9,40964,368676
3673,2024-11-13,1029,1474,9651,4,19681,78724
3674,2024-07-11,1011,1873,7797,9,7298,65682
3675,2024-10-08,1030,1003,6068,7,32717,229019
3676,2024-07-06,1081,1560,8442,9,27518,247662
3677,2024-01-18,1001,1623,5456,3,30533,91599
3678,2024-11-10,1077,1196,6647,9,37451,337059
3679,2024-05-28,1019,1681,6797,7,1693,11851
3680,2024-02-15,1057,1629,5347,7,30242,211694
3681,2024-01-12,1019,1074,6414,6,25817,154902
3682,2024-08-17,1033,1832,7258,2,9042,18084
3683,2024-04-22,1059,1204,7398,7,28131,196917
3684,2024-06-08,1033,1595,6070,8,37237,297896
3685,2024-08-14,1036,1545,6515,1,27448,27448
3686,2024-07-01,1066,1352,9512,8,42618,340944
3687,2024-02-24,1098,1525,5533,8,47466,379728
3688,2024-09-22,1096,1948,7626,5,25324,126620
3689,2024-02-04,1018,1331,9848,4,5136,20544
3690,2024-03-20,1094,1202,6740,2,24530,49060
3691,2024-01-06,1051,1768,5487,3,44630,133890
3692,2024-05-06,1043,1237,5076,3,26610,79830
3693,2024-03-08,1085,1775,8083,6,23882,143292
3694,2024-07-08,1026,1401,7052,6,11881,71286
3695,2024-08-31,1037,1388,7764,9,34391,309519
3696,2024-01-09,1091,1894,7486,8,20880,167040
3697,2024-06-05,1020,1639,7686,9,49254,443286
3698,2024-03-11,1083,1734,6867,1,12138,12138
3699,2024-05-13,1037,1066,7889,1,2378,2378
3700,2024-10-26,1012,1149,6550,4,48477,193908
3701,2024-11-15,1092,1133,6601,5,6079,30395
3702,2024-09-05,1020,1855,7341,7,13215,92505
3703,2024-11-18,1041,1410,7272,3,7197,21591
3704,2024-02-13,1096,1212,9193,1,18238,18238
3705,2024-04-25,1095,1548,6326,8,34446,275568
3706,2024-08-15,1047,1500,6753,5,28433,142165
3707,2024-02-26,1045,1632,5751,5,20338,101690
3708,2024-08-31,1091,1225,9092,6,26242,157452
3709,2024-02-26,1077,1802,8687,9,28913,260217
3710,2024-05-22,1056,1382,9365,2,43965,87930
3711,2024-07-10,1051,1547,7039,4,40936,163744
3712,2024-01-07,1021,1188,6678,4,1419,5676
3713,2024-10-01,1097,1758,6186,7,22329,156303
3714,2024-05-13,1016,1217,8230,6,8286,49716
3715,2024-02-08,1096,1379,6736,6,14314,85884
3716,2024-07-11,1096,1768,9082,1,44630,44630
3717,2024-11-22,1025,1175,6829,9,18560,167040
3718,2024-01-25,1038,1210,7430,7,14018,98126
3719,2024-04-11,1070,1729,9310,3,14713,44139
3720,2024-05-30,1062,1342,9888,4,11709,46836
3721,2024-08-04,1088,1487,9212,1,11586,11586
3722,2024-08-17,1050,1993,8463,2,40964,81928
3723,2024-09-23,1029,1346,9519,6,47428,284568
3724,2024-06-10,1040,1322,9869,7,2225,15575
3725,2024-10-13,1032,1493,9176,5,14518,72590
3726,2024-06-14,1049,1486,7655,2,16114,32228
3727,2024-09-03,1062,1076,6210,7,49664,347648
3728,2024-06-22,1038,1934,5133,7,14066,98462
3729,2024-01-09,1027,1975,8788,3,47572,142716
3730,2024-10-02,1017,1002,5586,1,45041,45041
3731,2024-02-28,1073,1537,7909,1,17647,17647
3732,2024-03-25,1058,1452,5214,8,855,6840
3733,2024-05-29,1065,1950,7362,7,47955,335685
3734,2024-11-16,1042,1002,7164,4,45041,180164
3735,2024-02-29,1077,1823,5317,4,25362,101448
3736,2024-05-04,1012,1795,9059,1,17544,17544
3737,2024-02-10,1000,1238,5070,1,28262,28262
3738,2024-12-02,1031,1243,9702,1,43676,43676
3739,2024-06-21,1088,1426,8312,8,39924,319392
3740,2024-09-16,1009,1541,8434,2,8122,16244
3741,2024-11-21,1014,1342,6045,7,11709,81963
3742,2024-06-21,1092,1401,7085,7,11881,83167
3743,2024-07-04,1016,1516,5653,7,47674,333718
3744,2024-08-28,1062,1853,6797,5,6923,34615
3745,2024-12-04,1053,1620,9333,6,12975,77850
3746,2024-04-03,1022,1828,8964,8,29328,234624
3747,2024-03-03,1070,1256,8984,4,45527,182108
3748,2024-08-08,1049,1063,8091,3,22508,67524
3749,2024-01-08,1058,1730,6849,2,29338,58676
3750,2024-07-31,1035,1141,8569,4,16176,64704
3751,2024-07-27,1005,1296,8188,1,31240,31240
3752,2024-07-27,1065,1765,9762,4,5423,21692
3753,2024-03-25,1031,1072,8559,4,47140,188560
3754,2024-07-25,1052,1963,5516,9,23878,214902
3755,2024-12-12,1068,1692,9160,9,7909,71181
3756,2024-06-01,1082,1728,9752,6,28415,170490
3757,2024-06-09,1001,1414,7212,3,15075,45225
3758,2024-04-25,1042,1121,8330,9,36164,325476
3759,2024-12-27,1086,1314,5936,6,4786,28716
3760,2024-09-07,1039,1735,7292,9,887,7983
3761,2024-07-01,1067,1449,8807,9,21065,189585
3762,2024-06-12,1003,1751,9675,4,21523,86092
3763,2024-11-23,1074,1804,7967,3,41212,123636
3764,2024-03-20,1045,1755,6884,1,46322,46322
3765,2024-01-07,1019,1561,7478,5,46597,232985
3766,2024-11-20,1013,1193,9089,4,13641,54564
3767,2024-03-27,1098,1525,9600,3,47466,142398
3768,2024-01-08,1013,1398,9478,8,42762,342096
3769,2024-02-05,1048,1280,8583,7,33453,234171
3770,2024-09-07,1002,1457,9427,2,28063,56126
3771,2024-04-09,1078,1347,5838,9,32174,289566
3772,2024-03-19,1020,1751,6162,8,21523,172184
3773,2024-10-12,1060,1519,9865,4,29481,117924
3774,2024-09-27,1001,1697,6296,4,32518,130072
3775,2024-08-08,1020,1377,5124,7,46503,325521
3776,2024-07-14,1009,1759,7080,7,37811,264677
3777,2024-08-13,1090,1439,9396,4,36098,144392
3778,2024-03-27,1018,1500,5077,1,28433,28433
3779,2024-02-27,1052,1909,7352,6,11330,67980
3780,2024-06-18,1075,1083,6129,6,39293,235758
3781,2024-04-06,1048,1041,7579,3,15850,47550
3782,2024-05-25,1079,1268,9206,5,12176,60880
3783,2024-12-23,1007,1530,9276,8,12245,97960
3784,2024-01-18,1056,1033,7412,4,37115,148460
3785,2024-07-02,1088,1473,6671,9,38111,342999
3786,2024-05-22,1023,1868,7800,5,42952,214760
3787,2024-11-29,1046,1173,9260,5,32585,162925
3788,2024-03-02,1081,1727,5483,7,37083,259581
3789,2024-06-11,1020,1372,9400,1,38223,38223
3790,2024-02-09,1007,1822,5451,6,1720,10320
3791,2024-06-27,1018,1980,8101,2,32515,65030
3792,2024-08-22,1029,1959,6843,3,9223,27669
3793,2024-02-29,1090,1505,5821,8,26109,208872
3794,2024-08-15,1099,1184,6587,4,22270,89080
3795,2024-08-26,1099,1983,9970,7,10376,72632
3796,2024-02-25,1025,1199,6193,5,26798,133990
3797,2024-08-21,1019,1959,8842,2,9223,18446
3798,2024-03-24,1077,1608,7398,1,9796,9796
3799,2024-07-21,1096,1132,5527,5,12777,63885
3800,2024-02-10,1072,1984,6740,4,15805,63220
3801,2024-01-17,1086,1042,7118,6,19474,116844
3802,2024-04-14,1044,1103,8681,3,47449,142347
3803,2024-01-25,1063,1016,8625,2,45421,90842
3804,2024-04-02,1029,1088,6994,3,35817,107451
3805,2024-08-02,1052,1489,5633,4,3018,12072
3806,2024-07-02,1049,1685,6759,6,18169,109014
3807,2024-08-04,1061,1160,8180,9,7558,68022
3808,2024-05-30,1041,1836,8571,2,27761,55522
3809,2024-09-14,1027,1782,6312,6,4722,28332
3810,2024-10-27,1057,1553,9958,9,37224,335016
3811,2024-04-28,1030,1910,7394,2,44171,88342
3812,2024-05-13,1089,1960,7918,1,34439,34439
3813,2024-07-25,1099,1702,6766,8,19011,152088
3814,2024-09-19,1058,1055,8069,4,48490,193960
3815,2024-11-17,1099,1682,6578,2,15868,31736
3816,2024-07-08,1074,1593,7478,8,39897,319176
3817,2024-06-06,1011,1965,5339,5,36304,181520
3818,2024-03-16,1044,1801,9135,8,6074,48592
3819,2024-02-21,1065,1193,7487,4,13641,54564
3820,2024-08-13,1067,1464,8559,4,22820,91280
3821,2024-04-03,1031,1885,8384,5,47126,235630
3822,2024-10-18,1040,1068,9768,1,5986,5986
3823,2024-10-17,1097,1019,7235,3,35500,106500
3824,2024-11-17,1054,1653,8144,8,11287,90296
3825,2024-06-26,1068,1203,8302,4,48654,194616
3826,2024-04-15,1004,1835,5033,1,2515,2515
3827,2024-03-16,1062,1296,8555,6,31240,187440
3828,2024-01-04,1003,1186,8659,6,9857,59142
3829,2024-11-06,1040,1049,8427,2,41768,83536
3830,2024-07-05,1011,1201,8666,8,18646,149168
3831,2024-01-20,1098,1422,6254,4,48782,195128
3832,2024-10-01,1036,1157,6684,8,43351,346808
3833,2024-05-15,1097,1164,7795,8,35248,281984
3834,2024-01-27,1054,1302,5176,3,48761,146283
3835,2024-05-15,1044,1125,5634,5,9279,46395
3836,2024-01-18,1027,1729,6495,8,14713,117704
3837,2024-10-11,1058,1940,7191,1,45392,45392
3838,2024-10-28,1006,1312,5209,4,5511,22044
3839,2024-05-17,1059,1899,8403,3,14367,43101
3840,2024-08-19,1052,1261,6274,6,34094,204564
3841,2024-12-05,1039,1910,7289,8,44171,353368
3842,2024-09-13,1051,1620,7612,9,12975,116775
3843,2024-08-06,1010,1940,7902,7,45392,317744
3844,2024-05-11,1095,1593,6199,3,39897,119691
3845,2024-12-22,1049,1848,9388,5,48505,242525
3846,2024-09-12,1049,1443,6068,5,25401,127005
3847,2024-04-05,1095,1480,9810,1,13881,13881
3848,2024-09-30,1094,1611,9738,2,13489,26978
3849,2024-11-29,1047,1618,7437,7,24746,173222
3850,2024-10-27,1083,1856,8461,4,27650,110600
3851,2024-01-15,1053,1626,8660,3,27114,81342
3852,2024-06-27,1005,1923,7204,4,725,2900
3853,2024-09-16,1049,1332,6976,7,37014,259098
3854,2024-03-28,1081,1287,9874,4,6041,24164
3855,2024-04-03,1084,1943,8873,9,35652,320868
3856,2024-11-28,1002,1402,9318,7,17755,124285
3857,2024-01-28,1040,1030,8819,2,11779,23558
3858,2024-07-03,1091,1718,7171,4,27095,108380
3859,2024-03-15,1027,1955,7852,4,2126,8504
3860,2024-02-23,1031,1555,9642,3,46509,139527
3861,2024-11-16,1038,1406,8974,1,23768,23768
3862,2024-02-16,1087,1487,7932,9,11586,104274
3863,2024-09-04,1070,1026,8459,5,36901,184505
3864,2024-08-21,1062,1501,8340,9,43872,394848
3865,2024-04-27,1018,1640,9111,8,29286,234288
3866,2024-09-16,1000,1149,9608,7,48477,339339
3867,2024-08-17,1032,1903,6057,1,25151,25151
3868,2024-10-16,1032,1324,9449,4,44675,178700
3869,2024-08-28,1010,1279,8039,4,11937,47748
3870,2024-11-27,1059,1635,5142,4,5747,22988
3871,2024-06-30,1086,1288,5976,8,48434,387472
3872,2024-11-12,1027,1907,5336,6,10960,65760
3873,2024-04-10,1061,1771,6826,1,3583,3583
3874,2024-09-04,1046,1575,9788,4,43374,173496
3875,2024-12-14,1016,1718,7423,7,27095,189665
3876,2024-12-23,1073,1827,7020,9,34247,308223
3877,2024-04-22,1071,1904,5588,2,21367,42734
3878,2024-08-08,1008,1553,6536,2,37224,74448
3879,2024-12-04,1082,1820,5560,5,13281,66405
3880,2024-05-27,1007,1972,6356,5,2059,10295
3881,2024-10-22,1058,1201,5343,7,18646,130522
3882,2024-07-15,1068,1571,6379,4,22260,89040
3883,2024-03-09,1077,1361,7948,4,20617,82468
3884,2024-10-14,1044,1909,5845,2,11330,22660
3885,2024-01-24,1032,1306,8653,2,36317,72634
3886,2024-07-04,1037,1376,8457,4,9663,38652
3887,2024-06-18,1062,1064,9460,2,47734,95468
3888,2024-10-17,1011,1922,6270,2,37919,75838
3889,2024-02-01,1066,1533,5497,4,35917,143668
3890,2024-10-27,1028,1277,9931,3,32925,98775
3891,2024-06-24,1021,1473,7915,4,38111,152444
3892,2024-12-29,1033,1447,8066,7,47197,330379
3893,2024-12-07,1069,1382,6620,3,43965,131895
3894,2024-06-25,1098,1023,8152,1,44687,44687
3895,2024-10-16,1038,1541,7647,4,8122,32488
3896,2024-05-23,1015,1039,6121,7,34809,243663
3897,2024-01-11,1030,1080,7005,2,13975,27950
3898,2024-05-26,1048,1918,5678,2,44740,89480
3899,2024-12-13,1043,1649,7518,6,38461,230766
3900,2024-11-05,1078,1800,7314,5,32977,164885
3901,2024-07-13,1045,1583,6759,4,12676,50704
3902,2024-03-16,1000,1772,6390,6,19114,114684
3903,2024-06-08,1043,1481,6507,9,4017,36153
3904,2024-04-09,1083,1242,7626,4,37781,151124
3905,2024-04-25,1086,1666,8759,5,1437,7185
3906,2024-03-23,1083,1317,8687,9,49439,444951
3907,2024-11-07,1095,1734,8879,1,12138,12138
3908,2024-03-03,1045,1920,6295,3,13189,39567
3909,2024-05-11,1088,1449,6183,1,21065,21065
3910,2024-09-04,1071,1531,9963,5,5012,25060
3911,2024-05-10,1052,1118,7277,5,24035,120175
3912,2024-06-06,1032,1631,8685,3,42058,126174
3913,2024-08-03,1044,1810,9593,5,25598,127990
3914,2024-11-21,1063,1578,8623,1,20107,20107
3915,2024-02-03,1093,1697,7253,2,32518,65036
3916,2024-11-27,1002,1505,5198,2,26109,52218
3917,2024-10-24,1023,1424,7369,1,35271,35271
3918,2024-10-05,1075,1231,7407,6,28799,172794
3919,2024-10-22,1030,1575,5457,7,43374,303618
3920,2024-01-15,1070,1869,8558,2,45211,90422
3921,2024-04-24,1039,1301,5901,1,48841,48841
3922,2024-02-26,1080,1443,8208,5,25401,127005
3923,2024-05-21,1049,1743,9248,9,32539,292851
3924,2024-07-25,1073,1910,9405,7,44171,309197
3925,2024-05-19,1014,1538,8522,5,19863,99315
3926,2024-04-16,1020,1185,9547,5,21727,108635
3927,2024-10-17,1020,1151,7315,9,42146,379314
3928,2024-03-18,1059,1930,5901,6,28212,169272
3929,2024-01-02,1092,1534,9297,6,32498,194988
3930,2024-09-30,1064,1519,5359,3,29481,88443
3931,2024-02-04,1020,1891,6136,3,40663,121989
3932,2024-09-21,1054,1213,8997,9,49284,443556
3933,2024-08-05,1068,1655,5507,9,13830,124470
3934,2024-03-07,1078,1965,8817,5,36304,181520
3935,2024-03-09,1025,1486,5066,6,16114,96684
3936,2024-08-11,1074,1956,9723,7,41902,293314
3937,2024-12-26,1054,1876,7627,9,12843,115587
3938,2024-10-20,1084,1697,5675,7,32518,227626
3939,2024-11-21,1045,1412,7328,5,10207,51035
3940,2024-07-21,1061,1766,6031,8,27620,220960
3941,2024-03-21,1069,1318,6304,9,825,7425
3942,2024-03-06,1053,1665,8491,3,34829,104487
3943,2024-10-23,1003,1904,6650,3,21367,64101
3944,2024-10-06,1044,1402,9430,5,17755,88775
3945,2024-09-17,1084,1838,9283,2,29512,59024
3946,2024-10-03,1053,1623,9908,8,30533,244264
3947,2024-01-06,1080,1792,6764,5,8128,40640
3948,2024-05-11,1052,1535,5558,5,2973,14865
3949,2024-09-21,1094,1038,8761,6,15850,95100
3950,2024-11-20,1043,1686,5849,8,14321,114568
3951,2024-03-08,1086,1700,7089,8,3129,25032
3952,2024-05-05,1095,1612,7225,8,33404,267232
3953,2024-11-10,1035,1737,5003,1,37069,37069
3954,2024-06-19,1033,1156,9405,1,1105,1105
3955,2024-12-01,1051,1865,8688,1,10059,10059
3956,2024-01-29,1005,1787,6708,8,1417,11336
3957,2024-06-24,1037,1772,9894,4,19114,76456
3958,2024-11-02,1085,1235,7425,3,18099,54297
3959,2024-10-18,1032,1419,6410,2,44500,89000
3960,2024-11-27,1074,1477,5942,9,21533,193797
3961,2024-04-14,1054,1378,7050,4,33182,132728
3962,2024-02-14,1022,1701,5476,8,9978,79824
3963,2024-04-10,1043,1689,9154,1,15943,15943
3964,2024-08-13,1099,1787,5308,1,1417,1417
3965,2024-04-13,1027,1650,6423,6,25976,155856
3966,2024-09-18,1063,1124,8250,9,4547,40923
3967,2024-09-09,1047,1468,7201,1,46406,46406
3968,2024-06-13,1058,1147,9773,5,27479,137395
3969,2024-10-18,1082,1773,5368,9,29210,262890
3970,2024-07-30,1058,1684,8139,8,49669,397352
3971,2024-05-23,1042,1281,8440,8,13443,107544
3972,2024-08-23,1042,1150,5242,9,12925,116325
3973,2024-01-22,1076,1388,7324,7,34391,240737
3974,2024-03-09,1012,1920,5680,9,13189,118701
3975,2024-03-09,1071,1476,8514,8,47171,377368
3976,2024-09-02,1042,1003,7136,6,32717,196302
3977,2024-03-03,1012,1858,7284,5,39905,199525
3978,2024-08-24,1034,1905,7359,3,12590,37770
3979,2024-11-26,1090,1161,5189,3,29202,87606
3980,2024-12-28,1010,1602,5728,7,23417,163919
3981,2024-01-19,1020,1441,5014,1,13301,13301
3982,2024-08-18,1071,1775,8265,6,23882,143292
3983,2024-08-16,1025,1125,5765,5,9279,46395
3984,2024-12-23,1093,1947,8828,1,875,875
3985,2024-05-06,1085,1115,9555,5,7215,36075
3986,2024-05-25,1049,1866,8238,3,18556,55668
3987,2024-11-24,1048,1539,5831,6,27190,163140
3988,2024-04-23,1073,1136,6269,1,9269,9269
3989,2024-08-30,1089,1673,8768,9,33346,300114
3990,2024-05-24,1090,1186,9078,2,9857,19714
3991,2024-02-10,1085,1477,7366,8,21533,172264
3992,2024-06-09,1012,1400,9181,6,44818,268908
3993,2024-12-03,1038,1379,5214,3,14314,42942
3994,2024-03-17,1054,1032,8606,2,4566,9132
3995,2024-06-16,1006,1823,7891,9,25362,228258
3996,2024-10-10,1042,1828,7745,2,29328,58656
3997,2024-04-19,1041,1988,6549,4,2006,8024
3998,2024-07-13,1057,1880,8355,2,9382,18764
3999,2024-08-15,1011,1804,7308,5,41212,206060
4000,2024-06-15,1012,1012,9035,2,9686,19372
4001,2024-01-21,1011,1924,9151,1,4448,4448
4002,2024-06-13,1075,1295,5509,3,17383,52149
4003,2024-05-09,1037,1253,6688,4,29095,116380
4004,2024-09-18,1002,1358,8482,5,11710,58550
4005,2024-02-21,1071,1822,5443,4,1720,6880
4006,2024-09-17,1061,1013,7670,2,23574,47148
4007,2024-06-23,1030,1263,9058,2,21381,42762
4008,2024-10-25,1076,1159,7310,2,31216,62432
4009,2024-04-05,1071,1906,8391,6,31220,187320
4010,2024-12-22,1036,1738,6391,3,49097,147291
4011,2024-02-09,1023,1324,9451,3,44675,134025
4012,2024-07-27,1091,1689,8997,6,15943,95658
4013,2024-05-21,1067,1676,5476,1,48059,48059
4014,2024-09-14,1063,1044,9763,6,13635,81810
4015,2024-06-15,1015,1452,7087,5,855,4275
4016,2024-07-09,1017,1833,8034,3,41918,125754
4017,2024-11-14,1067,1665,8028,9,34829,313461
4018,2024-04-28,1039,1797,9450,8,12205,97640
4019,2024-05-25,1057,1332,9410,3,37014,111042
4020,2024-12-15,1096,1891,6811,5,40663,203315
4021,2024-11-30,1044,1549,9542,1,27258,27258
4022,2024-05-08,1052,1103,7760,5,47449,237245
4023,2024-05-24,1026,1154,5162,2,48402,96804
4024,2024-02-23,1035,1080,9409,4,13975,55900
4025,2024-05-01,1067,1178,8312,3,21358,64074
4026,2024-05-03,1099,1398,5884,9,42762,384858
4027,2024-06-15,1012,1317,7708,5,49439,247195
4028,2024-11-17,1050,1608,6322,8,9796,78368
4029,2024-05-22,1047,1029,7263,1,8975,8975
4030,2024-01-22,1059,1159,7176,6,31216,187296
4031,2024-10-02,1077,1433,5926,7,38607,270249
4032,2024-12-14,1069,1006,7622,4,10159,40636
4033,2024-10-25,1050,1806,6453,7,44863,314041
4034,2024-10-03,1013,1444,8734,6,45664,273984
4035,2024-10-30,1042,1783,9378,6,11628,69768
4036,2024-11-17,1002,1714,8115,3,17492,52476
4037,2024-04-24,1024,1932,7221,3,42299,126897
4038,2024-09-28,1033,1308,8432,2,49110,98220
4039,2024-06-16,1069,1589,8343,3,48141,144423
4040,2024-10-03,1055,1662,9058,7,48902,342314
4041,2024-12-22,1064,1377,9287,2,46503,93006
4042,2024-09-20,1059,1186,9364,5,9857,49285
4043,2024-09-06,1047,1350,5433,4,30692,122768
4044,2024-12-31,1071,1027,7175,4,4719,18876
4045,2024-09-11,1080,1489,6463,7,3018,21126
4046,2024-12-07,1076,1964,5183,1,14688,14688
4047,2024-02-27,1018,1343,5135,1,3085,3085
4048,2024-01-05,1034,1690,9780,7,42528,297696
4049,2024-04-20,1096,1721,5353,4,49649,198596
4050,2024-12-30,1032,1505,7933,1,26109,26109
4051,2024-10-12,1041,1195,9116,2,16449,32898
4052,2024-12-16,1053,1254,9748,4,30889,123556
4053,2024-09-21,1038,1214,9530,5,48861,244305
4054,2024-09-05,1063,1712,6027,7,6005,42035
4055,2024-04-04,1037,1114,6979,2,15305,30610
4056,2024-12-16,1037,1650,8779,4,25976,103904
4057,2024-10-23,1072,1802,8732,5,28913,144565
4058,2024-11-02,1051,1138,5929,4,32156,128624
4059,2024-07-03,1046,1710,7152,7,23031,161217
4060,2024-08-16,1064,1528,8412,2,5909,11818
4061,2024-11-12,1099,1054,5131,6,1586,9516
4062,2024-09-18,1041,1593,7367,3,39897,119691
4063,2024-04-28,1054,1537,5847,4,17647,70588
4064,2024-08-21,1058,1558,8495,8,17360,138880
4065,2024-10-08,1065,1509,9614,6,31863,191178
4066,2024-07-20,1073,1496,6917,7,9618,67326
4067,2024-09-18,1053,1537,7732,3,17647,52941
4068,2024-02-22,1050,1312,8879,9,5511,49599
4069,2024-11-12,1022,1208,9372,1,10999,10999
4070,2024-06-09,1072,1119,7965,1,10267,10267
4071,2024-08-31,1010,1457,7138,5,28063,140315
4072,2024-04-03,1035,1221,8835,4,9942,39768
4073,2024-02-09,1055,1590,8785,5,33854,169270
4074,2024-10-06,1041,1502,9072,1,23939,23939
4075,2024-04-01,1098,1943,5334,6,35652,213912
4076,2024-10-27,1012,1793,9718,4,49083,196332
4077,2024-02-07,1082,1040,7103,1,45320,45320
4078,2024-08-30,1098,1667,6216,5,49111,245555
4079,2024-12-29,1051,1402,7926,4,17755,71020
4080,2024-05-15,1029,1000,7632,2,16915,33830
4081,2024-03-04,1081,1767,9774,5,38045,190225
4082,2024-12-08,1011,1033,8345,2,37115,74230
4083,2024-12-28,1075,1869,8399,3,45211,135633
4084,2024-07-19,1020,1343,6837,6,3085,18510
4085,2024-11-02,1011,1424,5933,1,35271,35271
4086,2024-09-18,1061,1855,7068,7,13215,92505
4087,2024-06-23,1091,1977,8023,2,34532,69064
4088,2024-06-25,1092,1064,9141,8,47734,381872
4089,2024-03-25,1038,1766,7136,3,27620,82860
4090,2024-06-08,1043,1585,8862,9,23888,214992
4091,2024-06-30,1003,1515,9603,1,43934,43934
4092,2024-02-05,1030,1397,7799,4,20058,80232
4093,2024-12-10,1023,1958,8137,6,10835,65010
4094,2024-04-08,1041,1020,9992,7,23369,163583
4095,2024-08-13,1048,1831,6992,8,34894,279152
4096,2024-02-06,1081,1153,5217,7,13885,97195
4097,2024-09-29,1089,1869,8504,2,45211,90422
4098,2024-09-28,1019,1243,8131,5,43676,218380
4099,2024-07-04,1007,1068,9691,3,5986,17958
4100,2024-02-18,1032,1974,7585,8,11100,88800
4101,2024-04-03,1067,1919,9257,4,46155,184620
4102,2024-11-02,1037,1521,7798,9,28007,252063
4103,2024-08-13,1085,1610,9073,7,35962,251734
4104,2024-01-05,1035,1464,6283,4,22820,91280
4105,2024-12-18,1047,1031,5358,5,20744,103720
4106,2024-06-22,1094,1584,7273,8,2958,23664
4107,2024-07-01,1007,1414,5068,7,15075,105525
4108,2024-03-13,1072,1232,7025,8,5990,47920
4109,2024-05-24,1081,1398,5008,5,42762,213810
4110,2024-05-31,1098,1177,5280,1,41282,41282
4111,2024-02-25,1059,1514,6575,9,38722,348498
4112,2024-07-01,1023,1103,5792,4,47449,189796
4113,2024-05-01,1016,1034,5306,1,47475,47475
4114,2024-08-31,1064,1626,8960,9,27114,244026
4115,2024-07-22,1038,1309,5145,4,42072,168288
4116,2024-03-19,1078,1716,8565,3,9795,29385
4117,2024-01-16,1054,1853,5442,6,6923,41538
4118,2024-05-05,1076,1111,8926,6,5511,33066
4119,2024-03-27,1086,1710,5308,6,23031,138186
4120,2024-10-04,1092,1761,9577,2,7024,14048
4121,2024-12-31,1060,1851,8777,7,29833,208831
4122,2024-12-16,1030,1100,9678,5,739,3695
4123,2024-02-12,1027,1409,9040,8,31604,252832
4124,2024-03-19,1031,1594,7418,5,5722,28610
4125,2024-10-03,1006,1221,7721,4,9942,39768
4126,2024-09-20,1077,1353,9149,5,23836,119180
4127,2024-10-31,1013,1802,5576,4,28913,115652
4128,2024-08-15,1095,1667,6268,4,49111,196444
4129,2024-05-04,1072,1610,5199,9,35962,323658
4130,2024-04-15,1053,1764,6408,5,21632,108160
4131,2024-08-17,1069,1737,7712,6,37069,222414
4132,2024-05-13,1050,1239,8824,9,34453,310077
4133,2024-03-21,1078,1624,9659,5,11657,58285
4134,2024-12-25,1029,1378,8920,4,33182,132728
4135,2024-04-18,1029,1143,8319,8,20598,164784
4136,2024-06-23,1015,1943,9578,3,35652,106956
4137,2024-06-12,1022,1242,9751,9,37781,340029
4138,2024-05-04,1030,1479,7945,5,16610,83050
4139,2024-12-13,1011,1848,6753,5,48505,242525
4140,2024-01-23,1084,1343,5004,9,3085,27765
4141,2024-12-31,1002,1068,6608,2,5986,11972
4142,2024-11-26,1066,1715,8566,1,3186,3186
4143,2024-03-02,1037,1917,5948,1,2064,2064
4144,2024-07-30,1085,1011,6018,1,23762,23762
4145,2024-09-08,1084,1092,6342,8,47800,382400
4146,2024-04-05,1015,1569,6946,5,25852,129260
4147,2024-07-27,1081,1486,6520,2,16114,32228
4148,2024-02-26,1003,1806,7997,7,44863,314041
4149,2024-08-21,1019,1419,6438,8,44500,356000
4150,2024-12-23,1044,1773,9031,5,29210,146050
4151,2024-11-21,1012,1687,6037,5,14018,70090
4152,2024-03-05,1094,1007,5001,4,49515,198060
4153,2024-10-19,1001,1069,9497,7,14466,101262
4154,2024-11-19,1093,1566,5529,8,26408,211264
4155,2024-11-26,1030,1349,9857,9,35167,316503
4156,2024-01-17,1027,1060,7129,6,20955,125730
4157,2024-05-14,1072,1253,9888,2,29095,58190
4158,2024-11-03,1058,1338,8554,2,3402,6804
4159,2024-05-09,1010,1861,5898,3,42303,126909
4160,2024-02-06,1034,1984,6509,5,15805,79025
4161,2024-09-06,1048,1905,9664,8,12590,100720
4162,2024-02-26,1043,1303,6845,8,15182,121456
4163,2024-12-22,1057,1321,8599,9,8702,78318
4164,2024-01-10,1050,1877,8475,1,17633,17633
4165,2024-03-21,1016,1618,7180,5,24746,123730
4166,2024-03-30,1089,1151,7839,8,42146,337168
4167,2024-04-29,1003,1375,6258,3,2113,6339
4168,2024-04-11,1032,1283,8756,3,34605,103815
4169,2024-01-27,1061,1033,5427,6,37115,222690
4170,2024-09-17,1080,1312,5343,4,5511,22044
4171,2024-03-01,1071,1578,6148,8,20107,160856
4172,2024-05-15,1089,1281,8694,7,13443,94101
4173,2024-04-06,1042,1702,8238,1,19011,19011
4174,2024-05-28,1083,1661,9891,8,6026,48208
4175,2024-08-14,1041,1479,8451,5,16610,83050
4176,2024-10-03,1050,1618,7682,6,24746,148476
4177,2024-11-02,1037,1931,9812,7,13149,92043
4178,2024-11-30,1042,1205,9314,5,40606,203030
4179,2024-08-15,1047,1548,7646,9,34446,310014
4180,2024-11-10,1041,1642,5731,8,4788,38304
4181,2024-09-05,1056,1987,7347,7,23851,166957
4182,2024-09-14,1053,1857,6868,8,1230,9840
4183,2024-11-09,1096,1743,5163,3,32539,97617
4184,2024-08-07,1016,1969,9991,4,9959,39836
4185,2024-08-23,1050,1063,6466,2,22508,45016
4186,2024-01-20,1008,1363,9767,1,19633,19633
4187,2024-12-10,1083,1217,9068,3,8286,24858
4188,2024-05-17,1007,1615,6539,8,6923,55384
4189,2024-07-07,1062,1406,7816,8,23768,190144
4190,2024-04-14,1055,1966,6233,1,47150,47150
4191,2024-04-07,1069,1993,7728,8,40964,327712
4192,2024-09-26,1008,1057,5296,3,43305,129915
4193,2024-06-01,1074,1907,8081,7,10960,76720
4194,2024-08-05,1004,1853,7164,1,6923,6923
4195,2024-01-21,1071,1563,6506,4,37613,150452
4196,2024-09-28,1063,1266,6923,3,36360,109080
4197,2024-07-20,1051,1264,7244,2,44587,89174
4198,2024-06-08,1034,1900,7234,5,8676,43380
4199,2024-03-04,1059,1325,5677,4,30607,122428
4200,2024-03-24,1088,1582,8301,1,1649,1649
4201,2024-03-13,1099,1621,9375,9,13880,124920
4202,2024-02-29,1038,1145,8735,7,10942,76594
4203,2024-12-19,1005,1974,8187,6,11100,66600
4204,2024-05-26,1087,1064,9059,7,47734,334138
4205,2024-02-16,1020,1367,9694,1,39768,39768
4206,2024-08-10,1035,1590,6614,6,33854,203124
4207,2024-06-06,1017,1821,5596,1,34667,34667
4208,2024-02-16,1000,1392,6123,8,38691,309528
4209,2024-10-15,1092,1838,8615,4,29512,118048
4210,2024-07-28,1016,1443,9873,6,25401,152406
4211,2024-01-21,1068,1136,7874,2,9269,18538
4212,2024-12-16,1005,1683,9909,2,19210,38420
4213,2024-11-14,1057,1138,6914,2,32156,64312
4214,2024-08-18,1044,1130,6823,6,25912,155472
4215,2024-10-24,1071,1716,7342,3,9795,29385
4216,2024-04-14,1088,1772,9590,9,19114,172026
4217,2024-05-05,1082,1671,9390,3,8793,26379
4218,2024-10-25,1047,1661,9944,3,6026,18078
4219,2024-03-08,1049,1821,8811,3,34667,104001
4220,2024-01-26,1055,1948,7751,7,25324,177268
4221,2024-06-09,1008,1957,6711,1,43228,43228
4222,2024-04-17,1091,1433,6561,3,38607,115821
4223,2024-10-15,1061,1106,7371,8,6893,55144
4224,2024-10-31,1030,1025,5621,3,26492,79476
4225,2024-03-24,1064,1578,8603,8,20107,160856
4226,2024-02-10,1060,1181,5151,1,18789,18789
4227,2024-07-18,1009,1936,6602,4,37368,149472
4228,2024-02-05,1052,1638,9290,2,42321,84642
4229,2024-12-16,1063,1377,9913,8,46503,372024
4230,2024-08-21,1063,1647,7933,8,40960,327680
4231,2024-08-29,1049,1023,9597,5,44687,223435
4232,2024-12-04,1085,1999,7063,3,13099,39297
4233,2024-01-20,1064,1268,9318,2,12176,24352
4234,2024-12-08,1076,1330,7720,7,16591,116137
4235,2024-05-31,1013,1229,7419,7,42251,295757
4236,2024-06-19,1022,1108,9079,5,28093,140465
4237,2024-08-03,1027,1187,8672,5,1166,5830
4238,2024-12-21,1092,1746,8065,6,12256,73536
4239,2024-11-24,1057,1141,5570,6,16176,97056
4240,2024-08-19,1039,1045,9392,7,23669,165683
4241,2024-01-16,1063,1242,8262,5,37781,188905
4242,2024-10-09,1096,1772,9049,5,19114,95570
4243,2024-10-27,1001,1750,8389,3,20139,60417
4244,2024-06-13,1042,1140,5083,4,18196,72784
4245,2024-09-25,1096,1151,5373,2,42146,84292
4246,2024-06-27,1087,1399,5647,2,10795,21590
4247,2024-09-14,1011,1540,6282,1,47536,47536
4248,2024-03-16,1091,1018,5909,1,44894,44894
4249,2024-04-14,1034,1592,7390,7,5973,41811
4250,2024-12-18,1073,1955,6056,9,2126,19134
4251,2024-03-27,1097,1957,5247,4,43228,172912
4252,2024-11-10,1068,1478,6690,9,44232,398088
4253,2024-01-14,1062,1175,6802,4,18560,74240
4254,2024-12-24,1040,1220,8857,9,8580,77220
4255,2024-10-12,1063,1287,5603,9,6041,54369
4256,2024-09-03,1017,1557,9953,7,35485,248395
4257,2024-12-31,1069,1592,8436,7,5973,41811
4258,2024-08-28,1010,1582,8753,9,1649,14841
4259,2024-12-19,1064,1741,6282,7,4007,28049
4260,2024-01-09,1022,1324,7847,7,44675,312725
4261,2024-01-24,1003,1983,8619,3,10376,31128
4262,2024-04-21,1006,1951,7953,7,40345,282415
4263,2024-10-23,1040,1634,8284,5,4609,23045
4264,2024-08-04,1048,1416,8954,2,31717,63434
4265,2024-08-15,1016,1495,7545,7,7401,51807
4266,2024-02-01,1074,1022,5024,1,13322,13322
4267,2024-10-03,1054,1461,6469,5,27047,135235
4268,2024-06-18,1026,1378,6176,7,33182,232274
4269,2024-08-18,1011,1609,8528,7,45965,321755
4270,2024-03-10,1046,1188,7100,5,1419,7095
4271,2024-04-20,1033,1643,9578,7,2600,18200
4272,2024-03-29,1007,1448,5235,8,41404,331232
4273,2024-01-02,1022,1641,8547,5,44537,222685
4274,2024-02-25,1025,1348,6613,6,16446,98676
4275,2024-06-06,1033,1697,9444,7,32518,227626
4276,2024-09-27,1031,1840,8533,7,38361,268527
4277,2024-09-30,1005,1027,5787,5,4719,23595
4278,2024-02-01,1064,1672,7533,2,18307,36614
4279,2024-09-26,1058,1278,6839,6,20117,120702
4280,2024-07-08,1049,1595,8555,5,37237,186185
4281,2024-07-28,1067,1886,9328,6,5510,33060
4282,2024-11-03,1088,1798,7119,3,15110,45330
4283,2024-01-22,1007,1047,7813,1,4374,4374
4284,2024-01-14,1039,1557,8365,9,35485,319365
4285,2024-07-24,1045,1382,7217,1,43965,43965
4286,2024-02-03,1083,1556,8415,9,10626,95634
4287,2024-12-07,1077,1217,5006,4,8286,33144
4288,2024-02-25,1032,1606,7026,8,26479,211832
4289,2024-08-27,1057,1927,8789,6,22546,135276
4290,2024-03-03,1002,1306,9040,8,36317,290536
4291,2024-03-20,1078,1814,6043,8,22937,183496
4292,2024-02-09,1026,1828,8609,2,29328,58656
4293,2024-10-20,1082,1177,5499,3,41282,123846
4294,2024-10-05,1064,1546,7387,9,14661,131949
4295,2024-09-12,1056,1910,6079,2,44171,88342
4296,2024-04-19,1034,1974,8838,4,11100,44400
4297,2024-02-17,1051,1420,7502,1,41696,41696
4298,2024-08-19,1096,1055,8299,4,48490,193960
4299,2024-03-22,1050,1570,6085,3,8016,24048
4300,2024-06-22,1016,1920,8312,4,13189,52756
4301,2024-04-22,1076,1531,6407,3,5012,15036
4302,2024-10-04,1051,1687,8517,5,14018,70090
4303,2024-11-05,1047,1085,9899,4,12202,48808
4304,2024-02-09,1057,1659,7541,9,12249,110241
4305,2024-01-30,1075,1910,5455,5,44171,220855
4306,2024-09-11,1025,1573,6562,5,12027,60135
4307,2024-08-27,1026,1605,6374,2,6446,12892
4308,2024-07-01,1023,1013,9180,4,23574,94296
4309,2024-07-02,1080,1104,6587,4,16595,66380
4310,2024-02-11,1010,1916,6369,5,8770,43850
4311,2024-05-06,1085,1177,7558,5,41282,206410
4312,2024-03-22,1007,1208,9858,4,10999,43996
4313,2024-08-20,1047,1068,6143,2,5986,11972
4314,2024-11-04,1031,1910,9520,7,44171,309197
4315,2024-07-10,1028,1062,7250,2,36031,72062
4316,2024-01-01,1095,1170,5957,7,34869,244083
4317,2024-12-27,1004,1794,5808,9,42419,381771
4318,2024-07-25,1048,1381,6312,8,40684,325472
4319,2024-07-15,1012,1828,9835,9,29328,263952
4320,2024-10-09,1088,1309,5037,8,42072,336576
4321,2024-01-17,1041,1698,8217,2,23817,47634
4322,2024-11-14,1009,1747,7485,9,11873,106857
4323,2024-06-17,1025,1166,6072,7,5115,35805
4324,2024-07-04,1025,1723,8388,4,1340,5360
4325,2024-05-01,1084,1628,5527,7,30016,210112
4326,2024-08-11,1022,1232,9692,9,5990,53910
4327,2024-05-06,1043,1162,9907,1,28996,28996
4328,2024-06-14,1075,1592,6566,4,5973,23892
4329,2024-05-01,1038,1503,6523,9,8683,78147
4330,2024-11-17,1042,1264,9776,4,44587,178348
4331,2024-08-07,1051,1874,8044,7,36086,252602
4332,2024-10-05,1057,1877,8745,2,17633,35266
4333,2024-05-27,1088,1505,6497,3,26109,78327
4334,2024-10-18,1075,1634,9233,8,4609,36872
4335,2024-09-03,1099,1059,5924,1,28820,28820
4336,2024-07-06,1031,1061,7213,3,18640,55920
4337,2024-01-11,1017,1766,8046,8,27620,220960
4338,2024-10-10,1041,1105,7189,6,34535,207210
4339,2024-02-14,1083,1835,9838,9,2515,22635
4340,2024-05-03,1001,1143,8824,5,20598,102990
4341,2024-09-03,1059,1399,8785,9,10795,97155
4342,2024-12-02,1032,1988,7101,9,2006,18054
4343,2024-06-07,1045,1747,7201,8,11873,94984
4344,2024-09-23,1080,1863,7273,1,7895,7895
4345,2024-10-18,1058,1543,7726,8,31348,250784
4346,2024-03-18,1099,1357,8232,8,23182,185456
4347,2024-10-17,1093,1486,6772,3,16114,48342
4348,2024-05-30,1056,1246,7095,9,41163,370467
4349,2024-10-11,1061,1231,9481,8,28799,230392
4350,2024-05-30,1062,1037,5248,7,24778,173446
4351,2024-05-03,1072,1678,5025,2,17342,34684
4352,2024-08-15,1030,1445,8216,1,36864,36864
4353,2024-09-28,1038,1446,7056,5,30661,153305
4354,2024-12-24,1084,1616,7547,1,36027,36027
4355,2024-12-05,1021,1015,6348,4,7710,30840
4356,2024-08-04,1016,1053,6957,4,1814,7256
4357,2024-05-26,1002,1765,7224,2,5423,10846
4358,2024-08-05,1031,1748,8541,4,42108,168432
4359,2024-04-05,1032,1910,5530,1,44171,44171
4360,2024-02-19,1063,1017,9485,2,38905,77810
4361,2024-02-12,1009,1771,6343,8,3583,28664
4362,2024-01-19,1004,1548,5918,4,34446,137784
4363,2024-04-22,1067,1295,7080,4,17383,69532
4364,2024-07-31,1037,1574,5576,8,42288,338304
4365,2024-01-18,1095,1067,5172,9,7325,65925
4366,2024-05-13,1040,1400,9183,8,44818,358544
4367,2024-10-17,1083,1976,5232,1,47842,47842
4368,2024-01-14,1072,1481,7084,8,4017,32136
4369,2024-03-04,1060,1887,7330,9,23165,208485
4370,2024-06-11,1014,1687,8534,4,14018,56072
4371,2024-09-14,1051,1018,5920,8,44894,359152
4372,2024-01-06,1007,1597,8179,5,49267,246335
4373,2024-12-20,1055,1934,6714,1,14066,14066
4374,2024-04-30,1097,1746,6133,7,12256,85792
4375,2024-06-01,1029,1448,7214,2,41404,82808
4376,2024-11-24,1073,1308,5376,5,49110,245550
4377,2024-06-26,1077,1145,8433,1,10942,10942
4378,2024-03-03,1033,1806,8101,5,44863,224315
4379,2024-09-14,1058,1955,9782,6,2126,12756
4380,2024-03-05,1055,1091,7331,9,20537,184833
4381,2024-12-22,1085,1460,6822,3,21400,64200
4382,2024-07-05,1012,1418,9296,3,31957,95871
4383,2024-08-14,1050,1328,6275,1,11465,11465
4384,2024-07-17,1058,1336,7863,6,7606,45636
4385,2024-10-20,1061,1417,7753,4,19285,77140
4386,2024-09-07,1028,1782,7094,2,4722,9444
4387,2024-11-13,1092,1584,5172,4,2958,11832
4388,2024-07-11,1061,1870,7241,9,27483,247347
4389,2024-04-28,1006,1786,7678,3,21287,63861
4390,2024-06-27,1043,1074,6499,8,25817,206536
4391,2024-02-21,1005,1983,8427,5,10376,51880
4392,2024-04-19,1098,1084,9630,5,8403,42015
4393,2024-08-11,1061,1702,5915,7,19011,133077
4394,2024-11-25,1067,1337,7464,5,41015,205075
4395,2024-04-07,1077,1793,9696,7,49083,343581
4396,2024-11-14,1069,1176,7095,2,43603,87206
4397,2024-02-17,1016,1757,9495,1,18243,18243
4398,2024-04-10,1048,1771,8685,7,3583,25081
4399,2024-08-27,1023,1449,5494,5,21065,105325
4400,2024-03-14,1076,1144,9518,7,27045,189315
4401,2024-02-07,1011,1246,9230,1,41163,41163
4402,2024-08-03,1056,1128,7731,7,28413,198891
4403,2024-05-15,1028,1588,6761,1,626,626
4404,2024-01-06,1087,1713,7992,3,41673,125019
4405,2024-09-03,1061,1080,5103,3,13975,41925
4406,2024-11-19,1097,1630,8587,3,30824,92472
4407,2024-07-15,1077,1212,7828,5,18238,91190
4408,2024-04-20,1026,1368,8468,2,6152,12304
4409,2024-10-14,1004,1106,6887,1,6893,6893
4410,2024-02-07,1039,1648,8498,6,36724,220344
4411,2024-04-24,1046,1094,6911,4,37898,151592
4412,2024-07-03,1008,1098,6108,1,36609,36609
4413,2024-07-30,1015,1905,6312,9,12590,113310
4414,2024-12-30,1012,1688,5322,7,41027,287189
4415,2024-09-11,1053,1047,7822,6,4374,26244
4416,2024-11-15,1014,1175,9761,4,18560,74240
4417,2024-11-05,1099,1398,5075,7,42762,299334
4418,2024-04-22,1024,1044,6466,7,13635,95445
4419,2024-09-26,1015,1257,9723,8,42754,342032
4420,2024-11-15,1043,1313,9791,9,45684,411156
4421,2024-06-23,1094,1165,7113,1,12521,12521
4422,2024-11-05,1046,1514,8175,3,38722,116166
4423,2024-01-19,1032,1729,5043,6,14713,88278
4424,2024-07-21,1083,1480,6758,5,13881,69405
4425,2024-05-05,1025,1880,6978,9,9382,84438
4426,2024-09-10,1098,1471,7916,2,12532,25064
4427,2024-11-11,1039,1698,6441,4,23817,95268
4428,2024-09-11,1070,1608,6163,5,9796,48980
4429,2024-10-14,1044,1190,8205,6,40335,242010
4430,2024-10-18,1094,1861,6658,3,42303,126909
4431,2024-05-31,1080,1042,8559,2,19474,38948
4432,2024-07-17,1042,1771,5223,8,3583,28664
4433,2024-07-17,1071,1682,5611,9,15868,142812
4434,2024-10-28,1022,1236,9175,2,31314,62628
4435,2024-06-23,1046,1700,9988,3,3129,9387
4436,2024-09-26,1043,1853,6432,6,6923,41538
4437,2024-06-28,1081,1816,7780,5,7498,37490
4438,2024-08-05,1041,1959,6967,8,9223,73784
4439,2024-04-27,1011,1531,8046,5,5012,25060
4440,2024-11-01,1093,1988,6463,9,2006,18054
4441,2024-11-16,1035,1852,5827,1,32886,32886
4442,2024-11-28,1078,1684,9203,6,49669,298014
4443,2024-11-15,1081,1656,9208,7,29309,205163
4444,2024-01-23,1088,1577,6915,2,12590,25180
4445,2024-05-04,1012,1225,8597,6,26242,157452
4446,2024-03-24,1087,1917,6892,1,2064,2064
4447,2024-07-17,1080,1433,7177,3,38607,115821
4448,2024-11-21,1064,1453,7852,2,11202,22404
4449,2024-07-05,1026,1792,9932,7,8128,56896
4450,2024-11-24,1019,1126,7149,9,29520,265680
4451,2024-04-01,1017,1641,6261,3,44537,133611
4452,2024-11-25,1063,1765,7325,3,5423,16269
4453,2024-06-30,1008,1426,9908,9,39924,359316
4454,2024-08-14,1073,1400,9081,9,44818,403362
4455,2024-07-17,1024,1072,6796,8,47140,377120
4456,2024-08-22,1000,1147,6627,3,27479,82437
4457,2024-02-13,1058,1420,6582,6,41696,250176
4458,2024-03-16,1035,1435,6878,4,39178,156712
4459,2024-05-20,1017,1590,8448,6,33854,203124
4460,2024-06-30,1046,1281,5252,8,13443,107544
4461,2024-04-28,1078,1408,6857,5,3944,19720
4462,2024-02-09,1032,1319,6793,4,23036,92144
4463,2024-09-16,1021,1414,8345,2,15075,30150
4464,2024-08-31,1087,1925,8302,1,43646,43646
4465,2024-05-08,1064,1368,8802,1,6152,6152
4466,2024-01-06,1010,1393,5813,9,29740,267660
4467,2024-11-06,1025,1421,7756,9,31527,283743
4468,2024-03-06,1089,1620,7824,2,12975,25950
4469,2024-08-06,1069,1635,9749,1,5747,5747
4470,2024-05-25,1096,1596,7752,6,6122,36732
4471,2024-08-21,1062,1495,6319,5,7401,37005
4472,2024-01-29,1077,1471,7968,2,12532,25064
4473,2024-11-04,1087,1097,6855,5,23379,116895
4474,2024-06-09,1037,1923,6695,2,725,1450
4475,2024-05-10,1048,1371,8497,2,36716,73432
4476,2024-05-27,1016,1996,5656,7,35923,251461
4477,2024-03-22,1056,1151,9769,8,42146,337168
4478,2024-12-26,1013,1924,9142,9,4448,40032
4479,2024-12-07,1082,1080,9777,5,13975,69875
4480,2024-03-23,1007,1870,8421,5,27483,137415
4481,2024-03-13,1055,1983,9599,8,10376,83008
4482,2024-12-20,1022,1016,5108,1,45421,45421
4483,2024-08-01,1043,1612,6204,5,33404,167020
4484,2024-01-26,1065,1069,8037,9,14466,130194
4485,2024-10-16,1002,1511,5578,4,13714,54856
4486,2024-03-11,1052,1831,7579,4,34894,139576
4487,2024-12-15,1012,1873,9246,9,7298,65682
4488,2024-06-25,1068,1868,8988,7,42952,300664
4489,2024-03-29,1081,1237,7041,2,26610,53220
4490,2024-06-25,1000,1414,6412,2,15075,30150
4491,2024-01-27,1020,1056,8635,8,18244,145952
4492,2024-10-15,1082,1403,6224,4,38944,155776
4493,2024-11-23,1055,1429,5210,5,4967,24835
4494,2024-10-31,1097,1129,5580,1,35845,35845
4495,2024-03-03,1001,1616,6731,4,36027,144108
4496,2024-01-19,1083,1593,9561,6,39897,239382
4497,2024-10-04,1030,1049,9740,7,41768,292376
4498,2024-12-11,1012,1955,9326,6,2126,12756
4499,2024-03-07,1013,1469,7636,2,18332,36664
4500,2024-08-25,1075,1808,5253,7,48290,338030
4501,2024-05-16,1056,1484,7777,4,36752,147008
4502,2024-06-11,1012,1857,6231,7,1230,8610
4503,2024-11-22,1087,1497,5066,2,48099,96198
4504,2024-11-30,1094,1331,6859,3,5136,15408
4505,2024-10-19,1013,1965,7928,5,36304,181520
4506,2024-01-28,1093,1144,7098,4,27045,108180
4507,2024-09-12,1026,1205,7860,5,40606,203030
4508,2024-10-17,1099,1905,8980,4,12590,50360
4509,2024-04-21,1069,1089,9842,3,47903,143709
4510,2024-08-27,1059,1882,8860,5,11567,57835
4511,2024-08-30,1069,1450,7970,3,40929,122787
4512,2024-06-01,1014,1169,5080,7,42589,298123
4513,2024-09-21,1055,1237,8087,5,26610,133050
4514,2024-02-21,1087,1462,9243,5,37828,189140
4515,2024-09-21,1061,1399,5383,9,10795,97155
4516,2024-02-23,1012,1165,8504,5,12521,62605
4517,2024-05-12,1006,1653,8399,5,11287,56435
4518,2024-07-09,1020,1419,8885,1,44500,44500
4519,2024-05-03,1013,1396,7661,3,33873,101619
4520,2024-08-05,1002,1186,8572,1,9857,9857
4521,2024-12-30,1062,1666,9669,6,1437,8622
4522,2024-11-17,1042,1263,7423,2,21381,42762
4523,2024-10-27,1098,1086,9255,5,36079,180395
4524,2024-03-11,1011,1232,7316,9,5990,53910
4525,2024-08-01,1054,1308,7825,6,49110,294660
4526,2024-12-27,1084,1714,6467,7,17492,122444
4527,2024-02-02,1058,1132,6468,9,12777,114993
4528,2024-12-01,1019,1644,7617,6,37636,225816
4529,2024-06-19,1090,1472,5755,7,2624,18368
4530,2024-12-09,1068,1849,7297,3,24995,74985
4531,2024-12-15,1044,1303,7427,4,15182,60728
4532,2024-10-27,1054,1758,7877,3,22329,66987
4533,2024-10-17,1058,1761,6708,6,7024,42144
4534,2024-08-24,1074,1754,8098,5,47803,239015
4535,2024-12-02,1059,1279,8028,1,11937,11937
4536,2024-04-11,1060,1200,6834,7,7898,55286
4537,2024-01-10,1041,1490,7587,2,9043,18086
4538,2024-02-10,1043,1970,5161,5,42331,211655
4539,2024-05-05,1005,1717,9890,9,30572,275148
4540,2024-09-29,1068,1297,8854,4,7611,30444
4541,2024-11-22,1021,1136,5516,6,9269,55614
4542,2024-01-11,1064,1447,8391,4,47197,188788
4543,2024-11-14,1083,1196,7360,7,37451,262157
4544,2024-07-13,1087,1889,9846,9,24253,218277
4545,2024-01-20,1019,1090,9991,6,47490,284940
4546,2024-09-29,1046,1906,6521,3,31220,93660
4547,2024-08-22,1047,1731,7345,8,18512,148096
4548,2024-08-14,1092,1648,8727,9,36724,330516
4549,2024-08-14,1023,1844,6108,1,47045,47045
4550,2024-12-19,1071,1060,7987,8,20955,167640
4551,2024-12-06,1097,1850,8360,6,7487,44922
4552,2024-09-28,1085,1071,9263,1,22516,22516
4553,2024-10-05,1038,1822,7043,9,1720,15480
4554,2024-05-03,1054,1451,9583,1,36487,36487
4555,2024-07-13,1096,1875,5539,8,18669,149352
4556,2024-03-11,1093,1792,6693,1,8128,8128
4557,2024-08-19,1054,1638,5429,8,42321,338568
4558,2024-06-21,1069,1198,5845,2,44598,89196
4559,2024-07-21,1062,1823,8162,2,25362,50724
4560,2024-02-02,1076,1282,9961,8,45489,363912
4561,2024-07-29,1018,1999,9871,4,13099,52396
4562,2024-10-27,1057,1754,5554,7,47803,334621
4563,2024-06-30,1025,1150,7848,5,12925,64625
4564,2024-08-28,1080,1039,5825,2,34809,69618
4565,2024-02-20,1090,1370,7478,2,43867,87734
4566,2024-12-08,1087,1476,7354,8,47171,377368
4567,2024-01-29,1046,1057,7460,3,43305,129915
4568,2024-01-06,1013,1547,7063,8,40936,327488
4569,2024-05-12,1002,1252,6347,3,2888,8664
4570,2024-04-05,1068,1713,6003,5,41673,208365
4571,2024-12-11,1013,1415,9242,3,40091,120273
4572,2024-03-22,1007,1238,8690,1,28262,28262
4573,2024-10-03,1088,1383,5678,9,26627,239643
4574,2024-11-10,1014,1406,5541,5,23768,118840
4575,2024-08-04,1044,1167,6051,3,6125,18375
4576,2024-10-06,1044,1110,6774,4,40173,160692
4577,2024-05-10,1002,1431,5066,6,31367,188202
4578,2024-03-26,1010,1919,8647,8,46155,369240
4579,2024-11-23,1008,1724,9665,2,29112,58224
4580,2024-12-31,1003,1678,5994,2,17342,34684
4581,2024-11-08,1078,1295,9604,3,17383,52149
4582,2024-12-31,1090,1284,7883,6,10530,63180
4583,2024-04-02,1094,1300,8397,9,22583,203247
4584,2024-03-11,1049,1876,5000,9,12843,115587
4585,2024-11-21,1079,1602,6239,9,23417,210753
4586,2024-11-21,1095,1508,8343,9,42795,385155
4587,2024-11-27,1097,1545,9465,6,27448,164688
4588,2024-07-09,1005,1089,6560,3,47903,143709
4589,2024-08-01,1043,1499,5392,5,33517,167585
4590,2024-02-16,1004,1526,5198,6,28553,171318
4591,2024-08-05,1056,1581,9646,9,14424,129816
4592,2024-03-29,1087,1728,9054,9,28415,255735
4593,2024-10-01,1048,1849,5642,3,24995,74985
4594,2024-08-14,1082,1070,5514,7,34587,242109
4595,2024-08-04,1093,1641,8398,9,44537,400833
4596,2024-08-27,1075,1353,6486,3,23836,71508
4597,2024-10-27,1068,1640,8286,5,29286,146430
4598,2024-12-06,1027,1632,8961,1,20338,20338
4599,2024-06-18,1038,1181,9228,9,18789,169101
4600,2024-12-30,1033,1124,6362,1,4547,4547
4601,2024-08-19,1061,1109,7006,4,24236,96944
4602,2024-04-17,1011,1385,9635,4,1868,7472
4603,2024-11-23,1086,1745,9104,8,33660,269280
4604,2024-08-20,1068,1163,7046,5,2749,13745
4605,2024-06-18,1053,1963,7484,3,23878,71634
4606,2024-05-14,1079,1539,6767,1,27190,27190
4607,2024-05-10,1072,1214,7318,1,48861,48861
4608,2024-02-06,1096,1102,9718,4,32715,130860
4609,2024-09-15,1036,1403,9468,7,38944,272608
4610,2024-05-03,1032,1164,5494,8,35248,281984
4611,2024-09-19,1048,1570,6509,1,8016,8016
4612,2024-12-18,1000,1043,7806,8,39027,312216
4613,2024-08-04,1046,1139,7673,5,29536,147680
4614,2024-06-18,1036,1031,9209,6,20744,124464
4615,2024-04-07,1008,1248,6245,8,3136,25088
4616,2024-12-23,1017,1805,5722,1,2604,2604
4617,2024-07-04,1084,1542,7617,1,45780,45780
4618,2024-07-31,1043,1529,7395,8,47282,378256
4619,2024-12-23,1077,1668,9118,8,38344,306752
4620,2024-11-07,1069,1737,5471,4,37069,148276
4621,2024-08-19,1062,1818,9083,5,15797,78985
4622,2024-06-15,1002,1412,6529,9,10207,91863
4623,2024-11-01,1017,1602,5586,2,23417,46834
4624,2024-06-09,1036,1990,8086,1,10541,10541
4625,2024-10-10,1019,1830,5389,7,22619,158333
4626,2024-07-02,1092,1879,7038,4,39677,158708
4627,2024-01-25,1035,1758,9126,7,22329,156303
4628,2024-05-21,1079,1993,5778,3,40964,122892
4629,2024-07-01,1003,1848,8907,4,48505,194020
4630,2024-03-24,1077,1531,5974,8,5012,40096
4631,2024-08-18,1016,1670,5879,1,34870,34870
4632,2024-08-10,1098,1030,9887,7,11779,82453
4633,2024-06-06,1056,1697,8853,7,32518,227626
4634,2024-11-13,1098,1998,8095,6,15104,90624
4635,2024-07-03,1048,1852,8926,1,32886,32886
4636,2024-07-01,1095,1390,6092,4,34271,137084
4637,2024-03-25,1052,1223,7670,8,12111,96888
4638,2024-03-05,1009,1502,8737,2,23939,47878
4639,2024-02-21,1028,1779,7141,2,7968,15936
4640,2024-01-03,1075,1982,8685,5,40953,204765
4641,2024-03-17,1008,1956,8631,1,41902,41902
4642,2024-05-14,1089,1554,5249,8,38592,308736
4643,2024-11-21,1020,1508,8890,4,42795,171180
4644,2024-03-10,1000,1048,8522,6,38918,233508
4645,2024-06-10,1035,1362,8473,6,12628,75768
4646,2024-04-05,1082,1807,8570,4,25870,103480
4647,2024-01-16,1005,1709,5027,5,38108,190540
4648,2024-08-17,1017,1927,8101,6,22546,135276
4649,2024-09-23,1071,1702,9552,1,19011,19011
4650,2024-11-01,1010,1741,6472,6,4007,24042
4651,2024-12-08,1068,1014,7851,7,45125,315875
4652,2024-01-06,1020,1345,8576,6,35534,213204
4653,2024-04-19,1084,1467,5061,4,29345,117380
4654,2024-05-22,1083,1779,6209,6,7968,47808
4655,2024-06-03,1008,1744,5581,2,31855,63710
4656,2024-07-25,1001,1492,8196,1,38143,38143
4657,2024-06-14,1003,1878,6861,6,12486,74916
4658,2024-09-16,1089,1238,6915,1,28262,28262
4659,2024-06-21,1011,1665,7495,4,34829,139316
4660,2024-04-30,1082,1925,5469,6,43646,261876
4661,2024-05-19,1082,1860,6042,6,6957,41742
4662,2024-06-16,1082,1925,8783,8,43646,349168
4663,2024-03-24,1092,1076,7367,1,49664,49664
4664,2024-07-12,1038,1232,6751,1,5990,5990
4665,2024-10-02,1059,1445,5552,8,36864,294912
4666,2024-09-24,1033,1170,6202,5,34869,174345
4667,2024-02-07,1058,1533,7556,5,35917,179585
4668,2024-10-29,1071,1746,5071,3,12256,36768
4669,2024-12-03,1005,1272,9826,9,15823,142407
4670,2024-08-29,1031,1918,9842,8,44740,357920
4671,2024-11-25,1027,1024,6282,8,41060,328480
4672,2024-07-17,1074,1756,5144,3,49731,149193
4673,2024-10-24,1091,1837,6518,9,8322,74898
4674,2024-01-05,1095,1245,8141,5,44831,224155
4675,2024-12-20,1040,1548,5921,1,34446,34446
4676,2024-04-12,1071,1473,8247,2,38111,76222
4677,2024-05-17,1083,1312,9179,7,5511,38577
4678,2024-10-19,1087,1468,5281,1,46406,46406
4679,2024-03-06,1026,1354,7421,2,31794,63588
4680,2024-03-07,1052,1837,7031,5,8322,41610
4681,2024-09-26,1010,1789,5441,5,34717,173585
4682,2024-02-16,1086,1720,7840,6,21576,129456
4683,2024-12-30,1021,1458,8854,6,20521,123126
4684,2024-06-28,1004,1515,9703,9,43934,395406
4685,2024-03-08,1033,1057,9831,7,43305,303135
4686,2024-04-24,1061,1171,6558,8,22950,183600
4687,2024-01-26,1030,1329,5604,5,42065,210325
4688,2024-02-16,1046,1272,9541,9,15823,142407
4689,2024-07-25,1036,1229,7077,2,42251,84502
4690,2024-03-13,1025,1145,7639,7,10942,76594
4691,2024-09-15,1086,1436,8584,2,10794,21588
4692,2024-01-30,1042,1274,8276,8,16051,128408
4693,2024-01-03,1060,1853,9003,5,6923,34615
4694,2024-01-09,1037,1828,6280,8,29328,234624
4695,2024-01-08,1031,1568,9501,5,11284,56420
4696,2024-01-09,1068,1334,8940,3,26728,80184
4697,2024-05-31,1061,1299,7012,3,34241,102723
4698,2024-05-21,1024,1146,8645,6,28340,170040
4699,2024-12-01,1032,1920,8663,7,13189,92323
4700,2024-09-30,1063,1548,7603,7,34446,241122
4701,2024-01-27,1070,1913,7056,3,32784,98352
4702,2024-12-13,1015,1057,7069,2,43305,86610
4703,2024-03-11,1048,1267,5680,5,38403,192015
4704,2024-08-06,1092,1031,5257,3,20744,62232
4705,2024-10-16,1014,1921,9224,7,38414,268898
4706,2024-09-12,1019,1409,6033,3,31604,94812
4707,2024-04-12,1021,1430,8682,8,29449,235592
4708,2024-05-26,1009,1937,8671,7,18610,130270
4709,2024-06-06,1071,1987,5177,8,23851,190808
4710,2024-12-13,1054,1600,5747,1,5061,5061
4711,2024-05-19,1095,1221,8502,7,9942,69594
4712,2024-05-22,1027,1050,7733,4,34507,138028
4713,2024-04-18,1008,1808,8785,9,48290,434610
4714,2024-12-24,1030,1997,7963,4,42764,171056
4715,2024-11-15,1086,1461,5627,4,27047,108188
4716,2024-03-04,1082,1704,9811,3,1705,5115
4717,2024-09-27,1095,1864,5187,1,47551,47551
4718,2024-07-04,1073,1572,5829,3,13233,39699
4719,2024-12-21,1083,1894,6756,5,20880,104400
4720,2024-11-18,1098,1458,6178,1,20521,20521
4721,2024-01-01,1056,1802,7012,2,28913,57826
4722,2024-01-07,1030,1596,7360,1,6122,6122
4723,2024-01-01,1074,1277,8395,8,32925,263400
4724,2024-09-17,1042,1452,8782,9,855,7695
4725,2024-02-16,1073,1039,8384,7,34809,243663
4726,2024-12-21,1008,1565,5042,1,28460,28460
4727,2024-09-22,1041,1977,5523,4,34532,138128
4728,2024-01-02,1073,1164,9186,8,35248,281984
4729,2024-01-23,1049,1939,9533,9,9982,89838
4730,2024-12-24,1036,1246,8157,4,41163,164652
4731,2024-10-29,1070,1796,6609,2,49645,99290
4732,2024-03-24,1083,1337,7996,2,41015,82030
4733,2024-07-22,1083,1884,8923,4,6299,25196
4734,2024-08-14,1071,1523,5287,8,30324,242592
4735,2024-09-08,1016,1404,9307,6,35565,213390
4736,2024-10-31,1088,1039,8460,8,34809,278472
4737,2024-05-30,1076,1029,9314,2,8975,17950
4738,2024-09-03,1076,1831,5345,3,34894,104682
4739,2024-11-01,1047,1296,6034,6,31240,187440
4740,2024-01-17,1001,1846,9715,1,36452,36452
4741,2024-10-30,1041,1738,9755,6,49097,294582
4742,2024-01-02,1062,1302,7090,6,48761,292566
4743,2024-07-15,1010,1731,5581,1,18512,18512
4744,2024-12-06,1083,1259,6196,3,28140,84420
4745,2024-09-25,1055,1923,7414,1,725,725
4746,2024-03-01,1072,1605,6857,6,6446,38676
4747,2024-09-23,1044,1431,8261,9,31367,282303
4748,2024-04-06,1044,1312,7742,6,5511,33066
4749,2024-10-09,1028,1888,8493,6,41201,247206
4750,2024-09-03,1033,1241,5860,2,28258,56516
4751,2024-02-04,1068,1730,7848,1,29338,29338
4752,2024-09-30,1094,1527,9007,4,6586,26344
4753,2024-03-08,1089,1863,6879,9,7895,71055
4754,2024-07-07,1019,1907,9264,1,10960,10960
4755,2024-02-10,1071,1491,5900,7,27282,190974
4756,2024-04-05,1069,1310,5899,3,21703,65109
4757,2024-06-19,1017,1931,8290,9,13149,118341
4758,2024-03-07,1071,1910,7548,2,44171,88342
4759,2024-11-03,1059,1658,9244,2,13936,27872
4760,2024-04-28,1054,1145,7314,7,10942,76594
4761,2024-12-06,1051,1729,5013,8,14713,117704
4762,2024-06-19,1024,1970,6273,1,42331,42331
4763,2024-07-04,1065,1989,5419,9,30895,278055
4764,2024-03-10,1027,1923,9676,7,725,5075
4765,2024-09-01,1088,1951,8424,3,40345,121035
4766,2024-06-07,1019,1150,8179,7,12925,90475
4767,2024-10-10,1069,1462,7998,6,37828,226968
4768,2024-04-16,1036,1879,9954,8,39677,317416
4769,2024-02-05,1015,1010,9530,8,28915,231320
4770,2024-12-13,1034,1426,5196,1,39924,39924
4771,2024-07-13,1054,1852,5331,4,32886,131544
4772,2024-09-24,1099,1895,7840,2,11889,23778
4773,2024-03-16,1064,1300,5605,8,22583,180664
4774,2024-10-06,1077,1038,6327,8,15850,126800
4775,2024-11-16,1013,1990,7010,3,10541,31623
4776,2024-12-13,1023,1590,8037,4,33854,135416
4777,2024-03-20,1082,1464,9938,1,22820,22820
4778,2024-04-07,1037,1984,9000,4,15805,63220
4779,2024-10-08,1081,1151,9936,5,42146,210730
4780,2024-04-27,1008,1940,9753,8,45392,363136
4781,2024-08-10,1076,1291,6536,4,12383,49532
4782,2024-09-08,1058,1864,5581,5,47551,237755
4783,2024-03-20,1050,1875,6668,3,18669,56007
4784,2024-11-09,1050,1515,5514,3,43934,131802
4785,2024-06-18,1018,1704,5601,5,1705,8525
4786,2024-06-05,1061,1613,6477,2,4901,9802
4787,2024-11-29,1009,1695,8850,1,13120,13120
4788,2024-11-23,1037,1906,6866,5,31220,156100
4789,2024-01-02,1002,1596,6319,1,6122,6122
4790,2024-07-21,1047,1664,9197,5,28050,140250
4791,2024-09-14,1040,1761,8135,4,7024,28096
4792,2024-09-07,1016,1561,6615,8,46597,372776
4793,2024-05-25,1086,1347,7771,2,32174,64348
4794,2024-11-20,1090,1881,7131,7,23705,165935
4795,2024-10-01,1072,1563,7521,8,37613,300904
4796,2024-01-19,1068,1261,7274,5,34094,170470
4797,2024-09-08,1082,1301,7303,3,48841,146523
4798,2024-10-10,1092,1709,9332,6,38108,228648
4799,2024-11-26,1014,1725,9585,1,30461,30461
4800,2024-02-19,1099,1782,7712,3,4722,14166
4801,2024-11-06,1055,1629,6703,9,30242,272178
4802,2024-05-16,1075,1444,5536,5,45664,228320
4803,2024-08-13,1077,1288,9105,6,48434,290604
4804,2024-08-08,1014,1848,5364,9,48505,436545
4805,2024-04-22,1094,1380,9770,2,19148,38296
4806,2024-05-28,1004,1395,7330,7,48559,339913
4807,2024-02-17,1043,1286,9091,6,17612,105672
4808,2024-02-27,1002,1994,5412,9,20080,180720
4809,2024-07-15,1046,1545,5354,1,27448,27448
4810,2024-08-12,1029,1031,7196,4,20744,82976
4811,2024-05-16,1011,1534,5168,3,32498,97494
4812,2024-07-13,1014,1613,9242,1,4901,4901
4813,2024-07-24,1037,1580,6515,4,33224,132896
4814,2024-01-18,1027,1551,9389,6,38769,232614
4815,2024-09-24,1048,1961,9672,1,41361,41361
4816,2024-08-02,1086,1378,5103,9,33182,298638
4817,2024-07-24,1046,1030,7642,5,11779,58895
4818,2024-05-03,1078,1395,6071,3,48559,145677
4819,2024-01-16,1074,1870,7311,9,27483,247347
4820,2024-06-13,1093,1297,9807,1,7611,7611
4821,2024-05-27,1011,1915,7658,2,41528,83056
4822,2024-10-02,1053,1269,9404,8,48594,388752
4823,2024-08-20,1082,1842,7942,3,21565,64695
4824,2024-01-25,1031,1699,7163,9,48296,434664
4825,2024-09-24,1000,1478,7619,5,44232,221160
4826,2024-12-30,1015,1626,9541,9,27114,244026
4827,2024-10-21,1010,1224,6482,1,47220,47220
4828,2024-03-11,1094,1601,8468,5,33630,168150
4829,2024-07-18,1096,1513,8928,4,27223,108892
4830,2024-02-16,1054,1414,6842,7,15075,105525
4831,2024-01-25,1035,1438,9508,1,35923,35923
4832,2024-07-31,1029,1034,6113,3,47475,142425
4833,2024-02-02,1067,1026,5370,5,36901,184505
4834,2024-08-01,1055,1644,6254,8,37636,301088
4835,2024-07-29,1059,1074,6386,8,25817,206536
4836,2024-01-29,1088,1946,6576,3,13860,41580
4837,2024-09-15,1097,1742,9395,5,589,2945
4838,2024-02-08,1016,1603,8205,9,11930,107370
4839,2024-09-16,1032,1399,6911,2,10795,21590
4840,2024-06-13,1029,1371,6649,7,36716,257012
4841,2024-04-04,1012,1935,7650,7,11166,78162
4842,2024-08-07,1011,1345,8368,2,35534,71068
4843,2024-09-24,1031,1343,6759,6,3085,18510
4844,2024-04-27,1086,1195,5150,8,16449,131592
4845,2024-03-06,1092,1459,5037,3,45945,137835
4846,2024-07-11,1033,1209,6054,9,6529,58761
4847,2024-11-15,1082,1630,9495,8,30824,246592
4848,2024-02-04,1011,1973,8706,3,37755,113265
4849,2024-06-23,1003,1848,5898,7,48505,339535
4850,2024-04-21,1088,1683,8151,8,19210,153680
4851,2024-11-03,1025,1936,5882,1,37368,37368
4852,2024-10-16,1081,1527,5655,3,6586,19758
4853,2024-12-05,1063,1628,7116,9,30016,270144
4854,2024-03-20,1029,1297,8253,7,7611,53277
4855,2024-04-20,1033,1403,6243,1,38944,38944
4856,2024-04-01,1032,1189,7902,5,43361,216805
4857,2024-07-04,1030,1371,9905,3,36716,110148
4858,2024-02-10,1055,1106,9287,2,6893,13786
4859,2024-03-27,1061,1667,7173,1,49111,49111
4860,2024-08-11,1030,1443,6554,2,25401,50802
4861,2024-02-20,1076,1296,5594,1,31240,31240
4862,2024-05-05,1023,1384,9354,6,37254,223524
4863,2024-05-25,1068,1527,8847,9,6586,59274
4864,2024-02-10,1050,1387,6438,3,24362,73086
4865,2024-12-20,1064,1309,6810,1,42072,42072
4866,2024-12-28,1097,1991,5720,6,22166,132996
4867,2024-01-24,1008,1028,9416,6,18487,110922
4868,2024-10-29,1007,1711,5820,2,33292,66584
4869,2024-10-10,1035,1193,6804,4,13641,54564
4870,2024-02-05,1092,1749,6594,5,33974,169870
4871,2024-10-03,1098,1663,8256,6,20785,124710
4872,2024-07-02,1068,1808,9010,6,48290,289740
4873,2024-11-20,1055,1062,5011,2,36031,72062
4874,2024-06-02,1045,1823,8807,5,25362,126810
4875,2024-06-30,1009,1493,5407,5,14518,72590
4876,2024-10-26,1073,1269,6416,2,48594,97188
4877,2024-06-02,1010,1948,9163,7,25324,177268
4878,2024-05-29,1007,1637,8736,2,13576,27152
4879,2024-01-02,1067,1171,8939,1,22950,22950
4880,2024-10-23,1017,1682,7838,6,15868,95208
4881,2024-02-23,1083,1128,8150,1,28413,28413
4882,2024-09-02,1002,1885,5344,4,47126,188504
4883,2024-02-15,1014,1352,9796,4,42618,170472
4884,2024-03-15,1059,1639,7922,6,49254,295524
4885,2024-05-28,1071,1650,8081,5,25976,129880
4886,2024-01-03,1054,1147,9677,4,27479,109916
4887,2024-01-09,1069,1760,7291,6,32575,195450
4888,2024-01-02,1099,1078,8387,5,35876,179380
4889,2024-08-25,1083,1219,8932,7,3847,26929
4890,2024-01-28,1031,1404,8539,5,35565,177825
4891,2024-10-16,1005,1086,8904,9,36079,324711
4892,2024-06-29,1015,1840,6493,3,38361,115083
4893,2024-11-10,1065,1403,8896,2,38944,77888
4894,2024-09-22,1081,1116,5473,1,7788,7788
4895,2024-03-23,1089,1501,6279,5,43872,219360
4896,2024-12-14,1083,1656,5843,8,29309,234472
4897,2024-09-09,1015,1617,8598,9,32507,292563
4898,2024-09-14,1084,1958,9912,3,10835,32505
4899,2024-02-17,1013,1590,9941,7,33854,236978
4900,2024-05-13,1061,1747,8713,4,11873,47492
4901,2024-10-26,1017,1900,9470,7,8676,60732
4902,2024-07-17,1007,1173,8531,5,32585,162925
4903,2024-10-18,1004,1105,5574,6,34535,207210
4904,2024-05-15,1087,1819,5279,8,42642,341136
4905,2024-03-23,1040,1096,5767,9,32486,292374
4906,2024-09-22,1092,1477,8585,8,21533,172264
4907,2024-12-23,1058,1847,9689,6,21621,129726
4908,2024-08-06,1008,1547,5603,5,40936,204680
4909,2024-12-14,1041,1612,7776,4,33404,133616
4910,2024-01-19,1017,1872,7566,2,44686,89372
4911,2024-01-18,1045,1560,6516,8,27518,220144
4912,2024-06-27,1081,1421,7551,3,31527,94581
4913,2024-01-23,1047,1727,9523,6,37083,222498
4914,2024-11-10,1027,1600,6526,1,5061,5061
4915,2024-08-31,1036,1410,6490,5,7197,35985
4916,2024-04-16,1073,1324,5044,3,44675,134025
4917,2024-05-10,1019,1945,8466,1,34368,34368
4918,2024-01-10,1037,1880,7248,7,9382,65674
4919,2024-07-17,1040,1468,8194,8,46406,371248
4920,2024-10-31,1086,1426,6542,9,39924,359316
4921,2024-11-07,1061,1354,9124,4,31794,127176
4922,2024-03-30,1019,1325,6506,2,30607,61214
4923,2024-05-23,1022,1008,6687,8,21305,170440
4924,2024-10-21,1049,1090,7370,9,47490,427410
4925,2024-04-18,1004,1704,9704,4,1705,6820
4926,2024-12-17,1059,1285,7419,6,48772,292632
4927,2024-07-22,1090,1142,6453,5,4911,24555
4928,2024-02-13,1072,1415,6322,9,40091,360819
4929,2024-01-08,1042,1723,7638,4,1340,5360
4930,2024-10-27,1035,1899,7634,7,14367,100569
4931,2024-12-18,1002,1955,5999,2,2126,4252
4932,2024-06-01,1060,1950,6683,1,47955,47955
4933,2024-01-17,1053,1801,7503,1,6074,6074
4934,2024-12-04,1035,1631,7802,5,42058,210290
4935,2024-08-24,1044,1060,8892,7,20955,146685
4936,2024-11-30,1098,1293,8088,5,41030,205150
4937,2024-02-25,1099,1339,5495,4,20066,80264
4938,2024-02-13,1028,1878,5499,9,12486,112374
4939,2024-11-04,1096,1818,9685,2,15797,31594
4940,2024-08-28,1025,1185,7326,2,21727,43454
4941,2024-02-08,1007,1091,9439,1,20537,20537
4942,2024-05-09,1072,1230,8318,5,32906,164530
4943,2024-04-07,1021,1536,7487,5,43994,219970
4944,2024-10-07,1068,1138,5923,1,32156,32156
4945,2024-03-20,1043,1881,7842,6,23705,142230
4946,2024-10-14,1040,1775,9039,5,23882,119410
4947,2024-11-30,1035,1801,6022,7,6074,42518
4948,2024-08-21,1095,1794,9671,1,42419,42419
4949,2024-11-29,1029,1875,7350,3,18669,56007
4950,2024-06-17,1048,1661,9590,9,6026,54234
4951,2024-03-19,1016,1189,8071,6,43361,260166
4952,2024-03-11,1029,1583,5816,2,12676,25352
4953,2024-09-19,1072,1352,5556,9,42618,383562
4954,2024-07-18,1003,1038,9153,3,15850,47550
4955,2024-07-29,1075,1072,9970,3,47140,141420
4956,2024-01-18,1034,1885,6405,2,47126,94252
4957,2024-09-29,1083,1021,8048,5,47038,235190
4958,2024-07-28,1016,1712,5623,3,6005,18015
4959,2024-04-26,1085,1030,8673,6,11779,70674
4960,2024-04-13,1006,1289,8313,5,7223,36115
4961,2024-03-17,1061,1835,8398,9,2515,22635
4962,2024-11-10,1057,1877,5265,3,17633,52899
4963,2024-01-11,1043,1077,7854,3,5098,15294
4964,2024-02-20,1057,1442,7361,4,3589,14356
4965,2024-01-07,1052,1775,8967,5,23882,119410
4966,2024-02-06,1071,1436,7378,8,10794,86352
4967,2024-09-17,1008,1360,5905,2,46670,93340
4968,2024-03-02,1005,1994,8149,1,20080,20080
4969,2024-07-18,1018,1725,8388,7,30461,213227
4970,2024-11-25,1085,1053,7497,8,1814,14512
4971,2024-03-30,1019,1370,5028,5,43867,219335
4972,2024-03-19,1063,1581,6713,8,14424,115392
4973,2024-02-24,1083,1096,6387,8,32486,259888
4974,2024-08-08,1090,1884,7819,4,6299,25196
4975,2024-04-01,1026,1529,9192,3,47282,141846
4976,2024-03-14,1006,1647,5749,9,40960,368640
4977,2024-02-25,1023,1646,5680,4,48691,194764
4978,2024-08-19,1007,1863,9617,6,7895,47370
4979,2024-06-27,1066,1902,7603,2,2590,5180
4980,2024-03-01,1010,1393,6177,7,29740,208180
4981,2024-12-25,1099,1035,8211,7,18947,132629
4982,2024-04-26,1065,1317,7067,6,49439,296634
4983,2024-03-18,1000,1369,8553,1,12505,12505
4984,2024-08-23,1006,1050,5290,2,34507,69014
4985,2024-02-02,1023,1990,8436,3,10541,31623
4986,2024-02-24,1011,1286,5213,3,17612,52836
4987,2024-08-30,1062,1649,5656,6,38461,230766
4988,2024-09-30,1071,1595,8483,8,37237,297896
4989,2024-03-14,1012,1242,6871,3,37781,113343
4990,2024-01-21,1069,1290,7980,4,15679,62716
4991,2024-12-18,1087,1412,9337,9,10207,91863
4992,2024-07-19,1023,1221,7531,8,9942,79536
4993,2024-06-02,1037,1944,5734,8,38176,305408
4994,2024-09-10,1070,1030,6932,1,11779,11779
4995,2024-07-25,1009,1864,8981,9,47551,427959
4996,2024-05-28,1029,1631,5981,7,42058,294406
4997,2024-07-01,1087,1871,7952,4,20054,80216
4998,2024-10-28,1026,1752,9231,6,34734,208404
4999,2024-10-23,1029,1067,5461,1,7325,7325
5000,2024-09-17,1078,1993,9212,8,40964,327712
5001,2024-02-13,1001,1784,6606,9,46867,421803
5002,2024-05-23,1007,1481,8906,9,4017,36153
5003,2024-08-31,1016,1095,8427,9,27357,246213
5004,2024-01-05,1047,1224,8094,1,47220,47220
5005,2024-03-02,1063,1548,7856,9,34446,310014
5006,2024-12-11,1060,1734,7902,6,12138,72828
5007,2024-01-26,1012,1345,8530,6,35534,213204
5008,2024-11-12,1081,1222,9980,1,27819,27819
5009,2024-11-20,1020,1990,7022,2,10541,21082
5010,2024-07-02,1099,1283,8801,8,34605,276840
5011,2024-11-01,1075,1253,6855,2,29095,58190
5012,2024-02-05,1001,1677,6018,9,26853,241677
5013,2024-01-30,1083,1747,9680,4,11873,47492
5014,2024-03-09,1022,1119,6501,4,10267,41068
5015,2024-08-19,1084,1137,8946,5,25216,126080
5016,2024-06-24,1094,1327,6502,7,23073,161511
5017,2024-10-04,1015,1877,8593,1,17633,17633
5018,2024-02-02,1012,1739,8264,9,6045,54405
5019,2024-03-09,1003,1594,7759,6,5722,34332
5020,2024-12-17,1001,1539,5102,5,27190,135950
5021,2024-09-11,1064,1708,6673,5,49961,249805
5022,2024-02-19,1025,1087,6879,1,46213,46213
5023,2024-01-23,1029,1372,6259,1,38223,38223
5024,2024-09-10,1037,1633,5338,7,48943,342601
5025,2024-06-12,1019,1390,8261,2,34271,68542
5026,2024-09-29,1024,1339,8188,4,20066,80264
5027,2024-06-29,1051,1513,7118,8,27223,217784
5028,2024-12-12,1082,1824,8016,6,27731,166386
5029,2024-09-06,1090,1746,9917,4,12256,49024
5030,2024-08-24,1009,1265,6958,7,24102,168714
5031,2024-08-19,1040,1081,8302,7,4617,32319
5032,2024-05-01,1080,1865,6963,1,10059,10059
5033,2024-08-29,1060,1397,8522,1,20058,20058
5034,2024-05-13,1001,1713,6732,5,41673,208365
5035,2024-03-11,1080,1357,8525,7,23182,162274
5036,2024-12-11,1006,1799,8167,6,30315,181890
5037,2024-11-05,1059,1180,7343,1,20722,20722
5038,2024-10-05,1060,1514,8341,7,38722,271054
5039,2024-08-06,1079,1559,7719,1,14631,14631
5040,2024-07-03,1026,1135,8734,2,18375,36750
5041,2024-11-02,1000,1264,9693,7,44587,312109
5042,2024-11-09,1085,1202,8037,1,24530,24530
5043,2024-08-04,1085,1783,6652,5,11628,58140
5044,2024-10-07,1026,1481,8129,3,4017,12051
5045,2024-10-07,1079,1855,7837,4,13215,52860
5046,2024-05-04,1059,1286,6727,8,17612,140896
5047,2024-06-27,1052,1132,7377,9,12777,114993
5048,2024-11-22,1035,1096,7403,6,32486,194916
5049,2024-02-04,1079,1093,9571,2,16585,33170
5050,2024-03-10,1023,1886,7839,2,5510,11020
5051,2024-12-25,1034,1093,8527,9,16585,149265
5052,2024-06-26,1032,1718,5531,9,27095,243855
5053,2024-02-18,1016,1294,8714,7,10146,71022
5054,2024-03-08,1068,1015,8782,4,7710,30840
5055,2024-01-07,1034,1473,5534,4,38111,152444
5056,2024-04-03,1082,1959,7490,2,9223,18446
5057,2024-03-21,1046,1459,6378,6,45945,275670
5058,2024-09-06,1097,1210,8616,7,14018,98126
5059,2024-02-07,1095,1558,7418,7,17360,121520
5060,2024-12-15,1088,1442,5045,6,3589,21534
5061,2024-02-14,1058,1098,8106,6,36609,219654
5062,2024-12-24,1060,1019,5021,5,35500,177500
5063,2024-05-16,1021,1020,7148,8,23369,186952
5064,2024-11-06,1026,1180,5485,5,20722,103610
5065,2024-11-03,1096,1484,8112,9,36752,330768
5066,2024-10-31,1071,1846,8593,7,36452,255164
5067,2024-08-16,1093,1693,5356,2,46937,93874
5068,2024-07-01,1089,1560,6649,3,27518,82554
5069,2024-11-21,1014,1399,9486,8,10795,86360
5070,2024-07-22,1035,1271,7089,9,12842,115578
5071,2024-04-20,1056,1022,8210,8,13322,106576
5072,2024-03-08,1075,1107,6488,2,3873,7746
5073,2024-12-22,1040,1835,9094,5,2515,12575
5074,2024-02-07,1044,1604,9167,9,32867,295803
5075,2024-07-16,1042,1676,8654,8,48059,384472
5076,2024-10-31,1011,1023,6642,4,44687,178748
5077,2024-04-01,1067,1828,5764,7,29328,205296
5078,2024-09-20,1066,1775,7119,3,23882,71646
5079,2024-08-30,1095,1747,6760,3,11873,35619
5080,2024-04-25,1089,1452,7693,3,855,2565
5081,2024-04-04,1003,1618,5045,6,24746,148476
5082,2024-07-31,1064,1540,6412,9,47536,427824
5083,2024-09-02,1004,1114,6615,3,15305,45915
5084,2024-06-21,1001,1393,9012,3,29740,89220
5085,2024-10-11,1045,1951,8341,8,40345,322760
5086,2024-03-19,1074,1881,5033,8,23705,189640
5087,2024-10-06,1008,1619,7999,7,17904,125328
5088,2024-05-28,1007,1584,8889,4,2958,11832
5089,2024-10-05,1057,1661,7017,1,6026,6026
5090,2024-12-16,1062,1777,8925,5,20426,102130
5091,2024-08-13,1060,1595,6918,9,37237,335133
5092,2024-11-18,1014,1403,6463,7,38944,272608
5093,2024-04-27,1072,1818,9499,3,15797,47391
5094,2024-03-13,1041,1602,5268,8,23417,187336
5095,2024-01-06,1049,1101,7908,5,34146,170730
5096,2024-11-16,1093,1265,5200,2,24102,48204
5097,2024-01-22,1092,1082,9318,2,15855,31710
5098,2024-06-27,1050,1936,6068,6,37368,224208
5099,2024-07-14,1024,1733,6477,3,22721,68163
5100,2024-04-18,1021,1719,5557,6,21210,127260
5101,2024-07-03,1097,1295,9998,3,17383,52149
5102,2024-02-24,1021,1971,7367,4,40560,162240
5103,2024-08-16,1093,1245,7090,6,44831,268986
5104,2024-01-19,1073,1260,9946,7,29907,209349
5105,2024-12-29,1068,1810,8468,1,25598,25598
5106,2024-08-03,1068,1706,7990,9,46666,419994
5107,2024-02-17,1065,1151,8028,7,42146,295022
5108,2024-06-08,1093,1373,6248,9,46367,417303
5109,2024-09-29,1063,1345,5405,1,35534,35534
5110,2024-04-05,1021,1670,8386,6,34870,209220
5111,2024-01-30,1012,1494,7732,3,9181,27543
5112,2024-04-30,1088,1826,9974,4,23187,92748
5113,2024-12-19,1026,1117,6436,3,40642,121926
5114,2024-07-08,1046,1627,9304,5,31217,156085
5115,2024-05-31,1090,1706,5273,2,46666,93332
5116,2024-09-11,1020,1958,5095,2,10835,21670
5117,2024-07-09,1030,1373,9105,7,46367,324569
5118,2024-05-21,1078,1128,9872,4,28413,113652
5119,2024-09-02,1037,1202,9762,4,24530,98120
5120,2024-02-03,1038,1836,6817,8,27761,222088
5121,2024-07-05,1035,1198,8320,7,44598,312186
5122,2024-03-26,1099,1766,7376,2,27620,55240
5123,2024-06-09,1064,1928,7499,5,31188,155940
5124,2024-12-29,1010,1076,7227,3,49664,148992
5125,2024-04-27,1068,1446,5361,2,30661,61322
5126,2024-04-20,1033,1425,7383,5,7600,38000
5127,2024-02-27,1004,1670,5409,3,34870,104610
5128,2024-01-18,1019,1507,8587,3,30197,90591
5129,2024-12-24,1062,1051,8901,8,48395,387160
5130,2024-05-19,1044,1177,7267,3,41282,123846
5131,2024-07-12,1041,1780,5496,7,23992,167944
5132,2024-05-09,1012,1448,8362,8,41404,331232
5133,2024-07-30,1008,1112,7722,5,30683,153415
5134,2024-10-10,1004,1235,6387,5,18099,90495
5135,2024-04-29,1037,1886,8988,3,5510,16530
5136,2024-02-11,1095,1165,9708,7,12521,87647
5137,2024-01-03,1093,1550,6178,6,21581,129486
5138,2024-08-16,1048,1864,9967,7,47551,332857
5139,2024-08-16,1091,1297,9876,4,7611,30444
5140,2024-12-08,1027,1379,7357,3,14314,42942
5141,2024-05-20,1042,1610,9357,7,35962,251734
5142,2024-02-26,1069,1166,6950,3,5115,15345
5143,2024-08-03,1040,1553,9694,3,37224,111672
5144,2024-05-10,1043,1361,7987,4,20617,82468
5145,2024-04-23,1028,1840,7233,1,38361,38361
5146,2024-07-09,1067,1453,6061,2,11202,22404
5147,2024-08-30,1081,1503,5751,3,8683,26049
5148,2024-10-20,1078,1616,6567,6,36027,216162
5149,2024-11-10,1024,1758,8970,4,22329,89316
5150,2024-01-28,1067,1456,7785,9,27967,251703
5151,2024-01-26,1013,1858,5907,7,39905,279335
5152,2024-03-24,1058,1297,7659,5,7611,38055
5153,2024-12-12,1061,1924,7926,9,4448,40032
5154,2024-11-16,1016,1707,8245,7,33347,233429
5155,2024-11-25,1097,1664,9748,6,28050,168300
5156,2024-07-20,1018,1783,8376,4,11628,46512
5157,2024-03-01,1028,1184,5346,5,22270,111350
5158,2024-07-03,1085,1417,5489,6,19285,115710
5159,2024-09-02,1077,1714,6513,1,17492,17492
5160,2024-01-01,1099,1776,5575,2,20535,41070
5161,2024-08-30,1065,1674,6177,2,33184,66368
5162,2024-02-01,1044,1794,7608,7,42419,296933
5163,2024-08-22,1070,1934,5501,3,14066,42198
5164,2024-01-17,1027,1940,9088,4,45392,181568
5165,2024-03-29,1058,1122,9331,9,38948,350532
5166,2024-02-21,1053,1236,7306,5,31314,156570
5167,2024-06-12,1007,1443,9590,3,25401,76203
5168,2024-10-29,1092,1603,5483,7,11930,83510
5169,2024-02-01,1009,1426,5429,5,39924,199620
5170,2024-07-16,1020,1060,6190,7,20955,146685
5171,2024-12-16,1034,1708,5845,9,49961,449649
5172,2024-07-19,1003,1911,9645,1,5385,5385
5173,2024-04-16,1052,1091,7500,6,20537,123222
5174,2024-12-01,1084,1897,9908,9,10068,90612
5175,2024-12-10,1024,1233,5061,1,15452,15452
5176,2024-10-22,1019,1969,7832,6,9959,59754
5177,2024-01-28,1070,1530,5167,3,12245,36735
5178,2024-12-02,1070,1831,5230,8,34894,279152
5179,2024-10-13,1095,1787,6058,7,1417,9919
5180,2024-04-28,1095,1825,5721,4,42104,168416
5181,2024-12-08,1021,1955,9308,4,2126,8504
5182,2024-01-31,1048,1741,7328,8,4007,32056
5183,2024-06-02,1088,1826,7318,6,23187,139122
5184,2024-09-16,1005,1629,9754,7,30242,211694
5185,2024-04-16,1050,1367,7226,5,39768,198840
5186,2024-09-07,1026,1236,9446,4,31314,125256
5187,2024-12-28,1017,1690,6741,1,42528,42528
5188,2024-04-16,1011,1290,6048,7,15679,109753
5189,2024-04-26,1027,1360,5767,4,46670,186680
5190,2024-09-01,1018,1137,9818,5,25216,126080
5191,2024-03-19,1042,1623,7198,5,30533,152665
5192,2024-08-16,1080,1241,9818,2,28258,56516
5193,2024-01-23,1098,1291,6104,2,12383,24766
5194,2024-07-15,1014,1436,9922,9,10794,97146
5195,2024-12-26,1068,1887,8563,6,23165,138990
5196,2024-07-06,1035,1759,6502,8,37811,302488
5197,2024-08-04,1096,1053,5306,6,1814,10884
5198,2024-09-03,1084,1527,7668,3,6586,19758
5199,2024-06-02,1098,1049,9551,3,41768,125304
5200,2024-07-13,1041,1793,5438,5,49083,245415
5201,2024-04-25,1090,1798,7425,3,15110,45330
5202,2024-07-14,1044,1188,8056,2,1419,2838
5203,2024-02-24,1029,1937,6836,4,18610,74440
5204,2024-06-23,1038,1512,5280,4,28420,113680
5205,2024-05-23,1045,1982,6209,9,40953,368577
5206,2024-11-09,1057,1681,7801,7,1693,11851
5207,2024-12-28,1029,1176,9914,8,43603,348824
5208,2024-08-04,1055,1218,8390,1,36896,36896
5209,2024-09-13,1084,1658,9759,7,13936,97552
5210,2024-05-06,1089,1719,7863,9,21210,190890
5211,2024-06-21,1087,1255,8603,9,37214,334926
5212,2024-04-03,1053,1824,5543,5,27731,138655
5213,2024-08-06,1085,1357,9060,1,23182,23182
5214,2024-02-21,1036,1647,6075,6,40960,245760
5215,2024-01-19,1089,1189,8223,3,43361,130083
5216,2024-12-23,1021,1847,7530,7,21621,151347
5217,2024-08-24,1096,1459,9980,8,45945,367560
5218,2024-06-19,1023,1008,8026,6,21305,127830
5219,2024-10-01,1068,1879,7247,2,39677,79354
5220,2024-10-21,1087,1774,5263,9,29223,263007
5221,2024-12-29,1098,1679,5745,7,27192,190344
5222,2024-06-08,1085,1484,8952,9,36752,330768
5223,2024-08-27,1032,1188,5498,2,1419,2838
5224,2024-03-05,1016,1022,5460,6,13322,79932
5225,2024-08-04,1061,1296,7458,9,31240,281160
5226,2024-02-16,1011,1327,8931,8,23073,184584
5227,2024-03-14,1029,1662,9674,5,48902,244510
5228,2024-06-12,1089,1979,8077,2,38614,77228
5229,2024-07-16,1012,1751,6167,7,21523,150661
5230,2024-11-23,1005,1010,7109,8,28915,231320
5231,2024-05-27,1066,1000,5724,8,16915,135320
5232,2024-03-26,1010,1176,6169,2,43603,87206
5233,2024-01-09,1059,1811,7298,4,25774,103096
5234,2024-09-09,1009,1324,8184,8,44675,357400
5235,2024-08-19,1074,1141,7639,4,16176,64704
5236,2024-09-03,1015,1518,9753,7,39383,275681
5237,2024-01-01,1083,1122,9877,4,38948,155792
5238,2024-09-23,1041,1443,7544,9,25401,228609
5239,2024-04-14,1043,1535,9874,9,2973,26757
5240,2024-08-21,1018,1742,8073,4,589,2356
5241,2024-09-13,1072,1899,9376,3,14367,43101
5242,2024-03-21,1099,1238,8833,4,28262,113048
5243,2024-05-02,1014,1154,5450,9,48402,435618
5244,2024-06-20,1086,1957,6273,7,43228,302596
5245,2024-11-02,1084,1006,6468,4,10159,40636
5246,2024-09-29,1038,1437,6703,9,33745,303705
5247,2024-12-24,1004,1471,6032,9,12532,112788
5248,2024-09-03,1085,1456,9509,1,27967,27967
5249,2024-12-28,1030,1448,9585,9,41404,372636
5250,2024-07-12,1078,1737,5853,8,37069,296552
5251,2024-04-21,1027,1615,9649,3,6923,20769
5252,2024-01-23,1037,1862,9219,8,27024,216192
5253,2024-11-10,1051,1614,5692,4,3468,13872
5254,2024-07-20,1014,1854,6325,2,11498,22996
5255,2024-04-15,1018,1962,7785,6,38048,228288
5256,2024-04-03,1034,1102,6083,2,32715,65430
5257,2024-01-25,1081,1659,8704,7,12249,85743
5258,2024-05-24,1073,1185,7614,1,21727,21727
5259,2024-12-31,1014,1687,8381,4,14018,56072
5260,2024-01-19,1087,1921,6870,8,38414,307312
5261,2024-07-28,1046,1417,7302,7,19285,134995
5262,2024-03-22,1055,1927,9153,7,22546,157822
5263,2024-02-15,1019,1352,7154,7,42618,298326
5264,2024-02-04,1074,1295,9700,7,17383,121681
5265,2024-07-20,1008,1516,8022,7,47674,333718
5266,2024-01-23,1004,1521,5933,7,28007,196049
5267,2024-12-30,1010,1483,6281,5,15452,77260
5268,2024-10-26,1090,1221,8191,7,9942,69594
5269,2024-09-21,1001,1584,7420,5,2958,14790
5270,2024-12-11,1051,1685,9386,7,18169,127183
5271,2024-12-14,1019,1543,5731,4,31348,125392
5272,2024-07-05,1020,1956,8751,8,41902,335216
5273,2024-10-24,1050,1596,8761,7,6122,42854
5274,2024-07-08,1029,1937,7201,6,18610,111660
5275,2024-08-27,1047,1881,7399,6,23705,142230
5276,2024-12-14,1000,1504,6166,5,8482,42410
5277,2024-05-06,1034,1281,8032,2,13443,26886
5278,2024-10-17,1025,1918,8828,6,44740,268440
5279,2024-04-20,1095,1392,8579,8,38691,309528
5280,2024-02-12,1008,1452,9505,2,855,1710
5281,2024-10-27,1039,1054,8009,6,1586,9516
5282,2024-05-13,1020,1647,5799,2,40960,81920
5283,2024-01-13,1079,1627,8422,8,31217,249736
5284,2024-01-11,1011,1055,9956,4,48490,193960
5285,2024-04-11,1099,1950,7234,8,47955,383640
5286,2024-07-15,1036,1754,5386,6,47803,286818
5287,2024-02-24,1090,1749,5764,8,33974,271792
5288,2024-07-01,1070,1810,8907,9,25598,230382
5289,2024-01-19,1093,1842,8983,7,21565,150955
5290,2024-12-28,1023,1055,8390,1,48490,48490
5291,2024-09-18,1049,1163,7825,1,2749,2749
5292,2024-01-09,1053,1913,8828,1,32784,32784
5293,2024-05-27,1093,1798,5178,2,15110,30220
5294,2024-01-25,1083,1488,6636,3,7777,23331
5295,2024-11-01,1027,1007,8154,6,49515,297090
5296,2024-03-12,1003,1611,8165,9,13489,121401
5297,2024-11-17,1011,1146,6475,8,28340,226720
5298,2024-02-26,1066,1405,6518,3,18631,55893
5299,2024-01-22,1036,1065,5829,2,27731,55462
5300,2024-11-07,1003,1138,6399,7,32156,225092
5301,2024-02-05,1014,1194,7365,9,8150,73350
5302,2024-06-27,1027,1288,7719,8,48434,387472
5303,2024-03-08,1036,1457,5790,5,28063,140315
5304,2024-01-01,1008,1820,8538,2,13281,26562
5305,2024-02-17,1013,1428,5714,5,35537,177685
5306,2024-05-31,1095,1194,6302,6,8150,48900
5307,2024-07-15,1066,1634,6458,7,4609,32263
5308,2024-02-27,1081,1294,6129,9,10146,91314
5309,2024-02-17,1049,1760,9775,6,32575,195450
5310,2024-12-20,1077,1420,8255,5,41696,208480
5311,2024-08-21,1024,1609,9982,7,45965,321755
5312,2024-07-06,1038,1049,6223,3,41768,125304
5313,2024-04-23,1025,1795,7061,9,17544,157896
5314,2024-03-30,1059,1269,8822,5,48594,242970
5315,2024-06-17,1051,1819,6775,9,42642,383778
5316,2024-12-28,1069,1377,9921,3,46503,139509
5317,2024-12-26,1025,1603,7805,8,11930,95440
5318,2024-06-25,1047,1541,9158,7,8122,56854
5319,2024-07-10,1053,1157,8303,4,43351,173404
5320,2024-05-12,1040,1120,9066,6,32482,194892
5321,2024-06-20,1000,1666,6825,4,1437,5748
5322,2024-01-18,1020,1577,5415,3,12590,37770
5323,2024-09-07,1077,1100,8877,6,739,4434
5324,2024-04-21,1071,1332,7427,7,37014,259098
5325,2024-02-09,1024,1294,8949,8,10146,81168
5326,2024-04-11,1017,1425,9964,2,7600,15200
5327,2024-06-22,1014,1795,8994,8,17544,140352
5328,2024-11-09,1041,1083,7260,1,39293,39293
5329,2024-12-06,1019,1830,8724,8,22619,180952
5330,2024-10-28,1015,1870,7420,8,27483,219864
5331,2024-07-14,1006,1054,5420,1,1586,1586
5332,2024-03-12,1092,1241,5428,1,28258,28258
5333,2024-06-30,1094,1145,9221,7,10942,76594
5334,2024-08-28,1092,1673,9137,6,33346,200076
5335,2024-10-15,1080,1696,6127,4,12275,49100
5336,2024-11-18,1004,1367,9001,2,39768,79536
5337,2024-04-22,1017,1172,7421,9,24196,217764
5338,2024-12-05,1077,1592,7121,2,5973,11946
5339,2024-06-11,1094,1933,7714,4,25457,101828
5340,2024-02-08,1017,1918,5079,3,44740,134220
5341,2024-08-22,1063,1030,6705,2,11779,23558
5342,2024-03-11,1024,1392,5793,7,38691,270837
5343,2024-08-06,1074,1802,7355,5,28913,144565
5344,2024-01-05,1025,1408,8738,9,3944,35496
5345,2024-08-28,1068,1678,9513,4,17342,69368
5346,2024-06-13,1015,1925,9554,2,43646,87292
5347,2024-01-01,1062,1260,7050,6,29907,179442
5348,2024-07-02,1071,1667,5486,1,49111,49111
5349,2024-01-08,1076,1628,7712,2,30016,60032
5350,2024-04-17,1057,1518,9800,7,39383,275681
5351,2024-07-03,1095,1873,9049,7,7298,51086
5352,2024-10-10,1026,1245,5232,5,44831,224155
5353,2024-06-02,1048,1887,6316,6,23165,138990
5354,2024-02-03,1089,1425,8566,4,7600,30400
5355,2024-12-17,1072,1809,7700,2,5370,10740
5356,2024-01-22,1046,1824,6611,7,27731,194117
5357,2024-05-27,1070,1741,6097,5,4007,20035
5358,2024-05-30,1049,1850,9704,9,7487,67383
5359,2024-03-07,1045,1447,6642,7,47197,330379
5360,2024-03-18,1007,1635,9175,2,5747,11494
5361,2024-08-19,1001,1216,6728,1,32225,32225
5362,2024-02-08,1017,1830,7602,3,22619,67857
5363,2024-06-13,1035,1529,7280,8,47282,378256
5364,2024-04-08,1087,1116,8754,6,7788,46728
5365,2024-05-08,1097,1238,5778,2,28262,56524
5366,2024-01-19,1041,1601,8816,7,33630,235410
5367,2024-09-27,1010,1940,7901,8,45392,363136
5368,2024-01-01,1058,1275,8105,4,23643,94572
5369,2024-10-13,1051,1001,7025,8,38817,310536
5370,2024-06-28,1073,1831,6602,4,34894,139576
5371,2024-09-12,1092,1797,5760,3,12205,36615
5372,2024-06-22,1048,1661,9044,8,6026,48208
5373,2024-12-07,1055,1763,9921,2,1795,3590
5374,2024-02-19,1069,1617,7826,4,32507,130028
5375,2024-01-20,1073,1374,9657,7,2364,16548
5376,2024-04-14,1029,1289,7669,1,7223,7223
5377,2024-07-08,1054,1124,9295,2,4547,9094
5378,2024-08-26,1027,1162,8941,5,28996,144980
5379,2024-02-12,1092,1893,6486,9,28761,258849
5380,2024-01-05,1050,1196,6013,1,37451,37451
5381,2024-09-04,1088,1824,9125,3,27731,83193
5382,2024-03-06,1099,1526,9023,6,28553,171318
5383,2024-09-07,1026,1294,9092,7,10146,71022
5384,2024-05-07,1097,1462,5360,6,37828,226968
5385,2024-07-03,1051,1539,9036,7,27190,190330
5386,2024-07-06,1033,1011,5402,8,23762,190096
5387,2024-07-01,1031,1194,6584,6,8150,48900
5388,2024-03-11,1043,1265,6249,1,24102,24102
5389,2024-03-06,1003,1867,9684,4,2470,9880
5390,2024-11-24,1047,1774,5112,1,29223,29223
5391,2024-09-06,1097,1682,9029,5,15868,79340
5392,2024-06-03,1015,1336,8992,8,7606,60848
5393,2024-03-19,1059,1275,9557,2,23643,47286
5394,2024-01-19,1046,1814,7589,5,22937,114685
5395,2024-09-25,1074,1752,9166,6,34734,208404
5396,2024-02-14,1014,1493,6273,3,14518,43554
5397,2024-09-18,1093,1244,6217,2,10128,20256
5398,2024-08-09,1055,1027,6314,4,4719,18876
5399,2024-05-08,1090,1203,7986,8,48654,389232
5400,2024-04-15,1015,1785,9530,2,26118,52236
5401,2024-09-07,1000,1312,7237,3,5511,16533
5402,2024-04-30,1024,1364,6787,2,29527,59054
5403,2024-08-17,1063,1946,5400,1,13860,13860
5404,2024-10-07,1091,1036,9018,1,19956,19956
5405,2024-08-14,1042,1971,7715,3,40560,121680
5406,2024-10-01,1013,1391,5596,1,25086,25086
5407,2024-05-17,1097,1765,5818,8,5423,43384
5408,2024-06-21,1047,1871,9607,1,20054,20054
5409,2024-11-22,1067,1616,5982,3,36027,108081
5410,2024-09-27,1013,1242,8741,9,37781,340029
5411,2024-08-02,1079,1978,5569,3,42583,127749
5412,2024-08-15,1014,1099,7645,9,9440,84960
5413,2024-04-16,1097,1965,9647,1,36304,36304
5414,2024-06-07,1076,1758,7403,6,22329,133974
5415,2024-05-15,1016,1987,7156,7,23851,166957
5416,2024-09-07,1091,1043,8491,4,39027,156108
5417,2024-01-30,1051,1064,9220,4,47734,190936
5418,2024-04-07,1009,1177,8653,9,41282,371538
5419,2024-04-06,1016,1146,9631,4,28340,113360
5420,2024-09-13,1007,1560,9861,7,27518,192626
5421,2024-09-28,1001,1066,9253,6,2378,14268
5422,2024-01-11,1055,1995,5684,4,43532,174128
5423,2024-12-07,1064,1346,5610,8,47428,379424
5424,2024-06-16,1054,1045,8828,9,23669,213021
5425,2024-07-29,1068,1069,6265,5,14466,72330
5426,2024-06-20,1098,1413,6186,8,1323,10584
5427,2024-11-21,1085,1932,7195,4,42299,169196
5428,2024-04-29,1079,1858,6315,9,39905,359145
5429,2024-07-03,1072,1453,9042,7,11202,78414
5430,2024-02-08,1035,1620,8730,8,12975,103800
5431,2024-09-13,1008,1872,9204,1,44686,44686
5432,2024-10-05,1013,1208,5344,6,10999,65994
5433,2024-08-17,1073,1814,6393,1,22937,22937
5434,2024-04-24,1021,1989,5021,7,30895,216265
5435,2024-10-30,1015,1206,6216,4,23626,94504
5436,2024-03-31,1040,1380,6790,7,19148,134036
5437,2024-11-04,1066,1082,9834,1,15855,15855
5438,2024-03-01,1027,1285,7198,3,48772,146316
5439,2024-04-12,1093,1871,6687,3,20054,60162
5440,2024-08-02,1028,1456,8366,9,27967,251703
5441,2024-04-11,1064,1634,7134,6,4609,27654
5442,2024-05-22,1027,1417,9734,7,19285,134995
5443,2024-03-30,1085,1237,8246,8,26610,212880
5444,2024-04-27,1031,1345,9486,5,35534,177670
5445,2024-05-18,1051,1365,8499,4,31461,125844
5446,2024-10-29,1010,1356,5712,3,10596,31788
5447,2024-08-27,1025,1060,9316,6,20955,125730
5448,2024-05-15,1030,1383,8497,7,26627,186389
5449,2024-01-05,1019,1162,9473,2,28996,57992
5450,2024-07-27,1083,1745,8655,2,33660,67320
5451,2024-03-27,1096,1577,5405,2,12590,25180
5452,2024-12-12,1068,1012,9279,8,9686,77488
5453,2024-11-14,1040,1571,8606,1,22260,22260
5454,2024-10-03,1066,1106,8081,3,6893,20679
5455,2024-04-30,1043,1362,8891,7,12628,88396
5456,2024-09-01,1059,1264,9202,1,44587,44587
5457,2024-12-23,1097,1916,9407,2,8770,17540
5458,2024-03-30,1094,1936,5137,5,37368,186840
5459,2024-05-19,1006,1107,8520,4,3873,15492
5460,2024-04-21,1093,1832,8501,3,9042,27126
5461,2024-08-27,1053,1467,6064,8,29345,234760
5462,2024-09-28,1062,1688,7756,9,41027,369243
5463,2024-05-22,1081,1836,7675,2,27761,55522
5464,2024-07-25,1079,1267,9145,6,38403,230418
5465,2024-04-28,1012,1234,9592,9,42706,384354
5466,2024-03-24,1032,1916,6043,7,8770,61390
5467,2024-09-07,1006,1828,9798,6,29328,175968
5468,2024-10-04,1029,1623,9103,9,30533,274797
5469,2024-06-11,1010,1806,6752,7,44863,314041
5470,2024-05-21,1069,1214,9800,2,48861,97722
5471,2024-12-15,1020,1455,6123,7,22058,154406
5472,2024-01-31,1031,1277,6323,6,32925,197550
5473,2024-11-21,1004,1601,9879,3,33630,100890
5474,2024-03-31,1092,1338,6092,1,3402,3402
5475,2024-05-07,1034,1824,9529,1,27731,27731
5476,2024-09-23,1046,1718,7162,9,27095,243855
5477,2024-02-05,1011,1164,8452,9,35248,317232
5478,2024-12-01,1036,1040,9800,5,45320,226600
5479,2024-10-06,1043,1212,7432,2,18238,36476
5480,2024-07-31,1021,1114,8686,3,15305,45915
5481,2024-08-20,1010,1460,7930,6,21400,128400
5482,2024-08-15,1086,1134,5664,8,15538,124304
5483,2024-10-24,1054,1344,9380,9,49389,444501
5484,2024-08-24,1009,1032,8778,6,4566,27396
5485,2024-01-21,1041,1514,9596,5,38722,193610
5486,2024-04-05,1087,1550,9369,1,21581,21581
5487,2024-02-20,1079,1351,6396,7,33002,231014
5488,2024-12-02,1075,1744,7513,5,31855,159275
5489,2024-11-06,1054,1931,6464,1,13149,13149
5490,2024-03-02,1049,1679,8833,5,27192,135960
5491,2024-12-08,1031,1499,5532,4,33517,134068
5492,2024-06-01,1087,1497,9292,4,48099,192396
5493,2024-08-11,1067,1278,9254,8,20117,160936
5494,2024-05-21,1096,1449,8180,2,21065,42130
5495,2024-02-10,1017,1735,8263,9,887,7983
5496,2024-06-14,1080,1301,8866,3,48841,146523
5497,2024-07-08,1084,1517,8745,6,10125,60750
5498,2024-10-23,1064,1838,7609,2,29512,59024
5499,2024-02-14,1024,1823,9478,9,25362,228258
5500,2024-07-26,1030,1276,8780,1,14759,14759
5501,2024-04-05,1083,1608,7457,8,9796,78368
5502,2024-10-01,1089,1079,9435,3,49659,148977
5503,2024-10-19,1018,1450,8204,6,40929,245574
5504,2024-08-22,1093,1793,5395,3,49083,147249
5505,2024-12-06,1088,1254,5524,6,30889,185334
5506,2024-07-25,1099,1664,9442,1,28050,28050
5507,2024-01-26,1017,1846,8506,7,36452,255164
5508,2024-12-15,1067,1213,5835,6,49284,295704
5509,2024-12-25,1090,1106,7961,7,6893,48251
5510,2024-07-25,1032,1100,9844,5,739,3695
5511,2024-05-20,1069,1624,6616,8,11657,93256
5512,2024-12-12,1006,1367,9294,9,39768,357912
5513,2024-03-27,1000,1703,9276,9,43261,389349
5514,2024-04-07,1098,1979,6677,6,38614,231684
5515,2024-01-23,1086,1692,8714,8,7909,63272
5516,2024-09-06,1079,1561,6430,7,46597,326179
5517,2024-12-29,1058,1028,6693,5,18487,92435
5518,2024-09-06,1033,1356,5260,7,10596,74172
5519,2024-05-27,1097,1402,5602,1,17755,17755
5520,2024-02-23,1094,1615,7972,5,6923,34615
5521,2024-11-10,1094,1094,5172,4,37898,151592
5522,2024-02-08,1051,1569,5357,5,25852,129260
5523,2024-11-29,1010,1141,7805,7,16176,113232
5524,2024-08-05,1007,1124,8718,5,4547,22735
5525,2024-12-12,1087,1910,9751,2,44171,88342
5526,2024-08-24,1086,1062,7648,5,36031,180155
5527,2024-11-20,1095,1768,5680,2,44630,89260
5528,2024-11-19,1052,1371,6215,2,36716,73432
5529,2024-12-08,1014,1203,7738,8,48654,389232
5530,2024-10-03,1027,1319,9628,2,23036,46072
5531,2024-08-12,1083,1138,5744,2,32156,64312
5532,2024-05-23,1013,1174,5942,1,7467,7467
5533,2024-10-14,1089,1776,5711,3,20535,61605
5534,2024-07-29,1057,1491,7925,7,27282,190974
5535,2024-06-02,1056,1608,6669,1,9796,9796
5536,2024-09-15,1051,1181,6252,1,18789,18789
5537,2024-08-14,1036,1629,5695,7,30242,211694
5538,2024-03-22,1001,1922,5205,3,37919,113757
5539,2024-03-28,1033,1737,6634,6,37069,222414
5540,2024-11-04,1033,1496,5901,7,9618,67326
5541,2024-01-04,1057,1128,9863,1,28413,28413
5542,2024-06-21,1097,1521,8120,4,28007,112028
5543,2024-02-01,1072,1652,7208,3,43383,130149
5544,2024-08-21,1060,1668,6946,9,38344,345096
5545,2024-08-13,1053,1622,5925,8,4400,35200
5546,2024-12-04,1066,1260,9600,7,29907,209349
5547,2024-07-24,1029,1970,5685,9,42331,380979
5548,2024-04-11,1082,1052,8353,9,39764,357876
5549,2024-02-27,1094,1090,5667,1,47490,47490
5550,2024-09-25,1079,1249,7408,7,49865,349055
5551,2024-05-29,1058,1678,5671,7,17342,121394
5552,2024-09-08,1057,1760,8273,9,32575,293175
5553,2024-02-13,1023,1227,6035,6,46492,278952
5554,2024-01-30,1014,1435,5251,6,39178,235068
5555,2024-01-12,1021,1730,5374,3,29338,88014
5556,2024-01-14,1031,1746,9081,1,12256,12256
5557,2024-10-18,1074,1614,8050,6,3468,20808
5558,2024-02-14,1092,1557,6109,1,35485,35485
5559,2024-07-18,1041,1088,6679,5,35817,179085
5560,2024-01-24,1058,1294,6790,3,10146,30438
5561,2024-09-07,1087,1855,7001,9,13215,118935
5562,2024-04-28,1082,1041,5582,1,15850,15850
5563,2024-03-18,1054,1687,9787,3,14018,42054
5564,2024-08-29,1004,1542,9195,3,45780,137340
5565,2024-07-21,1040,1582,5897,1,1649,1649
5566,2024-08-24,1056,1472,6259,1,2624,2624
5567,2024-10-20,1052,1469,7909,9,18332,164988
5568,2024-12-13,1037,1074,6179,1,25817,25817
5569,2024-03-27,1000,1792,7237,3,8128,24384
5570,2024-07-28,1059,1978,6692,3,42583,127749
5571,2024-10-02,1093,1387,7549,8,24362,194896
5572,2024-04-06,1075,1728,5377,5,28415,142075
5573,2024-01-02,1045,1481,8035,4,4017,16068
5574,2024-08-16,1003,1539,8944,7,27190,190330
5575,2024-08-30,1014,1975,5536,7,47572,333004
5576,2024-09-14,1080,1001,9566,3,38817,116451
5577,2024-02-11,1011,1537,8064,3,17647,52941
5578,2024-07-31,1000,1839,9809,4,32093,128372
5579,2024-10-22,1076,1170,5758,2,34869,69738
5580,2024-01-03,1029,1473,7676,2,38111,76222
5581,2024-01-16,1073,1421,5480,7,31527,220689
5582,2024-10-05,1099,1532,7287,3,5634,16902
5583,2024-04-11,1005,1817,6469,5,37686,188430
5584,2024-03-17,1072,1784,8190,2,46867,93734
5585,2024-07-20,1049,1285,5360,1,48772,48772
5586,2024-02-24,1001,1754,6668,9,47803,430227
5587,2024-07-27,1005,1810,9163,4,25598,102392
5588,2024-11-24,1074,1037,5420,9,24778,223002
5589,2024-12-19,1089,1124,5125,5,4547,22735
5590,2024-03-21,1091,1314,7776,5,4786,23930
5591,2024-08-31,1076,1570,9877,3,8016,24048
5592,2024-08-22,1037,1043,9570,5,39027,195135
5593,2024-04-23,1075,1331,8262,6,5136,30816
5594,2024-03-07,1082,1542,7503,2,45780,91560
5595,2024-10-23,1017,1747,7333,5,11873,59365
5596,2024-02-09,1018,1164,5479,7,35248,246736
5597,2024-08-08,1027,1357,5244,8,23182,185456
5598,2024-04-12,1011,1814,9778,4,22937,91748
5599,2024-10-21,1095,1762,7228,6,49256,295536
5600,2024-02-22,1051,1511,6225,3,13714,41142
5601,2024-10-22,1076,1710,9038,5,23031,115155
5602,2024-02-21,1086,1454,8058,6,35458,212748
5603,2024-02-06,1099,1930,5503,3,28212,84636
5604,2024-03-07,1057,1218,6113,9,36896,332064
5605,2024-06-10,1093,1665,7467,1,34829,34829
5606,2024-07-24,1021,1183,6779,3,47561,142683
5607,2024-12-06,1044,1999,5638,8,13099,104792
5608,2024-11-17,1061,1382,7330,4,43965,175860
5609,2024-02-21,1041,1298,5440,5,24719,123595
5610,2024-07-27,1066,1402,6691,4,17755,71020
5611,2024-01-02,1008,1661,9205,2,6026,12052
5612,2024-05-08,1063,1440,9598,7,36881,258167
5613,2024-06-26,1014,1576,6835,2,8474,16948
5614,2024-06-12,1029,1378,7474,7,33182,232274
5615,2024-12-18,1025,1673,9662,7,33346,233422
5616,2024-01-22,1093,1561,6018,6,46597,279582
5617,2024-08-14,1068,1671,6111,9,8793,79137
5618,2024-03-22,1094,1308,9200,2,49110,98220
5619,2024-06-12,1021,1988,8712,8,2006,16048
5620,2024-01-03,1053,1469,9617,8,18332,146656
5621,2024-06-20,1057,1050,9989,5,34507,172535
5622,2024-04-27,1078,1275,8626,6,23643,141858
5623,2024-05-23,1052,1953,5513,9,49515,445635
5624,2024-09-08,1098,1859,8126,2,24110,48220
5625,2024-09-22,1018,1556,9636,7,10626,74382
5626,2024-06-18,1033,1433,7308,5,38607,193035
5627,2024-07-31,1081,1379,6399,8,14314,114512
5628,2024-10-07,1013,1114,6985,9,15305,137745
5629,2024-08-14,1021,1859,5550,4,24110,96440
5630,2024-09-18,1087,1135,6174,7,18375,128625
5631,2024-12-31,1012,1366,5734,1,28599,28599
5632,2024-09-11,1063,1020,7299,1,23369,23369
5633,2024-01-08,1055,1529,5924,2,47282,94564
5634,2024-02-10,1071,1361,8012,4,20617,82468
5635,2024-12-31,1041,1270,7803,9,31057,279513
5636,2024-09-13,1065,1905,6163,7,12590,88130
5637,2024-05-10,1062,1218,5633,7,36896,258272
5638,2024-02-21,1041,1318,9999,6,825,4950
5639,2024-04-11,1090,1465,9247,4,12535,50140
5640,2024-08-06,1033,1403,6828,9,38944,350496
5641,2024-08-31,1028,1120,5675,6,32482,194892
5642,2024-11-28,1025,1061,6338,1,18640,18640
5643,2024-10-29,1022,1997,6773,6,42764,256584
5644,2024-12-04,1035,1096,6796,3,32486,97458
5645,2024-10-01,1008,1762,6499,1,49256,49256
5646,2024-03-10,1084,1435,7449,1,39178,39178
5647,2024-02-16,1041,1413,6749,2,1323,2646
5648,2024-04-26,1099,1898,7692,6,40233,241398
5649,2024-03-18,1066,1128,5084,9,28413,255717
5650,2024-01-05,1006,1245,8693,2,44831,89662
5651,2024-09-10,1022,1009,7262,5,39529,197645
5652,2024-11-15,1031,1816,6215,8,7498,59984
5653,2024-04-16,1022,1576,6691,1,8474,8474
5654,2024-08-31,1015,1758,8664,4,22329,89316
5655,2024-06-21,1068,1416,9434,1,31717,31717
5656,2024-02-05,1012,1890,7060,6,3621,21726
5657,2024-06-21,1009,1348,9588,9,16446,148014
5658,2024-06-28,1058,1418,9652,8,31957,255656
5659,2024-09-23,1001,1164,7849,6,35248,211488
5660,2024-09-11,1079,1178,8765,3,21358,64074
5661,2024-11-15,1051,1990,8114,2,10541,21082
5662,2024-11-16,1000,1053,8516,8,1814,14512
5663,2024-03-13,1069,1318,7946,2,825,1650
5664,2024-02-26,1053,1045,7394,2,23669,47338
5665,2024-03-06,1018,1429,8475,9,4967,44703
5666,2024-05-11,1096,1376,9213,6,9663,57978
5667,2024-09-16,1027,1177,7302,2,41282,82564
5668,2024-05-03,1004,1518,5404,5,39383,196915
5669,2024-04-01,1075,1595,9141,7,37237,260659
5670,2024-09-30,1029,1127,7548,5,31246,156230
5671,2024-05-20,1080,1956,9592,4,41902,167608
5672,2024-08-19,1018,1490,6911,5,9043,45215
5673,2024-03-10,1041,1725,9217,9,30461,274149
5674,2024-06-23,1024,1233,5897,5,15452,77260
5675,2024-12-24,1034,1011,9806,1,23762,23762
5676,2024-03-26,1008,1585,8273,6,23888,143328
5677,2024-09-09,1095,1549,9071,9,27258,245322
5678,2024-01-30,1038,1862,6024,1,27024,27024
5679,2024-06-03,1055,1487,5591,5,11586,57930
5680,2024-07-18,1037,1934,8951,8,14066,112528
5681,2024-12-28,1014,1660,9796,2,8770,17540
5682,2024-06-04,1045,1406,8411,1,23768,23768
5683,2024-09-01,1036,1478,7024,4,44232,176928
5684,2024-01-20,1089,1939,8198,4,9982,39928
5685,2024-07-21,1059,1683,7174,1,19210,19210
5686,2024-11-29,1061,1989,8201,8,30895,247160
5687,2024-05-31,1030,1213,7761,4,49284,197136
5688,2024-03-17,1029,1748,8162,4,42108,168432
5689,2024-11-23,1065,1020,6399,3,23369,70107
5690,2024-06-20,1006,1872,5020,8,44686,357488
5691,2024-11-24,1029,1467,8126,8,29345,234760
5692,2024-09-06,1032,1859,5911,3,24110,72330
5693,2024-07-04,1037,1742,6060,7,589,4123
5694,2024-12-27,1083,1444,9012,2,45664,91328
5695,2024-05-07,1018,1719,6318,4,21210,84840
5696,2024-12-28,1008,1886,5680,3,5510,16530
5697,2024-01-11,1085,1210,9656,1,14018,14018
5698,2024-12-01,1031,1663,9048,8,20785,166280
5699,2024-08-29,1029,1248,5656,4,3136,12544
5700,2024-06-29,1005,1106,9505,3,6893,20679
5701,2024-09-21,1060,1670,8172,9,34870,313830
5702,2024-07-13,1080,1516,7853,5,47674,238370
5703,2024-09-02,1036,1464,6445,5,22820,114100
5704,2024-04-09,1078,1704,8880,3,1705,5115
5705,2024-02-21,1070,1676,9732,4,48059,192236
5706,2024-03-15,1077,1605,6129,3,6446,19338
5707,2024-05-12,1019,1287,5752,2,6041,12082
5708,2024-09-12,1029,1991,6858,4,22166,88664
5709,2024-07-27,1017,1705,6608,7,24856,173992
5710,2024-05-22,1062,1801,8392,4,6074,24296
5711,2024-03-08,1060,1747,7999,2,11873,23746
5712,2024-02-23,1056,1028,6426,4,18487,73948
5713,2024-09-23,1021,1117,5013,9,40642,365778
5714,2024-08-29,1088,1132,9583,1,12777,12777
5715,2024-02-16,1087,1157,9209,7,43351,303457
5716,2024-04-24,1094,1618,6787,9,24746,222714
5717,2024-07-14,1048,1172,8301,3,24196,72588
5718,2024-10-20,1017,1657,8749,9,37697,339273
5719,2024-05-09,1097,1333,7602,9,7601,68409
5720,2024-02-14,1060,1420,9984,5,41696,208480
5721,2024-06-03,1081,1778,5765,9,15136,136224
5722,2024-11-12,1077,1259,5393,3,28140,84420
5723,2024-03-22,1067,1981,8416,7,34989,244923
5724,2024-09-23,1006,1880,9732,6,9382,56292
5725,2024-06-05,1006,1557,8605,2,35485,70970
5726,2024-01-25,1064,1891,9199,9,40663,365967
5727,2024-11-29,1039,1898,7553,4,40233,160932
5728,2024-06-30,1023,1820,6580,8,13281,106248
5729,2024-06-22,1031,1663,9581,3,20785,62355
5730,2024-10-23,1009,1865,6737,5,10059,50295
5731,2024-02-10,1008,1135,9369,1,18375,18375
5732,2024-12-22,1038,1215,7558,9,4791,43119
5733,2024-10-14,1002,1463,6006,4,19693,78772
5734,2024-02-18,1098,1645,5010,3,7620,22860
5735,2024-09-18,1068,1852,9890,2,32886,65772
5736,2024-08-31,1006,1223,9539,1,12111,12111
5737,2024-02-26,1011,1742,7467,8,589,4712
5738,2024-01-06,1022,1853,9024,9,6923,62307
5739,2024-02-16,1088,1494,6542,7,9181,64267
5740,2024-03-03,1062,1712,9191,9,6005,54045
5741,2024-03-07,1016,1017,6623,2,38905,77810
5742,2024-07-01,1077,1203,8373,5,48654,243270
5743,2024-06-10,1098,1133,8183,9,6079,54711
5744,2024-10-23,1063,1346,9631,7,47428,331996
5745,2024-04-14,1064,1107,5053,8,3873,30984
5746,2024-09-19,1085,1422,7740,1,48782,48782
5747,2024-02-26,1027,1878,6591,9,12486,112374
5748,2024-01-16,1057,1512,6257,6,28420,170520
5749,2024-02-28,1086,1014,8831,6,45125,270750
5750,2024-06-14,1017,1653,5197,8,11287,90296
5751,2024-09-06,1043,1504,9355,3,8482,25446
5752,2024-02-03,1063,1588,9274,1,626,626
5753,2024-02-15,1036,1503,7278,6,8683,52098
5754,2024-10-25,1002,1852,6818,8,32886,263088
5755,2024-02-16,1013,1173,7798,4,32585,130340
5756,2024-09-08,1006,1110,9664,6,40173,241038
5757,2024-06-14,1016,1116,9548,4,7788,31152
5758,2024-11-12,1069,1040,9154,3,45320,135960
5759,2024-05-11,1082,1881,8368,6,23705,142230
5760,2024-03-10,1078,1005,6184,1,37773,37773
5761,2024-02-29,1038,1275,5684,5,23643,118215
5762,2024-07-23,1004,1067,5866,6,7325,43950
5763,2024-08-25,1078,1807,9164,6,25870,155220
5764,2024-12-09,1051,1914,8478,3,30190,90570
5765,2024-12-13,1025,1490,6197,5,9043,45215
5766,2024-11-28,1038,1615,8966,3,6923,20769
5767,2024-04-15,1044,1126,6311,5,29520,147600
5768,2024-07-02,1076,1585,6587,3,23888,71664
5769,2024-12-03,1030,1124,5884,2,4547,9094
5770,2024-01-07,1076,1836,8104,8,27761,222088
5771,2024-01-31,1022,1257,9548,4,42754,171016
5772,2024-08-03,1039,1350,8000,8,30692,245536
5773,2024-12-06,1031,1811,8234,8,25774,206192
5774,2024-10-30,1003,1308,6769,6,49110,294660
5775,2024-10-24,1080,1723,9328,6,1340,8040
5776,2024-12-11,1083,1248,5110,4,3136,12544
5777,2024-10-12,1045,1517,7533,6,10125,60750
5778,2024-05-05,1074,1042,5725,6,19474,116844
5779,2024-02-20,1041,1764,5502,5,21632,108160
5780,2024-07-08,1096,1402,8047,6,17755,106530
5781,2024-02-20,1038,1145,8843,5,10942,54710
5782,2024-12-30,1069,1285,7369,8,48772,390176
5783,2024-08-19,1055,1198,6373,4,44598,178392
5784,2024-06-26,1046,1400,7020,8,44818,358544
5785,2024-06-06,1037,1628,5658,8,30016,240128
5786,2024-05-26,1017,1180,8204,3,20722,62166
5787,2024-11-01,1001,1963,6497,5,23878,119390
5788,2024-09-07,1053,1191,6926,7,39493,276451
5789,2024-12-04,1080,1130,7893,8,25912,207296
5790,2024-12-07,1087,1766,8230,7,27620,193340
5791,2024-05-11,1029,1408,5416,7,3944,27608
5792,2024-08-24,1087,1413,8623,1,1323,1323
5793,2024-01-12,1003,1163,8056,5,2749,13745
5794,2024-05-22,1006,1333,8198,4,7601,30404
5795,2024-04-27,1078,1936,5389,6,37368,224208
5796,2024-03-01,1056,1150,7855,9,12925,116325
5797,2024-06-29,1029,1760,8242,4,32575,130300
5798,2024-11-08,1092,1689,5877,7,15943,111601
5799,2024-09-21,1043,1113,8017,2,35234,70468
5800,2024-01-29,1076,1527,8568,3,6586,19758
5801,2024-09-19,1028,1603,5523,8,11930,95440
5802,2024-07-18,1089,1971,7819,3,40560,121680
5803,2024-04-14,1035,1967,6138,9,16262,146358
5804,2024-03-19,1098,1669,7874,4,24381,97524
5805,2024-05-23,1047,1827,5048,3,34247,102741
5806,2024-07-17,1018,1360,6796,2,46670,93340
5807,2024-04-15,1062,1188,5380,2,1419,2838
5808,2024-12-04,1001,1753,9503,1,43548,43548
5809,2024-03-29,1013,1229,6901,4,42251,169004
5810,2024-11-27,1079,1749,8942,7,33974,237818
5811,2024-09-22,1099,1773,6954,4,29210,116840
5812,2024-09-07,1094,1294,6223,2,10146,20292
5813,2024-05-31,1034,1516,8638,6,47674,286044
5814,2024-11-01,1085,1770,7240,8,23712,189696
5815,2024-07-14,1020,1073,9614,2,21448,42896
5816,2024-05-05,1091,1029,5014,2,8975,17950
5817,2024-02-12,1016,1335,5589,6,3890,23340
5818,2024-06-21,1081,1266,9252,3,36360,109080
5819,2024-02-23,1031,1642,6649,3,4788,14364
5820,2024-09-09,1022,1014,7745,8,45125,361000
5821,2024-10-25,1005,1427,6350,3,40537,121611
5822,2024-07-14,1028,1565,8027,6,28460,170760
5823,2024-10-19,1062,1640,5310,1,29286,29286
5824,2024-08-04,1069,1012,8497,3,9686,29058
5825,2024-06-17,1096,1574,7499,5,42288,211440
5826,2024-08-09,1095,1879,6548,4,39677,158708
5827,2024-05-07,1080,1311,9260,8,10683,85464
5828,2024-12-14,1003,1294,6159,5,10146,50730
5829,2024-01-16,1057,1934,6626,1,14066,14066
5830,2024-02-06,1030,1869,7184,1,45211,45211
5831,2024-10-22,1021,1066,8021,3,2378,7134
5832,2024-11-15,1026,1925,7684,5,43646,218230
5833,2024-08-12,1084,1619,8515,3,17904,53712
5834,2024-04-23,1083,1424,6738,5,35271,176355
5835,2024-01-22,1097,1089,5216,1,47903,47903
5836,2024-10-25,1086,1394,8158,1,29500,29500
5837,2024-03-02,1015,1453,5905,7,11202,78414
5838,2024-06-30,1005,1587,9038,5,18360,91800
5839,2024-10-11,1079,1975,5844,2,47572,95144
5840,2024-01-16,1006,1629,7965,9,30242,272178
5841,2024-10-03,1013,1597,5999,9,49267,443403
5842,2024-05-16,1002,1789,7544,9,34717,312453
5843,2024-10-09,1096,1677,5695,4,26853,107412
5844,2024-05-06,1048,1523,6197,4,30324,121296
5845,2024-03-26,1035,1419,6425,9,44500,400500
5846,2024-07-25,1028,1817,9680,1,37686,37686
5847,2024-12-28,1003,1272,6877,8,15823,126584
5848,2024-05-30,1039,1231,5316,1,28799,28799
5849,2024-02-20,1040,1671,7543,7,8793,61551
5850,2024-08-18,1021,1172,6459,6,24196,145176
5851,2024-03-20,1078,1932,7379,8,42299,338392
5852,2024-05-10,1003,1706,7279,5,46666,233330
5853,2024-05-15,1081,1792,8600,8,8128,65024
5854,2024-12-11,1022,1082,6330,6,15855,95130
5855,2024-06-18,1003,1868,5439,9,42952,386568
5856,2024-06-11,1067,1625,8916,3,17722,53166
5857,2024-07-17,1017,1101,7672,4,34146,136584
5858,2024-08-14,1000,1104,7083,7,16595,116165
5859,2024-02-17,1031,1816,6341,2,7498,14996
5860,2024-11-05,1020,1042,8089,6,19474,116844
5861,2024-09-09,1037,1238,6757,8,28262,226096
5862,2024-04-12,1025,1274,6915,3,16051,48153
5863,2024-02-05,1040,1847,7614,1,21621,21621
5864,2024-01-06,1048,1793,8433,5,49083,245415
5865,2024-07-17,1084,1096,9474,4,32486,129944
5866,2024-01-12,1092,1014,8497,3,45125,135375
5867,2024-04-12,1040,1308,6508,6,49110,294660
5868,2024-07-05,1095,1228,9928,5,15383,76915
5869,2024-11-16,1058,1531,8853,3,5012,15036
5870,2024-06-26,1003,1644,9361,2,37636,75272
5871,2024-06-19,1012,1831,7939,3,34894,104682
5872,2024-06-25,1060,1431,8844,4,31367,125468
5873,2024-03-29,1050,1935,5917,9,11166,100494
5874,2024-07-22,1034,1791,8551,6,39400,236400
5875,2024-12-12,1090,1837,5164,6,8322,49932
5876,2024-12-08,1064,1907,7208,1,10960,10960
5877,2024-07-29,1048,1639,8680,4,49254,197016
5878,2024-07-31,1048,1771,9281,3,3583,10749
5879,2024-01-21,1013,1623,6186,4,30533,122132
5880,2024-03-28,1036,1682,6528,2,15868,31736
5881,2024-01-13,1029,1972,8126,9,2059,18531
5882,2024-04-29,1013,1691,7537,6,40917,245502
5883,2024-06-26,1074,1404,5136,1,35565,35565
5884,2024-05-08,1094,1708,8018,4,49961,199844
5885,2024-02-20,1091,1396,5684,5,33873,169365
5886,2024-02-11,1026,1257,7458,2,42754,85508
5887,2024-11-13,1061,1363,7975,7,19633,137431
5888,2024-04-04,1002,1133,6448,4,6079,24316
5889,2024-08-29,1069,1092,8732,5,47800,239000
5890,2024-12-21,1038,1662,8403,8,48902,391216
5891,2024-03-01,1018,1482,6030,7,22637,158459
5892,2024-12-14,1097,1329,9885,3,42065,126195
5893,2024-08-15,1091,1467,8679,5,29345,146725
5894,2024-10-03,1075,1344,7626,8,49389,395112
5895,2024-01-18,1038,1675,8257,4,35364,141456
5896,2024-08-31,1009,1521,9556,7,28007,196049
5897,2024-11-06,1046,1410,6365,9,7197,64773
5898,2024-11-19,1088,1390,8007,2,34271,68542
5899,2024-02-16,1022,1561,7217,5,46597,232985
5900,2024-11-05,1058,1788,6051,1,27799,27799
5901,2024-01-18,1089,1085,9083,6,12202,73212
5902,2024-07-19,1082,1045,5569,7,23669,165683
5903,2024-09-09,1019,1977,5772,6,34532,207192
5904,2024-07-10,1044,1512,6206,6,28420,170520
5905,2024-02-18,1043,1344,5479,6,49389,296334
5906,2024-04-03,1017,1438,5827,8,35923,287384
5907,2024-08-24,1047,1247,9140,9,27343,246087
5908,2024-08-09,1074,1052,5979,4,39764,159056
5909,2024-06-15,1088,1404,6896,3,35565,106695
5910,2024-09-10,1000,1112,9601,7,30683,214781
5911,2024-02-26,1031,1989,9744,8,30895,247160
5912,2024-01-06,1096,1415,7182,3,40091,120273
5913,2024-08-25,1063,1994,8801,6,20080,120480
5914,2024-08-08,1006,1238,6643,7,28262,197834
5915,2024-08-11,1094,1013,8597,7,23574,165018
5916,2024-03-18,1089,1806,9450,2,44863,89726
5917,2024-01-20,1070,1637,7338,8,13576,108608
5918,2024-11-01,1099,1297,7238,6,7611,45666
5919,2024-09-21,1045,1792,7578,6,8128,48768
5920,2024-07-22,1023,1412,7362,3,10207,30621
5921,2024-05-21,1068,1764,8391,6,21632,129792
5922,2024-10-30,1085,1999,7752,9,13099,117891
5923,2024-03-20,1035,1287,7064,6,6041,36246
5924,2024-07-28,1066,1010,5913,4,28915,115660
5925,2024-09-12,1049,1155,9503,9,17655,158895
5926,2024-11-07,1058,1452,5230,6,855,5130
5927,2024-02-09,1057,1767,8203,6,38045,228270
5928,2024-12-18,1045,1738,5086,8,49097,392776
5929,2024-07-20,1069,1280,9604,2,33453,66906
5930,2024-03-26,1088,1051,5788,2,48395,96790
5931,2024-02-12,1022,1680,9094,5,33510,167550
5932,2024-08-23,1011,1178,5666,9,21358,192222
5933,2024-03-10,1027,1646,5122,1,48691,48691
5934,2024-12-21,1057,1928,9543,1,31188,31188
5935,2024-05-10,1060,1553,8619,2,37224,74448
5936,2024-05-11,1095,1986,5061,4,40631,162524
5937,2024-09-04,1054,1875,7478,7,18669,130683
5938,2024-06-03,1088,1622,8393,3,4400,13200
5939,2024-08-17,1033,1212,9392,3,18238,54714
5940,2024-03-29,1093,1056,5217,6,18244,109464
5941,2024-08-16,1017,1986,8500,3,40631,121893
5942,2024-01-27,1034,1984,5078,7,15805,110635
5943,2024-12-26,1047,1981,7812,7,34989,244923
5944,2024-12-21,1036,1010,5535,4,28915,115660
5945,2024-08-25,1040,1837,5402,5,8322,41610
5946,2024-06-23,1005,1322,6734,5,2225,11125
5947,2024-11-11,1082,1029,6519,1,8975,8975
5948,2024-10-18,1085,1475,5093,3,14320,42960
5949,2024-03-01,1095,1360,5191,5,46670,233350
5950,2024-06-18,1090,1720,8754,5,21576,107880
5951,2024-09-19,1079,1022,8510,6,13322,79932
5952,2024-11-01,1089,1818,9045,1,15797,15797
5953,2024-04-25,1038,1737,7490,6,37069,222414
5954,2024-06-23,1003,1340,8119,5,27410,137050
5955,2024-08-08,1015,1516,9397,9,47674,429066
5956,2024-05-07,1051,1817,8636,4,37686,150744
5957,2024-01-05,1018,1255,9883,6,37214,223284
5958,2024-11-21,1091,1171,6241,7,22950,160650
5959,2024-07-04,1016,1887,5485,2,23165,46330
5960,2024-06-20,1044,1526,6999,6,28553,171318
5961,2024-07-17,1001,1621,6442,5,13880,69400
5962,2024-08-18,1001,1513,7695,8,27223,217784
5963,2024-10-14,1087,1919,6985,6,46155,276930
5964,2024-11-30,1054,1693,9635,4,46937,187748
5965,2024-04-24,1090,1777,9111,1,20426,20426
5966,2024-11-28,1003,1211,7506,3,17560,52680
5967,2024-11-25,1099,1802,7032,3,28913,86739
5968,2024-11-08,1083,1381,9415,9,40684,366156
5969,2024-01-11,1011,1040,7468,6,45320,271920
5970,2024-04-13,1053,1302,6147,7,48761,341327
5971,2024-06-23,1091,1125,7592,7,9279,64953
5972,2024-04-29,1059,1757,6825,2,18243,36486
5973,2024-08-24,1028,1340,9748,2,27410,54820
5974,2024-08-23,1060,1925,9074,5,43646,218230
5975,2024-10-31,1045,1764,7831,2,21632,43264
5976,2024-02-07,1096,1476,8875,4,47171,188684
5977,2024-09-28,1048,1633,6748,1,48943,48943
5978,2024-12-09,1017,1866,9646,9,18556,167004
5979,2024-09-07,1075,1933,8190,8,25457,203656
5980,2024-11-29,1073,1537,5436,2,17647,35294
5981,2024-01-27,1023,1531,9881,9,5012,45108
5982,2024-11-25,1016,1291,6576,7,12383,86681
5983,2024-05-02,1095,1831,6512,9,34894,314046
5984,2024-06-04,1055,1554,9202,4,38592,154368
5985,2024-08-04,1088,1679,6763,4,27192,108768
5986,2024-07-12,1051,1529,8107,2,47282,94564
5987,2024-10-27,1070,1917,5502,5,2064,10320
5988,2024-06-09,1019,1204,5944,2,28131,56262
5989,2024-05-07,1028,1078,7244,7,35876,251132
5990,2024-11-11,1082,1527,5323,4,6586,26344
5991,2024-06-26,1074,1472,6952,9,2624,23616
5992,2024-05-05,1096,1770,9664,7,23712,165984
5993,2024-06-22,1049,1836,7370,2,27761,55522
5994,2024-02-04,1014,1922,7503,8,37919,303352
5995,2024-08-26,1030,1102,7582,9,32715,294435
5996,2024-02-10,1012,1096,5282,6,32486,194916
5997,2024-07-04,1055,1935,5417,4,11166,44664
5998,2024-07-01,1018,1613,9856,6,4901,29406
5999,2024-09-17,1069,1515,9288,3,43934,131802
6000,2024-02-03,1027,1682,9616,4,15868,63472
6001,2024-07-05,1021,1613,7411,7,4901,34307
6002,2024-11-02,1027,1819,5536,5,42642,213210
6003,2024-05-16,1079,1247,7125,7,27343,191401
6004,2024-07-20,1032,1819,6014,8,42642,341136
6005,2024-05-22,1044,1628,9561,8,30016,240128
6006,2024-04-18,1047,1321,9336,4,8702,34808
6007,2024-06-05,1062,1445,5282,4,36864,147456
6008,2024-09-11,1025,1594,9811,3,5722,17166
6009,2024-06-29,1086,1062,6719,2,36031,72062
6010,2024-12-06,1000,1178,7094,1,21358,21358
6011,2024-08-06,1061,1191,9784,4,39493,157972
6012,2024-01-28,1092,1721,6677,5,49649,248245
6013,2024-05-30,1071,1635,6619,5,5747,28735
6014,2024-12-24,1002,1951,9885,4,40345,161380
6015,2024-04-09,1076,1010,5698,4,28915,115660
6016,2024-01-03,1083,1162,6839,2,28996,57992
6017,2024-02-02,1004,1906,7405,8,31220,249760
6018,2024-07-17,1044,1416,6476,2,31717,63434
6019,2024-03-09,1011,1577,8072,5,12590,62950
6020,2024-03-30,1047,1384,9294,9,37254,335286
6021,2024-01-17,1080,1032,7052,5,4566,22830
6022,2024-12-02,1013,1076,5595,1,49664,49664
6023,2024-11-18,1052,1666,6905,9,1437,12933
6024,2024-11-18,1089,1448,5168,9,41404,372636
6025,2024-02-03,1093,1873,5943,1,7298,7298
6026,2024-09-20,1044,1220,7506,3,8580,25740
6027,2024-10-27,1031,1172,8404,9,24196,217764
6028,2024-02-29,1029,1871,9016,2,20054,40108
6029,2024-07-02,1011,1085,6409,2,12202,24404
6030,2024-11-21,1099,1870,6342,7,27483,192381
6031,2024-12-22,1082,1595,5722,7,37237,260659
6032,2024-12-30,1043,1299,6952,4,34241,136964
6033,2024-07-17,1024,1807,8812,5,25870,129350
6034,2024-08-28,1096,1556,9470,9,10626,95634
6035,2024-08-19,1041,1641,6304,6,44537,267222
6036,2024-07-29,1020,1680,7927,2,33510,67020
6037,2024-02-21,1060,1435,9711,7,39178,274246
6038,2024-04-28,1065,1016,9604,5,45421,227105
6039,2024-11-25,1020,1049,7596,9,41768,375912
6040,2024-08-02,1025,1503,5236,2,8683,17366
6041,2024-11-17,1031,1879,5680,7,39677,277739
6042,2024-05-28,1090,1680,5366,5,33510,167550
6043,2024-06-24,1016,1900,7796,1,8676,8676
6044,2024-09-25,1003,1947,7646,1,875,875
6045,2024-11-15,1038,1431,6026,1,31367,31367
6046,2024-01-05,1014,1857,7833,5,1230,6150
6047,2024-04-25,1032,1780,7360,1,23992,23992
6048,2024-07-21,1060,1950,7995,9,47955,431595
6049,2024-02-06,1013,1161,8631,9,29202,262818
6050,2024-02-23,1089,1822,7067,8,1720,13760
6051,2024-10-14,1046,1349,5983,5,35167,175835
6052,2024-10-10,1001,1939,7256,9,9982,89838
6053,2024-03-26,1083,1936,9204,2,37368,74736
6054,2024-02-14,1089,1001,7955,3,38817,116451
6055,2024-10-10,1065,1715,9222,3,3186,9558
6056,2024-11-16,1047,1183,6989,4,47561,190244
6057,2024-03-10,1063,1853,7117,2,6923,13846
6058,2024-02-11,1065,1869,7093,4,45211,180844
6059,2024-09-28,1047,1780,9920,1,23992,23992
6060,2024-05-20,1080,1431,7242,7,31367,219569
6061,2024-02-28,1017,1371,9219,5,36716,183580
6062,2024-08-27,1050,1856,8750,4,27650,110600
6063,2024-02-16,1003,1935,5579,2,11166,22332
6064,2024-06-15,1080,1614,6964,8,3468,27744
6065,2024-04-19,1032,1443,7165,3,25401,76203
6066,2024-05-05,1022,1494,5319,5,9181,45905
6067,2024-10-25,1052,1036,6845,3,19956,59868
6068,2024-04-18,1012,1532,9829,7,5634,39438
6069,2024-06-13,1070,1273,6201,4,24724,98896
6070,2024-09-15,1057,1500,7182,9,28433,255897
6071,2024-03-16,1062,1978,8542,1,42583,42583
6072,2024-01-07,1064,1844,6471,5,47045,235225
6073,2024-07-04,1041,1182,7569,5,979,4895
6074,2024-10-02,1094,1600,6101,7,5061,35427
6075,2024-03-19,1099,1207,7756,1,29643,29643
6076,2024-03-05,1088,1108,8261,8,28093,224744
6077,2024-04-24,1039,1761,7962,7,7024,49168
6078,2024-07-20,1093,1574,5032,8,42288,338304
6079,2024-05-21,1020,1732,6140,1,11948,11948
6080,2024-04-07,1082,1699,8974,3,48296,144888
6081,2024-10-31,1079,1685,6565,6,18169,109014
6082,2024-08-04,1032,1015,9643,7,7710,53970
6083,2024-03-14,1069,1213,7917,3,49284,147852
6084,2024-10-19,1041,1683,9469,9,19210,172890
6085,2024-05-13,1036,1651,9810,5,7713,38565
6086,2024-09-18,1071,1746,7666,7,12256,85792
6087,2024-10-10,1000,1319,9707,7,23036,161252
6088,2024-04-11,1076,1473,5592,5,38111,190555
6089,2024-07-24,1025,1667,7210,4,49111,196444
6090,2024-05-20,1079,1950,7110,9,47955,431595
6091,2024-01-13,1038,1795,5175,4,17544,70176
6092,2024-09-05,1046,1086,8820,7,36079,252553
6093,2024-05-02,1055,1614,9417,2,3468,6936
6094,2024-01-10,1057,1605,8930,8,6446,51568
6095,2024-03-20,1027,1867,7746,4,2470,9880
6096,2024-06-15,1056,1933,6984,5,25457,127285
6097,2024-04-08,1086,1950,5833,5,47955,239775
6098,2024-07-25,1070,1397,6140,1,20058,20058
6099,2024-05-30,1087,1761,6904,4,7024,28096
6100,2024-02-06,1071,1670,5334,7,34870,244090
6101,2024-09-20,1044,1062,9469,4,36031,144124
6102,2024-12-07,1064,1941,9523,2,41670,83340
6103,2024-01-05,1003,1075,9215,5,49962,249810
6104,2024-08-13,1060,1878,8647,7,12486,87402
6105,2024-01-27,1060,1458,5986,4,20521,82084
6106,2024-05-03,1042,1387,7343,6,24362,146172
6107,2024-10-25,1018,1472,9666,4,2624,10496
6108,2024-02-04,1085,1874,8186,3,36086,108258
6109,2024-08-24,1099,1344,6365,1,49389,49389
6110,2024-11-06,1000,1363,9343,8,19633,157064
6111,2024-11-12,1018,1275,8348,6,23643,141858
6112,2024-10-29,1050,1455,9186,3,22058,66174
6113,2024-04-11,1063,1023,5046,1,44687,44687
6114,2024-03-17,1062,1849,9419,4,24995,99980
6115,2024-11-07,1028,1293,5883,4,41030,164120
6116,2024-03-22,1018,1328,5588,8,11465,91720
6117,2024-05-25,1042,1407,6127,6,16665,99990
6118,2024-07-11,1069,1324,6657,3,44675,134025
6119,2024-08-11,1088,1431,5484,5,31367,156835
6120,2024-02-22,1038,1044,9295,6,13635,81810
6121,2024-12-10,1022,1332,6318,5,37014,185070
6122,2024-03-25,1000,1404,8410,2,35565,71130
6123,2024-05-08,1060,1840,7313,6,38361,230166
6124,2024-07-29,1078,1705,7514,8,24856,198848
6125,2024-12-17,1024,1436,7805,8,10794,86352
6126,2024-09-20,1003,1879,8149,6,39677,238062
6127,2024-07-01,1000,1448,5750,3,41404,124212
6128,2024-09-28,1039,1263,7923,8,21381,171048
6129,2024-08-14,1020,1471,9923,1,12532,12532
6130,2024-11-17,1042,1033,5869,7,37115,259805
6131,2024-01-12,1009,1137,9196,8,25216,201728
6132,2024-04-02,1065,1876,8688,5,12843,64215
6133,2024-11-25,1016,1384,5950,4,37254,149016
6134,2024-07-08,1012,1162,5633,5,28996,144980
6135,2024-03-26,1090,1360,6513,1,46670,46670
6136,2024-12-19,1091,1502,9817,6,23939,143634
6137,2024-10-03,1009,1566,5254,5,26408,132040
6138,2024-10-19,1051,1537,6380,5,17647,88235
6139,2024-09-17,1009,1579,6211,5,14373,71865
6140,2024-07-16,1046,1350,8370,9,30692,276228
6141,2024-11-18,1008,1644,9533,9,37636,338724
6142,2024-01-10,1097,1598,7512,8,16790,134320
6143,2024-03-28,1045,1481,9820,9,4017,36153
6144,2024-12-05,1067,1078,8574,5,35876,179380
6145,2024-11-13,1053,1450,8658,2,40929,81858
6146,2024-02-06,1067,1786,9687,2,21287,42574
6147,2024-08-10,1003,1298,6558,8,24719,197752
6148,2024-06-23,1074,1550,5819,3,21581,64743
6149,2024-07-27,1000,1230,5258,1,32906,32906
6150,2024-02-18,1084,1410,8653,2,7197,14394
6151,2024-01-24,1058,1405,5147,6,18631,111786
6152,2024-12-03,1024,1816,8278,7,7498,52486
6153,2024-04-15,1008,1313,8693,6,45684,274104
6154,2024-11-06,1024,1826,7077,1,23187,23187
6155,2024-09-19,1081,1206,7463,1,23626,23626
6156,2024-07-24,1070,1551,7629,6,38769,232614
6157,2024-06-17,1025,1617,5911,7,32507,227549
6158,2024-06-06,1055,1782,8100,1,4722,4722
6159,2024-08-28,1048,1287,5277,8,6041,48328
6160,2024-05-02,1081,1057,5923,5,43305,216525
6161,2024-01-20,1064,1350,9999,3,30692,92076
6162,2024-02-25,1060,1499,6977,6,33517,201102
6163,2024-10-06,1008,1055,6281,5,48490,242450
6164,2024-04-17,1009,1102,8607,6,32715,196290
6165,2024-05-19,1010,1976,5779,1,47842,47842
6166,2024-03-31,1095,1374,7308,6,2364,14184
6167,2024-09-27,1084,1051,7573,1,48395,48395
6168,2024-11-24,1035,1972,9299,5,2059,10295
6169,2024-07-28,1055,1997,8866,5,42764,213820
6170,2024-06-24,1031,1228,7625,6,15383,92298
6171,2024-03-01,1082,1719,8248,8,21210,169680
6172,2024-10-10,1071,1283,7604,7,34605,242235
6173,2024-12-31,1034,1993,8427,7,40964,286748
6174,2024-01-03,1085,1095,7664,8,27357,218856
6175,2024-09-28,1003,1759,7665,7,37811,264677
6176,2024-06-12,1092,1407,8893,5,16665,83325
6177,2024-01-09,1061,1381,8740,9,40684,366156
6178,2024-12-31,1062,1676,7028,4,48059,192236
6179,2024-01-12,1094,1701,7288,4,9978,39912
6180,2024-03-14,1007,1004,5506,9,26876,241884
6181,2024-08-25,1075,1683,7051,7,19210,134470
6182,2024-10-26,1068,1982,5960,1,40953,40953
6183,2024-04-17,1060,1305,7946,3,23268,69804
6184,2024-01-13,1093,1980,5061,6,32515,195090
6185,2024-08-21,1062,1640,5349,6,29286,175716
6186,2024-09-01,1060,1447,5004,1,47197,47197
6187,2024-11-16,1098,1460,7091,9,21400,192600
6188,2024-04-01,1036,1243,9270,7,43676,305732
6189,2024-12-25,1003,1747,5013,6,11873,71238
6190,2024-07-16,1055,1455,8967,4,22058,88232
6191,2024-04-25,1042,1256,8878,1,45527,45527
6192,2024-05-10,1020,1142,9673,9,4911,44199
6193,2024-12-30,1057,1201,7845,5,18646,93230
6194,2024-06-01,1015,1000,7239,9,16915,152235
6195,2024-04-30,1052,1973,8712,7,37755,264285
6196,2024-04-17,1017,1492,9422,4,38143,152572
6197,2024-01-16,1056,1819,8009,2,42642,85284
6198,2024-10-25,1094,1745,5606,8,33660,269280
6199,2024-02-25,1037,1511,7418,9,13714,123426
6200,2024-04-12,1031,1356,9764,1,10596,10596
6201,2024-07-26,1096,1552,7957,7,43077,301539
6202,2024-05-30,1018,1830,6851,4,22619,90476
6203,2024-09-18,1083,1941,5938,8,41670,333360
6204,2024-02-12,1047,1276,7506,1,14759,14759
6205,2024-10-26,1073,1960,8949,2,34439,68878
6206,2024-04-27,1025,1750,9584,7,20139,140973
6207,2024-12-01,1081,1218,6056,6,36896,221376
6208,2024-10-05,1044,1370,8164,1,43867,43867
6209,2024-05-23,1044,1051,7885,6,48395,290370
6210,2024-08-15,1014,1926,6801,7,30655,214585
6211,2024-07-22,1099,1198,7003,7,44598,312186
6212,2024-08-16,1017,1465,7102,8,12535,100280
6213,2024-09-21,1030,1803,7432,6,2103,12618
6214,2024-05-16,1014,1791,8434,2,39400,78800
6215,2024-08-27,1092,1500,6848,7,28433,199031
6216,2024-07-04,1014,1933,8750,1,25457,25457
6217,2024-11-10,1064,1610,8727,1,35962,35962
6218,2024-05-30,1086,1067,5564,6,7325,43950
6219,2024-11-20,1045,1248,9186,6,3136,18816
6220,2024-10-17,1074,1769,8560,1,44109,44109
6221,2024-12-18,1015,1866,5772,8,18556,148448
6222,2024-04-19,1054,1337,5357,9,41015,369135
6223,2024-02-09,1029,1449,8528,8,21065,168520
6224,2024-05-21,1092,1090,6977,1,47490,47490
6225,2024-12-05,1040,1824,5908,8,27731,221848
6226,2024-01-13,1066,1830,6026,5,22619,113095
6227,2024-02-22,1016,1615,6050,6,6923,41538
6228,2024-03-20,1025,1838,9145,3,29512,88536
6229,2024-08-20,1072,1765,6892,7,5423,37961
6230,2024-12-16,1080,1296,5309,9,31240,281160
6231,2024-02-08,1063,1350,5892,3,30692,92076
6232,2024-08-14,1094,1759,5567,3,37811,113433
6233,2024-12-05,1057,1616,5627,8,36027,288216
6234,2024-04-30,1094,1225,6657,1,26242,26242
6235,2024-03-05,1074,1262,9055,1,25428,25428
6236,2024-10-22,1085,1568,6585,2,11284,22568
6237,2024-07-23,1002,1684,9201,1,49669,49669
6238,2024-05-14,1027,1125,7903,6,9279,55674
6239,2024-02-14,1095,1092,6363,9,47800,430200
6240,2024-10-04,1003,1120,7330,8,32482,259856
6241,2024-05-14,1039,1903,8483,3,25151,75453
6242,2024-02-21,1074,1224,9067,1,47220,47220
6243,2024-08-16,1056,1514,8424,6,38722,232332
6244,2024-12-21,1064,1103,7489,7,47449,332143
6245,2024-03-08,1046,1671,8710,2,8793,17586
6246,2024-07-16,1079,1722,8917,9,26176,235584
6247,2024-03-07,1033,1323,6442,4,7464,29856
6248,2024-01-03,1044,1393,9850,7,29740,208180
6249,2024-02-27,1031,1785,8111,2,26118,52236
6250,2024-09-12,1043,1338,6246,2,3402,6804
6251,2024-12-21,1096,1180,9086,6,20722,124332
6252,2024-09-21,1010,1587,8633,2,18360,36720
6253,2024-01-16,1035,1906,5862,3,31220,93660
6254,2024-09-24,1012,1671,8309,9,8793,79137
6255,2024-04-11,1056,1517,9293,7,10125,70875
6256,2024-10-13,1083,1677,6434,5,26853,134265
6257,2024-08-09,1024,1822,7975,8,1720,13760
6258,2024-01-21,1069,1923,5622,4,725,2900
6259,2024-01-21,1036,1793,8869,7,49083,343581
6260,2024-04-01,1089,1199,8797,7,26798,187586
6261,2024-10-10,1003,1585,9056,9,23888,214992
6262,2024-05-12,1025,1213,7564,7,49284,344988
6263,2024-11-22,1081,1225,5387,2,26242,52484
6264,2024-11-24,1012,1108,5476,3,28093,84279
6265,2024-06-23,1071,1114,5136,9,15305,137745
6266,2024-07-31,1050,1255,6654,4,37214,148856
6267,2024-05-27,1046,1597,7533,4,49267,197068
6268,2024-08-19,1032,1405,5935,9,18631,167679
6269,2024-06-13,1079,1517,5052,6,10125,60750
6270,2024-11-09,1041,1478,8271,9,44232,398088
6271,2024-05-24,1030,1291,8821,9,12383,111447
6272,2024-10-24,1039,1638,7911,3,42321,126963
6273,2024-08-10,1086,1778,9511,6,15136,90816
6274,2024-12-18,1015,1337,7527,6,41015,246090
6275,2024-03-02,1055,1887,6733,4,23165,92660
6276,2024-04-05,1073,1545,7022,1,27448,27448
6277,2024-04-21,1035,1258,5152,3,18743,56229
6278,2024-03-27,1094,1752,7413,7,34734,243138
6279,2024-09-11,1095,1616,5077,7,36027,252189
6280,2024-04-22,1084,1626,9719,7,27114,189798
6281,2024-09-10,1079,1433,5497,9,38607,347463
6282,2024-12-13,1055,1357,5599,1,23182,23182
6283,2024-11-17,1092,1247,5702,2,27343,54686
6284,2024-02-01,1047,1803,5035,3,2103,6309
6285,2024-03-04,1079,1720,7916,2,21576,43152
6286,2024-06-02,1057,1605,5752,2,6446,12892
6287,2024-01-05,1014,1438,5489,3,35923,107769
6288,2024-11-25,1071,1541,9674,7,8122,56854
6289,2024-07-28,1014,1573,6318,5,12027,60135
6290,2024-04-01,1020,1754,5932,9,47803,430227
6291,2024-08-09,1063,1180,9624,8,20722,165776
6292,2024-07-08,1084,1106,9661,2,6893,13786
6293,2024-02-29,1006,1561,9248,5,46597,232985
6294,2024-07-23,1051,1222,6428,1,27819,27819
6295,2024-07-30,1018,1159,7066,3,31216,93648
6296,2024-09-14,1085,1119,8970,5,10267,51335
6297,2024-03-29,1045,1879,7022,9,39677,357093
6298,2024-08-23,1037,1338,7102,9,3402,30618
6299,2024-12-28,1012,1776,5806,3,20535,61605
6300,2024-11-27,1089,1880,5324,6,9382,56292
6301,2024-07-14,1043,1271,7171,6,12842,77052
6302,2024-11-27,1021,1421,8069,9,31527,283743
6303,2024-07-01,1070,1402,6531,6,17755,106530
6304,2024-09-07,1034,1861,9890,3,42303,126909
6305,2024-08-11,1002,1803,5666,7,2103,14721
6306,2024-06-19,1098,1778,8324,1,15136,15136
6307,2024-07-16,1015,1499,5780,3,33517,100551
6308,2024-09-05,1044,1590,8959,3,33854,101562
6309,2024-06-29,1015,1983,5278,1,10376,10376
6310,2024-10-03,1065,1232,8648,1,5990,5990
6311,2024-10-01,1080,1190,7673,8,40335,322680
6312,2024-06-09,1037,1596,8317,8,6122,48976
6313,2024-09-04,1023,1635,7638,9,5747,51723
6314,2024-11-14,1085,1426,5999,6,39924,239544
6315,2024-07-06,1049,1585,8814,8,23888,191104
6316,2024-01-19,1086,1498,8929,4,6814,27256
6317,2024-08-31,1082,1216,5494,5,32225,161125
6318,2024-04-22,1056,1351,7786,8,33002,264016
6319,2024-10-04,1055,1288,9976,2,48434,96868
6320,2024-02-20,1085,1048,6780,4,38918,155672
6321,2024-12-09,1080,1178,9475,1,21358,21358
6322,2024-05-02,1065,1689,8214,8,15943,127544
6323,2024-08-25,1077,1535,5066,2,2973,5946
6324,2024-11-14,1091,1276,5453,2,14759,29518
6325,2024-03-02,1076,1409,7755,5,31604,158020
6326,2024-03-14,1080,1592,9791,1,5973,5973
6327,2024-09-01,1072,1146,6354,6,28340,170040
6328,2024-02-01,1061,1706,5061,8,46666,373328
6329,2024-06-01,1013,1460,5938,7,21400,149800
6330,2024-05-23,1065,1577,5368,6,12590,75540
6331,2024-01-15,1059,1936,8610,1,37368,37368
6332,2024-10-30,1020,1063,9828,9,22508,202572
6333,2024-09-30,1034,1364,5767,7,29527,206689
6334,2024-09-01,1029,1479,8304,3,16610,49830
6335,2024-10-05,1080,1416,9096,4,31717,126868
6336,2024-02-24,1038,1543,8885,3,31348,94044
6337,2024-02-11,1024,1617,7877,4,32507,130028
6338,2024-12-24,1043,1500,7871,1,28433,28433
6339,2024-02-21,1058,1664,7239,3,28050,84150
6340,2024-01-11,1098,1443,7663,5,25401,127005
6341,2024-11-06,1005,1386,5100,5,45605,228025
6342,2024-03-28,1002,1873,8297,9,7298,65682
6343,2024-08-14,1035,1818,9475,5,15797,78985
6344,2024-04-23,1000,1006,5833,1,10159,10159
6345,2024-01-25,1033,1624,7476,5,11657,58285
6346,2024-04-01,1064,1188,5955,7,1419,9933
6347,2024-03-27,1025,1792,5017,4,8128,32512
6348,2024-03-21,1017,1854,7733,7,11498,80486
6349,2024-09-06,1035,1253,7080,2,29095,58190
6350,2024-09-06,1005,1603,9339,2,11930,23860
6351,2024-07-28,1074,1715,9828,7,3186,22302
6352,2024-01-09,1043,1519,7588,3,29481,88443
6353,2024-04-08,1039,1753,6565,7,43548,304836
6354,2024-02-05,1029,1510,5585,3,42356,127068
6355,2024-02-26,1077,1738,5773,6,49097,294582
6356,2024-03-03,1073,1792,5574,7,8128,56896
6357,2024-12-03,1030,1221,6152,5,9942,49710
6358,2024-10-02,1057,1446,7568,7,30661,214627
6359,2024-07-31,1054,1415,9913,4,40091,160364
6360,2024-10-29,1035,1227,9406,1,46492,46492
6361,2024-01-20,1078,1927,6400,8,22546,180368
6362,2024-09-03,1029,1564,7831,2,30569,61138
6363,2024-01-06,1047,1280,6961,9,33453,301077
6364,2024-03-13,1077,1537,6537,6,17647,105882
6365,2024-04-16,1086,1007,7653,5,49515,247575
6366,2024-04-02,1016,1196,6784,6,37451,224706
6367,2024-10-11,1026,1897,9753,1,10068,10068
6368,2024-12-21,1062,1146,5828,4,28340,113360
6369,2024-08-06,1076,1962,7565,6,38048,228288
6370,2024-02-18,1013,1715,5626,6,3186,19116
6371,2024-12-29,1025,1486,6013,6,16114,96684
6372,2024-10-21,1042,1735,9876,7,887,6209
6373,2024-10-14,1074,1197,7574,9,29164,262476
6374,2024-06-25,1000,1246,9178,9,41163,370467
6375,2024-10-25,1023,1775,8975,3,23882,71646
6376,2024-04-17,1019,1186,7646,4,9857,39428
6377,2024-10-10,1071,1132,5160,1,12777,12777
6378,2024-10-27,1007,1844,8984,1,47045,47045
6379,2024-03-05,1029,1158,7611,4,34991,139964
6380,2024-11-01,1017,1396,6595,6,33873,203238
6381,2024-02-23,1076,1117,9893,3,40642,121926
6382,2024-11-02,1099,1384,8272,5,37254,186270
6383,2024-10-25,1082,1557,9641,9,35485,319365
6384,2024-11-15,1012,1131,7855,1,43800,43800
6385,2024-01-30,1047,1373,8278,1,46367,46367
6386,2024-09-02,1059,1403,6308,2,38944,77888
6387,2024-07-28,1025,1348,7781,6,16446,98676
6388,2024-08-08,1008,1031,5384,9,20744,186696
6389,2024-06-18,1097,1096,7460,8,32486,259888
6390,2024-12-08,1052,1895,7029,5,11889,59445
6391,2024-08-01,1094,1589,9829,8,48141,385128
6392,2024-11-17,1070,1338,7618,5,3402,17010
6393,2024-03-09,1008,1882,6515,3,11567,34701
6394,2024-08-21,1025,1386,9750,7,45605,319235
6395,2024-01-15,1032,1819,7760,6,42642,255852
6396,2024-12-31,1032,1778,9702,7,15136,105952
6397,2024-05-13,1051,1776,9155,5,20535,102675
6398,2024-07-24,1039,1184,8105,8,22270,178160
6399,2024-01-24,1003,1957,7749,8,43228,345824
6400,2024-03-25,1027,1183,9111,5,47561,237805
6401,2024-05-21,1053,1893,6023,7,28761,201327
6402,2024-05-19,1067,1050,9575,4,34507,138028
6403,2024-11-19,1097,1731,5031,7,18512,129584
6404,2024-05-01,1048,1001,7447,6,38817,232902
6405,2024-10-26,1005,1076,6748,2,49664,99328
6406,2024-12-06,1032,1994,5539,2,20080,40160
6407,2024-06-27,1004,1478,7937,7,44232,309624
6408,2024-07-26,1082,1874,9884,7,36086,252602
6409,2024-06-14,1017,1461,6239,3,27047,81141
6410,2024-02-10,1002,1398,9472,3,42762,128286
6411,2024-05-01,1097,1836,5021,2,27761,55522
6412,2024-02-13,1001,1038,9120,6,15850,95100
6413,2024-03-15,1064,1545,6581,6,27448,164688
6414,2024-12-13,1034,1741,6065,9,4007,36063
6415,2024-09-28,1050,1682,7592,6,15868,95208
6416,2024-06-14,1067,1250,7554,8,34368,274944
6417,2024-09-06,1034,1065,5345,5,27731,138655
6418,2024-03-26,1071,1428,6973,8,35537,284296
6419,2024-05-16,1043,1352,9910,2,42618,85236
6420,2024-11-28,1028,1382,5466,9,43965,395685
6421,2024-02-08,1035,1026,7545,6,36901,221406
6422,2024-03-27,1077,1066,8383,5,2378,11890
6423,2024-06-03,1041,1701,5152,2,9978,19956
6424,2024-06-08,1093,1831,9297,1,34894,34894
6425,2024-03-04,1006,1499,9655,3,33517,100551
6426,2024-08-10,1012,1897,8890,8,10068,80544
6427,2024-12-27,1021,1754,9202,7,47803,334621
6428,2024-12-11,1056,1411,7511,9,25598,230382
6429,2024-05-25,1044,1629,7958,7,30242,211694
6430,2024-07-22,1053,1989,7416,5,30895,154475
6431,2024-03-07,1001,1680,6600,1,33510,33510
6432,2024-01-05,1071,1369,8525,4,12505,50020
6433,2024-02-28,1056,1598,5819,5,16790,83950
6434,2024-03-16,1084,1608,5146,9,9796,88164
6435,2024-09-16,1083,1435,7986,5,39178,195890
6436,2024-09-04,1074,1781,9613,9,40601,365409
6437,2024-01-16,1033,1060,8442,5,20955,104775
6438,2024-03-15,1043,1973,9547,9,37755,339795
6439,2024-12-21,1068,1049,6673,6,41768,250608
6440,2024-06-24,1052,1524,9727,1,28156,28156
6441,2024-11-17,1061,1195,5170,4,16449,65796
6442,2024-05-15,1093,1369,9662,3,12505,37515
6443,2024-10-03,1032,1274,5380,9,16051,144459
6444,2024-10-08,1075,1215,7678,1,4791,4791
6445,2024-06-16,1068,1291,8317,7,12383,86681
6446,2024-01-30,1000,1325,5743,1,30607,30607
6447,2024-11-17,1034,1779,6672,6,7968,47808
6448,2024-12-01,1024,1840,9928,2,38361,76722
6449,2024-09-25,1003,1524,5690,7,28156,197092
6450,2024-01-01,1072,1535,5720,2,2973,5946
6451,2024-06-19,1066,1173,9328,3,32585,97755
6452,2024-05-08,1093,1782,5880,5,4722,23610
6453,2024-06-16,1083,1429,5557,5,4967,24835
6454,2024-03-01,1009,1881,8525,6,23705,142230
6455,2024-04-26,1019,1605,7606,7,6446,45122
6456,2024-11-17,1039,1607,9539,7,48005,336035
6457,2024-05-02,1066,1991,5568,1,22166,22166
6458,2024-09-16,1074,1993,7110,6,40964,245784
6459,2024-08-13,1014,1034,9569,1,47475,47475
6460,2024-10-18,1027,1913,9100,6,32784,196704
6461,2024-12-17,1034,1978,8985,9,42583,383247
6462,2024-07-04,1006,1753,7636,4,43548,174192
6463,2024-03-25,1053,1718,9522,2,27095,54190
6464,2024-08-05,1096,1661,9106,4,6026,24104
6465,2024-05-22,1041,1792,5893,7,8128,56896
6466,2024-03-30,1037,1791,7027,3,39400,118200
6467,2024-12-06,1082,1901,6791,6,8528,51168
6468,2024-09-24,1063,1163,7098,2,2749,5498
6469,2024-03-16,1056,1393,6419,2,29740,59480
6470,2024-03-09,1028,1267,7420,1,38403,38403
6471,2024-10-24,1065,1324,9535,2,44675,89350
6472,2024-06-08,1082,1403,5978,7,38944,272608
6473,2024-01-08,1072,1036,6920,5,19956,99780
6474,2024-08-06,1005,1495,6677,4,7401,29604
6475,2024-11-05,1080,1529,8408,7,47282,330974
6476,2024-03-28,1001,1110,5421,9,40173,361557
6477,2024-05-20,1038,1487,5179,8,11586,92688
6478,2024-01-29,1005,1224,6430,2,47220,94440
6479,2024-01-13,1013,1296,7624,1,31240,31240
6480,2024-11-09,1089,1779,8278,9,7968,71712
6481,2024-03-03,1017,1864,7960,3,47551,142653
6482,2024-12-08,1069,1196,6443,9,37451,337059
6483,2024-06-23,1075,1328,5829,7,11465,80255
6484,2024-08-03,1021,1096,7746,6,32486,194916
6485,2024-08-22,1077,1447,8564,3,47197,141591
6486,2024-03-27,1012,1157,6802,3,43351,130053
6487,2024-03-14,1072,1493,9714,1,14518,14518
6488,2024-10-20,1095,1016,7671,5,45421,227105
6489,2024-03-09,1009,1546,7185,5,14661,73305
6490,2024-03-09,1026,1335,9099,1,3890,3890
6491,2024-08-10,1013,1423,7962,7,34420,240940
6492,2024-10-11,1008,1402,5465,8,17755,142040
6493,2024-05-01,1008,1827,9459,2,34247,68494
6494,2024-09-19,1089,1430,9669,8,29449,235592
6495,2024-08-08,1056,1893,8278,1,28761,28761
6496,2024-11-06,1095,1897,7987,1,10068,10068
6497,2024-06-12,1034,1709,6535,5,38108,190540
6498,2024-09-19,1025,1937,8872,8,18610,148880
6499,2024-04-01,1040,1628,7473,9,30016,270144
6500,2024-09-22,1066,1492,6394,7,38143,267001
6501,2024-12-01,1029,1443,7190,8,25401,203208
6502,2024-03-14,1028,1750,6999,5,20139,100695
6503,2024-11-09,1083,1010,8187,6,28915,173490
6504,2024-03-30,1067,1840,5751,7,38361,268527
6505,2024-12-19,1013,1538,7729,9,19863,178767
6506,2024-10-22,1051,1269,9110,3,48594,145782
6507,2024-05-08,1038,1610,6497,7,35962,251734
6508,2024-02-18,1020,1125,9129,1,9279,9279
6509,2024-03-26,1070,1723,7330,9,1340,12060
6510,2024-05-23,1005,1954,5397,6,6284,37704
6511,2024-05-14,1054,1121,9337,3,36164,108492
6512,2024-04-24,1039,1351,9226,2,33002,66004
6513,2024-10-03,1069,1367,7178,5,39768,198840
6514,2024-03-06,1024,1391,8670,3,25086,75258
6515,2024-07-05,1003,1074,8780,2,25817,51634
6516,2024-12-10,1088,1449,9929,2,21065,42130
6517,2024-07-19,1081,1004,7235,2,26876,53752
6518,2024-05-17,1033,1157,5421,5,43351,216755
6519,2024-02-21,1088,1235,8196,3,18099,54297
6520,2024-07-31,1021,1488,6665,6,7777,46662
6521,2024-06-06,1055,1202,7162,3,24530,73590
6522,2024-10-16,1045,1719,9558,5,21210,106050
6523,2024-12-15,1055,1792,9195,8,8128,65024
6524,2024-07-24,1077,1361,6499,8,20617,164936
6525,2024-12-07,1074,1792,5717,4,8128,32512
6526,2024-11-16,1026,1330,8851,7,16591,116137
6527,2024-11-11,1089,1573,8101,1,12027,12027
6528,2024-05-15,1034,1320,7018,2,1053,2106
6529,2024-03-15,1015,1736,5903,1,18372,18372
6530,2024-03-09,1019,1256,7655,4,45527,182108
6531,2024-10-27,1014,1375,5765,6,2113,12678
6532,2024-02-18,1077,1627,6811,2,31217,62434
6533,2024-07-20,1071,1174,7290,2,7467,14934
6534,2024-03-02,1023,1328,9174,7,11465,80255
6535,2024-06-15,1061,1282,5190,8,45489,363912
6536,2024-07-23,1096,1293,9941,2,41030,82060
6537,2024-05-28,1079,1402,8737,8,17755,142040
6538,2024-04-30,1090,1807,8992,4,25870,103480
6539,2024-11-04,1091,1720,5824,6,21576,129456
6540,2024-04-06,1043,1651,9923,2,7713,15426
6541,2024-02-22,1013,1577,6555,9,12590,113310
6542,2024-01-09,1072,1199,9210,8,26798,214384
6543,2024-11-26,1076,1032,8353,4,4566,18264
6544,2024-09-07,1050,1507,7527,3,30197,90591
6545,2024-12-25,1021,1140,8862,1,18196,18196
6546,2024-12-14,1093,1042,8007,5,19474,97370
6547,2024-05-03,1031,1660,5733,3,8770,26310
6548,2024-05-01,1079,1722,9989,4,26176,104704
6549,2024-07-17,1024,1417,7597,2,19285,38570
6550,2024-11-12,1048,1797,6208,9,12205,109845
6551,2024-04-04,1022,1275,6565,4,23643,94572
6552,2024-01-30,1036,1081,8826,4,4617,18468
6553,2024-04-01,1091,1212,7946,5,18238,91190
6554,2024-03-24,1002,1631,5759,8,42058,336464
6555,2024-01-15,1059,1931,8298,8,13149,105192
6556,2024-05-22,1058,1774,9035,5,29223,146115
6557,2024-11-04,1022,1196,8180,4,37451,149804
6558,2024-07-27,1032,1776,7762,7,20535,143745
6559,2024-01-23,1053,1044,7511,3,13635,40905
6560,2024-11-21,1038,1529,6951,1,47282,47282
6561,2024-12-30,1024,1302,8790,3,48761,146283
6562,2024-05-23,1062,1625,8414,7,17722,124054
6563,2024-03-27,1088,1512,6388,6,28420,170520
6564,2024-07-11,1084,1995,8743,1,43532,43532
6565,2024-06-21,1058,1748,5141,2,42108,84216
6566,2024-09-19,1030,1845,5065,3,10371,31113
6567,2024-10-21,1048,1327,9805,5,23073,115365
6568,2024-12-25,1093,1820,9651,9,13281,119529
6569,2024-02-19,1059,1036,5038,8,19956,159648
6570,2024-02-17,1063,1019,9522,1,35500,35500
6571,2024-02-18,1097,1350,8614,8,30692,245536
6572,2024-06-16,1037,1966,5063,4,47150,188600
6573,2024-06-15,1070,1185,6281,5,21727,108635
6574,2024-03-22,1090,1631,5298,5,42058,210290
6575,2024-03-03,1076,1040,8839,3,45320,135960
6576,2024-08-15,1092,1933,9947,8,25457,203656
6577,2024-08-01,1086,1299,7559,3,34241,102723
6578,2024-05-09,1007,1376,8539,1,9663,9663
6579,2024-06-02,1084,1234,6131,5,42706,213530
6580,2024-08-29,1012,1910,6246,8,44171,353368
6581,2024-04-05,1025,1880,5918,6,9382,56292
6582,2024-08-19,1009,1894,6433,5,20880,104400
6583,2024-08-25,1092,1418,5746,1,31957,31957
6584,2024-01-18,1090,1080,8316,3,13975,41925
6585,2024-12-09,1055,1026,9317,3,36901,110703
6586,2024-11-19,1003,1020,5328,9,23369,210321
6587,2024-09-02,1030,1295,9777,8,17383,139064
6588,2024-02-29,1016,1757,5244,9,18243,164187
6589,2024-05-09,1007,1555,9011,2,46509,93018
6590,2024-12-15,1051,1876,6831,9,12843,115587
6591,2024-02-18,1036,1857,9094,8,1230,9840
6592,2024-06-14,1019,1171,9171,3,22950,68850
6593,2024-06-16,1046,1772,5090,8,19114,152912
6594,2024-09-09,1073,1864,5301,5,47551,237755
6595,2024-12-01,1050,1379,5537,9,14314,128826
6596,2024-11-04,1057,1944,5106,2,38176,76352
6597,2024-03-04,1043,1708,8853,1,49961,49961
6598,2024-02-02,1097,1731,6229,2,18512,37024
6599,2024-02-27,1010,1148,5394,2,46234,92468
6600,2024-11-01,1011,1519,8765,6,29481,176886
6601,2024-03-04,1009,1833,8079,9,41918,377262
6602,2024-05-04,1076,1886,5678,9,5510,49590
6603,2024-03-01,1053,1164,9288,6,35248,211488
6604,2024-09-05,1033,1909,7722,3,11330,33990
6605,2024-05-17,1029,1417,9596,4,19285,77140
6606,2024-03-06,1014,1372,5005,5,38223,191115
6607,2024-06-27,1007,1107,6774,2,3873,7746
6608,2024-10-12,1099,1315,5978,9,22438,201942
6609,2024-10-07,1039,1444,9190,1,45664,45664
6610,2024-06-19,1021,1429,7770,1,4967,4967
6611,2024-08-30,1004,1484,7039,5,36752,183760
6612,2024-04-29,1095,1660,6942,4,8770,35080
6613,2024-12-09,1019,1218,5524,6,36896,221376
6614,2024-07-10,1086,1497,5957,9,48099,432891
6615,2024-07-05,1048,1248,7171,1,3136,3136
6616,2024-08-14,1051,1273,5263,1,24724,24724
6617,2024-09-22,1065,1367,7424,7,39768,278376
6618,2024-07-10,1018,1828,8901,3,29328,87984
6619,2024-08-27,1089,1196,8418,3,37451,112353
6620,2024-04-03,1099,1673,9212,9,33346,300114
6621,2024-05-05,1013,1849,6597,5,24995,124975
6622,2024-04-08,1006,1949,8373,7,5852,40964
6623,2024-12-09,1056,1505,8608,6,26109,156654
6624,2024-08-30,1079,1610,8584,1,35962,35962
6625,2024-01-20,1009,1601,7506,4,33630,134520
6626,2024-04-26,1021,1668,7521,8,38344,306752
6627,2024-12-24,1089,1936,6582,7,37368,261576
6628,2024-04-08,1004,1859,9962,5,24110,120550
6629,2024-11-25,1075,1709,6005,5,38108,190540
6630,2024-06-03,1087,1089,7458,9,47903,431127
6631,2024-11-02,1023,1313,8507,9,45684,411156
6632,2024-07-03,1014,1721,5723,6,49649,297894
6633,2024-11-30,1087,1925,6291,9,43646,392814
6634,2024-01-03,1087,1672,5761,7,18307,128149
6635,2024-06-05,1025,1958,8492,6,10835,65010
6636,2024-06-23,1054,1095,9101,2,27357,54714
6637,2024-12-01,1097,1729,5462,3,14713,44139
6638,2024-03-09,1017,1725,9478,9,30461,274149
6639,2024-01-21,1042,1289,8419,1,7223,7223
6640,2024-10-24,1005,1118,7849,7,24035,168245
6641,2024-04-27,1044,1630,9613,1,30824,30824
6642,2024-10-03,1024,1048,9283,7,38918,272426
6643,2024-05-09,1080,1523,8248,8,30324,242592
6644,2024-07-24,1015,1253,6809,3,29095,87285
6645,2024-07-15,1054,1149,9222,2,48477,96954
6646,2024-05-14,1055,1468,8213,5,46406,232030
6647,2024-07-21,1028,1663,7963,3,20785,62355
6648,2024-02-04,1063,1311,6449,7,10683,74781
6649,2024-01-30,1000,1664,7796,2,28050,56100
6650,2024-11-06,1044,1449,7416,7,21065,147455
6651,2024-09-13,1083,1640,8008,2,29286,58572
6652,2024-06-30,1025,1201,8670,7,18646,130522
6653,2024-07-26,1084,1373,6853,7,46367,324569
6654,2024-05-08,1049,1673,8641,4,33346,133384
6655,2024-03-03,1026,1388,9839,3,34391,103173
6656,2024-12-07,1099,1784,9012,9,46867,421803
6657,2024-03-17,1034,1640,9518,1,29286,29286
6658,2024-01-15,1079,1461,5914,4,27047,108188
6659,2024-11-20,1028,1404,5903,4,35565,142260
6660,2024-02-28,1006,1005,7300,8,37773,302184
6661,2024-05-30,1061,1842,7711,4,21565,86260
6662,2024-04-17,1070,1038,9980,5,15850,79250
6663,2024-04-16,1033,1954,8819,4,6284,25136
6664,2024-05-18,1047,1659,9343,1,12249,12249
6665,2024-10-06,1004,1851,9111,8,29833,238664
6666,2024-03-12,1007,1724,6420,2,29112,58224
6667,2024-04-20,1071,1959,6016,5,9223,46115
6668,2024-08-13,1042,1629,9509,2,30242,60484
6669,2024-04-15,1092,1151,6164,5,42146,210730
6670,2024-06-07,1051,1040,6748,4,45320,181280
6671,2024-05-29,1073,1118,5338,6,24035,144210
6672,2024-01-14,1000,1601,7202,3,33630,100890
6673,2024-01-05,1037,1322,9517,6,2225,13350
6674,2024-05-06,1091,1805,5491,2,2604,5208
6675,2024-09-29,1006,1232,5037,3,5990,17970
6676,2024-12-03,1080,1037,8250,2,24778,49556
6677,2024-07-29,1055,1283,8222,5,34605,173025
6678,2024-11-22,1045,1250,9751,5,34368,171840
6679,2024-12-11,1023,1777,7558,8,20426,163408
6680,2024-08-04,1034,1151,5939,6,42146,252876
6681,2024-03-19,1072,1829,7767,7,7115,49805
6682,2024-04-02,1041,1615,6423,9,6923,62307
6683,2024-08-25,1066,1691,7457,4,40917,163668
6684,2024-08-21,1043,1367,9328,6,39768,238608
6685,2024-06-25,1003,1070,6209,7,34587,242109
6686,2024-09-11,1095,1214,7919,3,48861,146583
6687,2024-11-16,1076,1214,9834,8,48861,390888
6688,2024-05-11,1023,1919,8268,4,46155,184620
6689,2024-09-21,1070,1862,8736,4,27024,108096
6690,2024-10-18,1018,1881,6386,2,23705,47410
6691,2024-06-27,1090,1251,5862,9,38765,348885
6692,2024-12-09,1049,1049,7038,9,41768,375912
6693,2024-05-25,1090,1750,7257,5,20139,100695
6694,2024-05-22,1017,1981,9070,8,34989,279912
6695,2024-01-20,1093,1730,8007,8,29338,234704
6696,2024-02-27,1027,1933,7543,1,25457,25457
6697,2024-10-22,1028,1836,5928,3,27761,83283
6698,2024-03-06,1072,1913,7178,2,32784,65568
6699,2024-12-10,1084,1967,5435,5,16262,81310
6700,2024-01-13,1044,1354,7905,3,31794,95382
6701,2024-03-02,1006,1688,9955,7,41027,287189
6702,2024-02-15,1044,1016,7212,2,45421,90842
6703,2024-04-02,1088,1971,7118,3,40560,121680
6704,2024-08-10,1025,1374,6307,7,2364,16548
6705,2024-01-23,1069,1230,5168,3,32906,98718
6706,2024-12-22,1048,1597,5419,3,49267,147801
6707,2024-03-07,1083,1885,9181,5,47126,235630
6708,2024-04-23,1017,1820,8976,1,13281,13281
6709,2024-07-24,1083,1901,9624,3,8528,25584
6710,2024-03-06,1039,1861,9841,2,42303,84606
6711,2024-02-19,1017,1705,5138,2,24856,49712
6712,2024-05-20,1046,1644,5300,3,37636,112908
6713,2024-09-14,1000,1897,7904,2,10068,20136
6714,2024-02-03,1032,1701,5528,3,9978,29934
6715,2024-10-22,1038,1098,7522,5,36609,183045
6716,2024-09-09,1022,1900,8705,7,8676,60732
6717,2024-03-09,1013,1414,8638,4,15075,60300
6718,2024-07-07,1091,1080,5106,7,13975,97825
6719,2024-06-01,1084,1702,8703,5,19011,95055
6720,2024-07-21,1043,1986,8834,9,40631,365679
6721,2024-03-17,1036,1222,6861,4,27819,111276
6722,2024-07-09,1070,1754,5041,3,47803,143409
6723,2024-01-28,1075,1329,5130,2,42065,84130
6724,2024-07-31,1036,1331,8168,4,5136,20544
6725,2024-02-25,1027,1117,5833,2,40642,81284
6726,2024-04-21,1006,1529,9998,4,47282,189128
6727,2024-08-30,1051,1114,6643,3,15305,45915
6728,2024-06-02,1016,1204,6201,9,28131,253179
6729,2024-06-03,1061,1440,5788,5,36881,184405
6730,2024-10-08,1036,1711,6240,3,33292,99876
6731,2024-09-27,1013,1866,9488,7,18556,129892
6732,2024-02-19,1050,1374,7359,2,2364,4728
6733,2024-03-08,1054,1317,9612,6,49439,296634
6734,2024-05-11,1056,1766,8548,1,27620,27620
6735,2024-06-06,1003,1387,6818,8,24362,194896
6736,2024-11-28,1085,1957,6638,6,43228,259368
6737,2024-09-21,1048,1301,6299,8,48841,390728
6738,2024-06-18,1080,1838,5639,4,29512,118048
6739,2024-09-26,1034,1916,5284,3,8770,26310
6740,2024-08-07,1052,1827,6270,4,34247,136988
6741,2024-02-09,1031,1684,8168,7,49669,347683
6742,2024-10-15,1094,1875,5647,6,18669,112014
6743,2024-03-19,1088,1078,8229,9,35876,322884
6744,2024-08-26,1009,1481,8323,7,4017,28119
6745,2024-02-29,1061,1661,7913,3,6026,18078
6746,2024-11-15,1001,1192,9480,5,41115,205575
6747,2024-11-13,1062,1261,6490,8,34094,272752
6748,2024-11-30,1090,1832,6014,5,9042,45210
6749,2024-08-24,1075,1594,7833,5,5722,28610
6750,2024-03-16,1015,1895,9406,3,11889,35667
6751,2024-11-01,1015,1922,7640,4,37919,151676
6752,2024-02-08,1002,1905,5105,9,12590,113310
6753,2024-07-17,1088,1126,7590,9,29520,265680
6754,2024-04-14,1017,1182,7111,3,979,2937
6755,2024-03-10,1041,1461,7332,5,27047,135235
6756,2024-10-08,1031,1673,9010,8,33346,266768
6757,2024-02-27,1049,1552,9052,5,43077,215385
6758,2024-11-24,1048,1159,7230,7,31216,218512
6759,2024-06-27,1002,1450,5925,3,40929,122787
6760,2024-11-03,1071,1562,7592,2,23549,47098
6761,2024-08-09,1004,1109,7705,2,24236,48472
6762,2024-05-23,1056,1079,7992,9,49659,446931
6763,2024-10-30,1083,1422,9276,1,48782,48782
6764,2024-01-27,1043,1224,9361,1,47220,47220
6765,2024-06-09,1024,1516,6376,2,47674,95348
6766,2024-05-30,1069,1825,9582,6,42104,252624
6767,2024-06-21,1091,1226,9986,6,14368,86208
6768,2024-07-29,1022,1912,5913,6,5786,34716
6769,2024-12-21,1087,1406,8644,6,23768,142608
6770,2024-01-22,1009,1473,7952,6,38111,228666
6771,2024-10-24,1009,1173,7713,8,32585,260680
6772,2024-12-30,1032,1623,7592,6,30533,183198
6773,2024-02-02,1072,1390,6039,9,34271,308439
6774,2024-04-18,1017,1104,6874,5,16595,82975
6775,2024-02-16,1066,1061,5522,4,18640,74560
6776,2024-04-05,1096,1006,8053,1,10159,10159
6777,2024-05-04,1073,1526,9711,2,28553,57106
6778,2024-11-30,1026,1124,9413,4,4547,18188
6779,2024-10-21,1034,1925,6689,9,43646,392814
6780,2024-10-28,1061,1531,6142,4,5012,20048
6781,2024-11-23,1017,1962,7048,8,38048,304384
6782,2024-11-02,1006,1853,5741,2,6923,13846
6783,2024-01-25,1070,1367,9875,1,39768,39768
6784,2024-03-22,1085,1309,5312,9,42072,378648
6785,2024-02-27,1009,1433,8144,6,38607,231642
6786,2024-01-26,1026,1838,5606,5,29512,147560
6787,2024-10-23,1067,1606,9242,3,26479,79437
6788,2024-02-13,1075,1432,6631,9,49935,449415
6789,2024-03-25,1066,1760,9382,2,32575,65150
6790,2024-01-22,1054,1817,5021,8,37686,301488
6791,2024-12-31,1047,1258,8027,4,18743,74972
6792,2024-08-13,1066,1885,9216,7,47126,329882
6793,2024-02-06,1088,1618,7404,8,24746,197968
6794,2024-04-10,1025,1447,7625,1,47197,47197
6795,2024-05-21,1039,1246,8331,1,41163,41163
6796,2024-01-04,1070,1557,9765,9,35485,319365
6797,2024-01-24,1045,1848,5953,9,48505,436545
6798,2024-07-09,1097,1882,9021,1,11567,11567
6799,2024-11-16,1073,1917,8908,5,2064,10320
6800,2024-11-17,1066,1435,9614,4,39178,156712
6801,2024-09-25,1091,1036,8659,4,19956,79824
6802,2024-01-27,1010,1636,7152,2,25955,51910
6803,2024-03-21,1050,1059,5202,5,28820,144100
6804,2024-04-30,1031,1962,9091,2,38048,76096
6805,2024-12-30,1071,1431,6830,3,31367,94101
6806,2024-03-09,1019,1413,5194,8,1323,10584
6807,2024-11-08,1004,1215,9054,9,4791,43119
6808,2024-03-12,1040,1608,6638,9,9796,88164
6809,2024-09-02,1012,1810,5215,7,25598,179186
6810,2024-09-02,1074,1137,7016,4,25216,100864
6811,2024-09-09,1097,1326,7781,9,19525,175725
6812,2024-12-29,1002,1975,5675,1,47572,47572
6813,2024-03-13,1014,1863,7946,2,7895,15790
6814,2024-09-30,1096,1001,8141,5,38817,194085
6815,2024-01-16,1055,1583,9791,5,12676,63380
6816,2024-06-27,1042,1974,9675,5,11100,55500
6817,2024-12-17,1073,1495,8212,8,7401,59208
6818,2024-02-09,1066,1834,7992,2,5098,10196
6819,2024-02-08,1045,1467,9858,9,29345,264105
6820,2024-02-25,1047,1225,6258,5,26242,131210
6821,2024-08-20,1077,1238,5962,7,28262,197834
6822,2024-02-23,1096,1173,9587,9,32585,293265
6823,2024-06-20,1096,1372,7862,5,38223,191115
6824,2024-10-28,1035,1168,8663,4,34337,137348
6825,2024-07-07,1022,1003,8301,9,32717,294453
6826,2024-02-12,1054,1598,7884,8,16790,134320
6827,2024-01-04,1054,1391,5499,3,25086,75258
6828,2024-09-17,1053,1521,7502,4,28007,112028
6829,2024-02-27,1064,1511,8907,9,13714,123426
6830,2024-02-06,1090,1112,5247,1,30683,30683
6831,2024-08-22,1050,1101,6247,7,34146,239022
6832,2024-09-21,1031,1516,8309,3,47674,143022
6833,2024-01-15,1084,1073,7667,7,21448,150136
6834,2024-03-28,1019,1601,6727,9,33630,302670
6835,2024-04-08,1090,1112,8824,1,30683,30683
6836,2024-04-14,1035,1079,7656,4,49659,198636
6837,2024-08-04,1031,1632,8849,3,20338,61014
6838,2024-07-09,1056,1442,7606,6,3589,21534
6839,2024-08-02,1028,1441,6764,4,13301,53204
6840,2024-07-16,1045,1406,8546,5,23768,118840
6841,2024-04-14,1086,1316,6375,5,6510,32550
6842,2024-01-27,1034,1912,9552,3,5786,17358
6843,2024-06-30,1078,1283,9401,7,34605,242235
6844,2024-03-23,1073,1145,6283,6,10942,65652
6845,2024-06-07,1051,1819,8568,9,42642,383778
6846,2024-08-17,1014,1569,7954,5,25852,129260
6847,2024-08-22,1088,1680,9334,3,33510,100530
6848,2024-10-14,1080,1714,8889,5,17492,87460
6849,2024-01-18,1050,1737,6399,9,37069,333621
6850,2024-10-10,1030,1493,8159,5,14518,72590
6851,2024-03-11,1074,1590,8322,7,33854,236978
6852,2024-08-02,1083,1768,6909,1,44630,44630
6853,2024-04-26,1094,1352,9255,7,42618,298326
6854,2024-04-09,1015,1072,8150,4,47140,188560
6855,2024-03-28,1035,1619,7362,5,17904,89520
6856,2024-12-13,1038,1656,8553,8,29309,234472
6857,2024-06-01,1010,1462,9838,8,37828,302624
6858,2024-10-21,1019,1259,7571,5,28140,140700
6859,2024-06-25,1089,1100,7665,2,739,1478
6860,2024-05-11,1055,1301,5897,6,48841,293046
6861,2024-11-03,1089,1837,8061,6,8322,49932
6862,2024-05-01,1041,1517,7865,1,10125,10125
6863,2024-07-29,1046,1338,9914,5,3402,17010
6864,2024-03-08,1005,1406,6950,4,23768,95072
6865,2024-02-26,1034,1605,7800,1,6446,6446
6866,2024-01-13,1007,1119,5152,8,10267,82136
6867,2024-07-11,1070,1384,7294,8,37254,298032
6868,2024-03-03,1036,1508,9408,2,42795,85590
6869,2024-11-22,1049,1712,7971,9,6005,54045
6870,2024-06-01,1015,1700,8884,3,3129,9387
6871,2024-01-23,1008,1917,5281,3,2064,6192
6872,2024-01-30,1074,1192,7243,4,41115,164460
6873,2024-07-07,1084,1890,9124,7,3621,25347
6874,2024-11-05,1059,1824,7126,2,27731,55462
6875,2024-04-18,1050,1419,9833,2,44500,89000
6876,2024-12-18,1045,1024,6916,9,41060,369540
6877,2024-02-29,1070,1527,6615,4,6586,26344
6878,2024-03-06,1011,1921,7564,7,38414,268898
6879,2024-06-14,1063,1731,8571,9,18512,166608
6880,2024-05-20,1020,1516,5865,7,47674,333718
6881,2024-02-21,1004,1879,7965,5,39677,198385
6882,2024-06-28,1005,1149,5036,1,48477,48477
6883,2024-02-01,1042,1781,9169,9,40601,365409
6884,2024-08-01,1025,1456,6144,8,27967,223736
6885,2024-09-21,1092,1461,6566,5,27047,135235
6886,2024-01-17,1053,1591,6785,9,16102,144918
6887,2024-05-05,1002,1638,5289,8,42321,338568
6888,2024-03-22,1010,1989,9660,4,30895,123580
6889,2024-02-09,1086,1735,6636,2,887,1774
6890,2024-04-13,1024,1837,9628,9,8322,74898
6891,2024-08-06,1011,1784,6431,9,46867,421803
6892,2024-06-30,1064,1256,8679,7,45527,318689
6893,2024-06-04,1003,1145,8933,8,10942,87536
6894,2024-06-26,1051,1586,8300,4,33382,133528
6895,2024-01-18,1064,1010,5784,4,28915,115660
6896,2024-05-20,1069,1603,9909,1,11930,11930
6897,2024-06-09,1033,1779,7275,9,7968,71712
6898,2024-08-01,1090,1161,9254,9,29202,262818
6899,2024-08-09,1015,1591,6201,5,16102,80510
6900,2024-09-18,1074,1713,5298,7,41673,291711
6901,2024-02-14,1013,1761,5528,3,7024,21072
6902,2024-07-05,1073,1756,8917,8,49731,397848
6903,2024-12-19,1060,1877,8781,9,17633,158697
6904,2024-08-28,1052,1253,7781,8,29095,232760
6905,2024-08-12,1057,1614,6946,5,3468,17340
6906,2024-11-29,1062,1903,8623,6,25151,150906
6907,2024-02-17,1012,1217,9132,3,8286,24858
6908,2024-04-20,1044,1809,9751,3,5370,16110
6909,2024-03-23,1097,1745,5076,7,33660,235620
6910,2024-04-13,1096,1141,9558,9,16176,145584
6911,2024-03-14,1054,1946,6561,9,13860,124740
6912,2024-02-24,1032,1392,8514,2,38691,77382
6913,2024-11-12,1061,1240,7524,7,46264,323848
6914,2024-01-02,1038,1082,6728,8,15855,126840
6915,2024-08-29,1012,1353,9000,1,23836,23836
6916,2024-09-14,1080,1878,5123,4,12486,49944
6917,2024-11-27,1072,1421,9961,9,31527,283743
6918,2024-01-10,1012,1127,9415,9,31246,281214
6919,2024-03-16,1015,1924,7529,5,4448,22240
6920,2024-09-14,1053,1796,6404,7,49645,347515
6921,2024-04-30,1029,1027,6728,6,4719,28314
6922,2024-11-16,1038,1751,7880,4,21523,86092
6923,2024-08-02,1096,1240,7527,7,46264,323848
6924,2024-09-01,1063,1343,9796,3,3085,9255
6925,2024-12-02,1069,1091,7175,1,20537,20537
6926,2024-06-28,1011,1105,8281,2,34535,69070
6927,2024-12-06,1001,1747,7880,7,11873,83111
6928,2024-10-26,1032,1121,5893,4,36164,144656
6929,2024-10-16,1014,1075,5285,7,49962,349734
6930,2024-03-13,1080,1338,5744,8,3402,27216
6931,2024-07-27,1051,1261,6661,7,34094,238658
6932,2024-08-28,1034,1769,5603,5,44109,220545
6933,2024-12-27,1094,1564,7006,1,30569,30569
6934,2024-06-21,1093,1255,7697,6,37214,223284
6935,2024-01-05,1037,1881,8948,7,23705,165935
6936,2024-12-31,1079,1358,8563,4,11710,46840
6937,2024-08-04,1041,1286,9165,3,17612,52836
6938,2024-08-01,1080,1036,9892,6,19956,119736
6939,2024-11-20,1006,1695,7445,3,13120,39360
6940,2024-11-05,1055,1629,7949,8,30242,241936
6941,2024-02-07,1004,1476,7347,5,47171,235855
6942,2024-03-01,1039,1679,8065,6,27192,163152
6943,2024-04-04,1060,1651,8446,3,7713,23139
6944,2024-08-20,1090,1760,6043,1,32575,32575
6945,2024-10-03,1064,1566,5970,1,26408,26408
6946,2024-02-05,1065,1736,5449,5,18372,91860
6947,2024-01-01,1067,1696,9440,5,12275,61375
6948,2024-05-29,1064,1366,8726,1,28599,28599
6949,2024-08-02,1092,1684,9086,6,49669,298014
6950,2024-02-15,1084,1024,7318,9,41060,369540
6951,2024-03-05,1041,1681,8082,4,1693,6772
6952,2024-01-06,1034,1145,9530,8,10942,87536
6953,2024-03-21,1097,1669,5032,7,24381,170667
6954,2024-07-07,1065,1785,9708,6,26118,156708
6955,2024-05-30,1024,1646,6404,2,48691,97382
6956,2024-05-27,1005,1590,9008,9,33854,304686
6957,2024-01-28,1007,1285,7550,6,48772,292632
6958,2024-06-13,1034,1388,5330,1,34391,34391
6959,2024-05-14,1052,1196,9086,5,37451,187255
6960,2024-09-10,1018,1416,9920,6,31717,190302
6961,2024-10-31,1008,1005,5319,8,37773,302184
6962,2024-07-30,1032,1303,5200,4,15182,60728
6963,2024-10-06,1007,1871,9682,9,20054,180486
6964,2024-03-20,1037,1387,7976,3,24362,73086
6965,2024-09-25,1031,1652,6056,8,43383,347064
6966,2024-12-13,1022,1617,9698,2,32507,65014
6967,2024-01-15,1033,1793,5913,6,49083,294498
6968,2024-03-27,1086,1944,8389,1,38176,38176
6969,2024-08-10,1045,1531,8886,4,5012,20048
6970,2024-11-20,1031,1671,6117,9,8793,79137
6971,2024-03-31,1000,1223,5316,7,12111,84777
6972,2024-11-11,1006,1625,9431,4,17722,70888
6973,2024-09-22,1023,1484,6047,7,36752,257264
6974,2024-11-02,1001,1619,6728,3,17904,53712
6975,2024-11-15,1017,1249,8914,4,49865,199460
6976,2024-04-15,1082,1960,9171,1,34439,34439
6977,2024-09-09,1099,1984,9377,1,15805,15805
6978,2024-07-17,1055,1472,6874,4,2624,10496
6979,2024-02-25,1091,1692,5960,9,7909,71181
6980,2024-08-26,1098,1064,8316,1,47734,47734
6981,2024-12-12,1031,1642,9797,2,4788,9576
6982,2024-12-06,1076,1870,8339,5,27483,137415
6983,2024-12-28,1069,1404,8735,7,35565,248955
6984,2024-08-05,1092,1298,7527,2,24719,49438
6985,2024-07-30,1009,1792,9902,7,8128,56896
6986,2024-07-07,1039,1499,9757,5,33517,167585
6987,2024-11-30,1073,1852,5251,6,32886,197316
6988,2024-12-30,1033,1366,8587,3,28599,85797
6989,2024-04-11,1083,1962,8100,6,38048,228288
6990,2024-05-22,1032,1487,7181,2,11586,23172
6991,2024-10-11,1074,1732,9142,5,11948,59740
6992,2024-03-10,1087,1930,6590,5,28212,141060
6993,2024-12-01,1096,1597,7023,6,49267,295602
6994,2024-03-05,1056,1150,7793,3,12925,38775
6995,2024-07-16,1021,1780,5614,2,23992,47984
6996,2024-01-16,1047,1481,6013,3,4017,12051
6997,2024-11-05,1075,1022,5245,4,13322,53288
6998,2024-12-18,1093,1062,5408,8,36031,288248
6999,2024-09-19,1031,1610,7732,7,35962,251734
7000,2024-02-29,1082,1594,8207,1,5722,5722
7001,2024-01-10,1044,1526,8850,7,28553,199871
7002,2024-11-04,1001,1116,8456,3,7788,23364
7003,2024-01-08,1077,1462,6477,4,37828,151312
7004,2024-12-06,1054,1243,7405,7,43676,305732
7005,2024-03-30,1058,1793,7715,2,49083,98166
7006,2024-02-06,1032,1870,7440,9,27483,247347
7007,2024-03-24,1095,1450,5097,5,40929,204645
7008,2024-08-21,1082,1504,8120,4,8482,33928
7009,2024-09-06,1013,1336,6985,9,7606,68454
7010,2024-08-27,1067,1605,9006,9,6446,58014
7011,2024-04-13,1065,1572,7108,2,13233,26466
7012,2024-07-29,1073,1667,6395,9,49111,441999
7013,2024-08-12,1058,1289,9930,1,7223,7223
7014,2024-10-05,1092,1655,5426,1,13830,13830
7015,2024-06-14,1014,1426,7220,6,39924,239544
7016,2024-10-27,1030,1232,6576,1,5990,5990
7017,2024-02-15,1096,1650,5605,6,25976,155856
7018,2024-01-02,1028,1663,5146,6,20785,124710
7019,2024-06-24,1074,1470,5299,9,27356,246204
7020,2024-09-29,1072,1408,7965,7,3944,27608
7021,2024-04-27,1046,1228,5548,2,15383,30766
7022,2024-09-28,1056,1588,8012,1,626,626
7023,2024-12-31,1057,1914,9074,3,30190,90570
7024,2024-06-21,1092,1289,9301,2,7223,14446
7025,2024-10-30,1084,1373,7509,8,46367,370936
7026,2024-05-31,1030,1833,6480,4,41918,167672
7027,2024-12-16,1052,1199,5375,3,26798,80394
7028,2024-07-11,1085,1132,5905,2,12777,25554
7029,2024-04-01,1063,1586,9766,1,33382,33382
7030,2024-06-09,1081,1321,7868,7,8702,60914
7031,2024-04-15,1001,1869,6182,2,45211,90422
7032,2024-08-16,1059,1693,5655,1,46937,46937
7033,2024-04-12,1085,1765,9394,6,5423,32538
7034,2024-05-11,1083,1991,5122,4,22166,88664
7035,2024-09-13,1047,1791,8338,3,39400,118200
7036,2024-10-15,1047,1587,9015,2,18360,36720
7037,2024-04-10,1060,1741,6654,6,4007,24042
7038,2024-10-27,1003,1335,6447,4,3890,15560
7039,2024-01-21,1025,1178,6600,6,21358,128148
7040,2024-09-05,1083,1663,8257,4,20785,83140
7041,2024-07-10,1021,1433,5154,9,38607,347463
7042,2024-03-13,1042,1872,7216,6,44686,268116
7043,2024-11-08,1019,1437,5909,6,33745,202470
7044,2024-06-16,1092,1784,9435,9,46867,421803
7045,2024-03-02,1047,1479,5222,4,16610,66440
7046,2024-06-19,1094,1467,7561,8,29345,234760
7047,2024-04-30,1060,1496,8537,4,9618,38472
7048,2024-08-03,1022,1418,9820,7,31957,223699
7049,2024-06-22,1060,1541,6036,9,8122,73098
7050,2024-01-24,1079,1174,8664,3,7467,22401
7051,2024-05-17,1062,1297,5715,5,7611,38055
7052,2024-04-08,1018,1277,8497,1,32925,32925
7053,2024-11-19,1074,1030,5213,4,11779,47116
7054,2024-02-26,1075,1050,6943,3,34507,103521
7055,2024-09-03,1099,1676,5014,3,48059,144177
7056,2024-06-20,1012,1983,9230,6,10376,62256
7057,2024-07-19,1001,1855,8964,6,13215,79290
7058,2024-11-26,1050,1908,9522,2,19831,39662
7059,2024-04-16,1074,1600,8609,6,5061,30366
7060,2024-02-17,1000,1635,6580,2,5747,11494
7061,2024-11-28,1040,1158,7587,2,34991,69982
7062,2024-10-12,1009,1099,7932,9,9440,84960
7063,2024-02-15,1002,1141,9962,8,16176,129408
7064,2024-04-29,1007,1116,7092,7,7788,54516
7065,2024-02-29,1079,1467,6831,1,29345,29345
7066,2024-05-26,1035,1038,7343,3,15850,47550
7067,2024-04-13,1039,1347,7825,9,32174,289566
7068,2024-03-08,1038,1984,8042,7,15805,110635
7069,2024-06-10,1083,1165,8324,6,12521,75126
7070,2024-08-02,1046,1106,5815,7,6893,48251
7071,2024-04-27,1059,1842,5684,9,21565,194085
7072,2024-08-24,1007,1785,8823,9,26118,235062
7073,2024-08-05,1073,1550,9593,9,21581,194229
7074,2024-05-03,1036,1594,7194,6,5722,34332
7075,2024-04-26,1062,1503,8191,1,8683,8683
7076,2024-09-19,1095,1322,9601,4,2225,8900
7077,2024-12-03,1026,1808,6051,8,48290,386320
7078,2024-06-18,1094,1813,6451,5,37973,189865
7079,2024-07-14,1002,1944,7006,1,38176,38176
7080,2024-11-04,1038,1501,9117,6,43872,263232
7081,2024-05-29,1005,1154,7347,1,48402,48402
7082,2024-09-02,1080,1121,8685,1,36164,36164
7083,2024-10-08,1009,1022,5495,1,13322,13322
7084,2024-07-09,1084,1034,7078,7,47475,332325
7085,2024-06-22,1028,1229,6114,7,42251,295757
7086,2024-03-21,1028,1490,8332,8,9043,72344
7087,2024-06-20,1019,1140,9585,6,18196,109176
7088,2024-06-12,1078,1381,6023,6,40684,244104
7089,2024-10-23,1065,1281,7244,6,13443,80658
7090,2024-04-20,1096,1205,5126,1,40606,40606
7091,2024-07-25,1011,1162,6873,2,28996,57992
7092,2024-12-03,1012,1424,7140,3,35271,105813
7093,2024-03-10,1038,1133,9538,8,6079,48632
7094,2024-04-07,1038,1583,8740,8,12676,101408
7095,2024-01-05,1044,1563,9324,1,37613,37613
7096,2024-07-03,1084,1487,7352,5,11586,57930
7097,2024-07-22,1040,1564,6535,4,30569,122276
7098,2024-01-12,1079,1494,6408,1,9181,9181
7099,2024-08-26,1097,1462,5898,6,37828,226968
7100,2024-11-26,1090,1903,5927,7,25151,176057
7101,2024-10-06,1042,1686,5278,1,14321,14321
7102,2024-04-24,1061,1079,9074,1,49659,49659
7103,2024-07-28,1002,1092,8409,6,47800,286800
7104,2024-11-14,1008,1063,9074,3,22508,67524
7105,2024-05-12,1043,1545,5227,5,27448,137240
7106,2024-08-10,1033,1509,7041,6,31863,191178
7107,2024-12-10,1018,1284,9058,3,10530,31590
7108,2024-06-29,1089,1418,5623,3,31957,95871
7109,2024-01-28,1086,1815,5911,5,38970,194850
7110,2024-07-11,1017,1713,7160,7,41673,291711
7111,2024-10-27,1045,1627,7633,1,31217,31217
7112,2024-09-12,1040,1192,6510,1,41115,41115
7113,2024-04-20,1048,1452,6668,9,855,7695
7114,2024-07-12,1051,1450,9586,8,40929,327432
7115,2024-05-03,1073,1358,6140,8,11710,93680
7116,2024-03-31,1042,1397,9194,6,20058,120348
7117,2024-05-15,1009,1173,5848,7,32585,228095
7118,2024-10-09,1084,1026,9914,6,36901,221406
7119,2024-08-16,1037,1941,9995,3,41670,125010
7120,2024-05-24,1037,1412,9084,7,10207,71449
7121,2024-08-29,1046,1256,6054,7,45527,318689
7122,2024-01-31,1006,1849,6180,6,24995,149970
7123,2024-09-17,1011,1642,8599,3,4788,14364
7124,2024-02-29,1051,1537,9150,2,17647,35294
7125,2024-03-29,1032,1404,6041,1,35565,35565
7126,2024-04-10,1088,1629,6956,9,30242,272178
7127,2024-10-24,1091,1791,8643,7,39400,275800
7128,2024-10-05,1023,1300,6242,5,22583,112915
7129,2024-04-30,1047,1627,8678,5,31217,156085
7130,2024-08-30,1030,1750,8286,4,20139,80556
7131,2024-12-30,1081,1723,7665,9,1340,12060
7132,2024-03-17,1022,1412,9440,4,10207,40828
7133,2024-09-29,1070,1017,5565,7,38905,272335
7134,2024-02-27,1071,1642,5972,8,4788,38304
7135,2024-09-03,1014,1946,5336,5,13860,69300
7136,2024-04-05,1037,1895,6638,9,11889,107001
7137,2024-02-14,1027,1622,6971,5,4400,22000
7138,2024-10-17,1090,1127,6915,9,31246,281214
7139,2024-09-14,1020,1113,6152,9,35234,317106
7140,2024-10-29,1026,1736,9278,3,18372,55116
7141,2024-09-15,1046,1145,5233,1,10942,10942
7142,2024-09-02,1055,1932,7926,1,42299,42299
7143,2024-08-27,1013,1887,7577,6,23165,138990
7144,2024-05-07,1020,1190,8305,9,40335,363015
7145,2024-07-20,1013,1980,6651,7,32515,227605
7146,2024-10-02,1069,1619,6416,2,17904,35808
7147,2024-07-25,1075,1530,7649,6,12245,73470
7148,2024-02-09,1027,1150,5654,9,12925,116325
7149,2024-12-30,1092,1851,7509,3,29833,89499
7150,2024-11-16,1036,1694,9104,6,34535,207210
7151,2024-12-11,1066,1791,6182,7,39400,275800
7152,2024-11-14,1032,1466,6633,2,38377,76754
7153,2024-02-25,1011,1153,6409,9,13885,124965
7154,2024-06-08,1011,1224,9197,5,47220,236100
7155,2024-11-17,1074,1991,9204,6,22166,132996
7156,2024-04-05,1091,1503,9709,2,8683,17366
7157,2024-04-25,1050,1565,7425,7,28460,199220
7158,2024-07-30,1034,1610,5640,4,35962,143848
7159,2024-03-27,1097,1600,6004,5,5061,25305
7160,2024-11-02,1085,1672,9054,7,18307,128149
7161,2024-09-24,1086,1983,7752,6,10376,62256
7162,2024-02-13,1011,1056,5367,5,18244,91220
7163,2024-03-23,1018,1633,5262,3,48943,146829
7164,2024-07-29,1094,1880,6581,6,9382,56292
7165,2024-12-11,1058,1392,7980,6,38691,232146
7166,2024-01-09,1012,1100,8442,6,739,4434
7167,2024-06-05,1018,1831,9784,1,34894,34894
7168,2024-12-13,1035,1740,5775,2,44595,89190
7169,2024-07-07,1085,1202,9924,9,24530,220770
7170,2024-11-15,1093,1596,7211,9,6122,55098
7171,2024-05-10,1003,1058,6921,9,28635,257715
7172,2024-08-02,1012,1208,5374,5,10999,54995
7173,2024-04-24,1083,1015,7092,5,7710,38550
7174,2024-05-02,1005,1900,9723,4,8676,34704
7175,2024-12-23,1043,1555,8461,8,46509,372072
7176,2024-11-28,1075,1557,6265,8,35485,283880
7177,2024-11-14,1079,1765,7980,2,5423,10846
7178,2024-12-29,1080,1905,8000,9,12590,113310
7179,2024-07-10,1007,1332,7507,1,37014,37014
7180,2024-05-27,1032,1494,7066,4,9181,36724
7181,2024-01-28,1051,1569,6756,3,25852,77556
7182,2024-05-03,1075,1581,9142,2,14424,28848
7183,2024-03-17,1089,1740,6756,1,44595,44595
7184,2024-03-15,1082,1319,7866,9,23036,207324
7185,2024-12-23,1012,1207,7870,5,29643,148215
7186,2024-07-04,1009,1837,7964,4,8322,33288
7187,2024-02-08,1033,1732,9000,1,11948,11948
7188,2024-08-21,1094,1382,9372,6,43965,263790
7189,2024-09-04,1026,1571,6400,6,22260,133560
7190,2024-11-24,1057,1280,7863,7,33453,234171
7191,2024-05-10,1066,1854,6163,7,11498,80486
7192,2024-01-05,1043,1778,9730,2,15136,30272
7193,2024-12-13,1068,1348,5578,6,16446,98676
7194,2024-09-15,1004,1852,9231,3,32886,98658
7195,2024-09-01,1036,1318,8829,2,825,1650
7196,2024-12-15,1070,1895,6635,4,11889,47556
7197,2024-03-18,1055,1665,9130,7,34829,243803
7198,2024-12-01,1050,1040,7006,5,45320,226600
7199,2024-04-24,1055,1308,6813,7,49110,343770
7200,2024-01-04,1041,1996,9052,4,35923,143692
7201,2024-05-10,1012,1714,5573,1,17492,17492
7202,2024-08-14,1033,1741,7171,6,4007,24042
7203,2024-05-07,1099,1151,8633,8,42146,337168
7204,2024-01-09,1033,1848,8579,1,48505,48505
7205,2024-11-19,1052,1456,9787,7,27967,195769
7206,2024-04-27,1002,1455,7087,7,22058,154406
7207,2024-12-09,1073,1093,7503,1,16585,16585
7208,2024-07-06,1098,1390,8526,2,34271,68542
7209,2024-05-18,1036,1639,7409,2,49254,98508
7210,2024-05-04,1051,1228,6249,4,15383,61532
7211,2024-08-10,1005,1496,8613,2,9618,19236
7212,2024-11-23,1020,1470,7355,5,27356,136780
7213,2024-11-01,1044,1584,6240,8,2958,23664
7214,2024-09-15,1004,1082,8598,2,15855,31710
7215,2024-03-07,1002,1747,5072,8,11873,94984
7216,2024-03-25,1019,1191,5484,4,39493,157972
7217,2024-03-02,1093,1455,9584,7,22058,154406
7218,2024-01-14,1075,1879,7261,6,39677,238062
7219,2024-05-01,1060,1045,5422,4,23669,94676
7220,2024-10-05,1034,1461,7407,6,27047,162282
7221,2024-05-02,1031,1562,7427,3,23549,70647
7222,2024-03-17,1018,1731,9476,4,18512,74048
7223,2024-09-28,1014,1610,9242,4,35962,143848
7224,2024-05-25,1073,1966,9937,9,47150,424350
7225,2024-09-25,1056,1901,5385,1,8528,8528
7226,2024-02-25,1025,1797,9161,8,12205,97640
7227,2024-08-05,1069,1100,7127,9,739,6651
7228,2024-06-21,1089,1655,7335,8,13830,110640
7229,2024-02-09,1001,1234,9517,5,42706,213530
7230,2024-12-24,1048,1886,9595,8,5510,44080
7231,2024-06-07,1047,1312,9377,5,5511,27555
7232,2024-12-25,1031,1960,8167,7,34439,241073
7233,2024-02-01,1002,1361,8505,4,20617,82468
7234,2024-09-04,1082,1828,8067,6,29328,175968
7235,2024-05-08,1099,1784,7781,6,46867,281202
7236,2024-10-17,1019,1958,7942,6,10835,65010
7237,2024-02-05,1093,1244,5071,1,10128,10128
7238,2024-12-13,1036,1247,9757,3,27343,82029
7239,2024-03-06,1019,1262,5256,1,25428,25428
7240,2024-10-11,1059,1162,6610,9,28996,260964
7241,2024-06-05,1097,1632,6317,3,20338,61014
7242,2024-02-12,1058,1196,6718,8,37451,299608
7243,2024-10-01,1080,1858,7693,5,39905,199525
7244,2024-04-30,1041,1541,6279,7,8122,56854
7245,2024-07-10,1022,1683,6853,2,19210,38420
7246,2024-12-19,1040,1617,6297,4,32507,130028
7247,2024-01-31,1072,1482,5849,4,22637,90548
7248,2024-12-22,1026,1207,8142,2,29643,59286
7249,2024-01-19,1080,1901,8999,9,8528,76752
7250,2024-10-11,1045,1975,9119,2,47572,95144
7251,2024-03-13,1016,1567,9591,1,16301,16301
7252,2024-03-16,1001,1135,5885,5,18375,91875
7253,2024-07-06,1014,1979,5946,8,38614,308912
7254,2024-06-27,1074,1380,5395,8,19148,153184
7255,2024-12-03,1056,1222,9953,5,27819,139095
7256,2024-11-01,1040,1019,9561,1,35500,35500
7257,2024-05-16,1072,1456,8907,7,27967,195769
7258,2024-06-10,1013,1285,5214,7,48772,341404
7259,2024-10-16,1007,1445,8804,7,36864,258048
7260,2024-02-16,1075,1332,6980,6,37014,222084
7261,2024-01-24,1006,1025,9926,2,26492,52984
7262,2024-12-01,1066,1577,8019,8,12590,100720
7263,2024-10-10,1025,1572,8876,1,13233,13233
7264,2024-06-22,1002,1444,5395,1,45664,45664
7265,2024-11-02,1045,1556,7319,7,10626,74382
7266,2024-09-18,1003,1813,5843,1,37973,37973
7267,2024-08-17,1056,1791,6664,4,39400,157600
7268,2024-07-09,1095,1332,9011,6,37014,222084
7269,2024-04-27,1045,1114,6252,5,15305,76525
7270,2024-02-22,1013,1015,5204,9,7710,69390
7271,2024-07-10,1002,1337,5259,8,41015,328120
7272,2024-02-29,1012,1143,7535,3,20598,61794
7273,2024-01-11,1007,1833,6296,3,41918,125754
7274,2024-09-16,1055,1640,6720,6,29286,175716
7275,2024-09-26,1001,1585,8984,3,23888,71664
7276,2024-05-20,1045,1536,9871,1,43994,43994
7277,2024-05-22,1030,1013,6647,6,23574,141444
7278,2024-04-22,1090,1208,8416,1,10999,10999
7279,2024-09-20,1080,1977,5296,2,34532,69064
7280,2024-12-09,1034,1646,7444,9,48691,438219
7281,2024-01-11,1061,1020,9247,2,23369,46738
7282,2024-04-08,1045,1860,6736,2,6957,13914
7283,2024-01-23,1023,1090,7146,5,47490,237450
7284,2024-08-26,1064,1560,5607,4,27518,110072
7285,2024-04-18,1092,1899,6088,4,14367,57468
7286,2024-09-19,1089,1523,6438,3,30324,90972
7287,2024-11-20,1043,1021,7193,4,47038,188152
7288,2024-06-08,1098,1871,8581,7,20054,140378
7289,2024-08-07,1050,1673,5576,3,33346,100038
7290,2024-06-20,1087,1409,8286,6,31604,189624
7291,2024-04-03,1045,1155,8441,3,17655,52965
7292,2024-05-01,1032,1914,9914,6,30190,181140
7293,2024-10-26,1063,1158,5531,1,34991,34991
7294,2024-07-15,1025,1781,5349,3,40601,121803
7295,2024-02-20,1038,1086,8582,4,36079,144316
7296,2024-11-12,1057,1336,9860,4,7606,30424
7297,2024-11-02,1025,1406,8893,4,23768,95072
7298,2024-01-20,1074,1720,9004,1,21576,21576
7299,2024-01-30,1092,1519,9216,2,29481,58962
7300,2024-10-26,1092,1677,9157,1,26853,26853
7301,2024-03-26,1066,1009,6034,4,39529,158116
7302,2024-08-17,1072,1029,5553,9,8975,80775
7303,2024-06-05,1098,1774,6272,8,29223,233784
7304,2024-06-29,1056,1257,7693,1,42754,42754
7305,2024-04-21,1069,1277,7277,8,32925,263400
7306,2024-05-18,1072,1132,5088,2,12777,25554
7307,2024-01-10,1007,1962,9536,5,38048,190240
7308,2024-10-17,1090,1456,5678,9,27967,251703
7309,2024-08-25,1033,1196,8036,9,37451,337059
7310,2024-05-11,1087,1567,8620,1,16301,16301
7311,2024-11-25,1068,1275,8296,9,23643,212787
7312,2024-07-03,1009,1476,5465,6,47171,283026
7313,2024-10-21,1083,1197,5363,1,29164,29164
7314,2024-07-26,1021,1323,8239,7,7464,52248
7315,2024-09-06,1011,1483,5418,3,15452,46356
7316,2024-12-15,1028,1184,8445,5,22270,111350
7317,2024-11-18,1030,1532,5525,4,5634,22536
7318,2024-03-29,1005,1016,5221,3,45421,136263
7319,2024-12-23,1006,1078,9902,3,35876,107628
7320,2024-12-27,1096,1026,8628,4,36901,147604
7321,2024-02-05,1078,1678,8121,3,17342,52026
7322,2024-01-04,1012,1338,9089,6,3402,20412
7323,2024-08-21,1062,1746,8692,2,12256,24512
7324,2024-11-25,1023,1962,8807,1,38048,38048
7325,2024-09-25,1093,1475,8942,9,14320,128880
7326,2024-03-10,1096,1110,5679,7,40173,281211
7327,2024-01-07,1083,1725,5155,1,30461,30461
7328,2024-06-04,1018,1370,7825,8,43867,350936
7329,2024-10-19,1082,1368,5195,1,6152,6152
7330,2024-10-12,1087,1709,9858,1,38108,38108
7331,2024-12-25,1068,1478,9571,6,44232,265392
7332,2024-03-14,1021,1708,5490,9,49961,449649
7333,2024-01-12,1059,1012,7266,3,9686,29058
7334,2024-12-02,1021,1624,9608,2,11657,23314
7335,2024-04-21,1091,1609,8406,1,45965,45965
7336,2024-01-30,1016,1817,8917,6,37686,226116
7337,2024-02-05,1094,1649,8421,5,38461,192305
7338,2024-12-09,1046,1567,7304,7,16301,114107
7339,2024-08-17,1006,1103,5578,5,47449,237245
7340,2024-10-03,1016,1231,9106,6,28799,172794
7341,2024-04-15,1075,1171,6366,2,22950,45900
7342,2024-10-14,1061,1539,8496,1,27190,27190
7343,2024-09-06,1062,1468,8907,6,46406,278436
7344,2024-03-03,1006,1804,5187,2,41212,82424
7345,2024-02-13,1028,1291,6503,3,12383,37149
7346,2024-05-28,1071,1951,9525,1,40345,40345
7347,2024-02-15,1003,1603,9111,8,11930,95440
7348,2024-06-23,1015,1204,7771,7,28131,196917
7349,2024-06-02,1079,1824,8607,8,27731,221848
7350,2024-09-17,1085,1547,6031,5,40936,204680
7351,2024-05-12,1074,1128,7542,6,28413,170478
7352,2024-10-13,1058,1170,6347,3,34869,104607
7353,2024-06-04,1040,1904,5925,7,21367,149569
7354,2024-11-28,1059,1496,5308,4,9618,38472
7355,2024-08-28,1074,1979,8566,2,38614,77228
7356,2024-11-26,1068,1362,8636,7,12628,88396
7357,2024-05-06,1057,1873,7526,6,7298,43788
7358,2024-07-11,1075,1976,6804,1,47842,47842
7359,2024-09-25,1039,1194,5213,9,8150,73350
7360,2024-05-01,1088,1882,9230,9,11567,104103
7361,2024-05-25,1057,1543,5975,3,31348,94044
7362,2024-05-31,1060,1630,9506,1,30824,30824
7363,2024-06-05,1044,1379,8491,7,14314,100198
7364,2024-06-04,1076,1994,7923,4,20080,80320
7365,2024-04-11,1047,1581,6335,3,14424,43272
7366,2024-12-05,1089,1313,9689,8,45684,365472
7367,2024-09-08,1010,1435,9365,9,39178,352602
7368,2024-09-23,1055,1197,9480,8,29164,233312
7369,2024-11-02,1022,1344,9114,4,49389,197556
7370,2024-02-28,1076,1283,7370,7,34605,242235
7371,2024-12-05,1032,1230,5853,2,32906,65812
7372,2024-04-14,1051,1704,7545,1,1705,1705
7373,2024-09-25,1027,1679,5192,1,27192,27192
7374,2024-02-16,1003,1463,9998,5,19693,98465
7375,2024-03-28,1091,1915,5988,9,41528,373752
7376,2024-06-19,1097,1599,8886,4,40351,161404
7377,2024-05-31,1050,1974,6286,4,11100,44400
7378,2024-06-24,1009,1114,6352,7,15305,107135
7379,2024-11-14,1051,1649,7420,1,38461,38461
7380,2024-05-24,1071,1075,6010,2,49962,99924
7381,2024-11-20,1008,1445,8295,7,36864,258048
7382,2024-11-05,1017,1292,8641,8,11161,89288
7383,2024-08-09,1065,1738,5351,3,49097,147291
7384,2024-01-15,1081,1827,8151,9,34247,308223
7385,2024-05-17,1039,1602,9001,1,23417,23417
7386,2024-09-06,1065,1076,5175,2,49664,99328
7387,2024-05-29,1021,1349,9959,2,35167,70334
7388,2024-12-16,1079,1370,5165,8,43867,350936
7389,2024-09-25,1095,1322,5423,4,2225,8900
7390,2024-03-21,1073,1179,5850,3,38829,116487
7391,2024-03-05,1033,1418,7460,8,31957,255656
7392,2024-05-21,1047,1367,6655,1,39768,39768
7393,2024-10-26,1015,1701,5754,3,9978,29934
7394,2024-09-03,1048,1395,7508,1,48559,48559
7395,2024-07-11,1097,1753,8622,3,43548,130644
7396,2024-10-09,1062,1540,8835,6,47536,285216
7397,2024-09-10,1039,1285,9241,8,48772,390176
7398,2024-06-21,1055,1661,7953,6,6026,36156
7399,2024-11-08,1097,1336,9279,5,7606,38030
7400,2024-10-04,1076,1308,9694,2,49110,98220
7401,2024-10-16,1047,1218,8511,5,36896,184480
7402,2024-11-01,1036,1789,7275,6,34717,208302
7403,2024-11-05,1011,1955,8488,8,2126,17008
7404,2024-07-04,1078,1816,7988,9,7498,67482
7405,2024-12-21,1093,1944,6402,1,38176,38176
7406,2024-08-11,1094,1390,6925,2,34271,68542
7407,2024-03-02,1092,1045,5631,9,23669,213021
7408,2024-03-24,1097,1010,6737,9,28915,260235
7409,2024-01-27,1031,1015,9942,5,7710,38550
7410,2024-11-15,1022,1181,8499,7,18789,131523
7411,2024-05-10,1073,1696,8838,4,12275,49100
7412,2024-05-06,1071,1547,6800,6,40936,245616
7413,2024-01-11,1020,1050,9291,1,34507,34507
7414,2024-10-06,1074,1149,6637,6,48477,290862
7415,2024-10-11,1011,1487,7298,3,11586,34758
7416,2024-07-15,1048,1420,9509,8,41696,333568
7417,2024-08-12,1046,1258,9413,8,18743,149944
7418,2024-09-20,1082,1290,5544,7,15679,109753
7419,2024-10-01,1097,1624,7699,8,11657,93256
7420,2024-03-08,1061,1805,7166,3,2604,7812
7421,2024-08-20,1037,1361,7530,1,20617,20617
7422,2024-04-08,1097,1566,5703,8,26408,211264
7423,2024-08-09,1025,1424,6020,5,35271,176355
7424,2024-05-03,1039,1293,9683,3,41030,123090
7425,2024-10-30,1015,1727,7210,8,37083,296664
7426,2024-04-11,1018,1885,9197,6,47126,282756
7427,2024-11-15,1049,1161,9669,1,29202,29202
7428,2024-09-20,1055,1994,5372,2,20080,40160
7429,2024-12-30,1028,1522,9064,4,22022,88088
7430,2024-08-17,1037,1206,8154,9,23626,212634
7431,2024-05-02,1060,1269,6468,9,48594,437346
7432,2024-08-14,1035,1336,9157,2,7606,15212
7433,2024-08-15,1084,1532,7661,1,5634,5634
7434,2024-06-01,1009,1411,8817,1,25598,25598
7435,2024-11-04,1046,1618,5094,2,24746,49492
7436,2024-10-31,1086,1101,7313,4,34146,136584
7437,2024-11-23,1043,1853,9529,9,6923,62307
7438,2024-05-28,1061,1571,8190,8,22260,178080
7439,2024-11-02,1006,1545,8891,3,27448,82344
7440,2024-01-09,1068,1064,6926,1,47734,47734
7441,2024-11-15,1018,1214,9408,6,48861,293166
7442,2024-08-11,1032,1991,5672,7,22166,155162
7443,2024-01-23,1023,1771,9021,2,3583,7166
7444,2024-07-10,1022,1360,5238,6,46670,280020
7445,2024-08-14,1085,1746,5745,8,12256,98048
7446,2024-02-23,1099,1311,7786,1,10683,10683
7447,2024-04-01,1052,1069,9268,8,14466,115728
7448,2024-01-15,1020,1847,9901,3,21621,64863
7449,2024-11-03,1081,1009,6170,9,39529,355761
7450,2024-06-27,1090,1802,9413,8,28913,231304
7451,2024-01-04,1036,1215,5808,2,4791,9582
7452,2024-04-10,1048,1763,6590,2,1795,3590
7453,2024-05-09,1024,1905,5718,6,12590,75540
7454,2024-01-07,1038,1843,7446,9,12479,112311
7455,2024-07-02,1029,1190,9451,3,40335,121005
7456,2024-11-26,1042,1608,9191,2,9796,19592
7457,2024-11-27,1077,1218,7189,3,36896,110688
7458,2024-02-04,1097,1408,8549,6,3944,23664
7459,2024-08-19,1053,1201,8757,4,18646,74584
7460,2024-06-02,1031,1380,9635,2,19148,38296
7461,2024-03-04,1094,1216,6722,5,32225,161125
7462,2024-09-03,1048,1799,7033,8,30315,242520
7463,2024-02-25,1001,1105,7658,5,34535,172675
7464,2024-08-16,1046,1055,6957,5,48490,242450
7465,2024-11-06,1098,1153,6505,6,13885,83310
7466,2024-09-09,1022,1067,7184,9,7325,65925
7467,2024-10-19,1005,1456,5275,1,27967,27967
7468,2024-02-21,1084,1922,5742,2,37919,75838
7469,2024-01-15,1089,1712,8232,8,6005,48040
7470,2024-12-07,1093,1491,5155,8,27282,218256
7471,2024-12-05,1040,1601,7228,5,33630,168150
7472,2024-12-28,1041,1010,7025,5,28915,144575
7473,2024-06-28,1093,1436,6787,6,10794,64764
7474,2024-03-17,1052,1613,6936,8,4901,39208
7475,2024-08-02,1071,1799,9715,4,30315,121260
7476,2024-08-10,1038,1698,7079,4,23817,95268
7477,2024-06-02,1096,1413,6553,1,1323,1323
7478,2024-02-14,1009,1230,7453,1,32906,32906
7479,2024-12-17,1081,1136,9123,7,9269,64883
7480,2024-01-21,1099,1522,8888,5,22022,110110
7481,2024-03-21,1049,1854,8881,5,11498,57490
7482,2024-02-22,1074,1400,8342,1,44818,44818
7483,2024-06-05,1007,1863,6439,2,7895,15790
7484,2024-05-26,1000,1778,8542,3,15136,45408
7485,2024-06-30,1071,1568,8639,5,11284,56420
7486,2024-03-18,1068,1981,8527,2,34989,69978
7487,2024-04-28,1000,1049,7356,7,41768,292376
7488,2024-12-24,1066,1479,7897,6,16610,99660
7489,2024-12-08,1026,1584,8954,8,2958,23664
7490,2024-04-14,1060,1848,5764,1,48505,48505
7491,2024-01-02,1047,1052,5086,8,39764,318112
7492,2024-04-24,1022,1600,8349,3,5061,15183
7493,2024-02-01,1043,1763,7145,8,1795,14360
7494,2024-12-23,1039,1207,8042,6,29643,177858
7495,2024-03-02,1010,1109,6487,3,24236,72708
7496,2024-04-06,1010,1736,9018,2,18372,36744
7497,2024-05-14,1099,1449,8640,5,21065,105325
7498,2024-04-07,1030,1170,7543,1,34869,34869
7499,2024-08-02,1059,1806,9311,3,44863,134589
7500,2024-03-24,1054,1041,5480,4,15850,63400
7501,2024-06-05,1023,1715,6137,6,3186,19116
7502,2024-04-16,1061,1929,9029,8,18907,151256
7503,2024-12-22,1018,1664,9418,8,28050,224400
7504,2024-05-10,1095,1589,6069,6,48141,288846
7505,2024-01-22,1039,1904,5638,4,21367,85468
7506,2024-03-24,1016,1378,9596,8,33182,265456
7507,2024-03-29,1049,1733,5909,1,22721,22721
7508,2024-08-13,1098,1508,8659,4,42795,171180
7509,2024-04-15,1011,1907,6699,2,10960,21920
7510,2024-12-14,1014,1777,8417,9,20426,183834
7511,2024-12-24,1038,1215,6475,5,4791,23955
7512,2024-04-10,1012,1673,6915,6,33346,200076
7513,2024-10-22,1093,1587,8119,3,18360,55080
7514,2024-05-27,1018,1537,7291,8,17647,141176
7515,2024-08-17,1072,1991,5631,4,22166,88664
7516,2024-03-27,1056,1546,5775,8,14661,117288
7517,2024-01-11,1091,1076,6442,4,49664,198656
7518,2024-05-15,1059,1722,9071,3,26176,78528
7519,2024-04-02,1055,1951,7071,3,40345,121035
7520,2024-10-18,1024,1972,5620,3,2059,6177
7521,2024-06-01,1003,1823,9710,3,25362,76086
7522,2024-12-19,1051,1981,6185,5,34989,174945
7523,2024-04-05,1006,1047,9176,8,4374,34992
7524,2024-03-02,1067,1022,7703,4,13322,53288
7525,2024-12-26,1086,1064,5874,9,47734,429606
7526,2024-03-27,1069,1519,9694,6,29481,176886
7527,2024-07-29,1044,1492,7415,4,38143,152572
7528,2024-03-23,1008,1742,5726,4,589,2356
7529,2024-08-14,1008,1500,8516,4,28433,113732
7530,2024-01-12,1084,1372,7884,4,38223,152892
7531,2024-12-24,1002,1737,5220,2,37069,74138
7532,2024-06-01,1076,1140,6228,6,18196,109176
7533,2024-01-05,1062,1747,6516,1,11873,11873
7534,2024-03-16,1081,1176,5482,3,43603,130809
7535,2024-01-04,1094,1766,7620,5,27620,138100
7536,2024-03-23,1092,1104,7440,6,16595,99570
7537,2024-12-27,1001,1649,9753,8,38461,307688
7538,2024-02-04,1030,1130,6532,4,25912,103648
7539,2024-08-29,1037,1539,5014,4,27190,108760
7540,2024-05-23,1006,1026,9958,1,36901,36901
7541,2024-03-20,1009,1340,9852,8,27410,219280
7542,2024-03-15,1076,1522,8782,2,22022,44044
7543,2024-10-25,1058,1215,6736,6,4791,28746
7544,2024-10-10,1000,1011,5634,9,23762,213858
7545,2024-08-02,1036,1006,7527,6,10159,60954
7546,2024-09-02,1024,1681,6302,1,1693,1693
7547,2024-08-25,1093,1863,6683,5,7895,39475
7548,2024-12-02,1065,1905,5556,8,12590,100720
7549,2024-01-19,1099,1828,9214,1,29328,29328
7550,2024-03-14,1087,1575,5291,1,43374,43374
7551,2024-02-24,1075,1283,6928,2,34605,69210
7552,2024-03-23,1004,1409,6450,9,31604,284436
7553,2024-06-12,1055,1860,7380,5,6957,34785
7554,2024-11-13,1078,1858,9540,4,39905,159620
7555,2024-12-28,1041,1691,5917,4,40917,163668
7556,2024-06-15,1063,1457,7692,5,28063,140315
7557,2024-04-25,1048,1899,5611,1,14367,14367
7558,2024-10-23,1045,1105,9922,4,34535,138140
7559,2024-07-06,1070,1149,6823,3,48477,145431
7560,2024-09-11,1001,1265,8436,6,24102,144612
7561,2024-12-07,1066,1899,6227,7,14367,100569
7562,2024-11-17,1003,1646,6570,1,48691,48691
7563,2024-12-18,1061,1190,8280,1,40335,40335
7564,2024-01-19,1079,1241,7516,2,28258,56516
7565,2024-11-06,1026,1598,5337,5,16790,83950
7566,2024-10-28,1085,1194,5072,9,8150,73350
7567,2024-01-04,1066,1087,6525,4,46213,184852
7568,2024-07-08,1016,1366,8817,4,28599,114396
7569,2024-10-07,1085,1484,6586,9,36752,330768
7570,2024-03-03,1051,1925,6186,1,43646,43646
7571,2024-09-25,1070,1360,7319,3,46670,140010
7572,2024-09-10,1056,1115,8330,7,7215,50505
7573,2024-04-24,1029,1843,7382,6,12479,74874
7574,2024-12-07,1071,1788,6054,5,27799,138995
7575,2024-09-16,1082,1431,7176,7,31367,219569
7576,2024-01-02,1070,1490,5317,2,9043,18086
7577,2024-03-07,1064,1784,6184,2,46867,93734
7578,2024-12-31,1015,1962,8929,7,38048,266336
7579,2024-10-12,1094,1462,8572,8,37828,302624
7580,2024-05-11,1026,1355,7729,2,22902,45804
7581,2024-02-17,1073,1479,5420,1,16610,16610
7582,2024-02-12,1097,1520,9130,5,12581,62905
7583,2024-04-02,1046,1423,7119,1,34420,34420
7584,2024-05-20,1013,1753,9782,9,43548,391932
7585,2024-02-16,1001,1383,6378,5,26627,133135
7586,2024-08-18,1038,1213,7418,8,49284,394272
7587,2024-08-11,1054,1995,7177,4,43532,174128
7588,2024-10-10,1085,1735,8508,1,887,887
7589,2024-02-06,1025,1698,8657,9,23817,214353
7590,2024-01-28,1043,1836,5331,4,27761,111044
7591,2024-06-06,1068,1121,8430,3,36164,108492
7592,2024-08-09,1037,1936,5185,2,37368,74736
7593,2024-01-09,1079,1707,5919,1,33347,33347
7594,2024-03-10,1011,1943,9079,9,35652,320868
7595,2024-12-07,1016,1700,5277,1,3129,3129
7596,2024-03-06,1024,1260,8157,4,29907,119628
7597,2024-04-04,1063,1006,9739,2,10159,20318
7598,2024-06-29,1087,1458,9817,8,20521,164168
7599,2024-03-10,1010,1870,8293,5,27483,137415
7600,2024-08-21,1017,1901,7157,3,8528,25584
7601,2024-09-17,1035,1668,7016,4,38344,153376
7602,2024-01-20,1002,1946,7069,3,13860,41580
7603,2024-12-23,1082,1976,8643,2,47842,95684
7604,2024-12-23,1069,1027,7885,6,4719,28314
7605,2024-07-04,1086,1824,5485,6,27731,166386
7606,2024-10-31,1070,1830,7925,3,22619,67857
7607,2024-03-04,1008,1421,9079,5,31527,157635
7608,2024-06-26,1065,1722,8045,9,26176,235584
7609,2024-08-22,1046,1560,5371,1,27518,27518
7610,2024-12-18,1049,1491,6197,7,27282,190974
7611,2024-09-06,1063,1779,7182,1,7968,7968
7612,2024-10-21,1046,1684,9375,6,49669,298014
7613,2024-02-09,1074,1357,5267,5,23182,115910
7614,2024-10-13,1066,1722,9489,4,26176,104704
7615,2024-09-15,1041,1480,9490,3,13881,41643
7616,2024-08-27,1048,1300,8301,4,22583,90332
7617,2024-03-12,1029,1388,8606,1,34391,34391
7618,2024-01-30,1007,1064,5277,5,47734,238670
7619,2024-12-16,1036,1930,7069,9,28212,253908
7620,2024-01-29,1084,1162,6832,6,28996,173976
7621,2024-11-07,1007,1878,7103,4,12486,49944
7622,2024-03-27,1062,1110,6147,5,40173,200865
7623,2024-04-17,1010,1670,9130,1,34870,34870
7624,2024-11-14,1057,1245,6295,4,44831,179324
7625,2024-01-30,1033,1803,5657,4,2103,8412
7626,2024-11-04,1038,1423,7444,9,34420,309780
7627,2024-02-15,1015,1610,5021,5,35962,179810
7628,2024-12-24,1070,1423,9086,3,34420,103260
7629,2024-05-16,1003,1700,8653,8,3129,25032
7630,2024-09-19,1095,1523,5878,7,30324,212268
7631,2024-03-03,1045,1246,6041,8,41163,329304
7632,2024-02-13,1021,1721,9332,4,49649,198596
7633,2024-09-07,1070,1731,9799,7,18512,129584
7634,2024-11-30,1012,1780,8808,4,23992,95968
7635,2024-07-25,1081,1413,8122,9,1323,11907
7636,2024-02-28,1041,1551,8861,5,38769,193845
7637,2024-07-24,1033,1912,6888,5,5786,28930
7638,2024-11-26,1012,1072,8061,4,47140,188560
7639,2024-03-24,1097,1358,5619,5,11710,58550
7640,2024-01-13,1028,1405,7435,1,18631,18631
7641,2024-08-24,1046,1567,8235,1,16301,16301
7642,2024-06-06,1068,1829,9127,9,7115,64035
7643,2024-04-13,1094,1568,9881,2,11284,22568
7644,2024-12-24,1010,1654,5709,8,28483,227864
7645,2024-12-05,1062,1348,8295,2,16446,32892
7646,2024-12-30,1050,1375,5281,9,2113,19017
7647,2024-02-12,1059,1565,7322,2,28460,56920
7648,2024-06-27,1046,1655,9933,1,13830,13830
7649,2024-12-23,1003,1723,9225,8,1340,10720
7650,2024-09-20,1006,1984,8283,3,15805,47415
7651,2024-08-30,1086,1743,6229,7,32539,227773
7652,2024-02-06,1030,1407,7755,5,16665,83325
7653,2024-12-27,1080,1591,8035,7,16102,112714
7654,2024-12-18,1073,1882,8300,8,11567,92536
7655,2024-12-11,1085,1719,7857,3,21210,63630
7656,2024-12-29,1029,1889,8869,5,24253,121265
7657,2024-09-06,1028,1408,8208,5,3944,19720
7658,2024-04-29,1080,1126,5262,7,29520,206640
7659,2024-07-10,1042,1941,9451,2,41670,83340
7660,2024-10-21,1084,1694,5820,8,34535,276280
7661,2024-03-02,1021,1879,9603,7,39677,277739
7662,2024-07-28,1047,1896,6230,7,15350,107450
7663,2024-10-21,1047,1433,8696,5,38607,193035
7664,2024-02-21,1056,1122,7553,8,38948,311584
7665,2024-07-28,1021,1177,8716,1,41282,41282
7666,2024-11-08,1026,1928,8173,7,31188,218316
7667,2024-10-05,1086,1752,9309,9,34734,312606
7668,2024-07-20,1062,1115,6349,8,7215,57720
7669,2024-05-18,1003,1838,9014,4,29512,118048
7670,2024-12-05,1089,1741,9396,8,4007,32056
7671,2024-01-19,1080,1492,9969,8,38143,305144
7672,2024-11-16,1002,1859,6377,1,24110,24110
7673,2024-04-04,1080,1998,6281,1,15104,15104
7674,2024-05-09,1039,1667,9499,9,49111,441999
7675,2024-04-14,1082,1159,9937,1,31216,31216
7676,2024-07-15,1081,1599,9860,3,40351,121053
7677,2024-09-16,1027,1519,9283,3,29481,88443
7678,2024-02-08,1014,1811,7698,4,25774,103096
7679,2024-10-31,1050,1095,9455,3,27357,82071
7680,2024-05-10,1025,1027,5721,3,4719,14157
7681,2024-06-02,1034,1123,7753,5,1072,5360
7682,2024-02-10,1079,1879,6729,5,39677,198385
7683,2024-11-16,1014,1706,8422,8,46666,373328
7684,2024-05-01,1004,1646,6222,7,48691,340837
7685,2024-08-31,1045,1133,5931,9,6079,54711
7686,2024-09-01,1023,1476,7852,5,47171,235855
7687,2024-05-23,1001,1556,6178,4,10626,42504
7688,2024-07-04,1058,1013,9169,4,23574,94296
7689,2024-02-04,1035,1172,6768,2,24196,48392
7690,2024-07-29,1044,1698,6118,9,23817,214353
7691,2024-02-02,1094,1935,7383,7,11166,78162
7692,2024-06-07,1093,1594,6298,2,5722,11444
7693,2024-11-12,1075,1685,6520,8,18169,145352
7694,2024-12-29,1036,1314,8363,2,4786,9572
7695,2024-07-10,1056,1856,6696,2,27650,55300
7696,2024-06-11,1084,1804,6852,4,41212,164848
7697,2024-09-08,1011,1081,8973,7,4617,32319
7698,2024-02-08,1034,1963,7156,9,23878,214902
7699,2024-05-10,1021,1576,6539,5,8474,42370
7700,2024-04-05,1099,1352,8720,3,42618,127854
7701,2024-05-20,1071,1923,5280,6,725,4350
7702,2024-09-26,1090,1040,8651,9,45320,407880
7703,2024-06-17,1026,1850,5056,2,7487,14974
7704,2024-10-01,1099,1096,5090,7,32486,227402
7705,2024-12-30,1006,1782,5003,4,4722,18888
7706,2024-04-08,1002,1236,5532,6,31314,187884
7707,2024-03-01,1003,1342,5414,4,11709,46836
7708,2024-11-18,1087,1988,5635,2,2006,4012
7709,2024-08-04,1007,1678,5262,5,17342,86710
7710,2024-03-17,1044,1461,5744,3,27047,81141
7711,2024-07-26,1076,1989,5310,3,30895,92685
7712,2024-12-13,1072,1193,5606,3,13641,40923
7713,2024-02-14,1019,1332,6544,2,37014,74028
7714,2024-12-12,1083,1999,7986,4,13099,52396
7715,2024-07-20,1004,1283,5108,7,34605,242235
7716,2024-07-28,1045,1414,7333,2,15075,30150
7717,2024-11-23,1068,1651,9463,4,7713,30852
7718,2024-05-14,1034,1268,9095,5,12176,60880
7719,2024-01-22,1064,1514,8523,3,38722,116166
7720,2024-12-23,1014,1574,9156,5,42288,211440
7721,2024-02-29,1016,1540,7114,5,47536,237680
7722,2024-10-24,1075,1370,9468,2,43867,87734
7723,2024-02-28,1045,1063,7294,1,22508,22508
7724,2024-08-18,1099,1093,9518,2,16585,33170
7725,2024-10-11,1060,1331,7972,5,5136,25680
7726,2024-07-01,1042,1852,5337,8,32886,263088
7727,2024-04-10,1078,1125,8862,1,9279,9279
7728,2024-04-23,1077,1833,8260,6,41918,251508
7729,2024-02-11,1090,1883,5612,3,27496,82488
7730,2024-01-29,1021,1689,7811,5,15943,79715
7731,2024-10-03,1008,1207,8318,1,29643,29643
7732,2024-04-06,1046,1351,7735,5,33002,165010
7733,2024-07-09,1084,1731,7031,2,18512,37024
7734,2024-11-14,1002,1968,7581,9,10833,97497
7735,2024-02-07,1051,1501,8430,3,43872,131616
7736,2024-07-25,1030,1656,9019,5,29309,146545
7737,2024-07-12,1012,1120,5516,5,32482,162410
7738,2024-05-19,1001,1055,7802,3,48490,145470
7739,2024-10-15,1077,1113,7131,5,35234,176170
7740,2024-09-13,1006,1722,5335,5,26176,130880
7741,2024-08-12,1028,1518,8333,8,39383,315064
7742,2024-01-28,1003,1931,8325,8,13149,105192
7743,2024-07-08,1003,1295,5063,6,17383,104298
7744,2024-09-01,1087,1256,8897,2,45527,91054
7745,2024-11-29,1020,1169,7301,9,42589,383301
7746,2024-11-10,1044,1163,5383,6,2749,16494
7747,2024-02-18,1027,1880,5124,7,9382,65674
7748,2024-10-27,1007,1806,7579,7,44863,314041
7749,2024-07-22,1041,1888,9072,5,41201,206005
7750,2024-04-24,1016,1128,9543,4,28413,113652
7751,2024-01-20,1008,1751,5902,7,21523,150661
7752,2024-03-25,1060,1727,9354,6,37083,222498
7753,2024-09-09,1083,1190,7283,7,40335,282345
7754,2024-02-21,1068,1585,8459,4,23888,95552
7755,2024-05-27,1098,1842,9257,2,21565,43130
7756,2024-07-04,1040,1869,7260,9,45211,406899
7757,2024-06-21,1028,1853,7475,7,6923,48461
7758,2024-12-18,1075,1823,9863,4,25362,101448
7759,2024-04-23,1053,1414,5425,2,15075,30150
7760,2024-01-02,1031,1256,8635,8,45527,364216
7761,2024-02-03,1094,1552,6475,8,43077,344616
7762,2024-10-08,1094,1650,5139,8,25976,207808
7763,2024-06-09,1064,1261,7158,3,34094,102282
7764,2024-06-18,1042,1946,8041,4,13860,55440
7765,2024-04-03,1068,1191,5114,2,39493,78986
7766,2024-09-04,1099,1236,5039,7,31314,219198
7767,2024-11-16,1075,1720,8505,7,21576,151032
7768,2024-12-31,1079,1077,5109,1,5098,5098
7769,2024-01-08,1015,1351,9007,9,33002,297018
7770,2024-11-16,1020,1403,5536,9,38944,350496
7771,2024-04-19,1032,1884,9728,5,6299,31495
7772,2024-02-01,1025,1771,7778,7,3583,25081
7773,2024-02-20,1002,1762,9651,8,49256,394048
7774,2024-06-16,1022,1934,7048,3,14066,42198
7775,2024-03-06,1088,1046,9996,7,36237,253659
7776,2024-01-31,1053,1917,8625,5,2064,10320
7777,2024-11-19,1083,1348,9097,4,16446,65784
7778,2024-01-12,1046,1809,8234,2,5370,10740
7779,2024-10-13,1035,1612,6301,7,33404,233828
7780,2024-01-23,1034,1460,9918,7,21400,149800
7781,2024-06-09,1042,1974,5942,8,11100,88800
7782,2024-09-20,1032,1802,5228,4,28913,115652
7783,2024-07-08,1004,1152,8440,2,25319,50638
7784,2024-08-28,1003,1626,5777,3,27114,81342
7785,2024-03-20,1057,1898,5370,1,40233,40233
7786,2024-09-27,1051,1306,5101,6,36317,217902
7787,2024-04-13,1071,1267,9297,8,38403,307224
7788,2024-03-18,1074,1653,8242,8,11287,90296
7789,2024-01-12,1049,1935,9911,4,11166,44664
7790,2024-10-09,1026,1287,9684,4,6041,24164
7791,2024-04-20,1009,1305,7762,1,23268,23268
7792,2024-09-16,1061,1067,7183,6,7325,43950
7793,2024-11-05,1019,1284,9566,4,10530,42120
7794,2024-12-16,1031,1542,6123,9,45780,412020
7795,2024-07-14,1047,1479,7054,2,16610,33220
7796,2024-12-05,1090,1023,5777,8,44687,357496
7797,2024-07-02,1048,1010,5395,7,28915,202405
7798,2024-05-25,1081,1638,5478,8,42321,338568
7799,2024-06-23,1025,1285,5932,2,48772,97544
7800,2024-07-18,1034,1786,5153,9,21287,191583
7801,2024-07-06,1027,1675,5004,4,35364,141456
7802,2024-04-15,1064,1773,5774,1,29210,29210
7803,2024-03-13,1097,1129,6315,6,35845,215070
7804,2024-09-28,1025,1742,6446,4,589,2356
7805,2024-08-01,1057,1379,5253,2,14314,28628
7806,2024-07-04,1005,1786,7403,1,21287,21287
7807,2024-05-19,1049,1429,8253,6,4967,29802
7808,2024-06-15,1048,1239,8333,8,34453,275624
7809,2024-05-22,1057,1551,8028,3,38769,116307
7810,2024-03-12,1045,1145,5578,8,10942,87536
7811,2024-12-09,1088,1872,5102,9,44686,402174
7812,2024-05-26,1080,1291,6293,2,12383,24766
7813,2024-04-10,1089,1941,7042,4,41670,166680
7814,2024-12-03,1020,1311,9440,6,10683,64098
7815,2024-03-25,1095,1307,7020,7,20980,146860
7816,2024-10-31,1024,1821,8199,4,34667,138668
7817,2024-10-21,1095,1823,7254,4,25362,101448
7818,2024-11-29,1062,1884,6519,7,6299,44093
7819,2024-05-22,1082,1629,8479,7,30242,211694
7820,2024-11-06,1065,1625,9648,7,17722,124054
7821,2024-07-13,1034,1531,9345,5,5012,25060
7822,2024-07-02,1079,1228,7357,4,15383,61532
7823,2024-10-27,1079,1512,6660,6,28420,170520
7824,2024-03-07,1032,1790,8417,7,23716,166012
7825,2024-08-09,1049,1805,5676,9,2604,23436
7826,2024-09-18,1023,1019,5095,5,35500,177500
7827,2024-11-21,1094,1259,9184,6,28140,168840
7828,2024-01-22,1022,1754,8930,5,47803,239015
7829,2024-12-06,1080,1891,8988,5,40663,203315
7830,2024-06-14,1096,1613,9310,3,4901,14703
7831,2024-04-11,1036,1196,9029,1,37451,37451
7832,2024-11-09,1099,1389,7762,2,39971,79942
7833,2024-04-19,1062,1702,7218,7,19011,133077
7834,2024-12-07,1055,1345,8385,4,35534,142136
7835,2024-11-11,1062,1640,8106,3,29286,87858
7836,2024-06-27,1018,1127,8379,4,31246,124984
7837,2024-06-15,1020,1113,8310,8,35234,281872
7838,2024-05-13,1038,1958,5798,7,10835,75845
7839,2024-01-30,1082,1206,6868,8,23626,189008
7840,2024-12-28,1071,1847,9329,1,21621,21621
7841,2024-03-26,1025,1854,5137,1,11498,11498
7842,2024-01-09,1050,1104,5559,4,16595,66380
7843,2024-05-15,1059,1725,8557,9,30461,274149
7844,2024-10-16,1081,1949,7884,6,5852,35112
7845,2024-05-15,1077,1708,6855,2,49961,99922
7846,2024-05-19,1081,1170,7864,4,34869,139476
7847,2024-02-12,1091,1260,8331,4,29907,119628
7848,2024-04-14,1096,1965,6099,9,36304,326736
7849,2024-11-07,1005,1321,5748,5,8702,43510
7850,2024-01-31,1006,1777,9539,6,20426,122556
7851,2024-06-18,1059,1885,5170,3,47126,141378
7852,2024-06-09,1060,1163,6855,9,2749,24741
7853,2024-10-01,1004,1237,8982,4,26610,106440
7854,2024-09-09,1090,1674,7076,9,33184,298656
7855,2024-08-06,1007,1940,9597,4,45392,181568
7856,2024-04-22,1032,1534,7205,2,32498,64996
7857,2024-08-07,1056,1701,5540,6,9978,59868
7858,2024-07-01,1011,1302,9570,8,48761,390088
7859,2024-09-16,1036,1911,5206,5,5385,26925
7860,2024-01-12,1014,1164,6507,2,35248,70496
7861,2024-12-05,1016,1937,5347,1,18610,18610
7862,2024-12-25,1036,1418,8017,5,31957,159785
7863,2024-09-02,1050,1239,6470,4,34453,137812
7864,2024-09-06,1028,1551,5907,9,38769,348921
7865,2024-02-27,1002,1527,6791,4,6586,26344
7866,2024-10-30,1074,1196,7423,7,37451,262157
7867,2024-01-01,1025,1266,8701,6,36360,218160
7868,2024-12-26,1044,1050,5351,2,34507,69014
7869,2024-07-21,1005,1732,7135,4,11948,47792
7870,2024-02-13,1098,1367,6170,3,39768,119304
7871,2024-11-14,1087,1365,8146,6,31461,188766
7872,2024-04-04,1097,1458,8237,7,20521,143647
7873,2024-10-20,1053,1237,6822,5,26610,133050
7874,2024-01-09,1087,1335,5966,6,3890,23340
7875,2024-09-18,1018,1344,6922,4,49389,197556
7876,2024-11-21,1012,1945,7251,7,34368,240576
7877,2024-09-09,1056,1322,9569,4,2225,8900
7878,2024-11-03,1072,1706,5743,3,46666,139998
7879,2024-11-18,1082,1064,6794,9,47734,429606
7880,2024-04-05,1095,1011,6966,3,23762,71286
7881,2024-12-20,1084,1902,9261,7,2590,18130
7882,2024-05-09,1095,1938,5796,5,32588,162940
7883,2024-02-05,1056,1813,6255,3,37973,113919
7884,2024-04-14,1045,1351,6836,5,33002,165010
7885,2024-07-17,1011,1789,9528,8,34717,277736
7886,2024-10-17,1028,1331,7992,2,5136,10272
7887,2024-01-30,1096,1901,9316,5,8528,42640
7888,2024-04-02,1064,1549,5506,1,27258,27258
7889,2024-08-23,1048,1166,8821,7,5115,35805
7890,2024-12-26,1003,1741,7890,8,4007,32056
7891,2024-07-13,1076,1443,9453,8,25401,203208
7892,2024-09-12,1086,1616,8613,7,36027,252189
7893,2024-12-21,1027,1596,5745,9,6122,55098
7894,2024-12-24,1049,1189,5614,1,43361,43361
7895,2024-01-31,1011,1091,8926,5,20537,102685
7896,2024-01-25,1082,1991,9219,1,22166,22166
7897,2024-10-29,1096,1666,8016,7,1437,10059
7898,2024-01-01,1017,1816,6307,2,7498,14996
7899,2024-12-23,1097,1880,9245,2,9382,18764
7900,2024-04-27,1093,1526,5923,8,28553,228424
7901,2024-06-13,1005,1800,5459,8,32977,263816
7902,2024-04-22,1067,1095,7751,1,27357,27357
7903,2024-07-13,1075,1813,6107,9,37973,341757
7904,2024-05-19,1022,1225,5613,2,26242,52484
7905,2024-01-20,1027,1499,8758,9,33517,301653
7906,2024-10-12,1074,1629,8119,3,30242,90726
7907,2024-08-18,1091,1198,8585,1,44598,44598
7908,2024-03-19,1039,1652,5465,3,43383,130149
7909,2024-05-07,1097,1692,8412,9,7909,71181
7910,2024-03-25,1047,1166,8038,2,5115,10230
7911,2024-03-04,1033,1945,7436,3,34368,103104
7912,2024-09-30,1084,1965,6351,9,36304,326736
7913,2024-10-14,1099,1114,9650,6,15305,91830
7914,2024-09-09,1091,1827,7148,2,34247,68494
7915,2024-04-03,1061,1904,5539,5,21367,106835
7916,2024-10-15,1057,1105,6609,1,34535,34535
7917,2024-05-29,1033,1889,9101,5,24253,121265
7918,2024-12-30,1056,1003,7579,9,32717,294453
7919,2024-06-05,1028,1244,6603,1,10128,10128
7920,2024-08-03,1089,1989,9973,4,30895,123580
7921,2024-09-16,1076,1859,6986,9,24110,216990
7922,2024-04-09,1051,1788,8249,2,27799,55598
7923,2024-05-01,1097,1139,8114,8,29536,236288
7924,2024-05-11,1082,1076,7904,5,49664,248320
7925,2024-01-05,1007,1893,5559,9,28761,258849
7926,2024-08-20,1092,1049,9840,1,41768,41768
7927,2024-06-15,1015,1652,8050,7,43383,303681
7928,2024-02-26,1091,1691,7843,4,40917,163668
7929,2024-01-31,1029,1474,8550,4,19681,78724
7930,2024-01-07,1086,1347,7680,3,32174,96522
7931,2024-01-12,1092,1977,6736,8,34532,276256
7932,2024-01-10,1083,1484,9808,7,36752,257264
7933,2024-06-05,1080,1207,9134,2,29643,59286
7934,2024-07-31,1025,1628,8464,2,30016,60032
7935,2024-05-20,1056,1660,8232,8,8770,70160
7936,2024-05-06,1038,1182,8811,5,979,4895
7937,2024-07-16,1032,1521,8301,5,28007,140035
7938,2024-05-16,1077,1973,6741,5,37755,188775
7939,2024-06-27,1030,1630,8408,9,30824,277416
7940,2024-03-28,1079,1091,6623,7,20537,143759
7941,2024-09-23,1020,1668,9848,5,38344,191720
7942,2024-06-12,1098,1110,6480,8,40173,321384
7943,2024-09-05,1049,1394,8465,9,29500,265500
7944,2024-01-01,1082,1029,9241,3,8975,26925
7945,2024-10-03,1005,1679,6272,1,27192,27192
7946,2024-06-20,1059,1474,8068,3,19681,59043
7947,2024-12-21,1086,1176,6548,9,43603,392427
7948,2024-09-18,1089,1642,7858,9,4788,43092
7949,2024-05-21,1072,1512,7435,3,28420,85260
7950,2024-04-02,1012,1287,5554,2,6041,12082
7951,2024-05-08,1057,1294,8546,2,10146,20292
7952,2024-05-15,1043,1596,8560,9,6122,55098
7953,2024-04-20,1078,1129,9311,3,35845,107535
7954,2024-02-13,1031,1713,6099,9,41673,375057
7955,2024-07-29,1058,1670,8344,4,34870,139480
7956,2024-12-08,1080,1657,5712,2,37697,75394
7957,2024-12-24,1044,1134,6091,9,15538,139842
7958,2024-12-26,1054,1772,9164,3,19114,57342
7959,2024-11-26,1092,1412,9976,2,10207,20414
7960,2024-09-03,1048,1963,6108,1,23878,23878
7961,2024-08-19,1060,1557,7317,7,35485,248395
7962,2024-10-18,1039,1183,6160,8,47561,380488
7963,2024-06-18,1081,1002,5745,3,45041,135123
7964,2024-08-21,1033,1140,5299,7,18196,127372
7965,2024-01-08,1088,1066,9634,1,2378,2378
7966,2024-10-28,1011,1071,8639,9,22516,202644
7967,2024-04-09,1014,1689,8081,6,15943,95658
7968,2024-09-09,1087,1114,6439,3,15305,45915
7969,2024-11-03,1008,1899,9677,6,14367,86202
7970,2024-10-08,1019,1425,8353,1,7600,7600
7971,2024-10-17,1088,1610,6751,5,35962,179810
7972,2024-07-06,1087,1587,7035,9,18360,165240
7973,2024-05-02,1048,1279,8885,4,11937,47748
7974,2024-05-11,1089,1357,6177,4,23182,92728
7975,2024-08-23,1013,1274,6635,3,16051,48153
7976,2024-08-08,1004,1758,8078,3,22329,66987
7977,2024-03-02,1047,1099,5676,2,9440,18880
7978,2024-11-15,1056,1994,5227,4,20080,80320
7979,2024-06-26,1092,1081,6897,9,4617,41553
7980,2024-08-07,1059,1807,6255,4,25870,103480
7981,2024-06-19,1071,1759,8315,5,37811,189055
7982,2024-03-22,1080,1638,5264,4,42321,169284
7983,2024-01-14,1042,1255,7423,8,37214,297712
7984,2024-09-26,1085,1801,6492,9,6074,54666
7985,2024-02-23,1081,1728,8170,6,28415,170490
7986,2024-05-10,1090,1635,8676,5,5747,28735
7987,2024-04-07,1063,1006,5657,4,10159,40636
7988,2024-07-19,1001,1074,5394,9,25817,232353
7989,2024-12-25,1000,1549,5280,4,27258,109032
7990,2024-09-17,1063,1914,8283,2,30190,60380
7991,2024-08-08,1071,1738,6752,9,49097,441873
7992,2024-01-05,1084,1812,8721,9,38891,350019
7993,2024-04-26,1023,1659,5588,6,12249,73494
7994,2024-10-27,1001,1474,8426,1,19681,19681
7995,2024-07-10,1058,1222,8352,2,27819,55638
7996,2024-04-25,1091,1728,5668,7,28415,198905
7997,2024-08-23,1033,1887,6698,1,23165,23165
7998,2024-02-20,1055,1129,5563,6,35845,215070
7999,2024-01-13,1075,1988,7544,9,2006,18054
8000,2024-08-05,1004,1548,8284,6,34446,206676
8001,2024-11-24,1054,1030,5907,7,11779,82453
8002,2024-03-08,1035,1238,9271,4,28262,113048
8003,2024-08-18,1071,1553,7758,1,37224,37224
8004,2024-11-20,1093,1261,5084,1,34094,34094
8005,2024-04-01,1054,1621,7612,8,13880,111040
8006,2024-04-13,1009,1980,6603,5,32515,162575
8007,2024-03-18,1084,1992,9720,7,28885,202195
8008,2024-04-11,1045,1648,8872,9,36724,330516
8009,2024-09-17,1051,1713,6991,3,41673,125019
8010,2024-10-30,1061,1597,9369,6,49267,295602
8011,2024-08-13,1097,1478,9655,6,44232,265392
8012,2024-12-13,1097,1180,8152,6,20722,124332
8013,2024-06-23,1003,1906,9686,1,31220,31220
8014,2024-03-28,1055,1373,5670,9,46367,417303
8015,2024-04-27,1010,1594,6447,9,5722,51498
8016,2024-10-06,1085,1360,7608,8,46670,373360
8017,2024-05-20,1049,1971,9268,9,40560,365040
8018,2024-04-22,1060,1499,8751,3,33517,100551
8019,2024-09-05,1022,1229,8196,5,42251,211255
8020,2024-12-31,1097,1271,5257,9,12842,115578
8021,2024-03-29,1029,1012,5692,4,9686,38744
8022,2024-12-30,1088,1421,6742,8,31527,252216
8023,2024-11-04,1087,1908,5054,7,19831,138817
8024,2024-08-07,1024,1398,5151,3,42762,128286
8025,2024-02-20,1029,1017,6797,1,38905,38905
8026,2024-06-23,1038,1399,7471,1,10795,10795
8027,2024-07-27,1079,1168,8830,4,34337,137348
8028,2024-04-26,1073,1049,6654,7,41768,292376
8029,2024-11-08,1094,1105,9289,2,34535,69070
8030,2024-11-08,1010,1107,7300,6,3873,23238
8031,2024-10-17,1072,1196,6674,6,37451,224706
8032,2024-03-26,1035,1218,7670,6,36896,221376
8033,2024-05-14,1082,1127,7712,3,31246,93738
8034,2024-11-04,1051,1705,5833,7,24856,173992
8035,2024-09-22,1004,1040,6160,2,45320,90640
8036,2024-08-07,1075,1369,7748,2,12505,25010
8037,2024-10-21,1073,1631,9336,1,42058,42058
8038,2024-07-04,1013,1538,7234,6,19863,119178
8039,2024-06-11,1019,1698,8478,8,23817,190536
8040,2024-05-06,1019,1320,5999,4,1053,4212
8041,2024-11-10,1043,1382,8712,4,43965,175860
8042,2024-04-26,1099,1141,6743,7,16176,113232
8043,2024-05-16,1024,1930,6564,8,28212,225696
8044,2024-09-12,1040,1278,7213,2,20117,40234
8045,2024-12-21,1068,1490,5003,5,9043,45215
8046,2024-09-20,1090,1021,8811,3,47038,141114
8047,2024-08-09,1001,1538,8637,8,19863,158904
8048,2024-11-09,1011,1433,9347,1,38607,38607
8049,2024-12-16,1027,1024,5471,7,41060,287420
8050,2024-05-29,1043,1865,7546,6,10059,60354
8051,2024-08-23,1012,1181,7313,2,18789,37578
8052,2024-12-16,1084,1688,6259,6,41027,246162
8053,2024-06-16,1042,1858,6973,8,39905,319240
8054,2024-03-09,1054,1994,6207,1,20080,20080
8055,2024-07-27,1007,1340,6789,8,27410,219280
8056,2024-02-21,1063,1102,7063,1,32715,32715
8057,2024-09-23,1011,1898,9879,9,40233,362097
8058,2024-05-29,1040,1664,8169,1,28050,28050
8059,2024-10-29,1043,1494,8586,8,9181,73448
8060,2024-12-10,1010,1323,8413,8,7464,59712
8061,2024-01-13,1018,1824,5795,9,27731,249579
8062,2024-04-09,1059,1782,8685,4,4722,18888
8063,2024-06-21,1071,1706,9713,3,46666,139998
8064,2024-08-24,1026,1650,6703,4,25976,103904
8065,2024-03-15,1070,1091,7644,8,20537,164296
8066,2024-11-20,1084,1514,8040,4,38722,154888
8067,2024-09-06,1026,1124,9482,9,4547,40923
8068,2024-03-18,1013,1529,5903,3,47282,141846
8069,2024-10-04,1095,1877,6446,5,17633,88165
8070,2024-08-29,1092,1692,9042,8,7909,63272
8071,2024-11-09,1023,1264,8497,8,44587,356696
8072,2024-08-03,1063,1638,5924,1,42321,42321
8073,2024-08-07,1091,1334,7835,7,26728,187096
8074,2024-01-21,1023,1103,8294,5,47449,237245
8075,2024-10-31,1001,1839,9432,4,32093,128372
8076,2024-12-18,1051,1935,7211,1,11166,11166
8077,2024-04-01,1094,1439,9320,4,36098,144392
8078,2024-10-21,1011,1781,9132,3,40601,121803
8079,2024-04-09,1064,1357,8041,1,23182,23182
8080,2024-09-22,1059,1700,8433,9,3129,28161
8081,2024-06-16,1057,1780,9881,7,23992,167944
8082,2024-02-27,1084,1998,8601,7,15104,105728
8083,2024-03-29,1092,1762,6220,2,49256,98512
8084,2024-06-21,1093,1942,9171,7,24447,171129
8085,2024-05-24,1041,1329,9856,4,42065,168260
8086,2024-04-30,1000,1619,8383,4,17904,71616
8087,2024-09-01,1021,1733,7561,9,22721,204489
8088,2024-11-19,1071,1388,6812,4,34391,137564
8089,2024-09-22,1012,1341,7319,3,46261,138783
8090,2024-03-02,1077,1866,5675,5,18556,92780
8091,2024-03-29,1064,1260,5098,6,29907,179442
8092,2024-03-12,1095,1761,5097,8,7024,56192
8093,2024-06-18,1037,1395,6555,4,48559,194236
8094,2024-06-21,1063,1930,8659,9,28212,253908
8095,2024-03-16,1075,1596,6260,3,6122,18366
8096,2024-12-30,1051,1409,5370,5,31604,158020
8097,2024-06-06,1079,1384,6174,3,37254,111762
8098,2024-11-25,1087,1752,9088,6,34734,208404
8099,2024-07-31,1083,1137,9780,3,25216,75648
8100,2024-01-09,1031,1254,9547,7,30889,216223
8101,2024-01-03,1026,1421,6071,3,31527,94581
8102,2024-11-04,1097,1151,7673,5,42146,210730
8103,2024-06-18,1060,1115,8454,7,7215,50505
8104,2024-05-26,1085,1734,8150,8,12138,97104
8105,2024-01-06,1061,1748,6354,9,42108,378972
8106,2024-06-19,1002,1046,7814,6,36237,217422
8107,2024-03-20,1080,1854,8263,6,11498,68988
8108,2024-10-18,1077,1852,8831,1,32886,32886
8109,2024-08-11,1090,1257,7829,6,42754,256524
8110,2024-12-17,1083,1372,6770,5,38223,191115
8111,2024-10-21,1094,1606,5945,9,26479,238311
8112,2024-02-12,1030,1379,6383,4,14314,57256
8113,2024-09-01,1092,1641,7952,4,44537,178148
8114,2024-02-19,1063,1157,5043,2,43351,86702
8115,2024-10-21,1041,1152,6759,7,25319,177233
8116,2024-05-09,1057,1368,7264,6,6152,36912
8117,2024-09-08,1042,1594,6727,7,5722,40054
8118,2024-06-13,1031,1189,6034,9,43361,390249
8119,2024-04-10,1029,1765,7526,2,5423,10846
8120,2024-10-01,1090,1256,5893,8,45527,364216
8121,2024-03-09,1082,1868,5568,8,42952,343616
8122,2024-02-13,1060,1475,6758,9,14320,128880
8123,2024-05-29,1027,1190,5104,6,40335,242010
8124,2024-05-14,1044,1979,9049,2,38614,77228
8125,2024-11-13,1009,1186,8664,5,9857,49285
8126,2024-12-10,1015,1623,5620,2,30533,61066
8127,2024-08-05,1030,1309,7902,4,42072,168288
8128,2024-05-27,1009,1964,9645,5,14688,73440
8129,2024-05-05,1073,1438,7679,8,35923,287384
8130,2024-09-05,1091,1605,7054,9,6446,58014
8131,2024-02-23,1011,1982,7977,5,40953,204765
8132,2024-11-27,1096,1297,7689,6,7611,45666
8133,2024-08-10,1027,1986,6217,1,40631,40631
8134,2024-07-27,1017,1820,7709,1,13281,13281
8135,2024-05-23,1051,1233,9025,1,15452,15452
8136,2024-11-08,1027,1064,9343,2,47734,95468
8137,2024-11-15,1027,1648,8968,8,36724,293792
8138,2024-05-17,1063,1113,6633,5,35234,176170
8139,2024-12-20,1013,1198,5036,3,44598,133794
8140,2024-08-12,1007,1050,9668,5,34507,172535
8141,2024-04-11,1093,1217,7010,8,8286,66288
8142,2024-04-08,1099,1373,9749,7,46367,324569
8143,2024-11-02,1002,1015,6616,2,7710,15420
8144,2024-10-09,1073,1436,7124,9,10794,97146
8145,2024-03-31,1008,1837,5878,4,8322,33288
8146,2024-10-23,1046,1189,8334,6,43361,260166
8147,2024-07-22,1062,1745,7638,2,33660,67320
8148,2024-08-25,1039,1036,6448,5,19956,99780
8149,2024-04-06,1076,1444,8854,6,45664,273984
8150,2024-04-30,1085,1696,8818,2,12275,24550
8151,2024-04-26,1023,1172,5739,1,24196,24196
8152,2024-03-06,1070,1331,9142,3,5136,15408
8153,2024-05-10,1012,1087,6150,2,46213,92426
8154,2024-09-23,1005,1637,7563,6,13576,81456
8155,2024-11-11,1073,1784,9424,3,46867,140601
8156,2024-04-01,1050,1253,5352,2,29095,58190
8157,2024-03-17,1059,1888,9283,7,41201,288407
8158,2024-08-25,1074,1385,9807,1,1868,1868
8159,2024-09-08,1028,1478,9686,9,44232,398088
8160,2024-08-14,1015,1804,5229,1,41212,41212
8161,2024-12-25,1083,1949,5320,5,5852,29260
8162,2024-11-15,1063,1937,7533,7,18610,130270
8163,2024-05-20,1084,1284,6395,5,10530,52650
8164,2024-02-23,1054,1832,8738,3,9042,27126
8165,2024-05-19,1028,1747,9173,2,11873,23746
8166,2024-05-25,1077,1205,6623,2,40606,81212
8167,2024-09-30,1054,1374,8919,9,2364,21276
8168,2024-05-24,1059,1935,5192,6,11166,66996
8169,2024-06-15,1040,1112,5808,4,30683,122732
8170,2024-03-26,1079,1778,8657,7,15136,105952
8171,2024-05-20,1008,1953,6833,2,49515,99030
8172,2024-02-14,1005,1223,9514,4,12111,48444
8173,2024-05-07,1028,1275,5816,1,23643,23643
8174,2024-12-23,1017,1705,9516,4,24856,99424
8175,2024-04-26,1023,1414,7363,7,15075,105525
8176,2024-05-26,1050,1388,9107,9,34391,309519
8177,2024-05-26,1016,1351,7426,5,33002,165010
8178,2024-01-21,1099,1049,7857,6,41768,250608
8179,2024-01-24,1020,1904,9959,7,21367,149569
8180,2024-06-06,1082,1040,5894,9,45320,407880
8181,2024-02-17,1061,1510,7974,8,42356,338848
8182,2024-04-19,1086,1521,7835,9,28007,252063
8183,2024-02-28,1090,1692,9981,5,7909,39545
8184,2024-01-17,1074,1867,9740,9,2470,22230
8185,2024-10-30,1089,1176,7247,8,43603,348824
8186,2024-02-24,1053,1409,5571,2,31604,63208
8187,2024-05-16,1010,1107,8586,1,3873,3873
8188,2024-03-17,1042,1578,6145,4,20107,80428
8189,2024-09-26,1085,1035,8299,2,18947,37894
8190,2024-06-28,1082,1406,9421,3,23768,71304
8191,2024-03-25,1007,1349,8345,7,35167,246169
8192,2024-10-26,1022,1166,7395,5,5115,25575
8193,2024-05-18,1052,1314,9770,3,4786,14358
8194,2024-11-02,1086,1790,6394,2,23716,47432
8195,2024-06-18,1039,1278,8959,9,20117,181053
8196,2024-08-29,1008,1938,7160,7,32588,228116
8197,2024-03-04,1023,1611,9260,9,13489,121401
8198,2024-08-27,1075,1792,6504,4,8128,32512
8199,2024-04-04,1075,1339,8471,3,20066,60198
8200,2024-05-25,1095,1059,7020,3,28820,86460
8201,2024-02-18,1001,1101,9283,3,34146,102438
8202,2024-05-24,1069,1672,8862,1,18307,18307
8203,2024-09-15,1003,1160,8978,8,7558,60464
8204,2024-06-07,1060,1997,5303,7,42764,299348
8205,2024-08-04,1076,1704,5071,4,1705,6820
8206,2024-10-29,1063,1814,7647,2,22937,45874
8207,2024-01-17,1035,1544,6896,7,26010,182070
8208,2024-03-21,1040,1293,8897,8,41030,328240
8209,2024-07-02,1037,1151,6046,1,42146,42146
8210,2024-10-09,1081,1456,8768,8,27967,223736
8211,2024-03-11,1014,1350,7130,2,30692,61384
8212,2024-03-30,1047,1869,6664,6,45211,271266
8213,2024-07-15,1096,1816,5790,8,7498,59984
8214,2024-05-09,1029,1987,7414,8,23851,190808
8215,2024-03-20,1099,1726,7116,9,43660,392940
8216,2024-12-30,1062,1797,5594,2,12205,24410
8217,2024-07-21,1024,1465,6835,2,12535,25070
8218,2024-08-18,1003,1502,7554,5,23939,119695
8219,2024-03-27,1017,1057,6261,3,43305,129915
8220,2024-08-14,1044,1729,9380,8,14713,117704
8221,2024-01-06,1096,1883,7432,8,27496,219968
8222,2024-12-22,1083,1352,8009,8,42618,340944
8223,2024-08-12,1084,1954,9544,8,6284,50272
8224,2024-05-25,1064,1632,6225,8,20338,162704
8225,2024-02-24,1097,1143,9305,5,20598,102990
8226,2024-03-07,1072,1988,9417,7,2006,14042
8227,2024-07-03,1064,1655,8757,1,13830,13830
8228,2024-05-26,1026,1416,7424,1,31717,31717
8229,2024-03-14,1078,1294,6240,8,10146,81168
8230,2024-05-18,1087,1557,8240,5,35485,177425
8231,2024-08-11,1059,1494,9620,4,9181,36724
8232,2024-08-19,1058,1421,9617,7,31527,220689
8233,2024-07-01,1024,1150,8645,8,12925,103400
8234,2024-04-05,1033,1025,5938,7,26492,185444
8235,2024-12-07,1049,1816,5340,9,7498,67482
8236,2024-09-04,1054,1592,9474,9,5973,53757
8237,2024-05-11,1009,1613,6831,9,4901,44109
8238,2024-01-13,1093,1620,9412,9,12975,116775
8239,2024-03-10,1057,1279,9622,9,11937,107433
8240,2024-12-14,1088,1638,5905,1,42321,42321
8241,2024-09-12,1002,1618,9608,5,24746,123730
8242,2024-07-06,1085,1850,8343,1,7487,7487
8243,2024-03-29,1087,1169,7027,6,42589,255534
8244,2024-11-14,1055,1125,9123,7,9279,64953
8245,2024-11-11,1026,1538,9490,5,19863,99315
8246,2024-06-02,1089,1129,9820,2,35845,71690
8247,2024-05-29,1015,1627,5292,9,31217,280953
8248,2024-11-25,1037,1135,6272,8,18375,147000
8249,2024-05-11,1052,1846,8489,1,36452,36452
8250,2024-05-23,1067,1380,5969,8,19148,153184
8251,2024-09-03,1022,1680,6974,1,33510,33510
8252,2024-03-03,1082,1140,8715,5,18196,90980
8253,2024-06-18,1055,1090,6668,7,47490,332430
8254,2024-10-28,1078,1661,8542,6,6026,36156
8255,2024-08-23,1094,1886,7302,2,5510,11020
8256,2024-10-15,1087,1046,8279,3,36237,108711
8257,2024-05-02,1074,1302,6207,6,48761,292566
8258,2024-09-26,1052,1576,5402,3,8474,25422
8259,2024-01-08,1073,1196,6038,1,37451,37451
8260,2024-08-05,1071,1412,7354,2,10207,20414
8261,2024-12-07,1066,1334,9299,9,26728,240552
8262,2024-06-22,1018,1373,5992,3,46367,139101
8263,2024-05-05,1003,1797,8433,3,12205,36615
8264,2024-11-10,1028,1761,9162,5,7024,35120
8265,2024-11-11,1044,1301,8243,1,48841,48841
8266,2024-02-18,1020,1261,5805,1,34094,34094
8267,2024-12-01,1053,1901,9796,1,8528,8528
8268,2024-08-23,1072,1598,9676,4,16790,67160
8269,2024-12-14,1051,1563,9198,9,37613,338517
8270,2024-11-12,1017,1004,5750,5,26876,134380
8271,2024-09-12,1082,1725,5623,8,30461,243688
8272,2024-04-25,1016,1552,7875,3,43077,129231
8273,2024-10-05,1043,1915,8103,4,41528,166112
8274,2024-03-25,1023,1403,8835,5,38944,194720
8275,2024-04-29,1005,1678,5918,2,17342,34684
8276,2024-02-19,1094,1029,8610,3,8975,26925
8277,2024-06-12,1026,1559,6492,1,14631,14631
8278,2024-05-27,1046,1720,5820,7,21576,151032
8279,2024-02-12,1097,1699,7718,6,48296,289776
8280,2024-05-15,1045,1634,8895,2,4609,9218
8281,2024-09-02,1090,1150,5585,9,12925,116325
8282,2024-08-05,1090,1359,9504,3,44846,134538
8283,2024-10-07,1034,1955,6920,3,2126,6378
8284,2024-08-21,1056,1689,7773,1,15943,15943
8285,2024-09-19,1011,1883,5900,7,27496,192472
8286,2024-04-24,1028,1012,5160,1,9686,9686
8287,2024-12-07,1056,1109,5948,8,24236,193888
8288,2024-07-07,1069,1995,8541,2,43532,87064
8289,2024-07-15,1054,1745,6724,3,33660,100980
8290,2024-02-07,1036,1969,5930,9,9959,89631
8291,2024-01-12,1070,1037,8307,8,24778,198224
8292,2024-05-03,1069,1806,5594,6,44863,269178
8293,2024-02-13,1052,1358,8866,7,11710,81970
8294,2024-11-04,1082,1451,9234,1,36487,36487
8295,2024-01-14,1013,1402,9635,1,17755,17755
8296,2024-12-13,1020,1691,9898,2,40917,81834
8297,2024-02-21,1077,1424,5132,6,35271,211626
8298,2024-09-01,1013,1121,7385,7,36164,253148
8299,2024-06-28,1052,1091,6516,2,20537,41074
8300,2024-10-28,1095,1026,7237,3,36901,110703
8301,2024-05-09,1089,1918,6385,2,44740,89480
8302,2024-04-09,1066,1382,9719,2,43965,87930
8303,2024-12-31,1078,1018,8754,1,44894,44894
8304,2024-10-10,1084,1335,7900,1,3890,3890
8305,2024-04-20,1093,1418,9589,8,31957,255656
8306,2024-10-14,1047,1388,5273,2,34391,68782
8307,2024-04-01,1077,1599,9616,8,40351,322808
8308,2024-03-16,1055,1900,6715,9,8676,78084
8309,2024-07-23,1038,1092,8082,8,47800,382400
8310,2024-01-22,1040,1261,8523,4,34094,136376
8311,2024-06-18,1047,1040,7842,9,45320,407880
8312,2024-06-05,1027,1808,7404,1,48290,48290
8313,2024-08-09,1001,1693,7721,3,46937,140811
8314,2024-12-25,1021,1427,5437,3,40537,121611
8315,2024-03-08,1070,1751,6034,6,21523,129138
8316,2024-06-09,1095,1047,6473,6,4374,26244
8317,2024-06-22,1060,1420,9382,7,41696,291872
8318,2024-02-07,1079,1604,5939,7,32867,230069
8319,2024-12-01,1035,1183,9151,9,47561,428049
8320,2024-01-26,1065,1255,5344,6,37214,223284
8321,2024-09-10,1080,1544,5146,2,26010,52020
8322,2024-10-25,1048,1218,7335,5,36896,184480
8323,2024-10-09,1002,1418,9515,1,31957,31957
8324,2024-09-03,1022,1101,9678,3,34146,102438
8325,2024-01-11,1058,1999,8725,4,13099,52396
8326,2024-08-25,1027,1367,5256,5,39768,198840
8327,2024-04-16,1071,1901,8251,8,8528,68224
8328,2024-11-29,1032,1301,8934,4,48841,195364
8329,2024-11-08,1067,1585,9216,8,23888,191104
8330,2024-01-01,1070,1035,8713,8,18947,151576
8331,2024-01-11,1010,1427,7237,7,40537,283759
8332,2024-06-06,1007,1134,9939,9,15538,139842
8333,2024-03-28,1019,1902,5018,9,2590,23310
8334,2024-08-29,1061,1284,8717,7,10530,73710
8335,2024-05-11,1042,1719,6744,6,21210,127260
8336,2024-03-26,1091,1576,8978,3,8474,25422
8337,2024-04-19,1074,1315,9748,1,22438,22438
8338,2024-11-23,1085,1367,5495,2,39768,79536
8339,2024-04-20,1099,1290,5588,5,15679,78395
8340,2024-07-26,1069,1238,9423,9,28262,254358
8341,2024-10-15,1006,1696,5024,9,12275,110475
8342,2024-03-14,1009,1028,5680,7,18487,129409
8343,2024-11-17,1039,1805,8236,6,2604,15624
8344,2024-09-05,1003,1204,6293,7,28131,196917
8345,2024-04-17,1072,1499,8988,6,33517,201102
8346,2024-01-04,1018,1231,7003,5,28799,143995
8347,2024-08-02,1096,1907,5297,6,10960,65760
8348,2024-06-27,1037,1854,9128,1,11498,11498
8349,2024-06-03,1021,1621,7703,5,13880,69400
8350,2024-10-15,1000,1591,9742,1,16102,16102
8351,2024-08-12,1052,1697,6551,5,32518,162590
8352,2024-04-14,1020,1845,8586,2,10371,20742
8353,2024-03-24,1006,1335,9445,5,3890,19450
8354,2024-03-17,1006,1389,9370,4,39971,159884
8355,2024-07-21,1085,1547,8356,4,40936,163744
8356,2024-12-04,1076,1051,7549,6,48395,290370
8357,2024-08-28,1022,1855,7928,8,13215,105720
8358,2024-10-14,1059,1370,9372,6,43867,263202
8359,2024-07-13,1085,1794,9832,1,42419,42419
8360,2024-07-23,1089,1536,5182,9,43994,395946
8361,2024-08-01,1017,1167,5522,4,6125,24500
8362,2024-01-19,1070,1931,5610,7,13149,92043
8363,2024-06-07,1065,1955,9134,1,2126,2126
8364,2024-07-30,1052,1796,5561,9,49645,446805
8365,2024-02-22,1018,1350,7843,3,30692,92076
8366,2024-03-28,1063,1514,7067,3,38722,116166
8367,2024-06-08,1013,1652,6702,8,43383,347064
8368,2024-01-09,1024,1323,9586,2,7464,14928
8369,2024-06-27,1032,1138,6918,9,32156,289404
8370,2024-03-23,1047,1431,6735,3,31367,94101
8371,2024-05-30,1038,1974,5211,2,11100,22200
8372,2024-01-25,1083,1827,7927,5,34247,171235
8373,2024-08-12,1004,1001,7984,9,38817,349353
8374,2024-07-12,1020,1334,6272,9,26728,240552
8375,2024-04-27,1058,1965,5372,8,36304,290432
8376,2024-11-18,1076,1878,5460,8,12486,99888
8377,2024-09-04,1013,1780,6061,7,23992,167944
8378,2024-03-18,1062,1546,6493,3,14661,43983
8379,2024-05-31,1053,1818,7171,3,15797,47391
8380,2024-02-25,1079,1747,8933,5,11873,59365
8381,2024-11-01,1044,1107,8620,9,3873,34857
8382,2024-12-22,1049,1624,6321,1,11657,11657
8383,2024-09-15,1040,1055,8222,3,48490,145470
8384,2024-01-23,1091,1039,9086,9,34809,313281
8385,2024-06-10,1000,1504,8381,7,8482,59374
8386,2024-09-21,1001,1972,8697,2,2059,4118
8387,2024-03-22,1071,1698,6127,2,23817,47634
8388,2024-02-28,1012,1011,8226,1,23762,23762
8389,2024-03-06,1018,1783,8757,3,11628,34884
8390,2024-04-24,1050,1948,7861,4,25324,101296
8391,2024-10-17,1001,1234,6370,1,42706,42706
8392,2024-08-29,1094,1627,5853,1,31217,31217
8393,2024-11-29,1009,1296,7335,3,31240,93720
8394,2024-04-18,1068,1915,9272,5,41528,207640
8395,2024-10-30,1086,1423,8045,8,34420,275360
8396,2024-11-04,1029,1572,5302,5,13233,66165
8397,2024-11-26,1095,1972,8111,7,2059,14413
8398,2024-02-01,1064,1545,8175,9,27448,247032
8399,2024-07-31,1043,1274,7550,1,16051,16051
8400,2024-03-28,1041,1172,5776,5,24196,120980
8401,2024-03-02,1002,1602,9550,2,23417,46834
8402,2024-01-03,1029,1028,7705,1,18487,18487
8403,2024-09-18,1036,1530,6965,7,12245,85715
8404,2024-04-21,1027,1746,8815,7,12256,85792
8405,2024-01-12,1050,1183,8072,1,47561,47561
8406,2024-02-22,1084,1538,8449,7,19863,139041
8407,2024-05-27,1012,1641,8789,6,44537,267222
8408,2024-05-13,1039,1423,5727,6,34420,206520
8409,2024-03-24,1025,1614,7553,1,3468,3468
8410,2024-07-02,1029,1448,6744,7,41404,289828
8411,2024-06-17,1023,1077,7640,1,5098,5098
8412,2024-02-18,1037,1519,8439,5,29481,147405
8413,2024-04-17,1068,1026,6209,1,36901,36901
8414,2024-07-11,1015,1736,6761,1,18372,18372
8415,2024-12-05,1054,1990,9477,8,10541,84328
8416,2024-08-01,1048,1925,7007,5,43646,218230
8417,2024-12-25,1079,1664,7181,5,28050,140250
8418,2024-04-04,1051,1560,7911,3,27518,82554
8419,2024-01-31,1048,1756,8304,2,49731,99462
8420,2024-06-04,1063,1567,7061,4,16301,65204
8421,2024-01-12,1047,1867,8431,1,2470,2470
8422,2024-09-28,1073,1613,9468,7,4901,34307
8423,2024-08-12,1081,1320,8841,8,1053,8424
8424,2024-06-11,1037,1286,7786,2,17612,35224
8425,2024-02-13,1016,1226,7737,1,14368,14368
8426,2024-11-19,1040,1315,7189,7,22438,157066
8427,2024-08-13,1053,1212,9627,6,18238,109428
8428,2024-09-09,1039,1673,7267,5,33346,166730
8429,2024-08-20,1030,1656,6932,6,29309,175854
8430,2024-09-15,1089,1072,5312,6,47140,282840
8431,2024-10-13,1025,1028,5176,9,18487,166383
8432,2024-06-28,1075,1199,6771,4,26798,107192
8433,2024-08-10,1017,1722,9550,1,26176,26176
8434,2024-04-25,1097,1494,8010,4,9181,36724
8435,2024-01-05,1034,1645,8204,8,7620,60960
8436,2024-09-17,1074,1343,6850,4,3085,12340
8437,2024-03-06,1055,1125,6544,5,9279,46395
8438,2024-01-15,1029,1517,6076,3,10125,30375
8439,2024-05-28,1044,1103,7785,6,47449,284694
8440,2024-04-10,1074,1642,7897,9,4788,43092
8441,2024-09-23,1051,1094,8843,5,37898,189490
8442,2024-08-05,1067,1158,8820,2,34991,69982
8443,2024-02-11,1054,1587,6236,3,18360,55080
8444,2024-03-06,1099,1691,8793,3,40917,122751
8445,2024-12-15,1009,1135,7867,4,18375,73500
8446,2024-11-12,1053,1234,9259,3,42706,128118
8447,2024-11-11,1033,1601,8682,1,33630,33630
8448,2024-04-29,1062,1762,8142,9,49256,443304
8449,2024-09-01,1030,1281,7273,7,13443,94101
8450,2024-10-13,1063,1398,9516,4,42762,171048
8451,2024-02-17,1095,1460,8777,9,21400,192600
8452,2024-10-14,1049,1183,8496,2,47561,95122
8453,2024-11-08,1027,1597,8919,9,49267,443403
8454,2024-09-11,1036,1121,9507,9,36164,325476
8455,2024-12-16,1095,1894,6181,2,20880,41760
8456,2024-06-03,1031,1317,7021,7,49439,346073
8457,2024-12-03,1080,1140,9945,4,18196,72784
8458,2024-09-17,1097,1557,6967,5,35485,177425
8459,2024-01-17,1034,1181,7275,5,18789,93945
8460,2024-07-21,1056,1776,9703,9,20535,184815
8461,2024-06-14,1060,1343,6615,6,3085,18510
8462,2024-02-17,1084,1258,7017,1,18743,18743
8463,2024-08-16,1031,1918,6813,5,44740,223700
8464,2024-07-31,1097,1011,5282,1,23762,23762
8465,2024-08-03,1097,1552,9072,7,43077,301539
8466,2024-10-31,1007,1427,7079,3,40537,121611
8467,2024-06-17,1079,1697,6478,2,32518,65036
8468,2024-01-22,1034,1522,6259,7,22022,154154
8469,2024-10-01,1022,1658,6255,9,13936,125424
8470,2024-04-22,1085,1442,7889,5,3589,17945
8471,2024-12-22,1094,1072,9259,4,47140,188560
8472,2024-07-21,1092,1164,7313,5,35248,176240
8473,2024-02-02,1037,1137,5130,7,25216,176512
8474,2024-03-29,1018,1328,6099,4,11465,45860
8475,2024-05-13,1053,1032,6247,9,4566,41094
8476,2024-01-11,1044,1716,7418,6,9795,58770
8477,2024-01-27,1035,1147,5349,3,27479,82437
8478,2024-01-31,1048,1939,8732,2,9982,19964
8479,2024-03-31,1059,1330,5019,4,16591,66364
8480,2024-06-17,1055,1744,6886,9,31855,286695
8481,2024-02-16,1072,1348,5402,2,16446,32892
8482,2024-03-19,1063,1622,7026,3,4400,13200
8483,2024-01-02,1061,1636,8719,3,25955,77865
8484,2024-01-20,1098,1635,9521,5,5747,28735
8485,2024-04-15,1058,1268,5789,5,12176,60880
8486,2024-10-21,1000,1123,8693,7,1072,7504
8487,2024-11-25,1096,1747,6651,1,11873,11873
8488,2024-03-30,1080,1830,7541,2,22619,45238
8489,2024-05-17,1089,1653,9427,5,11287,56435
8490,2024-06-16,1076,1712,5361,5,6005,30025
8491,2024-05-20,1004,1053,7878,7,1814,12698
8492,2024-07-31,1018,1425,7887,7,7600,53200
8493,2024-10-26,1057,1933,7257,3,25457,76371
8494,2024-02-01,1056,1082,7495,4,15855,63420
8495,2024-01-30,1041,1617,8945,2,32507,65014
8496,2024-11-04,1072,1622,7164,2,4400,8800
8497,2024-11-27,1005,1372,6598,3,38223,114669
8498,2024-02-13,1084,1509,5426,7,31863,223041
8499,2024-02-04,1021,1839,7245,6,32093,192558
8500,2024-02-14,1052,1849,5155,1,24995,24995
8501,2024-05-17,1056,1225,8228,9,26242,236178
8502,2024-02-16,1050,1291,5401,1,12383,12383
8503,2024-07-03,1004,1008,5618,7,21305,149135
8504,2024-01-18,1021,1719,8373,8,21210,169680
8505,2024-07-03,1006,1772,7541,6,19114,114684
8506,2024-03-12,1063,1754,5824,1,47803,47803
8507,2024-05-02,1056,1654,9088,2,28483,56966
8508,2024-06-19,1025,1919,8811,7,46155,323085
8509,2024-03-17,1024,1510,7057,5,42356,211780
8510,2024-01-09,1068,1063,6562,9,22508,202572
8511,2024-07-19,1031,1494,9660,8,9181,73448
8512,2024-08-30,1007,1047,5012,4,4374,17496
8513,2024-03-09,1008,1938,7710,5,32588,162940
8514,2024-08-26,1053,1166,6319,3,5115,15345
8515,2024-11-12,1091,1664,8414,2,28050,56100
8516,2024-01-11,1019,1719,7599,5,21210,106050
8517,2024-11-15,1067,1341,7353,4,46261,185044
8518,2024-02-07,1066,1369,7416,7,12505,87535
8519,2024-01-10,1043,1719,6564,1,21210,21210
8520,2024-01-16,1040,1224,7677,6,47220,283320
8521,2024-11-20,1041,1900,6173,9,8676,78084
8522,2024-08-30,1010,1443,7345,6,25401,152406
8523,2024-09-03,1092,1374,6987,9,2364,21276
8524,2024-02-11,1042,1262,6511,2,25428,50856
8525,2024-08-21,1085,1145,5717,8,10942,87536
8526,2024-02-13,1007,1127,9470,9,31246,281214
8527,2024-06-12,1045,1773,9505,3,29210,87630
8528,2024-05-29,1033,1624,7349,6,11657,69942
8529,2024-10-06,1094,1267,5359,5,38403,192015
8530,2024-07-22,1067,1363,8793,6,19633,117798
8531,2024-08-18,1014,1672,5714,9,18307,164763
8532,2024-10-17,1017,1481,5877,3,4017,12051
8533,2024-11-01,1010,1788,7550,8,27799,222392
8534,2024-12-04,1090,1697,7747,7,32518,227626
8535,2024-11-29,1018,1209,7383,9,6529,58761
8536,2024-10-22,1072,1973,6513,4,37755,151020
8537,2024-01-22,1024,1553,5398,3,37224,111672
8538,2024-06-23,1021,1221,6255,9,9942,89478
8539,2024-08-29,1086,1301,5302,3,48841,146523
8540,2024-11-26,1061,1258,9411,3,18743,56229
8541,2024-03-06,1036,1952,6607,1,19810,19810
8542,2024-04-03,1009,1052,5894,4,39764,159056
8543,2024-07-31,1080,1061,8856,7,18640,130480
8544,2024-08-28,1051,1908,6937,8,19831,158648
8545,2024-04-19,1076,1818,5292,2,15797,31594
8546,2024-02-16,1067,1484,9463,7,36752,257264
8547,2024-12-25,1095,1402,9887,9,17755,159795
8548,2024-06-04,1027,1442,5592,4,3589,14356
8549,2024-03-20,1029,1317,6943,9,49439,444951
8550,2024-02-14,1045,1420,8862,4,41696,166784
8551,2024-12-22,1039,1716,8797,1,9795,9795
8552,2024-07-13,1020,1398,5189,6,42762,256572
8553,2024-08-24,1014,1089,6776,4,47903,191612
8554,2024-07-29,1002,1581,7803,5,14424,72120
8555,2024-09-24,1080,1602,5446,8,23417,187336
8556,2024-03-23,1078,1779,5779,2,7968,15936
8557,2024-04-22,1096,1495,9194,9,7401,66609
8558,2024-09-23,1068,1344,8967,3,49389,148167
8559,2024-05-10,1007,1433,5347,3,38607,115821
8560,2024-11-12,1008,1558,8273,6,17360,104160
8561,2024-02-25,1089,1527,5438,5,6586,32930
8562,2024-08-25,1001,1365,6068,6,31461,188766
8563,2024-01-26,1036,1399,8799,5,10795,53975
8564,2024-12-07,1099,1194,9443,8,8150,65200
8565,2024-09-01,1011,1801,8430,9,6074,54666
8566,2024-07-27,1018,1983,7402,2,10376,20752
8567,2024-10-16,1026,1233,8577,9,15452,139068
8568,2024-07-01,1023,1813,5763,8,37973,303784
8569,2024-07-25,1065,1598,6588,1,16790,16790
8570,2024-07-22,1015,1063,6509,8,22508,180064
8571,2024-07-26,1001,1477,8222,7,21533,150731
8572,2024-12-31,1020,1944,7174,1,38176,38176
8573,2024-03-12,1009,1404,7955,3,35565,106695
8574,2024-11-07,1057,1948,7290,6,25324,151944
8575,2024-12-04,1016,1701,7900,1,9978,9978
8576,2024-05-26,1075,1976,8178,5,47842,239210
8577,2024-07-22,1006,1693,8866,6,46937,281622
8578,2024-12-14,1072,1593,8781,2,39897,79794
8579,2024-05-12,1045,1130,8765,7,25912,181384
8580,2024-10-08,1049,1436,8631,7,10794,75558
8581,2024-03-18,1009,1238,8690,6,28262,169572
8582,2024-04-06,1015,1139,5695,6,29536,177216
8583,2024-06-11,1000,1975,7536,6,47572,285432
8584,2024-11-26,1008,1549,5662,9,27258,245322
8585,2024-07-14,1012,1333,5771,9,7601,68409
8586,2024-04-25,1060,1090,7527,2,47490,94980
8587,2024-06-09,1047,1145,6295,9,10942,98478
8588,2024-09-11,1015,1595,7371,2,37237,74474
8589,2024-03-10,1097,1674,8816,3,33184,99552
8590,2024-07-20,1040,1976,7790,9,47842,430578
8591,2024-02-05,1029,1339,7397,3,20066,60198
8592,2024-10-31,1076,1197,7161,4,29164,116656
8593,2024-08-05,1071,1473,6716,5,38111,190555
8594,2024-11-04,1054,1454,5425,1,35458,35458
8595,2024-07-15,1010,1357,5122,2,23182,46364
8596,2024-12-01,1051,1843,9149,6,12479,74874
8597,2024-11-22,1094,1272,6432,2,15823,31646
8598,2024-07-10,1074,1916,6114,2,8770,17540
8599,2024-10-03,1047,1500,5498,4,28433,113732
8600,2024-10-17,1006,1069,9337,7,14466,101262
8601,2024-03-26,1053,1814,5395,1,22937,22937
8602,2024-01-22,1000,1932,7311,6,42299,253794
8603,2024-05-13,1086,1984,9439,2,15805,31610
8604,2024-06-09,1031,1821,5792,6,34667,208002
8605,2024-10-21,1061,1782,7860,4,4722,18888
8606,2024-02-12,1014,1906,5174,7,31220,218540
8607,2024-02-10,1081,1008,9874,9,21305,191745
8608,2024-10-17,1091,1707,7262,1,33347,33347
8609,2024-10-06,1060,1002,8491,6,45041,270246
8610,2024-07-01,1077,1268,5039,3,12176,36528
8611,2024-09-08,1076,1351,8290,7,33002,231014
8612,2024-12-25,1055,1005,7412,6,37773,226638
8613,2024-02-09,1033,1384,8808,2,37254,74508
8614,2024-03-27,1019,1233,7191,5,15452,77260
8615,2024-08-12,1023,1900,9789,7,8676,60732
8616,2024-10-11,1027,1577,6406,4,12590,50360
8617,2024-05-17,1010,1981,7975,4,34989,139956
8618,2024-11-30,1091,1095,8889,2,27357,54714
8619,2024-05-17,1085,1498,8016,8,6814,54512
8620,2024-03-04,1029,1623,9797,3,30533,91599
8621,2024-04-26,1037,1124,9451,8,4547,36376
8622,2024-04-07,1080,1509,7907,8,31863,254904
8623,2024-05-25,1085,1552,8387,1,43077,43077
8624,2024-03-25,1000,1945,5806,8,34368,274944
8625,2024-02-20,1083,1368,8974,2,6152,12304
8626,2024-04-04,1068,1006,6147,6,10159,60954
8627,2024-10-04,1032,1276,5716,1,14759,14759
8628,2024-01-09,1064,1208,8235,4,10999,43996
8629,2024-12-12,1043,1948,9619,7,25324,177268
8630,2024-03-29,1063,1915,6351,7,41528,290696
8631,2024-03-29,1008,1192,9591,6,41115,246690
8632,2024-08-06,1031,1159,9660,5,31216,156080
8633,2024-11-25,1053,1487,6212,4,11586,46344
8634,2024-12-15,1025,1607,8950,7,48005,336035
8635,2024-10-12,1061,1979,8193,5,38614,193070
8636,2024-06-09,1041,1457,5235,7,28063,196441
8637,2024-02-12,1047,1246,5022,1,41163,41163
8638,2024-09-02,1005,1005,7017,7,37773,264411
8639,2024-09-14,1029,1552,8862,2,43077,86154
8640,2024-12-08,1022,1032,5741,1,4566,4566
8641,2024-06-07,1088,1969,5284,9,9959,89631
8642,2024-05-11,1024,1664,8505,4,28050,112200
8643,2024-02-16,1012,1279,8221,4,11937,47748
8644,2024-12-05,1024,1606,8595,4,26479,105916
8645,2024-03-29,1016,1988,5847,2,2006,4012
8646,2024-02-14,1026,1907,5192,3,10960,32880
8647,2024-11-16,1010,1932,9978,3,42299,126897
8648,2024-07-12,1005,1754,5925,1,47803,47803
8649,2024-01-06,1078,1105,7083,8,34535,276280
8650,2024-09-19,1036,1945,5745,8,34368,274944
8651,2024-07-14,1095,1520,8109,3,12581,37743
8652,2024-01-18,1087,1604,8838,7,32867,230069
8653,2024-10-23,1074,1637,9793,8,13576,108608
8654,2024-04-16,1092,1066,8637,5,2378,11890
8655,2024-03-09,1071,1003,9860,3,32717,98151
8656,2024-01-25,1036,1053,7891,5,1814,9070
8657,2024-02-25,1073,1340,5265,1,27410,27410
8658,2024-01-01,1058,1133,7104,5,6079,30395
8659,2024-07-01,1009,1449,8275,7,21065,147455
8660,2024-02-23,1000,1932,9940,1,42299,42299
8661,2024-03-21,1051,1979,7126,8,38614,308912
8662,2024-06-08,1086,1044,5820,7,13635,95445
8663,2024-08-13,1017,1224,6612,5,47220,236100
8664,2024-09-20,1086,1653,6711,1,11287,11287
8665,2024-04-18,1004,1851,7858,9,29833,268497
8666,2024-11-04,1094,1170,7641,8,34869,278952
8667,2024-02-13,1083,1449,6318,5,21065,105325
8668,2024-07-19,1092,1366,5392,9,28599,257391
8669,2024-10-10,1047,1902,9739,3,2590,7770
8670,2024-05-26,1032,1310,8447,6,21703,130218
8671,2024-07-17,1056,1676,8838,6,48059,288354
8672,2024-08-21,1095,1203,6627,9,48654,437886
8673,2024-07-02,1024,1496,5023,8,9618,76944
8674,2024-02-04,1043,1271,7044,5,12842,64210
8675,2024-07-27,1090,1784,7627,8,46867,374936
8676,2024-12-25,1086,1478,8515,3,44232,132696
8677,2024-03-03,1065,1250,8739,8,34368,274944
8678,2024-03-22,1067,1070,6939,3,34587,103761
8679,2024-09-19,1024,1345,6342,7,35534,248738
8680,2024-09-11,1044,1254,9828,3,30889,92667
8681,2024-02-08,1022,1128,7912,7,28413,198891
8682,2024-10-12,1099,1513,6300,1,27223,27223
8683,2024-01-23,1040,1350,6363,9,30692,276228
8684,2024-03-24,1086,1083,9863,3,39293,117879
8685,2024-10-29,1032,1356,8872,1,10596,10596
8686,2024-07-24,1027,1122,9127,9,38948,350532
8687,2024-04-04,1007,1672,6064,9,18307,164763
8688,2024-03-03,1096,1908,8369,7,19831,138817
8689,2024-05-16,1028,1832,6940,6,9042,54252
8690,2024-05-30,1055,1306,8006,2,36317,72634
8691,2024-04-26,1014,1160,8525,7,7558,52906
8692,2024-07-09,1014,1514,7957,5,38722,193610
8693,2024-07-20,1036,1740,7645,7,44595,312165
8694,2024-09-06,1018,1571,9574,6,22260,133560
8695,2024-03-27,1058,1466,9711,7,38377,268639
8696,2024-03-14,1050,1683,8737,7,19210,134470
8697,2024-11-17,1084,1377,5435,4,46503,186012
8698,2024-02-06,1034,1103,5090,8,47449,379592
8699,2024-05-04,1089,1479,5988,1,16610,16610
8700,2024-06-14,1091,1132,6871,1,12777,12777
8701,2024-01-01,1085,1942,9279,2,24447,48894
8702,2024-12-03,1035,1554,9103,8,38592,308736
8703,2024-10-17,1052,1814,8330,8,22937,183496
8704,2024-03-11,1079,1228,6857,7,15383,107681
8705,2024-04-17,1011,1517,8456,4,10125,40500
8706,2024-03-26,1027,1187,7014,2,1166,2332
8707,2024-06-29,1070,1419,9687,2,44500,89000
8708,2024-01-25,1032,1932,5815,6,42299,253794
8709,2024-10-24,1087,1972,6986,9,2059,18531
8710,2024-05-30,1074,1373,9094,5,46367,231835
8711,2024-09-21,1078,1459,9390,7,45945,321615
8712,2024-07-21,1082,1517,9933,3,10125,30375
8713,2024-02-20,1054,1797,8304,6,12205,73230
8714,2024-08-07,1078,1100,6571,9,739,6651
8715,2024-02-26,1072,1893,7633,4,28761,115044
8716,2024-03-22,1076,1219,6014,4,3847,15388
8717,2024-06-12,1049,1137,7534,4,25216,100864
8718,2024-09-25,1028,1667,8905,3,49111,147333
8719,2024-07-01,1057,1261,6516,9,34094,306846
8720,2024-06-28,1025,1584,7126,5,2958,14790
8721,2024-10-10,1022,1279,8454,4,11937,47748
8722,2024-03-26,1016,1563,9289,3,37613,112839
8723,2024-04-20,1004,1081,6562,5,4617,23085
8724,2024-06-06,1058,1323,8249,5,7464,37320
8725,2024-02-14,1015,1428,6138,6,35537,213222
8726,2024-02-07,1093,1373,8581,5,46367,231835
8727,2024-01-20,1020,1505,6049,8,26109,208872
8728,2024-04-06,1004,1470,5252,2,27356,54712
8729,2024-12-23,1057,1282,7197,5,45489,227445
8730,2024-02-28,1025,1963,7497,2,23878,47756
8731,2024-08-11,1042,1780,9495,3,23992,71976
8732,2024-10-24,1093,1970,8352,5,42331,211655
8733,2024-07-07,1058,1586,6935,4,33382,133528
8734,2024-02-28,1085,1146,7390,7,28340,198380
8735,2024-01-08,1057,1160,8619,9,7558,68022
8736,2024-11-08,1001,1717,9080,1,30572,30572
8737,2024-04-11,1043,1268,6293,6,12176,73056
8738,2024-12-05,1075,1262,6288,5,25428,127140
8739,2024-01-21,1090,1800,9135,2,32977,65954
8740,2024-10-31,1025,1159,8441,4,31216,124864
8741,2024-08-03,1043,1556,7425,2,10626,21252
8742,2024-11-05,1088,1311,7604,9,10683,96147
8743,2024-08-18,1018,1228,8072,7,15383,107681
8744,2024-08-23,1048,1967,5412,4,16262,65048
8745,2024-05-30,1090,1301,9793,5,48841,244205
8746,2024-03-08,1080,1737,8886,5,37069,185345
8747,2024-02-15,1056,1786,6562,6,21287,127722
8748,2024-08-09,1005,1099,7006,1,9440,9440
8749,2024-08-27,1022,1417,6229,7,19285,134995
8750,2024-06-04,1081,1227,7251,3,46492,139476
8751,2024-04-04,1042,1190,5437,8,40335,322680
8752,2024-04-06,1043,1069,9036,1,14466,14466
8753,2024-11-01,1065,1762,8681,5,49256,246280
8754,2024-03-23,1044,1511,8254,9,13714,123426
8755,2024-09-01,1018,1892,8526,1,21617,21617
8756,2024-03-03,1003,1758,5937,1,22329,22329
8757,2024-01-10,1096,1309,7149,8,42072,336576
8758,2024-03-29,1097,1950,6931,5,47955,239775
8759,2024-06-13,1095,1817,8873,5,37686,188430
8760,2024-11-21,1056,1832,7511,6,9042,54252
8761,2024-10-12,1081,1300,7261,7,22583,158081
8762,2024-08-02,1008,1029,9281,9,8975,80775
8763,2024-12-01,1047,1078,9876,2,35876,71752
8764,2024-03-12,1035,1840,6288,6,38361,230166
8765,2024-07-26,1066,1246,6351,9,41163,370467
8766,2024-05-18,1017,1316,9566,1,6510,6510
8767,2024-09-02,1039,1220,5048,6,8580,51480
8768,2024-05-08,1088,1442,8176,7,3589,25123
8769,2024-04-09,1065,1129,5631,5,35845,179225
8770,2024-01-11,1064,1157,9124,3,43351,130053
8771,2024-12-05,1087,1173,6328,7,32585,228095
8772,2024-06-24,1023,1758,8762,1,22329,22329
8773,2024-11-12,1052,1067,9274,7,7325,51275
8774,2024-12-22,1041,1146,5839,1,28340,28340
8775,2024-11-11,1052,1467,7016,6,29345,176070
8776,2024-05-29,1061,1004,6478,1,26876,26876
8777,2024-03-15,1061,1584,7920,7,2958,20706
8778,2024-04-08,1067,1211,6240,4,17560,70240
8779,2024-09-21,1034,1568,8945,5,11284,56420
8780,2024-08-30,1098,1446,5554,1,30661,30661
8781,2024-03-23,1056,1563,9773,8,37613,300904
8782,2024-10-19,1060,1368,8418,4,6152,24608
8783,2024-03-10,1011,1058,6579,5,28635,143175
8784,2024-08-15,1048,1315,8764,1,22438,22438
8785,2024-06-20,1086,1122,5699,1,38948,38948
8786,2024-05-10,1021,1591,9937,7,16102,112714
8787,2024-01-10,1089,1378,5239,6,33182,199092
8788,2024-02-25,1067,1752,7813,6,34734,208404
8789,2024-02-02,1070,1595,7522,7,37237,260659
8790,2024-08-31,1022,1915,8895,5,41528,207640
8791,2024-08-13,1094,1985,6109,4,47335,189340
8792,2024-08-15,1006,1102,5183,9,32715,294435
8793,2024-09-01,1021,1672,5752,9,18307,164763
8794,2024-04-12,1039,1651,8475,3,7713,23139
8795,2024-07-15,1018,1916,6316,1,8770,8770
8796,2024-10-27,1052,1505,5419,4,26109,104436
8797,2024-11-08,1029,1311,5375,4,10683,42732
8798,2024-07-27,1025,1887,5820,1,23165,23165
8799,2024-07-10,1040,1662,9290,9,48902,440118
8800,2024-05-06,1021,1403,7411,2,38944,77888
8801,2024-01-10,1060,1982,5546,7,40953,286671
8802,2024-11-25,1072,1560,5384,7,27518,192626
8803,2024-03-06,1045,1686,5960,8,14321,114568
8804,2024-12-23,1057,1069,7073,1,14466,14466
8805,2024-12-06,1028,1254,8946,3,30889,92667
8806,2024-06-06,1095,1300,9719,6,22583,135498
8807,2024-09-12,1052,1502,8522,1,23939,23939
8808,2024-12-03,1017,1203,7236,7,48654,340578
8809,2024-02-04,1030,1162,5359,6,28996,173976
8810,2024-11-04,1031,1839,6402,1,32093,32093
8811,2024-06-15,1008,1887,9268,9,23165,208485
8812,2024-01-22,1093,1375,7639,1,2113,2113
8813,2024-03-07,1036,1154,9846,5,48402,242010
8814,2024-07-16,1095,1463,9713,1,19693,19693
8815,2024-04-09,1007,1302,8440,4,48761,195044
8816,2024-12-01,1023,1244,5098,5,10128,50640
8817,2024-07-13,1067,1287,6101,1,6041,6041
8818,2024-04-09,1051,1028,7976,1,18487,18487
8819,2024-03-15,1045,1198,7440,7,44598,312186
8820,2024-01-17,1016,1975,8986,6,47572,285432
8821,2024-05-26,1020,1052,9809,2,39764,79528
8822,2024-09-06,1047,1092,7238,6,47800,286800
8823,2024-09-11,1008,1439,5436,4,36098,144392
8824,2024-07-06,1068,1216,7201,9,32225,290025
8825,2024-11-23,1004,1298,5921,6,24719,148314
8826,2024-12-11,1093,1611,6933,7,13489,94423
8827,2024-08-27,1005,1111,5911,5,5511,27555
8828,2024-11-02,1071,1643,7342,8,2600,20800
8829,2024-06-24,1047,1447,8101,6,47197,283182
8830,2024-11-08,1045,1090,6992,8,47490,379920
8831,2024-02-01,1096,1982,8174,1,40953,40953
8832,2024-11-30,1078,1662,5064,3,48902,146706
8833,2024-05-01,1072,1315,9470,7,22438,157066
8834,2024-11-19,1062,1285,5230,8,48772,390176
8835,2024-01-28,1002,1042,5641,4,19474,77896
8836,2024-07-07,1030,1215,7070,6,4791,28746
8837,2024-11-28,1006,1815,6344,4,38970,155880
8838,2024-05-19,1015,1975,6640,2,47572,95144
8839,2024-09-27,1091,1262,7089,2,25428,50856
8840,2024-10-11,1098,1086,8039,1,36079,36079
8841,2024-12-08,1014,1741,5734,1,4007,4007
8842,2024-09-25,1006,1798,7863,5,15110,75550
8843,2024-10-20,1098,1117,6841,2,40642,81284
8844,2024-07-04,1094,1745,8028,5,33660,168300
8845,2024-04-19,1037,1018,8162,8,44894,359152
8846,2024-09-11,1007,1051,6824,8,48395,387160
8847,2024-02-04,1055,1750,6551,4,20139,80556
8848,2024-11-27,1079,1505,7174,4,26109,104436
8849,2024-08-09,1097,1835,9868,3,2515,7545
8850,2024-04-19,1000,1504,8183,6,8482,50892
8851,2024-09-17,1018,1133,5269,8,6079,48632
8852,2024-01-02,1077,1763,9984,6,1795,10770
8853,2024-08-21,1018,1889,6359,9,24253,218277
8854,2024-10-12,1086,1210,5469,4,14018,56072
8855,2024-04-08,1003,1315,6898,2,22438,44876
8856,2024-04-28,1063,1474,5069,3,19681,59043
8857,2024-01-10,1097,1499,7170,8,33517,268136
8858,2024-03-13,1001,1348,6650,5,16446,82230
8859,2024-07-27,1075,1117,6838,6,40642,243852
8860,2024-05-03,1022,1651,8674,3,7713,23139
8861,2024-02-07,1055,1165,9332,1,12521,12521
8862,2024-04-03,1081,1140,8291,8,18196,145568
8863,2024-08-20,1095,1507,8936,5,30197,150985
8864,2024-06-11,1050,1027,6673,3,4719,14157
8865,2024-11-22,1080,1004,9151,3,26876,80628
8866,2024-05-19,1030,1173,8850,4,32585,130340
8867,2024-08-29,1057,1813,5605,2,37973,75946
8868,2024-06-18,1035,1848,7765,6,48505,291030
8869,2024-04-07,1089,1154,6414,9,48402,435618
8870,2024-03-07,1011,1409,7747,2,31604,63208
8871,2024-10-15,1034,1757,7098,4,18243,72972
8872,2024-04-13,1079,1061,6250,9,18640,167760
8873,2024-05-20,1003,1195,5904,3,16449,49347
8874,2024-07-21,1027,1583,8363,8,12676,101408
8875,2024-10-16,1032,1089,6288,6,47903,287418
8876,2024-11-01,1073,1608,6311,2,9796,19592
8877,2024-05-16,1030,1639,5749,8,49254,394032
8878,2024-09-19,1077,1395,5345,3,48559,145677
8879,2024-04-15,1004,1460,6170,1,21400,21400
8880,2024-05-09,1009,1468,5884,1,46406,46406
8881,2024-09-17,1024,1179,6066,6,38829,232974
8882,2024-04-22,1040,1932,6343,6,42299,253794
8883,2024-11-17,1016,1664,7700,9,28050,252450
8884,2024-04-25,1060,1038,8309,9,15850,142650
8885,2024-05-17,1083,1706,6161,5,46666,233330
8886,2024-06-09,1059,1146,6711,1,28340,28340
8887,2024-04-17,1032,1582,5627,4,1649,6596
8888,2024-09-04,1008,1464,7309,4,22820,91280
8889,2024-05-13,1049,1076,6455,6,49664,297984
8890,2024-01-14,1030,1791,8783,1,39400,39400
8891,2024-03-18,1004,1946,5063,3,13860,41580
8892,2024-09-27,1045,1812,7429,1,38891,38891
8893,2024-08-12,1092,1775,5462,3,23882,71646
8894,2024-04-30,1003,1455,7545,4,22058,88232
8895,2024-08-10,1030,1428,8399,8,35537,284296
8896,2024-07-27,1003,1129,7056,7,35845,250915
8897,2024-08-27,1017,1925,7268,4,43646,174584
8898,2024-01-21,1081,1322,6558,6,2225,13350
8899,2024-10-11,1033,1428,7358,9,35537,319833
8900,2024-11-24,1047,1665,5923,3,34829,104487
8901,2024-04-02,1062,1528,9526,8,5909,47272
8902,2024-09-11,1013,1549,5235,7,27258,190806
8903,2024-06-10,1089,1834,7289,3,5098,15294
8904,2024-10-29,1086,1056,8729,3,18244,54732
8905,2024-09-08,1032,1160,9519,3,7558,22674
8906,2024-09-21,1080,1861,9241,1,42303,42303
8907,2024-07-06,1041,1462,8529,8,37828,302624
8908,2024-04-21,1031,1071,9102,6,22516,135096
8909,2024-01-30,1098,1349,8713,3,35167,105501
8910,2024-09-29,1042,1319,9817,1,23036,23036
8911,2024-11-10,1056,1278,6842,9,20117,181053
8912,2024-06-16,1093,1011,6954,1,23762,23762
8913,2024-04-05,1014,1358,6893,2,11710,23420
8914,2024-05-14,1049,1762,6676,3,49256,147768
8915,2024-02-07,1070,1519,9724,7,29481,206367
8916,2024-10-14,1062,1456,5937,1,27967,27967
8917,2024-03-09,1069,1967,6980,2,16262,32524
8918,2024-08-21,1008,1805,7378,2,2604,5208
8919,2024-03-07,1012,1032,5958,1,4566,4566
8920,2024-02-25,1017,1431,6912,1,31367,31367
8921,2024-10-02,1034,1352,6427,7,42618,298326
8922,2024-07-10,1000,1300,6807,9,22583,203247
8923,2024-04-29,1087,1074,9642,8,25817,206536
8924,2024-01-11,1035,1918,8821,9,44740,402660
8925,2024-05-25,1079,1874,9062,9,36086,324774
8926,2024-01-14,1081,1242,7467,4,37781,151124
8927,2024-02-03,1066,1370,5013,1,43867,43867
8928,2024-07-22,1045,1298,6962,1,24719,24719
8929,2024-03-26,1036,1280,7123,3,33453,100359
8930,2024-06-02,1071,1526,9272,3,28553,85659
8931,2024-06-18,1081,1521,8055,3,28007,84021
8932,2024-06-15,1028,1403,5512,1,38944,38944
8933,2024-07-03,1090,1271,5561,5,12842,64210
8934,2024-11-01,1043,1866,7250,2,18556,37112
8935,2024-04-22,1092,1380,5001,2,19148,38296
8936,2024-05-23,1067,1097,5079,5,23379,116895
8937,2024-11-13,1075,1212,8226,8,18238,145904
8938,2024-12-19,1076,1824,6177,3,27731,83193
8939,2024-07-29,1013,1045,6098,1,23669,23669
8940,2024-07-09,1077,1878,5262,1,12486,12486
8941,2024-10-12,1050,1635,6701,3,5747,17241
8942,2024-06-30,1073,1503,6829,7,8683,60781
8943,2024-06-03,1085,1231,6715,8,28799,230392
8944,2024-12-07,1008,1128,8511,6,28413,170478
8945,2024-07-10,1087,1792,7353,7,8128,56896
8946,2024-03-21,1080,1311,9551,1,10683,10683
8947,2024-11-30,1087,1045,5313,5,23669,118345
8948,2024-11-27,1068,1954,8419,7,6284,43988
8949,2024-02-18,1033,1445,9892,4,36864,147456
8950,2024-10-30,1064,1461,5261,4,27047,108188
8951,2024-02-24,1026,1444,7204,9,45664,410976
8952,2024-12-01,1039,1978,9430,3,42583,127749
8953,2024-03-07,1007,1775,7059,2,23882,47764
8954,2024-04-24,1005,1552,5895,8,43077,344616
8955,2024-04-21,1052,1142,7565,7,4911,34377
8956,2024-06-07,1004,1555,8642,5,46509,232545
8957,2024-04-16,1053,1849,5947,3,24995,74985
8958,2024-01-26,1017,1254,6060,3,30889,92667
8959,2024-04-19,1070,1640,8654,2,29286,58572
8960,2024-03-06,1035,1110,6127,5,40173,200865
8961,2024-07-23,1096,1224,7733,8,47220,377760
8962,2024-04-10,1053,1192,8523,1,41115,41115
8963,2024-07-24,1033,1116,7612,1,7788,7788
8964,2024-01-01,1031,1417,5521,9,19285,173565
8965,2024-08-11,1050,1387,8148,1,24362,24362
8966,2024-03-10,1002,1848,5006,6,48505,291030
8967,2024-05-29,1064,1385,5870,3,1868,5604
8968,2024-08-02,1084,1422,6779,9,48782,439038
8969,2024-11-05,1012,1254,5892,6,30889,185334
8970,2024-05-21,1007,1760,8188,8,32575,260600
8971,2024-01-14,1043,1949,5153,9,5852,52668
8972,2024-07-17,1029,1649,9357,6,38461,230766
8973,2024-01-19,1007,1297,8921,4,7611,30444
8974,2024-11-10,1057,1556,9453,7,10626,74382
8975,2024-05-29,1090,1612,5009,4,33404,133616
8976,2024-09-18,1086,1409,9967,2,31604,63208
8977,2024-11-14,1007,1794,8339,3,42419,127257
8978,2024-11-28,1060,1678,8100,3,17342,52026
8979,2024-03-14,1078,1920,6882,9,13189,118701
8980,2024-12-16,1052,1796,6867,3,49645,148935
8981,2024-09-22,1070,1365,6789,5,31461,157305
8982,2024-10-19,1075,1465,9337,7,12535,87745
8983,2024-05-24,1035,1533,9697,6,35917,215502
8984,2024-05-12,1093,1370,9978,7,43867,307069
8985,2024-05-27,1073,1857,6549,1,1230,1230
8986,2024-03-19,1061,1443,5678,6,25401,152406
8987,2024-11-04,1018,1345,9295,5,35534,177670
8988,2024-08-02,1017,1691,6725,2,40917,81834
8989,2024-02-02,1043,1596,7510,7,6122,42854
8990,2024-07-12,1019,1404,6384,4,35565,142260
8991,2024-06-26,1001,1617,5994,8,32507,260056
8992,2024-10-14,1029,1135,9852,7,18375,128625
8993,2024-11-30,1050,1372,5339,3,38223,114669
8994,2024-07-19,1043,1321,8333,9,8702,78318
8995,2024-01-03,1046,1225,8356,5,26242,131210
8996,2024-02-22,1042,1715,6718,3,3186,9558
8997,2024-09-14,1010,1112,7663,4,30683,122732
8998,2024-04-30,1085,1017,7626,8,38905,311240
8999,2024-05-29,1041,1848,7595,1,48505,48505
9000,2024-06-01,1018,1654,6392,6,28483,170898
9001,2024-08-04,1002,1770,5036,8,23712,189696
9002,2024-05-14,1003,1852,8065,7,32886,230202
9003,2024-09-12,1098,1594,9543,8,5722,45776
9004,2024-03-02,1037,1314,9280,1,4786,4786
9005,2024-10-13,1072,1694,9801,3,34535,103605
9006,2024-03-03,1071,1121,6784,5,36164,180820
9007,2024-10-19,1033,1415,6910,2,40091,80182
9008,2024-03-08,1050,1010,9453,5,28915,144575
9009,2024-08-12,1030,1977,8216,8,34532,276256
9010,2024-11-30,1082,1180,7876,3,20722,62166
9011,2024-05-16,1036,1412,5668,5,10207,51035
9012,2024-02-15,1095,1834,6100,1,5098,5098
9013,2024-04-04,1043,1497,7196,6,48099,288594
9014,2024-10-16,1058,1387,6380,9,24362,219258
9015,2024-12-29,1091,1219,8908,1,3847,3847
9016,2024-09-03,1017,1136,8634,1,9269,9269
9017,2024-11-11,1024,1312,6819,7,5511,38577
9018,2024-10-18,1009,1165,6022,8,12521,100168
9019,2024-08-01,1068,1774,5677,2,29223,58446
9020,2024-09-12,1078,1960,7498,3,34439,103317
9021,2024-02-17,1024,1418,7551,8,31957,255656
9022,2024-04-02,1083,1430,8189,6,29449,176694
9023,2024-01-06,1050,1033,9578,6,37115,222690
9024,2024-07-11,1052,1318,6080,6,825,4950
9025,2024-04-12,1009,1264,5388,5,44587,222935
9026,2024-03-14,1048,1857,7900,4,1230,4920
9027,2024-03-14,1037,1711,8869,3,33292,99876
9028,2024-04-22,1091,1274,7118,8,16051,128408
9029,2024-05-31,1045,1409,6382,3,31604,94812
9030,2024-09-19,1069,1173,7050,8,32585,260680
9031,2024-03-26,1010,1311,6128,1,10683,10683
9032,2024-02-27,1082,1265,7631,9,24102,216918
9033,2024-05-28,1015,1631,6684,2,42058,84116
9034,2024-08-01,1031,1682,5913,2,15868,31736
9035,2024-10-26,1001,1413,7489,2,1323,2646
9036,2024-10-07,1057,1551,8081,5,38769,193845
9037,2024-04-04,1089,1483,6555,2,15452,30904
9038,2024-07-26,1084,1182,7535,3,979,2937
9039,2024-05-22,1037,1441,8184,5,13301,66505
9040,2024-03-23,1078,1798,8100,9,15110,135990
9041,2024-02-21,1056,1455,5349,9,22058,198522
9042,2024-01-17,1076,1489,7211,7,3018,21126
9043,2024-08-05,1070,1046,6055,8,36237,289896
9044,2024-08-15,1058,1972,5864,1,2059,2059
9045,2024-10-18,1056,1292,5451,2,11161,22322
9046,2024-07-19,1066,1989,9037,2,30895,61790
9047,2024-03-22,1014,1696,7084,7,12275,85925
9048,2024-05-07,1083,1078,7078,5,35876,179380
9049,2024-03-20,1057,1184,5643,5,22270,111350
9050,2024-07-07,1002,1610,6678,6,35962,215772
9051,2024-06-04,1057,1898,8657,6,40233,241398
9052,2024-11-11,1026,1668,6285,3,38344,115032
9053,2024-06-08,1014,1471,8221,5,12532,62660
9054,2024-08-29,1059,1556,6853,3,10626,31878
9055,2024-11-09,1002,1598,5990,3,16790,50370
9056,2024-03-22,1027,1328,5911,4,11465,45860
9057,2024-02-13,1046,1513,5173,5,27223,136115
9058,2024-06-10,1064,1398,9537,8,42762,342096
9059,2024-08-08,1052,1991,7946,6,22166,132996
9060,2024-05-28,1019,1657,9914,7,37697,263879
9061,2024-05-03,1010,1758,6289,1,22329,22329
9062,2024-01-01,1024,1668,8629,1,38344,38344
9063,2024-07-01,1062,1295,8807,4,17383,69532
9064,2024-07-26,1003,1002,7181,8,45041,360328
9065,2024-04-06,1082,1736,9203,2,18372,36744
9066,2024-01-21,1053,1313,7719,9,45684,411156
9067,2024-12-20,1059,1326,7667,5,19525,97625
9068,2024-08-10,1027,1349,6755,8,35167,281336
9069,2024-02-17,1009,1218,8293,4,36896,147584
9070,2024-02-01,1084,1677,7921,6,26853,161118
9071,2024-10-14,1035,1668,8582,1,38344,38344
9072,2024-05-09,1079,1670,7256,6,34870,209220
9073,2024-10-04,1032,1637,9827,7,13576,95032
9074,2024-09-01,1058,1704,7889,3,1705,5115
9075,2024-02-21,1044,1872,5690,5,44686,223430
9076,2024-07-27,1050,1298,8678,8,24719,197752
9077,2024-12-17,1045,1666,7297,9,1437,12933
9078,2024-08-17,1012,1154,5821,6,48402,290412
9079,2024-07-04,1092,1629,7451,2,30242,60484
9080,2024-06-10,1003,1988,8420,5,2006,10030
9081,2024-07-17,1041,1324,8364,9,44675,402075
9082,2024-10-05,1026,1002,7168,3,45041,135123
9083,2024-02-02,1007,1668,7021,6,38344,230064
9084,2024-01-19,1045,1870,5565,6,27483,164898
9085,2024-04-30,1007,1652,5974,2,43383,86766
9086,2024-03-09,1088,1864,7134,3,47551,142653
9087,2024-10-19,1025,1059,7524,9,28820,259380
9088,2024-08-02,1000,1595,5625,9,37237,335133
9089,2024-05-02,1096,1834,9353,9,5098,45882
9090,2024-10-06,1082,1197,6530,2,29164,58328
9091,2024-02-23,1060,1362,8396,3,12628,37884
9092,2024-01-21,1083,1848,7069,9,48505,436545
9093,2024-04-06,1081,1890,5058,8,3621,28968
9094,2024-12-11,1089,1814,5822,4,22937,91748
9095,2024-05-17,1038,1963,6294,7,23878,167146
9096,2024-02-11,1008,1608,7168,5,9796,48980
9097,2024-09-02,1026,1160,9812,2,7558,15116
9098,2024-01-28,1069,1517,7166,7,10125,70875
9099,2024-02-27,1019,1885,5664,8,47126,377008
9100,2024-05-06,1064,1447,6364,4,47197,188788
9101,2024-09-19,1015,1488,9518,8,7777,62216
9102,2024-05-23,1067,1845,5033,7,10371,72597
9103,2024-04-02,1066,1454,9584,3,35458,106374
9104,2024-02-04,1021,1837,6633,3,8322,24966
9105,2024-04-01,1072,1946,6200,3,13860,41580
9106,2024-09-19,1055,1322,7033,3,2225,6675
9107,2024-01-14,1056,1868,8621,7,42952,300664
9108,2024-11-10,1053,1405,6585,5,18631,93155
9109,2024-11-13,1007,1997,5698,4,42764,171056
9110,2024-07-20,1006,1455,6509,8,22058,176464
9111,2024-11-17,1075,1791,6597,9,39400,354600
9112,2024-10-04,1000,1204,8816,3,28131,84393
9113,2024-05-23,1053,1972,7237,6,2059,12354
9114,2024-12-20,1011,1320,9707,4,1053,4212
9115,2024-10-25,1079,1754,8945,5,47803,239015
9116,2024-12-18,1013,1180,5737,7,20722,145054
9117,2024-12-19,1093,1127,9972,4,31246,124984
9118,2024-09-01,1018,1936,9419,8,37368,298944
9119,2024-01-12,1018,1099,8914,3,9440,28320
9120,2024-03-11,1076,1799,5937,7,30315,212205
9121,2024-07-02,1073,1580,5140,3,33224,99672
9122,2024-04-13,1092,1326,6638,2,19525,39050
9123,2024-01-11,1027,1241,5931,8,28258,226064
9124,2024-07-26,1076,1044,8524,2,13635,27270
9125,2024-08-12,1014,1031,5870,9,20744,186696
9126,2024-11-12,1080,1539,9170,5,27190,135950
9127,2024-09-29,1062,1352,9354,4,42618,170472
9128,2024-02-23,1022,1749,5378,9,33974,305766
9129,2024-06-21,1042,1781,5428,8,40601,324808
9130,2024-09-03,1009,1652,8748,2,43383,86766
9131,2024-06-01,1035,1988,5909,5,2006,10030
9132,2024-04-15,1062,1433,8868,1,38607,38607
9133,2024-06-07,1048,1167,5755,2,6125,12250
9134,2024-04-15,1013,1896,5868,5,15350,76750
9135,2024-07-11,1095,1430,8966,3,29449,88347
9136,2024-10-21,1033,1112,9669,1,30683,30683
9137,2024-10-02,1094,1624,5720,7,11657,81599
9138,2024-03-13,1038,1474,7445,7,19681,137767
9139,2024-02-12,1031,1285,8486,3,48772,146316
9140,2024-07-12,1079,1545,6523,7,27448,192136
9141,2024-05-08,1089,1557,7742,5,35485,177425
9142,2024-11-06,1080,1000,8473,8,16915,135320
9143,2024-04-17,1021,1417,7897,2,19285,38570
9144,2024-04-12,1099,1186,8139,7,9857,68999
9145,2024-05-12,1034,1902,6765,3,2590,7770
9146,2024-09-06,1022,1448,7484,4,41404,165616
9147,2024-09-26,1024,1681,8560,1,1693,1693
9148,2024-04-12,1068,1977,8474,7,34532,241724
9149,2024-10-22,1005,1994,8480,8,20080,160640
9150,2024-08-25,1089,1753,6978,2,43548,87096
9151,2024-04-17,1059,1274,9999,5,16051,80255
9152,2024-05-16,1005,1908,5456,5,19831,99155
9153,2024-10-24,1018,1022,5276,8,13322,106576
9154,2024-10-15,1018,1065,5097,3,27731,83193
9155,2024-01-25,1094,1386,9408,2,45605,91210
9156,2024-04-27,1086,1085,9341,2,12202,24404
9157,2024-08-17,1011,1931,5360,1,13149,13149
9158,2024-11-29,1012,1944,9777,7,38176,267232
9159,2024-09-12,1085,1711,6911,6,33292,199752
9160,2024-01-09,1049,1086,6710,3,36079,108237
9161,2024-04-28,1066,1327,8132,9,23073,207657
9162,2024-04-28,1075,1952,5211,5,19810,99050
9163,2024-03-31,1030,1856,8206,9,27650,248850
9164,2024-06-20,1076,1738,6333,1,49097,49097
9165,2024-07-29,1022,1959,5747,3,9223,27669
9166,2024-11-09,1076,1622,6043,8,4400,35200
9167,2024-04-25,1069,1138,5755,3,32156,96468
9168,2024-10-14,1057,1808,8682,8,48290,386320
9169,2024-01-22,1066,1234,5155,1,42706,42706
9170,2024-12-14,1070,1773,8337,4,29210,116840
9171,2024-02-24,1009,1873,8605,9,7298,65682
9172,2024-04-17,1094,1812,7977,7,38891,272237
9173,2024-03-17,1067,1720,6167,5,21576,107880
9174,2024-03-01,1043,1227,5071,1,46492,46492
9175,2024-05-01,1069,1696,8832,9,12275,110475
9176,2024-04-01,1081,1081,9051,6,4617,27702
9177,2024-11-18,1070,1672,8145,6,18307,109842
9178,2024-08-09,1097,1188,6590,9,1419,12771
9179,2024-05-09,1086,1017,6471,8,38905,311240
9180,2024-09-04,1007,1006,8932,9,10159,91431
9181,2024-04-30,1087,1284,5368,2,10530,21060
9182,2024-07-19,1027,1196,7996,3,37451,112353
9183,2024-06-09,1054,1399,9509,5,10795,53975
9184,2024-09-06,1066,1734,5827,5,12138,60690
9185,2024-08-05,1076,1964,7775,6,14688,88128
9186,2024-03-03,1038,1073,7817,2,21448,42896
9187,2024-08-04,1032,1412,9884,8,10207,81656
9188,2024-12-06,1079,1412,5287,1,10207,10207
9189,2024-03-04,1074,1015,5319,7,7710,53970
9190,2024-07-30,1028,1259,6869,6,28140,168840
9191,2024-04-29,1088,1064,7233,9,47734,429606
9192,2024-03-09,1016,1071,9520,7,22516,157612
9193,2024-05-03,1036,1987,5271,8,23851,190808
9194,2024-05-24,1005,1640,7584,2,29286,58572
9195,2024-10-22,1045,1505,7165,4,26109,104436
9196,2024-12-23,1013,1731,8004,9,18512,166608
9197,2024-05-08,1082,1130,6367,7,25912,181384
9198,2024-01-13,1036,1575,9618,2,43374,86748
9199,2024-09-30,1075,1753,6695,1,43548,43548
9200,2024-03-08,1082,1065,6366,3,27731,83193
9201,2024-09-26,1084,1600,8403,6,5061,30366
9202,2024-05-12,1028,1824,9600,5,27731,138655
9203,2024-03-02,1091,1356,9198,1,10596,10596
9204,2024-06-09,1080,1458,9451,3,20521,61563
9205,2024-01-26,1048,1877,9529,5,17633,88165
9206,2024-09-03,1001,1273,5506,9,24724,222516
9207,2024-07-07,1069,1105,7857,5,34535,172675
9208,2024-10-12,1088,1038,7434,1,15850,15850
9209,2024-11-13,1082,1487,5625,9,11586,104274
9210,2024-12-02,1069,1635,8964,3,5747,17241
9211,2024-08-07,1064,1120,7424,8,32482,259856
9212,2024-11-21,1045,1595,9802,1,37237,37237
9213,2024-09-05,1062,1208,9686,9,10999,98991
9214,2024-03-31,1097,1774,6512,3,29223,87669
9215,2024-02-05,1084,1950,9034,7,47955,335685
9216,2024-01-07,1020,1111,8562,7,5511,38577
9217,2024-11-16,1026,1400,8041,6,44818,268908
9218,2024-07-20,1062,1579,8728,2,14373,28746
9219,2024-11-28,1022,1803,7690,1,2103,2103
9220,2024-02-10,1099,1891,8186,3,40663,121989
9221,2024-02-01,1099,1733,9059,7,22721,159047
9222,2024-05-21,1095,1000,6782,8,16915,135320
9223,2024-09-12,1038,1758,5553,5,22329,111645
9224,2024-06-09,1057,1290,9103,3,15679,47037
9225,2024-01-30,1044,1075,7837,3,49962,149886
9226,2024-09-18,1080,1400,5474,3,44818,134454
9227,2024-01-10,1013,1591,8616,4,16102,64408
9228,2024-07-21,1021,1667,7585,7,49111,343777
9229,2024-12-24,1016,1799,5171,7,30315,212205
9230,2024-10-02,1028,1749,5101,9,33974,305766
9231,2024-12-10,1037,1950,5649,1,47955,47955
9232,2024-05-03,1089,1802,5272,5,28913,144565
9233,2024-04-27,1030,1895,8258,7,11889,83223
9234,2024-09-24,1097,1530,9998,4,12245,48980
9235,2024-10-04,1057,1092,9090,4,47800,191200
9236,2024-03-16,1090,1604,6655,4,32867,131468
9237,2024-01-14,1016,1498,5749,5,6814,34070
9238,2024-04-15,1022,1591,6989,2,16102,32204
9239,2024-06-24,1097,1771,9000,1,3583,3583
9240,2024-06-30,1081,1404,9549,6,35565,213390
9241,2024-02-05,1084,1509,5237,2,31863,63726
9242,2024-02-24,1019,1624,9978,7,11657,81599
9243,2024-09-26,1095,1114,5441,8,15305,122440
9244,2024-01-02,1075,1683,8844,3,19210,57630
9245,2024-09-12,1003,1573,6609,9,12027,108243
9246,2024-01-02,1072,1640,8628,7,29286,205002
9247,2024-03-01,1074,1850,8813,5,7487,37435
9248,2024-12-28,1048,1306,6973,4,36317,145268
9249,2024-04-16,1093,1115,8667,7,7215,50505
9250,2024-05-13,1025,1107,8433,6,3873,23238
9251,2024-01-23,1031,1217,7170,6,8286,49716
9252,2024-03-13,1027,1715,9275,2,3186,6372
9253,2024-12-16,1050,1656,5489,4,29309,117236
9254,2024-01-28,1039,1036,7781,8,19956,159648
9255,2024-01-25,1036,1987,6507,7,23851,166957
9256,2024-12-20,1050,1035,5172,3,18947,56841
9257,2024-03-05,1056,1924,9197,4,4448,17792
9258,2024-07-12,1079,1324,9029,3,44675,134025
9259,2024-07-25,1071,1613,8117,9,4901,44109
9260,2024-10-25,1066,1642,9512,7,4788,33516
9261,2024-02-09,1002,1398,5187,8,42762,342096
9262,2024-01-23,1073,1962,8702,5,38048,190240
9263,2024-06-25,1062,1332,9400,5,37014,185070
9264,2024-09-20,1011,1708,9677,1,49961,49961
9265,2024-05-07,1078,1916,6168,9,8770,78930
9266,2024-09-19,1090,1360,6814,9,46670,420030
9267,2024-10-03,1050,1278,6361,4,20117,80468
9268,2024-02-04,1010,1046,5347,1,36237,36237
9269,2024-04-10,1005,1213,8597,3,49284,147852
9270,2024-08-12,1011,1545,9309,5,27448,137240
9271,2024-08-16,1081,1808,5896,6,48290,289740
9272,2024-04-08,1024,1729,6642,9,14713,132417
9273,2024-03-22,1097,1814,5366,8,22937,183496
9274,2024-11-12,1025,1158,6960,8,34991,279928
9275,2024-11-25,1087,1034,8243,1,47475,47475
9276,2024-07-14,1057,1902,6991,7,2590,18130
9277,2024-12-30,1079,1487,8290,7,11586,81102
9278,2024-03-08,1035,1812,7465,4,38891,155564
9279,2024-09-29,1035,1824,6197,8,27731,221848
9280,2024-10-25,1020,1735,8048,7,887,6209
9281,2024-12-24,1093,1509,6312,1,31863,31863
9282,2024-12-09,1048,1628,5751,5,30016,150080
9283,2024-12-24,1083,1917,5570,7,2064,14448
9284,2024-05-20,1059,1622,5164,7,4400,30800
9285,2024-07-03,1061,1837,9615,4,8322,33288
9286,2024-06-02,1018,1660,5019,1,8770,8770
9287,2024-07-07,1010,1236,9550,9,31314,281826
9288,2024-03-02,1077,1358,6849,5,11710,58550
9289,2024-01-19,1099,1560,8914,8,27518,220144
9290,2024-03-21,1079,1046,5102,1,36237,36237
9291,2024-01-30,1002,1100,7182,4,739,2956
9292,2024-05-06,1056,1922,8795,2,37919,75838
9293,2024-08-05,1085,1777,9192,8,20426,163408
9294,2024-01-13,1068,1597,7798,5,49267,246335
9295,2024-06-25,1052,1427,9001,3,40537,121611
9296,2024-12-03,1065,1946,6787,6,13860,83160
9297,2024-04-30,1011,1401,9670,8,11881,95048
9298,2024-06-27,1061,1963,7839,8,23878,191024
9299,2024-04-20,1044,1748,9284,8,42108,336864
9300,2024-01-09,1056,1866,5392,7,18556,129892
9301,2024-08-09,1001,1997,9048,9,42764,384876
9302,2024-10-11,1054,1293,9151,1,41030,41030
9303,2024-12-14,1018,1547,6574,2,40936,81872
9304,2024-04-19,1060,1315,7690,4,22438,89752
9305,2024-05-15,1023,1707,5628,2,33347,66694
9306,2024-04-17,1004,1236,9069,1,31314,31314
9307,2024-12-02,1025,1585,9861,8,23888,191104
9308,2024-07-22,1091,1863,5135,6,7895,47370
9309,2024-01-15,1034,1841,7599,4,19616,78464
9310,2024-06-10,1018,1746,5176,4,12256,49024
9311,2024-07-13,1030,1428,5476,8,35537,284296
9312,2024-09-17,1082,1329,8961,8,42065,336520
9313,2024-12-19,1043,1458,9256,7,20521,143647
9314,2024-01-09,1018,1625,8717,3,17722,53166
9315,2024-08-03,1083,1742,6308,8,589,4712
9316,2024-09-17,1080,1648,8786,4,36724,146896
9317,2024-04-22,1011,1012,5008,9,9686,87174
9318,2024-04-26,1034,1184,8535,7,22270,155890
9319,2024-12-05,1089,1081,6650,4,4617,18468
9320,2024-02-16,1057,1366,5759,5,28599,142995
9321,2024-11-13,1071,1312,6420,5,5511,27555
9322,2024-10-27,1024,1164,5070,1,35248,35248
9323,2024-11-17,1024,1942,7640,7,24447,171129
9324,2024-10-05,1085,1522,5968,4,22022,88088
9325,2024-04-07,1012,1923,8251,3,725,2175
9326,2024-04-02,1041,1517,6974,5,10125,50625
9327,2024-10-25,1014,1928,5591,1,31188,31188
9328,2024-09-08,1022,1909,6496,2,11330,22660
9329,2024-06-11,1027,1686,5795,2,14321,28642
9330,2024-06-06,1012,1796,5540,9,49645,446805
9331,2024-03-07,1095,1102,8904,3,32715,98145
9332,2024-05-17,1074,1654,9766,1,28483,28483
9333,2024-11-07,1043,1495,7072,7,7401,51807
9334,2024-10-16,1077,1695,6779,2,13120,26240
9335,2024-03-05,1051,1836,8492,8,27761,222088
9336,2024-09-18,1034,1341,7364,4,46261,185044
9337,2024-07-16,1046,1158,9018,6,34991,209946
9338,2024-06-19,1034,1786,7404,1,21287,21287
9339,2024-01-16,1049,1754,7948,7,47803,334621
9340,2024-07-09,1086,1145,5939,8,10942,87536
9341,2024-01-25,1039,1185,7660,9,21727,195543
9342,2024-09-06,1076,1709,6033,5,38108,190540
9343,2024-01-27,1069,1200,6816,1,7898,7898
9344,2024-06-18,1092,1029,8644,3,8975,26925
9345,2024-04-26,1041,1734,7047,9,12138,109242
9346,2024-02-24,1014,1162,7742,6,28996,173976
9347,2024-12-28,1059,1528,5777,5,5909,29545
9348,2024-01-26,1057,1745,8941,9,33660,302940
9349,2024-09-28,1068,1911,5915,9,5385,48465
9350,2024-12-30,1032,1224,9158,3,47220,141660
9351,2024-04-17,1039,1323,8016,5,7464,37320
9352,2024-03-30,1001,1478,7552,9,44232,398088
9353,2024-12-22,1032,1765,7051,9,5423,48807
9354,2024-05-01,1024,1800,9336,7,32977,230839
9355,2024-12-10,1058,1505,8227,1,26109,26109
9356,2024-08-30,1026,1753,7344,9,43548,391932
9357,2024-09-25,1055,1243,6189,6,43676,262056
9358,2024-09-08,1024,1803,9618,8,2103,16824
9359,2024-03-15,1004,1778,7802,3,15136,45408
9360,2024-04-21,1061,1699,7869,7,48296,338072
9361,2024-05-30,1042,1631,8794,1,42058,42058
9362,2024-09-26,1067,1771,8791,1,3583,3583
9363,2024-04-07,1077,1190,8458,8,40335,322680
9364,2024-12-25,1080,1242,8127,2,37781,75562
9365,2024-09-11,1090,1867,7866,1,2470,2470
9366,2024-06-16,1035,1516,5764,8,47674,381392
9367,2024-09-06,1097,1191,9852,9,39493,355437
9368,2024-11-15,1009,1852,9719,2,32886,65772
9369,2024-09-02,1021,1716,8677,3,9795,29385
9370,2024-07-31,1085,1643,7423,5,2600,13000
9371,2024-10-02,1027,1625,8826,2,17722,35444
9372,2024-11-29,1047,1290,8240,6,15679,94074
9373,2024-10-06,1059,1025,7520,2,26492,52984
9374,2024-02-15,1083,1665,6880,4,34829,139316
9375,2024-01-18,1062,1530,7744,8,12245,97960
9376,2024-09-02,1001,1036,9743,1,19956,19956
9377,2024-12-15,1022,1650,9777,4,25976,103904
9378,2024-08-07,1050,1065,6762,3,27731,83193
9379,2024-06-24,1097,1383,6349,1,26627,26627
9380,2024-08-21,1079,1030,5963,4,11779,47116
9381,2024-05-28,1027,1401,5427,1,11881,11881
9382,2024-04-07,1077,1202,5030,7,24530,171710
9383,2024-01-05,1000,1555,6364,9,46509,418581
9384,2024-06-07,1014,1271,5471,5,12842,64210
9385,2024-03-27,1014,1953,6654,4,49515,198060
9386,2024-08-18,1088,1513,8913,1,27223,27223
9387,2024-04-29,1042,1570,5390,1,8016,8016
9388,2024-06-20,1004,1245,7457,7,44831,313817
9389,2024-03-04,1071,1479,9347,9,16610,149490
9390,2024-04-03,1085,1375,6101,3,2113,6339
9391,2024-06-18,1037,1505,7374,1,26109,26109
9392,2024-08-22,1062,1175,9240,5,18560,92800
9393,2024-04-30,1042,1495,9750,3,7401,22203
9394,2024-04-09,1050,1981,5469,1,34989,34989
9395,2024-05-14,1077,1675,8737,1,35364,35364
9396,2024-11-10,1082,1263,8569,6,21381,128286
9397,2024-03-09,1025,1035,6335,7,18947,132629
9398,2024-07-16,1096,1106,6111,9,6893,62037
9399,2024-10-31,1045,1024,7133,5,41060,205300
9400,2024-07-24,1011,1423,7010,1,34420,34420
9401,2024-01-11,1092,1380,7986,1,19148,19148
9402,2024-12-22,1011,1747,7695,9,11873,106857
9403,2024-05-09,1028,1478,6405,9,44232,398088
9404,2024-08-10,1060,1771,6345,2,3583,7166
9405,2024-04-19,1040,1998,7547,2,15104,30208
9406,2024-01-27,1019,1620,8270,9,12975,116775
9407,2024-11-15,1097,1682,8482,5,15868,79340
9408,2024-07-12,1045,1969,5007,7,9959,69713
9409,2024-12-11,1029,1154,8130,5,48402,242010
9410,2024-01-16,1092,1488,9589,8,7777,62216
9411,2024-03-13,1038,1421,7185,8,31527,252216
9412,2024-04-25,1039,1464,9623,7,22820,159740
9413,2024-07-19,1050,1108,8330,1,28093,28093
9414,2024-05-12,1001,1421,8734,1,31527,31527
9415,2024-06-12,1089,1631,5513,8,42058,336464
9416,2024-01-07,1064,1447,5318,7,47197,330379
9417,2024-03-01,1027,1728,9644,5,28415,142075
9418,2024-12-17,1050,1144,5188,2,27045,54090
9419,2024-04-29,1007,1908,6339,2,19831,39662
9420,2024-01-31,1030,1852,5349,9,32886,295974
9421,2024-02-17,1038,1334,8480,7,26728,187096
9422,2024-03-31,1059,1623,9142,6,30533,183198
9423,2024-01-06,1082,1628,6872,5,30016,150080
9424,2024-10-11,1076,1535,8623,9,2973,26757
9425,2024-03-24,1015,1774,5978,3,29223,87669
9426,2024-05-18,1022,1447,8307,8,47197,377576
9427,2024-10-01,1010,1116,8220,6,7788,46728
9428,2024-11-25,1087,1062,5262,9,36031,324279
9429,2024-05-12,1053,1763,9801,9,1795,16155
9430,2024-04-12,1073,1741,7818,5,4007,20035
9431,2024-11-21,1068,1487,8496,7,11586,81102
9432,2024-04-04,1011,1149,9347,6,48477,290862
9433,2024-01-18,1035,1617,6274,2,32507,65014
9434,2024-01-21,1056,1180,5052,8,20722,165776
9435,2024-01-06,1025,1329,8241,8,42065,336520
9436,2024-01-24,1091,1992,7056,9,28885,259965
9437,2024-08-12,1079,1267,8569,1,38403,38403
9438,2024-02-29,1065,1455,5830,6,22058,132348
9439,2024-10-10,1089,1103,9303,4,47449,189796
9440,2024-08-07,1003,1380,9851,6,19148,114888
9441,2024-11-25,1092,1789,7637,3,34717,104151
9442,2024-10-05,1015,1998,8540,9,15104,135936
9443,2024-11-30,1021,1166,5854,6,5115,30690
9444,2024-02-15,1063,1558,6099,6,17360,104160
9445,2024-10-19,1069,1959,6539,3,9223,27669
9446,2024-05-21,1091,1555,9955,5,46509,232545
9447,2024-10-30,1010,1015,8123,9,7710,69390
9448,2024-03-18,1041,1826,5820,8,23187,185496
9449,2024-07-17,1084,1495,8878,3,7401,22203
9450,2024-04-24,1089,1033,6395,1,37115,37115
9451,2024-02-05,1038,1941,8614,6,41670,250020
9452,2024-02-29,1046,1719,8848,7,21210,148470
9453,2024-09-01,1021,1973,9629,9,37755,339795
9454,2024-03-19,1029,1965,9515,8,36304,290432
9455,2024-07-09,1029,1566,8677,1,26408,26408
9456,2024-04-06,1032,1887,8763,4,23165,92660
9457,2024-10-30,1029,1764,9616,4,21632,86528
9458,2024-05-29,1036,1369,5840,1,12505,12505
9459,2024-02-12,1052,1073,6013,6,21448,128688
9460,2024-10-23,1029,1535,8391,1,2973,2973
9461,2024-11-14,1025,1922,7267,2,37919,75838
9462,2024-08-05,1005,1622,6167,2,4400,8800
9463,2024-07-25,1053,1241,6380,5,28258,141290
9464,2024-05-25,1055,1456,8312,9,27967,251703
9465,2024-11-23,1003,1239,5504,5,34453,172265
9466,2024-09-15,1078,1399,5965,1,10795,10795
9467,2024-02-23,1035,1129,9446,4,35845,143380
9468,2024-04-28,1062,1670,5247,5,34870,174350
9469,2024-08-30,1002,1062,7054,4,36031,144124
9470,2024-05-21,1056,1046,5159,3,36237,108711
9471,2024-10-16,1079,1254,8037,9,30889,278001
9472,2024-05-06,1015,1530,9009,1,12245,12245
9473,2024-08-12,1039,1567,5736,6,16301,97806
9474,2024-08-16,1052,1010,5345,6,28915,173490
9475,2024-08-28,1090,1853,7002,6,6923,41538
9476,2024-09-13,1005,1476,8328,5,47171,235855
9477,2024-09-01,1020,1376,5755,3,9663,28989
9478,2024-06-24,1076,1222,9883,9,27819,250371
9479,2024-12-20,1008,1903,7469,6,25151,150906
9480,2024-01-10,1062,1073,8818,3,21448,64344
9481,2024-03-23,1042,1133,5469,5,6079,30395
9482,2024-05-18,1071,1670,7865,1,34870,34870
9483,2024-04-28,1027,1754,5630,9,47803,430227
9484,2024-05-06,1044,1610,9870,8,35962,287696
9485,2024-04-08,1057,1305,8832,8,23268,186144
9486,2024-03-06,1082,1871,9364,7,20054,140378
9487,2024-09-15,1028,1249,7413,6,49865,299190
9488,2024-05-22,1094,1540,5185,2,47536,95072
9489,2024-02-28,1053,1276,5835,7,14759,103313
9490,2024-08-31,1056,1168,9054,3,34337,103011
9491,2024-12-26,1032,1836,8350,5,27761,138805
9492,2024-07-10,1069,1196,6091,4,37451,149804
9493,2024-12-13,1063,1599,6921,1,40351,40351
9494,2024-05-09,1003,1334,8053,7,26728,187096
9495,2024-06-06,1015,1439,8499,1,36098,36098
9496,2024-06-14,1002,1795,9181,4,17544,70176
9497,2024-09-17,1088,1161,5498,8,29202,233616
9498,2024-05-12,1062,1055,8898,9,48490,436410
9499,2024-01-12,1080,1972,8115,9,2059,18531
9500,2024-05-11,1021,1182,9160,8,979,7832
9501,2024-06-01,1081,1939,5969,5,9982,49910
9502,2024-10-08,1095,1415,8959,6,40091,240546
9503,2024-02-24,1017,1891,8489,2,40663,81326
9504,2024-09-12,1056,1213,5414,9,49284,443556
9505,2024-05-05,1089,1028,9749,2,18487,36974
9506,2024-02-15,1024,1002,7355,1,45041,45041
9507,2024-06-22,1027,1324,8951,5,44675,223375
9508,2024-10-25,1039,1778,7706,8,15136,121088
9509,2024-01-21,1022,1765,9461,3,5423,16269
9510,2024-09-11,1007,1175,9343,6,18560,111360
9511,2024-06-13,1012,1616,7787,9,36027,324243
9512,2024-09-24,1043,1820,6501,8,13281,106248
9513,2024-04-10,1046,1311,8386,6,10683,64098
9514,2024-05-28,1009,1948,7133,2,25324,50648
9515,2024-05-20,1040,1153,7612,4,13885,55540
9516,2024-02-02,1066,1392,9417,7,38691,270837
9517,2024-08-23,1073,1363,9390,9,19633,176697
9518,2024-07-16,1048,1970,5536,2,42331,84662
9519,2024-08-22,1063,1704,5812,7,1705,11935
9520,2024-11-27,1014,1357,8935,8,23182,185456
9521,2024-04-29,1087,1055,8691,7,48490,339430
9522,2024-06-06,1060,1283,9294,5,34605,173025
9523,2024-02-06,1073,1662,9693,5,48902,244510
9524,2024-12-03,1051,1926,9828,9,30655,275895
9525,2024-05-23,1084,1961,8450,1,41361,41361
9526,2024-02-14,1045,1188,9074,7,1419,9933
9527,2024-07-17,1058,1593,7958,2,39897,79794
9528,2024-08-25,1047,1015,9755,5,7710,38550
9529,2024-05-08,1038,1186,7905,6,9857,59142
9530,2024-06-29,1041,1745,6162,4,33660,134640
9531,2024-01-28,1050,1976,8568,4,47842,191368
9532,2024-10-26,1049,1175,8571,5,18560,92800
9533,2024-03-07,1091,1272,7351,4,15823,63292
9534,2024-08-29,1065,1494,8840,3,9181,27543
9535,2024-12-28,1040,1546,8926,9,14661,131949
9536,2024-08-31,1057,1606,5316,1,26479,26479
9537,2024-06-15,1003,1994,5582,6,20080,120480
9538,2024-09-22,1048,1442,7081,1,3589,3589
9539,2024-02-20,1002,1215,8779,5,4791,23955
9540,2024-04-18,1031,1680,6417,3,33510,100530
9541,2024-11-30,1046,1292,5489,5,11161,55805
9542,2024-05-13,1061,1112,7792,8,30683,245464
9543,2024-06-15,1097,1029,7778,8,8975,71800
9544,2024-03-20,1015,1337,9550,9,41015,369135
9545,2024-12-03,1067,1218,5404,4,36896,147584
9546,2024-04-08,1017,1399,6914,2,10795,21590
9547,2024-06-01,1091,1979,9807,8,38614,308912
9548,2024-10-15,1005,1872,9593,8,44686,357488
9549,2024-03-23,1064,1046,5995,9,36237,326133
9550,2024-04-11,1079,1795,9036,7,17544,122808
9551,2024-11-26,1036,1916,5591,2,8770,17540
9552,2024-08-18,1072,1040,9497,8,45320,362560
9553,2024-09-08,1062,1252,9374,7,2888,20216
9554,2024-12-23,1080,1812,9011,6,38891,233346
9555,2024-11-16,1099,1352,9019,6,42618,255708
9556,2024-01-25,1097,1623,5868,9,30533,274797
9557,2024-02-26,1058,1200,5748,5,7898,39490
9558,2024-10-28,1094,1447,6164,8,47197,377576
9559,2024-04-09,1033,1215,7877,9,4791,43119
9560,2024-04-28,1036,1652,9165,6,43383,260298
9561,2024-05-30,1033,1221,8517,6,9942,59652
9562,2024-03-20,1044,1170,9168,1,34869,34869
9563,2024-11-26,1000,1224,5459,9,47220,424980
9564,2024-05-29,1052,1118,5937,9,24035,216315
9565,2024-12-24,1061,1109,9696,4,24236,96944
9566,2024-05-05,1014,1884,9314,3,6299,18897
9567,2024-10-15,1094,1569,8904,3,25852,77556
9568,2024-02-10,1050,1471,5779,2,12532,25064
9569,2024-07-08,1013,1275,5256,8,23643,189144
9570,2024-03-03,1097,1113,6228,2,35234,70468
9571,2024-07-23,1058,1190,9081,7,40335,282345
9572,2024-12-06,1051,1512,5645,5,28420,142100
9573,2024-07-22,1000,1022,7204,6,13322,79932
9574,2024-06-27,1098,1544,9526,8,26010,208080
9575,2024-12-11,1074,1696,8051,5,12275,61375
9576,2024-11-16,1016,1208,5612,4,10999,43996
9577,2024-04-14,1055,1693,9355,4,46937,187748
9578,2024-11-08,1004,1449,6684,8,21065,168520
9579,2024-03-26,1016,1606,6561,4,26479,105916
9580,2024-11-23,1017,1634,6995,1,4609,4609
9581,2024-09-07,1088,1670,7565,5,34870,174350
9582,2024-12-03,1054,1437,5595,1,33745,33745
9583,2024-01-04,1098,1245,5285,1,44831,44831
9584,2024-11-16,1046,1911,5106,2,5385,10770
9585,2024-07-02,1079,1164,9840,8,35248,281984
9586,2024-06-29,1048,1868,8079,8,42952,343616
9587,2024-10-26,1022,1247,6386,8,27343,218744
9588,2024-01-16,1020,1390,6695,2,34271,68542
9589,2024-04-03,1028,1244,6327,3,10128,30384
9590,2024-10-05,1059,1995,8592,3,43532,130596
9591,2024-06-04,1045,1768,8115,4,44630,178520
9592,2024-12-22,1099,1989,8011,2,30895,61790
9593,2024-01-16,1009,1145,6282,1,10942,10942
9594,2024-02-10,1083,1425,9907,7,7600,53200
9595,2024-05-16,1052,1806,9913,8,44863,358904
9596,2024-09-14,1006,1793,5303,9,49083,441747
9597,2024-12-31,1029,1330,8846,4,16591,66364
9598,2024-02-12,1092,1192,8081,1,41115,41115
9599,2024-03-06,1054,1636,9351,5,25955,129775
9600,2024-12-17,1064,1124,5032,5,4547,22735
9601,2024-07-26,1020,1568,9415,2,11284,22568
9602,2024-09-01,1006,1485,9607,5,26398,131990
9603,2024-08-30,1043,1196,7640,5,37451,187255
9604,2024-03-17,1067,1213,7666,9,49284,443556
9605,2024-08-06,1014,1460,5411,4,21400,85600
9606,2024-08-10,1097,1528,7113,1,5909,5909
9607,2024-12-18,1001,1497,8943,7,48099,336693
9608,2024-01-21,1002,1390,9191,5,34271,171355
9609,2024-05-26,1047,1869,6438,9,45211,406899
9610,2024-11-08,1067,1710,9447,3,23031,69093
9611,2024-03-17,1046,1267,5778,4,38403,153612
9612,2024-11-11,1042,1293,9630,2,41030,82060
9613,2024-12-20,1099,1214,5686,6,48861,293166
9614,2024-02-04,1026,1687,5059,3,14018,42054
9615,2024-05-05,1003,1438,9966,6,35923,215538
9616,2024-11-18,1035,1821,9560,2,34667,69334
9617,2024-08-19,1082,1583,6587,7,12676,88732
9618,2024-03-27,1097,1014,5816,9,45125,406125
9619,2024-10-30,1079,1029,7515,8,8975,71800
9620,2024-07-06,1051,1566,6386,2,26408,52816
9621,2024-02-14,1044,1072,5165,2,47140,94280
9622,2024-11-26,1050,1620,7093,1,12975,12975
9623,2024-11-19,1085,1148,5452,6,46234,277404
9624,2024-12-13,1031,1235,6870,5,18099,90495
9625,2024-03-12,1001,1315,6597,2,22438,44876
9626,2024-08-03,1016,1973,5671,3,37755,113265
9627,2024-04-07,1022,1647,9193,9,40960,368640
9628,2024-09-27,1043,1174,9121,8,7467,59736
9629,2024-03-31,1045,1759,8442,8,37811,302488
9630,2024-05-21,1011,1887,7446,2,23165,46330
9631,2024-04-26,1053,1931,5840,4,13149,52596
9632,2024-01-02,1012,1840,9961,9,38361,345249
9633,2024-02-12,1073,1537,9802,8,17647,141176
9634,2024-03-11,1067,1595,7205,4,37237,148948
9635,2024-05-23,1070,1741,9823,7,4007,28049
9636,2024-12-07,1065,1122,5179,8,38948,311584
9637,2024-09-02,1014,1837,7063,8,8322,66576
9638,2024-10-10,1099,1673,7693,7,33346,233422
9639,2024-11-22,1061,1059,5311,6,28820,172920
9640,2024-08-01,1072,1150,7745,2,12925,25850
9641,2024-04-16,1023,1764,9277,8,21632,173056
9642,2024-09-19,1069,1486,9845,2,16114,32228
9643,2024-10-20,1060,1736,9426,3,18372,55116
9644,2024-06-24,1070,1636,5806,3,25955,77865
9645,2024-04-16,1079,1596,9005,2,6122,12244
9646,2024-03-26,1080,1680,7345,9,33510,301590
9647,2024-08-14,1093,1345,7979,7,35534,248738
9648,2024-03-22,1071,1068,9972,9,5986,53874
9649,2024-11-24,1002,1761,7837,2,7024,14048
9650,2024-08-28,1088,1182,7859,7,979,6853
9651,2024-01-02,1028,1584,5477,6,2958,17748
9652,2024-09-07,1020,1379,7180,3,14314,42942
9653,2024-02-11,1053,1556,6357,3,10626,31878
9654,2024-03-21,1005,1060,8786,8,20955,167640
9655,2024-09-18,1086,1416,9027,8,31717,253736
9656,2024-07-15,1010,1472,6346,2,2624,5248
9657,2024-09-04,1069,1691,8468,1,40917,40917
9658,2024-11-25,1026,1366,6669,2,28599,57198
9659,2024-10-22,1090,1336,8449,5,7606,38030
9660,2024-02-05,1076,1255,5475,8,37214,297712
9661,2024-04-12,1059,1359,7838,4,44846,179384
9662,2024-10-29,1072,1622,6893,6,4400,26400
9663,2024-04-07,1071,1018,6605,4,44894,179576
9664,2024-05-24,1026,1970,9245,8,42331,338648
9665,2024-10-08,1031,1775,8116,4,23882,95528
9666,2024-05-06,1092,1709,7105,3,38108,114324
9667,2024-10-30,1032,1645,9400,1,7620,7620
9668,2024-10-09,1004,1711,9641,4,33292,133168
9669,2024-10-28,1008,1440,7533,8,36881,295048
9670,2024-03-07,1012,1087,8301,5,46213,231065
9671,2024-05-26,1096,1571,5512,7,22260,155820
9672,2024-11-23,1093,1886,8423,6,5510,33060
9673,2024-03-21,1088,1402,7069,7,17755,124285
9674,2024-09-09,1005,1124,5194,7,4547,31829
9675,2024-08-29,1073,1179,9291,8,38829,310632
9676,2024-03-05,1035,1936,9734,9,37368,336312
9677,2024-03-11,1049,1346,8453,3,47428,142284
9678,2024-02-05,1060,1467,9828,9,29345,264105
9679,2024-03-07,1047,1855,9536,1,13215,13215
9680,2024-03-23,1082,1677,6473,4,26853,107412
9681,2024-06-18,1010,1382,8437,5,43965,219825
9682,2024-03-07,1016,1324,8323,4,44675,178700
9683,2024-04-07,1001,1655,5758,6,13830,82980
9684,2024-11-20,1006,1550,5561,8,21581,172648
9685,2024-10-19,1056,1864,5535,4,47551,190204
9686,2024-09-06,1030,1201,9161,7,18646,130522
9687,2024-10-28,1058,1562,6419,7,23549,164843
9688,2024-07-26,1094,1900,8460,8,8676,69408
9689,2024-11-07,1045,1115,7638,9,7215,64935
9690,2024-03-03,1080,1082,9617,6,15855,95130
9691,2024-03-18,1078,1445,7581,1,36864,36864
9692,2024-01-30,1006,1114,9848,2,15305,30610
9693,2024-12-17,1093,1808,7412,1,48290,48290
9694,2024-09-07,1013,1084,9181,1,8403,8403
9695,2024-11-14,1094,1194,5577,6,8150,48900
9696,2024-04-24,1008,1058,7389,1,28635,28635
9697,2024-12-30,1008,1756,7232,6,49731,298386
9698,2024-11-27,1001,1859,8159,6,24110,144660
9699,2024-08-06,1085,1232,5793,8,5990,47920
9700,2024-06-02,1015,1146,9629,3,28340,85020
9701,2024-08-08,1001,1847,6988,6,21621,129726
9702,2024-01-23,1078,1573,9297,9,12027,108243
9703,2024-08-01,1069,1692,8062,8,7909,63272
9704,2024-05-27,1022,1961,6597,6,41361,248166
9705,2024-12-23,1027,1775,8858,4,23882,95528
9706,2024-10-28,1042,1813,6704,9,37973,341757
9707,2024-07-26,1062,1357,5021,7,23182,162274
9708,2024-06-07,1016,1651,7836,2,7713,15426
9709,2024-11-02,1035,1087,6112,4,46213,184852
9710,2024-06-15,1018,1064,5021,2,47734,95468
9711,2024-03-03,1004,1977,6928,8,34532,276256
9712,2024-11-20,1022,1534,8756,8,32498,259984
9713,2024-10-02,1018,1294,6536,7,10146,71022
9714,2024-01-23,1000,1059,7574,6,28820,172920
9715,2024-08-11,1026,1922,8149,7,37919,265433
9716,2024-07-19,1042,1952,9586,4,19810,79240
9717,2024-10-09,1024,1555,6653,3,46509,139527
9718,2024-12-12,1053,1747,8599,1,11873,11873
9719,2024-12-01,1005,1069,9885,8,14466,115728
9720,2024-08-02,1099,1923,8768,2,725,1450
9721,2024-09-21,1080,1918,5225,6,44740,268440
9722,2024-08-16,1075,1883,9701,8,27496,219968
9723,2024-08-14,1024,1545,7850,4,27448,109792
9724,2024-11-22,1073,1536,6165,2,43994,87988
9725,2024-11-30,1045,1906,9950,3,31220,93660
9726,2024-10-03,1058,1559,9464,7,14631,102417
9727,2024-08-17,1054,1832,6670,4,9042,36168
9728,2024-12-21,1023,1869,6133,2,45211,90422
9729,2024-08-02,1074,1137,5217,7,25216,176512
9730,2024-06-05,1023,1712,9873,4,6005,24020
9731,2024-01-13,1002,1409,8579,7,31604,221228
9732,2024-07-15,1039,1905,7095,8,12590,100720
9733,2024-04-20,1019,1273,6373,6,24724,148344
9734,2024-04-12,1086,1187,8117,8,1166,9328
9735,2024-04-12,1068,1328,8693,7,11465,80255
9736,2024-06-18,1099,1044,8158,2,13635,27270
9737,2024-04-18,1076,1665,9334,2,34829,69658
9738,2024-05-05,1099,1873,7329,6,7298,43788
9739,2024-08-22,1069,1904,8829,9,21367,192303
9740,2024-05-27,1065,1035,6026,6,18947,113682
9741,2024-06-19,1092,1654,8688,9,28483,256347
9742,2024-01-01,1068,1407,9681,7,16665,116655
9743,2024-02-09,1078,1935,8460,8,11166,89328
9744,2024-08-24,1007,1762,7884,3,49256,147768
9745,2024-01-07,1097,1641,6305,4,44537,178148
9746,2024-06-11,1054,1387,8107,1,24362,24362
9747,2024-10-16,1036,1741,8587,9,4007,36063
9748,2024-11-20,1089,1350,9086,3,30692,92076
9749,2024-06-05,1072,1531,6881,1,5012,5012
9750,2024-04-23,1071,1678,6777,9,17342,156078
9751,2024-04-21,1013,1812,8356,9,38891,350019
9752,2024-09-13,1047,1153,7982,2,13885,27770
9753,2024-03-13,1088,1443,8315,7,25401,177807
9754,2024-07-11,1097,1196,5533,2,37451,74902
9755,2024-09-29,1066,1067,5701,5,7325,36625
9756,2024-08-11,1031,1853,7861,2,6923,13846
9757,2024-12-26,1035,1069,7406,7,14466,101262
9758,2024-04-03,1004,1740,9306,2,44595,89190
9759,2024-07-25,1078,1117,7302,6,40642,243852
9760,2024-06-18,1091,1798,7664,8,15110,120880
9761,2024-06-04,1017,1382,5510,5,43965,219825
9762,2024-08-31,1010,1708,8461,3,49961,149883
9763,2024-01-03,1073,1390,5482,9,34271,308439
9764,2024-08-07,1003,1324,7186,9,44675,402075
9765,2024-01-05,1019,1259,8648,7,28140,196980
9766,2024-07-12,1004,1730,5426,3,29338,88014
9767,2024-02-23,1062,1200,9859,1,7898,7898
9768,2024-10-26,1053,1548,8881,3,34446,103338
9769,2024-07-27,1064,1117,6884,6,40642,243852
9770,2024-03-16,1076,1513,5311,9,27223,245007
9771,2024-08-05,1085,1688,9452,1,41027,41027
9772,2024-04-27,1012,1978,6177,7,42583,298081
9773,2024-10-06,1078,1230,8356,3,32906,98718
9774,2024-03-20,1072,1784,6698,7,46867,328069
9775,2024-07-05,1002,1016,6060,2,45421,90842
9776,2024-01-08,1001,1495,9873,3,7401,22203
9777,2024-03-31,1011,1935,9804,1,11166,11166
9778,2024-12-11,1087,1306,7013,9,36317,326853
9779,2024-12-16,1081,1369,5113,9,12505,112545
9780,2024-07-28,1055,1471,5003,9,12532,112788
9781,2024-09-14,1057,1460,5710,4,21400,85600
9782,2024-02-10,1099,1027,9853,6,4719,28314
9783,2024-08-02,1088,1889,5638,7,24253,169771
9784,2024-07-02,1051,1557,7492,7,35485,248395
9785,2024-10-30,1014,1881,5467,5,23705,118525
9786,2024-08-28,1000,1364,6883,4,29527,118108
9787,2024-04-15,1071,1638,7694,1,42321,42321
9788,2024-01-22,1070,1617,9042,9,32507,292563
9789,2024-12-18,1098,1461,8772,4,27047,108188
9790,2024-09-01,1044,1214,6735,4,48861,195444
9791,2024-09-30,1015,1598,7610,3,16790,50370
9792,2024-03-19,1016,1969,7549,9,9959,89631
9793,2024-11-18,1029,1869,7078,2,45211,90422
9794,2024-10-30,1036,1560,9266,2,27518,55036
9795,2024-01-23,1017,1400,6111,2,44818,89636
9796,2024-04-20,1099,1538,9549,4,19863,79452
9797,2024-05-09,1075,1701,5778,3,9978,29934
9798,2024-12-27,1091,1266,7736,1,36360,36360
9799,2024-09-16,1010,1978,7575,4,42583,170332
9800,2024-06-02,1059,1635,7476,2,5747,11494
9801,2024-01-19,1058,1492,8782,9,38143,343287
9802,2024-02-18,1069,1171,6251,9,22950,206550
9803,2024-03-14,1025,1875,6357,2,18669,37338
9804,2024-08-01,1079,1730,8591,8,29338,234704
9805,2024-02-22,1037,1803,5779,6,2103,12618
9806,2024-07-08,1008,1376,7903,8,9663,77304
9807,2024-05-08,1081,1655,5060,8,13830,110640
9808,2024-05-23,1096,1315,6957,9,22438,201942
9809,2024-09-04,1082,1470,9748,1,27356,27356
9810,2024-06-28,1072,1608,5019,2,9796,19592
9811,2024-01-07,1045,1947,6889,3,875,2625
9812,2024-12-09,1043,1021,9477,5,47038,235190
9813,2024-10-17,1041,1205,6726,8,40606,324848
9814,2024-07-24,1072,1076,9967,8,49664,397312
9815,2024-03-08,1068,1213,9073,8,49284,394272
9816,2024-12-26,1022,1454,9958,6,35458,212748
9817,2024-05-22,1033,1376,6655,2,9663,19326
9818,2024-04-17,1021,1549,9678,5,27258,136290
9819,2024-07-03,1068,1576,9796,4,8474,33896
9820,2024-08-27,1064,1690,6012,3,42528,127584
9821,2024-05-30,1025,1480,6210,5,13881,69405
9822,2024-07-29,1081,1853,8247,7,6923,48461
9823,2024-03-18,1054,1382,7576,9,43965,395685
9824,2024-08-15,1089,1150,5819,1,12925,12925
9825,2024-09-03,1014,1382,6074,5,43965,219825
9826,2024-04-11,1065,1782,9695,4,4722,18888
9827,2024-08-01,1052,1363,7744,1,19633,19633
9828,2024-05-18,1078,1334,7958,7,26728,187096
9829,2024-07-04,1010,1286,9180,2,17612,35224
9830,2024-06-16,1057,1923,7660,7,725,5075
9831,2024-02-27,1083,1322,8405,7,2225,15575
9832,2024-04-28,1041,1425,5641,6,7600,45600
9833,2024-03-28,1080,1664,9312,9,28050,252450
9834,2024-05-01,1068,1800,5794,7,32977,230839
9835,2024-08-31,1032,1608,7676,8,9796,78368
9836,2024-03-07,1043,1406,9658,4,23768,95072
9837,2024-10-20,1088,1347,9773,4,32174,128696
9838,2024-05-09,1006,1820,6042,7,13281,92967
9839,2024-12-08,1097,1143,9713,4,20598,82392
9840,2024-02-09,1078,1420,8055,4,41696,166784
9841,2024-07-30,1051,1388,5157,2,34391,68782
9842,2024-02-25,1012,1234,9592,2,42706,85412
9843,2024-07-18,1031,1650,6868,5,25976,129880
9844,2024-10-17,1038,1779,6946,7,7968,55776
9845,2024-10-31,1077,1276,9242,6,14759,88554
9846,2024-04-16,1062,1401,5484,1,11881,11881
9847,2024-07-13,1019,1653,8496,9,11287,101583
9848,2024-12-17,1015,1288,5270,2,48434,96868
9849,2024-05-01,1029,1660,7403,3,8770,26310
9850,2024-04-04,1018,1409,9896,4,31604,126416
9851,2024-10-13,1085,1472,5641,7,2624,18368
9852,2024-05-04,1073,1487,8562,7,11586,81102
9853,2024-11-27,1071,1920,6194,2,13189,26378
9854,2024-05-05,1092,1034,6177,6,47475,284850
9855,2024-12-09,1077,1062,5580,9,36031,324279
9856,2024-02-05,1074,1113,6302,9,35234,317106
9857,2024-08-04,1029,1372,8643,3,38223,114669
9858,2024-01-03,1096,1886,8973,3,5510,16530
9859,2024-01-30,1033,1124,5572,8,4547,36376
9860,2024-09-11,1038,1147,8392,1,27479,27479
9861,2024-02-14,1048,1318,7036,5,825,4125
9862,2024-06-25,1004,1705,8454,5,24856,124280
9863,2024-08-09,1042,1616,7400,7,36027,252189
9864,2024-04-22,1046,1117,9889,9,40642,365778
9865,2024-05-01,1058,1766,6423,2,27620,55240
9866,2024-10-01,1068,1510,6150,8,42356,338848
9867,2024-08-19,1016,1242,5299,6,37781,226686
9868,2024-11-07,1018,1907,5157,5,10960,54800
9869,2024-09-05,1045,1543,9225,1,31348,31348
9870,2024-11-24,1055,1618,9931,2,24746,49492
9871,2024-04-12,1025,1096,5549,5,32486,162430
9872,2024-06-24,1065,1303,6174,8,15182,121456
9873,2024-08-23,1013,1990,7076,9,10541,94869
9874,2024-10-08,1051,1992,5495,7,28885,202195
9875,2024-09-01,1091,1253,6080,2,29095,58190
9876,2024-05-12,1003,1375,5200,3,2113,6339
9877,2024-12-09,1002,1186,8854,9,9857,88713
9878,2024-06-07,1078,1275,8905,8,23643,189144
9879,2024-10-06,1021,1616,6244,6,36027,216162
9880,2024-12-06,1049,1868,9944,3,42952,128856
9881,2024-01-22,1063,1804,8661,1,41212,41212
9882,2024-04-11,1082,1551,8790,6,38769,232614
9883,2024-05-29,1097,1118,9833,6,24035,144210
9884,2024-02-26,1009,1956,5913,7,41902,293314
9885,2024-06-06,1055,1567,6508,9,16301,146709
9886,2024-10-29,1097,1781,6852,1,40601,40601
9887,2024-07-13,1015,1163,6830,8,2749,21992
9888,2024-06-15,1036,1203,5774,6,48654,291924
9889,2024-12-10,1099,1345,5086,2,35534,71068
9890,2024-07-12,1054,1033,5379,7,37115,259805
9891,2024-12-12,1021,1517,9211,9,10125,91125
9892,2024-09-16,1031,1557,6870,1,35485,35485
9893,2024-07-18,1043,1716,7468,8,9795,78360
9894,2024-01-05,1080,1630,5215,6,30824,184944
9895,2024-10-26,1072,1405,7911,2,18631,37262
9896,2024-03-31,1051,1354,8862,2,31794,63588
9897,2024-01-24,1032,1082,5928,1,15855,15855
9898,2024-08-23,1096,1996,5204,1,35923,35923
9899,2024-08-22,1001,1150,7717,2,12925,25850
9900,2024-08-13,1013,1113,5996,6,35234,211404
9901,2024-01-28,1060,1575,5395,6,43374,260244
9902,2024-05-31,1096,1607,6617,3,48005,144015
9903,2024-09-02,1064,1171,8027,4,22950,91800
9904,2024-01-05,1085,1010,5332,9,28915,260235
9905,2024-01-13,1029,1579,6925,2,14373,28746
9906,2024-02-24,1026,1316,5433,5,6510,32550
9907,2024-10-12,1063,1587,9995,1,18360,18360
9908,2024-04-11,1032,1567,7920,9,16301,146709
9909,2024-12-04,1052,1690,6227,4,42528,170112
9910,2024-08-01,1079,1062,6907,2,36031,72062
9911,2024-04-22,1009,1230,6988,9,32906,296154
9912,2024-12-03,1026,1797,9403,7,12205,85435
9913,2024-03-30,1036,1009,5590,7,39529,276703
9914,2024-09-27,1001,1498,8403,7,6814,47698
9915,2024-09-03,1093,1983,9557,3,10376,31128
9916,2024-01-30,1042,1918,6751,7,44740,313180
9917,2024-01-28,1082,1512,8311,6,28420,170520
9918,2024-03-08,1018,1559,9059,8,14631,117048
9919,2024-12-22,1098,1899,8953,5,14367,71835
9920,2024-05-22,1010,1886,9448,7,5510,38570
9921,2024-02-03,1051,1155,5972,3,17655,52965
9922,2024-12-20,1031,1171,7767,1,22950,22950
9923,2024-08-14,1079,1236,8037,7,31314,219198
9924,2024-07-21,1080,1116,9352,3,7788,23364
9925,2024-03-01,1028,1834,5539,7,5098,35686
9926,2024-07-09,1083,1239,5734,6,34453,206718
9927,2024-01-02,1035,1385,9707,9,1868,16812
9928,2024-04-27,1046,1616,5364,1,36027,36027
9929,2024-11-03,1087,1569,9033,9,25852,232668
9930,2024-02-21,1042,1773,5310,2,29210,58420
9931,2024-01-15,1051,1169,7665,2,42589,85178
9932,2024-10-10,1052,1784,9452,2,46867,93734
9933,2024-04-05,1067,1420,9225,9,41696,375264
9934,2024-04-07,1004,1939,9771,7,9982,69874
9935,2024-02-24,1082,1022,7717,1,13322,13322
9936,2024-10-04,1047,1295,5243,1,17383,17383
9937,2024-09-01,1023,1212,7529,7,18238,127666
9938,2024-11-23,1000,1683,7979,1,19210,19210
9939,2024-02-07,1098,1158,8095,7,34991,244937
9940,2024-04-29,1001,1587,9725,2,18360,36720
9941,2024-09-14,1009,1220,7176,8,8580,68640
9942,2024-05-19,1062,1233,7583,3,15452,46356
9943,2024-07-01,1058,1891,9372,8,40663,325304
9944,2024-07-31,1005,1908,7764,3,19831,59493
9945,2024-05-05,1083,1473,5101,4,38111,152444
9946,2024-05-19,1082,1480,6654,3,13881,41643
9947,2024-04-18,1047,1379,8257,8,14314,114512
9948,2024-01-09,1035,1097,7994,4,23379,93516
9949,2024-02-01,1047,1787,5777,9,1417,12753
9950,2024-08-22,1028,1686,7033,1,14321,14321
9951,2024-03-13,1040,1777,9428,4,20426,81704
9952,2024-05-15,1087,1192,5367,4,41115,164460
9953,2024-09-10,1072,1819,8029,2,42642,85284
9954,2024-04-25,1031,1318,9610,7,825,5775
9955,2024-06-04,1004,1668,5763,3,38344,115032
9956,2024-03-22,1084,1437,6791,6,33745,202470
9957,2024-04-16,1016,1637,8866,5,13576,67880
9958,2024-08-16,1023,1085,5899,9,12202,109818
9959,2024-10-18,1090,1561,6440,4,46597,186388
9960,2024-04-26,1081,1576,9010,5,8474,42370
9961,2024-10-14,1085,1043,7974,7,39027,273189
9962,2024-07-31,1005,1263,9644,8,21381,171048
9963,2024-06-15,1027,1248,8918,6,3136,18816
9964,2024-02-18,1019,1776,6892,1,20535,20535
9965,2024-08-08,1079,1022,9865,7,13322,93254
9966,2024-10-05,1018,1763,8761,2,1795,3590
9967,2024-10-15,1007,1211,8098,9,17560,158040
9968,2024-06-27,1017,1929,6229,4,18907,75628
9969,2024-06-19,1036,1527,7839,8,6586,52688
9970,2024-01-04,1060,1246,8682,4,41163,164652
9971,2024-12-01,1044,1981,7871,7,34989,244923
9972,2024-07-13,1094,1508,6313,9,42795,385155
9973,2024-09-14,1037,1237,7640,6,26610,159660
9974,2024-02-14,1001,1701,7720,1,9978,9978
9975,2024-12-09,1054,1726,9862,8,43660,349280
9976,2024-07-26,1095,1576,9000,2,8474,16948
9977,2024-04-24,1014,1973,8707,7,37755,264285
9978,2024-05-09,1058,1691,8346,6,40917,245502
9979,2024-06-08,1074,1624,5395,9,11657,104913
9980,2024-01-01,1004,1662,7051,2,48902,97804
9981,2024-09-30,1092,1037,6246,2,24778,49556
9982,2024-06-08,1083,1889,6195,9,24253,218277
9983,2024-09-21,1019,1935,6399,6,11166,66996
9984,2024-11-06,1081,1369,9244,3,12505,37515
9985,2024-11-18,1011,1775,8595,2,23882,47764
9986,2024-09-04,1056,1799,8270,1,30315,30315
9987,2024-01-24,1080,1551,7890,5,38769,193845
9988,2024-09-23,1067,1705,5544,1,24856,24856
9989,2024-06-04,1018,1431,9053,7,31367,219569
9990,2024-09-28,1086,1268,7503,3,12176,36528
9991,2024-04-02,1026,1122,5422,1,38948,38948
9992,2024-12-26,1052,1026,9827,4,36901,147604
9993,2024-01-12,1041,1685,9566,5,18169,90845
9994,2024-08-25,1044,1582,5680,6,1649,9894
9995,2024-04-30,1077,1002,7842,8,45041,360328
9996,2024-03-30,1067,1852,8849,5,32886,164430
9997,2024-03-15,1067,1316,8276,1,6510,6510
9998,2024-11-17,1023,1071,5670,4,22516,90064
9999,2024-01-31,1086,1960,7202,3,34439,103317
10000,2024-07-13,1035,1144,6462,8,27045,216360
10001,2024-03-29,1074,1409,7617,7,31604,221228
10002,2024-04-07,1096,1284,7812,3,10530,31590
10003,2024-05-08,1004,1071,6326,1,22516,22516
10004,2024-10-21,1026,1933,5097,1,25457,25457
10005,2024-04-04,1036,1178,8118,4,21358,85432
10006,2024-06-12,1026,1042,6990,5,19474,97370
10007,2024-08-17,1094,1199,7661,7,26798,187586
10008,2024-05-19,1075,1775,5345,1,23882,23882
10009,2024-11-12,1046,1408,8148,4,3944,15776
10010,2024-11-23,1063,1233,9642,4,15452,61808
10011,2024-04-18,1005,1361,6953,3,20617,61851
10012,2024-01-14,1075,1501,9798,5,43872,219360
10013,2024-06-09,1055,1123,7785,5,1072,5360
10014,2024-05-11,1013,1310,5486,2,21703,43406
10015,2024-04-22,1021,1172,9634,5,24196,120980
10016,2024-10-12,1054,1474,9012,6,19681,118086
10017,2024-12-05,1074,1213,5907,1,49284,49284
10018,2024-04-03,1051,1834,7854,4,5098,20392
10019,2024-12-12,1055,1824,6123,9,27731,249579
10020,2024-03-29,1076,1560,9991,6,27518,165108
10021,2024-11-05,1005,1244,6332,8,10128,81024
10022,2024-05-13,1019,1053,5081,8,1814,14512
10023,2024-09-17,1053,1942,8077,6,24447,146682
10024,2024-07-24,1001,1703,8805,8,43261,346088
10025,2024-11-02,1074,1101,5951,1,34146,34146
10026,2024-02-03,1071,1496,5120,3,9618,28854
10027,2024-06-17,1029,1535,7698,5,2973,14865
10028,2024-12-10,1090,1573,6638,7,12027,84189
10029,2024-05-25,1053,1800,8846,9,32977,296793
10030,2024-01-20,1003,1610,6349,4,35962,143848
10031,2024-04-16,1070,1807,8491,8,25870,206960
10032,2024-05-15,1046,1156,9482,1,1105,1105
10033,2024-01-26,1087,1007,8068,4,49515,198060
10034,2024-09-02,1095,1458,8256,5,20521,102605
10035,2024-12-06,1018,1271,7667,3,12842,38526
10036,2024-06-03,1041,1890,9253,1,3621,3621
10037,2024-02-11,1098,1416,5423,6,31717,190302
10038,2024-06-26,1041,1319,5733,6,23036,138216
10039,2024-03-21,1050,1254,8784,3,30889,92667
10040,2024-06-25,1002,1650,7949,6,25976,155856
10041,2024-07-11,1081,1156,5664,8,1105,8840
10042,2024-07-09,1036,1304,8421,1,28721,28721
10043,2024-10-09,1021,1108,7370,5,28093,140465
10044,2024-09-02,1032,1087,8989,3,46213,138639
10045,2024-04-09,1097,1705,5172,7,24856,173992
10046,2024-02-04,1048,1004,5712,1,26876,26876
10047,2024-10-20,1086,1727,8441,8,37083,296664
10048,2024-10-20,1053,1436,7822,6,10794,64764
10049,2024-02-11,1061,1555,9123,6,46509,279054
10050,2024-06-18,1034,1238,7284,8,28262,226096
10051,2024-02-26,1028,1134,5631,3,15538,46614
10052,2024-12-21,1065,1990,9218,6,10541,63246
10053,2024-02-23,1049,1989,8536,9,30895,278055
10054,2024-07-06,1013,1511,9415,1,13714,13714
10055,2024-10-22,1047,1581,8542,8,14424,115392
10056,2024-03-26,1043,1836,8794,4,27761,111044
10057,2024-03-04,1071,1590,9723,4,33854,135416
10058,2024-03-21,1000,1410,6310,8,7197,57576
10059,2024-09-24,1027,1610,5773,8,35962,287696
10060,2024-07-03,1002,1565,6508,9,28460,256140
10061,2024-12-10,1070,1200,5958,8,7898,63184
10062,2024-01-26,1097,1381,7721,1,40684,40684
10063,2024-08-25,1047,1790,5151,2,23716,47432
10064,2024-10-22,1031,1185,9025,8,21727,173816
10065,2024-12-31,1008,1656,6401,5,29309,146545
10066,2024-10-25,1098,1628,7362,4,30016,120064
10067,2024-08-12,1056,1598,8402,2,16790,33580
10068,2024-11-23,1082,1301,6815,2,48841,97682
10069,2024-03-30,1045,1614,6329,6,3468,20808
10070,2024-01-17,1057,1302,6277,2,48761,97522
10071,2024-03-28,1055,1476,8919,5,47171,235855
10072,2024-01-24,1014,1314,6110,9,4786,43074
10073,2024-11-27,1094,1614,6314,4,3468,13872
10074,2024-08-10,1060,1428,7743,6,35537,213222
10075,2024-02-27,1015,1365,5764,4,31461,125844
10076,2024-07-07,1045,1061,9886,8,18640,149120
10077,2024-08-09,1070,1821,7461,7,34667,242669
10078,2024-12-18,1034,1124,6892,1,4547,4547
10079,2024-02-20,1092,1970,5937,2,42331,84662
10080,2024-03-28,1065,1369,7698,7,12505,87535
10081,2024-08-09,1056,1652,5696,9,43383,390447
10082,2024-12-13,1033,1267,5977,1,38403,38403
10083,2024-06-15,1098,1513,9506,6,27223,163338
10084,2024-07-12,1030,1041,7310,3,15850,47550
10085,2024-04-10,1011,1181,8247,5,18789,93945
10086,2024-07-20,1064,1010,5596,7,28915,202405
10087,2024-01-13,1046,1239,6614,2,34453,68906
10088,2024-05-26,1092,1368,7119,4,6152,24608
10089,2024-09-18,1064,1589,9315,1,48141,48141
10090,2024-05-25,1000,1405,7651,4,18631,74524
10091,2024-01-09,1078,1212,7017,3,18238,54714
10092,2024-03-21,1066,1108,5462,3,28093,84279
10093,2024-03-08,1013,1176,8179,1,43603,43603
10094,2024-11-05,1053,1036,5628,4,19956,79824
10095,2024-05-05,1009,1803,6242,4,2103,8412
10096,2024-02-19,1066,1984,7713,8,15805,126440
10097,2024-03-10,1083,1688,9961,7,41027,287189
10098,2024-05-18,1049,1569,9478,4,25852,103408
10099,2024-06-18,1099,1258,8074,1,18743,18743
10100,2024-03-30,1090,1961,7245,8,41361,330888
10101,2024-05-18,1035,1986,8250,1,40631,40631
10102,2024-03-12,1010,1160,8751,6,7558,45348
10103,2024-09-01,1002,1913,7960,3,32784,98352
10104,2024-03-07,1087,1943,7624,6,35652,213912
10105,2024-05-09,1038,1074,9364,7,25817,180719
10106,2024-07-28,1009,1198,5465,2,44598,89196
10107,2024-07-12,1089,1036,5499,3,19956,59868
10108,2024-01-26,1050,1689,9799,5,15943,79715
10109,2024-11-27,1031,1547,6971,1,40936,40936
10110,2024-10-19,1051,1794,5523,3,42419,127257
10111,2024-08-05,1071,1917,5683,5,2064,10320
10112,2024-02-05,1046,1286,8353,5,17612,88060
10113,2024-01-16,1012,1423,8881,1,34420,34420
10114,2024-03-18,1066,1437,7151,9,33745,303705
10115,2024-11-17,1052,1831,5667,1,34894,34894
10116,2024-01-21,1052,1709,5468,1,38108,38108
10117,2024-05-14,1014,1757,9911,4,18243,72972
10118,2024-09-01,1052,1372,8505,5,38223,191115
10119,2024-07-02,1084,1820,9336,4,13281,53124
10120,2024-06-20,1041,1821,6290,9,34667,312003
10121,2024-02-23,1028,1949,5968,2,5852,11704
10122,2024-04-02,1046,1224,8572,7,47220,330540
10123,2024-11-09,1090,1966,7146,2,47150,94300
10124,2024-10-19,1029,1901,5039,5,8528,42640
10125,2024-06-24,1013,1831,8984,4,34894,139576
10126,2024-07-08,1078,1693,5688,3,46937,140811
10127,2024-09-02,1058,1576,7119,9,8474,76266
10128,2024-10-21,1063,1614,8908,1,3468,3468
10129,2024-07-10,1043,1429,8125,8,4967,39736
10130,2024-04-13,1013,1997,5232,8,42764,342112
10131,2024-03-08,1024,1169,7350,1,42589,42589
10132,2024-11-19,1090,1369,8791,9,12505,112545
10133,2024-06-03,1043,1623,8103,3,30533,91599
10134,2024-08-13,1060,1747,8303,6,11873,71238
10135,2024-08-20,1001,1092,9274,8,47800,382400
10136,2024-04-13,1080,1586,9972,4,33382,133528
10137,2024-11-11,1078,1475,8698,9,14320,128880
10138,2024-08-27,1090,1823,8874,5,25362,126810
10139,2024-07-30,1073,1935,7511,4,11166,44664
10140,2024-05-05,1042,1014,8687,5,45125,225625
10141,2024-05-02,1008,1285,7749,9,48772,438948
10142,2024-02-05,1060,1022,9259,7,13322,93254
10143,2024-08-25,1066,1779,9400,5,7968,39840
10144,2024-08-29,1023,1502,7372,1,23939,23939
10145,2024-05-12,1064,1603,5110,8,11930,95440
10146,2024-08-14,1037,1862,9036,6,27024,162144
10147,2024-03-30,1069,1669,7735,9,24381,219429
10148,2024-09-11,1004,1122,5895,9,38948,350532
10149,2024-03-23,1067,1614,8254,7,3468,24276
10150,2024-05-18,1066,1271,5871,2,12842,25684
10151,2024-11-04,1029,1157,8338,4,43351,173404
10152,2024-01-20,1099,1579,9938,9,14373,129357
10153,2024-11-24,1086,1288,5490,3,48434,145302
10154,2024-03-24,1061,1440,9784,8,36881,295048
10155,2024-01-27,1006,1864,8035,1,47551,47551
10156,2024-02-27,1050,1251,6035,8,38765,310120
10157,2024-11-25,1031,1667,8757,7,49111,343777
10158,2024-08-04,1073,1468,8614,3,46406,139218
10159,2024-11-28,1096,1718,7343,2,27095,54190
10160,2024-05-04,1025,1537,7653,4,17647,70588
10161,2024-10-14,1042,1636,6363,1,25955,25955
10162,2024-07-18,1061,1525,8354,9,47466,427194
10163,2024-10-09,1030,1696,9248,8,12275,98200
10164,2024-08-01,1093,1654,5353,8,28483,227864
10165,2024-06-04,1022,1705,7082,8,24856,198848
10166,2024-01-18,1063,1015,8573,9,7710,69390
10167,2024-12-08,1092,1292,5179,3,11161,33483
10168,2024-04-14,1071,1250,6726,7,34368,240576
10169,2024-06-07,1054,1778,8911,1,15136,15136
10170,2024-02-10,1015,1778,9754,1,15136,15136
10171,2024-10-16,1008,1160,8729,8,7558,60464
10172,2024-01-07,1003,1257,5719,7,42754,299278
10173,2024-01-05,1082,1544,5978,9,26010,234090
10174,2024-01-21,1038,1062,8150,6,36031,216186
10175,2024-05-13,1043,1898,5846,9,40233,362097
10176,2024-04-29,1040,1339,8356,8,20066,160528
10177,2024-08-29,1012,1288,6296,1,48434,48434
10178,2024-04-15,1075,1793,5167,8,49083,392664
10179,2024-12-08,1072,1801,5074,5,6074,30370
10180,2024-05-10,1011,1077,8749,9,5098,45882
10181,2024-02-07,1023,1435,7952,9,39178,352602
10182,2024-03-27,1047,1860,8446,1,6957,6957
10183,2024-12-01,1076,1961,9051,3,41361,124083
10184,2024-04-22,1098,1241,7735,3,28258,84774
10185,2024-09-07,1031,1967,9152,3,16262,48786
10186,2024-12-10,1037,1922,6440,6,37919,227514
10187,2024-12-27,1077,1455,7831,8,22058,176464
10188,2024-03-11,1065,1838,9868,3,29512,88536
10189,2024-09-20,1053,1202,8508,3,24530,73590
10190,2024-03-09,1020,1371,6086,6,36716,220296
10191,2024-09-11,1030,1230,8824,7,32906,230342
10192,2024-10-01,1063,1605,6079,7,6446,45122
10193,2024-03-26,1051,1486,5700,8,16114,128912
10194,2024-08-05,1034,1176,9363,5,43603,218015
10195,2024-02-19,1015,1302,5912,6,48761,292566
10196,2024-05-13,1039,1660,9953,6,8770,52620
10197,2024-08-17,1089,1916,9267,9,8770,78930
10198,2024-03-01,1037,1198,8995,9,44598,401382
10199,2024-09-08,1056,1211,5726,3,17560,52680
10200,2024-08-17,1002,1316,7323,5,6510,32550
10201,2024-12-16,1036,1368,9432,7,6152,43064
10202,2024-02-27,1099,1754,7483,1,47803,47803
10203,2024-07-03,1001,1909,8071,3,11330,33990
10204,2024-07-21,1085,1915,9558,7,41528,290696
10205,2024-02-01,1002,1516,9072,3,47674,143022
10206,2024-05-24,1046,1158,5214,6,34991,209946
10207,2024-06-17,1089,1701,8700,8,9978,79824
10208,2024-01-22,1026,1907,7509,8,10960,87680
10209,2024-12-01,1062,1567,5359,8,16301,130408
10210,2024-10-24,1037,1439,9973,1,36098,36098
10211,2024-03-19,1043,1395,9378,3,48559,145677
10212,2024-05-15,1007,1193,5294,5,13641,68205
10213,2024-10-28,1022,1537,9458,6,17647,105882
10214,2024-06-24,1005,1067,5830,3,7325,21975
10215,2024-03-17,1024,1541,5491,7,8122,56854
10216,2024-01-30,1058,1481,9170,6,4017,24102
10217,2024-10-10,1056,1996,8877,6,35923,215538
10218,2024-11-24,1057,1275,5362,2,23643,47286
10219,2024-06-01,1015,1705,8808,6,24856,149136
10220,2024-07-31,1025,1620,7738,5,12975,64875
10221,2024-06-27,1078,1418,5079,3,31957,95871
10222,2024-10-21,1046,1334,6264,1,26728,26728
10223,2024-03-23,1095,1818,7259,9,15797,142173
10224,2024-07-18,1039,1751,9486,8,21523,172184
10225,2024-11-18,1018,1269,8148,6,48594,291564
10226,2024-05-08,1077,1310,8106,7,21703,151921
10227,2024-10-20,1043,1931,6603,2,13149,26298
10228,2024-07-09,1098,1880,7856,6,9382,56292
10229,2024-02-21,1025,1820,7650,5,13281,66405
10230,2024-03-23,1051,1693,6951,1,46937,46937
10231,2024-12-06,1036,1446,6981,2,30661,61322
10232,2024-07-06,1076,1733,8591,9,22721,204489
10233,2024-01-13,1046,1441,6333,7,13301,93107
10234,2024-08-06,1071,1154,7647,5,48402,242010
10235,2024-01-17,1013,1513,5974,9,27223,245007
10236,2024-08-29,1025,1468,5666,7,46406,324842
10237,2024-12-05,1046,1883,7828,7,27496,192472
10238,2024-06-06,1093,1077,7692,5,5098,25490
10239,2024-06-14,1012,1602,8045,5,23417,117085
10240,2024-05-18,1099,1468,5326,3,46406,139218
10241,2024-10-20,1010,1278,8492,4,20117,80468
10242,2024-01-28,1001,1674,9730,6,33184,199104
10243,2024-12-24,1029,1317,6453,6,49439,296634
10244,2024-06-09,1023,1111,9697,7,5511,38577
10245,2024-06-30,1081,1327,5750,6,23073,138438
10246,2024-10-06,1022,1058,7233,6,28635,171810
10247,2024-06-03,1069,1971,8666,5,40560,202800
10248,2024-10-28,1074,1703,9169,6,43261,259566
10249,2024-08-01,1006,1859,5695,3,24110,72330
10250,2024-12-05,1046,1936,9969,8,37368,298944
10251,2024-12-18,1096,1928,8693,6,31188,187128
10252,2024-03-09,1009,1224,6251,3,47220,141660
10253,2024-11-20,1084,1648,6285,8,36724,293792
10254,2024-10-21,1072,1381,8022,1,40684,40684
10255,2024-07-27,1029,1334,8159,1,26728,26728
10256,2024-06-05,1047,1841,8869,5,19616,98080
10257,2024-03-15,1024,1304,6032,4,28721,114884
10258,2024-12-07,1088,1769,9160,7,44109,308763
10259,2024-10-13,1023,1130,9913,2,25912,51824
10260,2024-08-18,1011,1662,5825,2,48902,97804
10261,2024-03-05,1070,1201,6669,6,18646,111876
10262,2024-09-27,1033,1786,9814,2,21287,42574
10263,2024-03-23,1002,1744,6018,5,31855,159275
10264,2024-03-14,1005,1273,8398,8,24724,197792
10265,2024-09-21,1058,1674,5346,9,33184,298656
10266,2024-09-25,1026,1232,5905,2,5990,11980
10267,2024-10-27,1082,1949,8679,3,5852,17556
10268,2024-03-30,1071,1443,5739,3,25401,76203
10269,2024-12-25,1035,1648,6997,2,36724,73448
10270,2024-10-26,1060,1222,6318,6,27819,166914
10271,2024-01-02,1099,1349,8387,7,35167,246169
10272,2024-06-24,1081,1228,8631,1,15383,15383
10273,2024-05-04,1070,1947,7305,4,875,3500
10274,2024-09-24,1064,1945,5663,2,34368,68736
10275,2024-08-02,1004,1011,6033,1,23762,23762
10276,2024-03-07,1041,1528,9285,8,5909,47272
10277,2024-06-26,1013,1218,5417,8,36896,295168
10278,2024-09-23,1064,1852,7009,4,32886,131544
10279,2024-01-05,1011,1304,5677,6,28721,172326
10280,2024-10-27,1082,1687,7997,4,14018,56072
10281,2024-07-20,1001,1757,5596,8,18243,145944
10282,2024-04-26,1013,1538,7072,6,19863,119178
10283,2024-12-01,1066,1245,8243,9,44831,403479
10284,2024-12-15,1098,1909,5427,7,11330,79310
10285,2024-08-19,1076,1182,7903,7,979,6853
10286,2024-03-24,1066,1488,9553,7,7777,54439
10287,2024-03-29,1013,1629,9642,4,30242,120968
10288,2024-08-14,1033,1396,9027,7,33873,237111
10289,2024-04-20,1044,1514,6365,9,38722,348498
10290,2024-11-18,1008,1959,5365,4,9223,36892
10291,2024-01-12,1009,1215,9014,9,4791,43119
10292,2024-01-27,1007,1223,6503,1,12111,12111
10293,2024-04-14,1028,1100,9239,3,739,2217
10294,2024-03-26,1060,1887,8966,1,23165,23165
10295,2024-06-04,1053,1583,6501,3,12676,38028
10296,2024-07-17,1038,1354,5163,5,31794,158970
10297,2024-05-16,1032,1662,5580,5,48902,244510
10298,2024-01-31,1022,1719,7906,5,21210,106050
10299,2024-06-12,1071,1867,9237,1,2470,2470
10300,2024-04-22,1039,1712,6124,4,6005,24020
10301,2024-12-26,1022,1806,8859,6,44863,269178
10302,2024-09-27,1058,1825,6563,5,42104,210520
10303,2024-12-18,1049,1529,8455,4,47282,189128
10304,2024-10-13,1099,1624,5261,1,11657,11657
10305,2024-09-14,1063,1181,5789,5,18789,93945
10306,2024-07-19,1055,1798,9348,2,15110,30220
10307,2024-10-25,1042,1485,6159,4,26398,105592
10308,2024-01-01,1083,1319,6664,4,23036,92144
10309,2024-07-29,1057,1809,7364,8,5370,42960
10310,2024-09-21,1011,1036,7726,2,19956,39912
10311,2024-07-06,1035,1110,9688,2,40173,80346
10312,2024-12-22,1072,1993,5520,5,40964,204820
10313,2024-08-28,1096,1750,7198,3,20139,60417
10314,2024-07-11,1005,1616,5482,5,36027,180135
10315,2024-04-19,1031,1837,9327,2,8322,16644
10316,2024-04-20,1064,1867,5264,4,2470,9880
10317,2024-03-05,1059,1758,9074,9,22329,200961
10318,2024-03-05,1053,1205,6395,7,40606,284242
10319,2024-11-12,1023,1511,6713,9,13714,123426
10320,2024-08-22,1028,1360,8053,1,46670,46670
10321,2024-04-04,1007,1343,9921,7,3085,21595
10322,2024-07-15,1012,1352,5120,4,42618,170472
10323,2024-10-17,1062,1882,5129,4,11567,46268
10324,2024-07-14,1024,1809,5940,1,5370,5370
10325,2024-02-07,1028,1881,5440,8,23705,189640
10326,2024-02-08,1058,1978,7709,7,42583,298081
10327,2024-05-28,1060,1540,9010,2,47536,95072
10328,2024-06-12,1087,1372,9052,8,38223,305784
10329,2024-12-31,1090,1453,9410,4,11202,44808
10330,2024-08-07,1025,1642,5923,3,4788,14364
10331,2024-10-02,1083,1145,5719,5,10942,54710
10332,2024-02-12,1067,1852,8968,5,32886,164430
10333,2024-08-25,1021,1924,5406,4,4448,17792
10334,2024-06-11,1006,1563,9284,6,37613,225678
10335,2024-11-15,1056,1372,9679,5,38223,191115
10336,2024-04-16,1061,1041,5778,2,15850,31700
10337,2024-10-14,1017,1307,5007,7,20980,146860
10338,2024-10-18,1009,1419,7542,9,44500,400500
10339,2024-04-14,1030,1222,5562,2,27819,55638
10340,2024-03-09,1025,1903,6822,2,25151,50302
10341,2024-04-18,1054,1991,5365,2,22166,44332
10342,2024-06-28,1089,1207,8162,7,29643,207501
10343,2024-05-11,1024,1725,5747,6,30461,182766
10344,2024-01-07,1051,1126,6699,4,29520,118080
10345,2024-12-05,1017,1001,9133,8,38817,310536
10346,2024-05-28,1023,1562,8852,2,23549,47098
10347,2024-07-03,1014,1910,9915,6,44171,265026
10348,2024-06-04,1007,1359,6815,1,44846,44846
10349,2024-10-16,1042,1016,7278,5,45421,227105
10350,2024-09-01,1088,1652,8655,8,43383,347064
10351,2024-09-28,1098,1181,7867,1,18789,18789
10352,2024-02-07,1023,1383,9065,2,26627,53254
10353,2024-04-24,1084,1226,9451,1,14368,14368
10354,2024-12-02,1064,1664,9052,4,28050,112200
10355,2024-04-28,1025,1713,6411,9,41673,375057
10356,2024-05-11,1073,1108,7954,4,28093,112372
10357,2024-02-25,1025,1586,6719,7,33382,233674
10358,2024-04-29,1065,1928,9614,5,31188,155940
10359,2024-02-19,1039,1589,9918,9,48141,433269
10360,2024-12-30,1013,1609,6149,5,45965,229825
10361,2024-12-27,1032,1149,8659,6,48477,290862
10362,2024-03-22,1056,1427,6470,6,40537,243222
10363,2024-02-18,1038,1643,9484,1,2600,2600
10364,2024-02-17,1000,1363,7434,3,19633,58899
10365,2024-05-13,1093,1153,9339,2,13885,27770
10366,2024-08-25,1036,1640,6855,7,29286,205002
10367,2024-11-30,1017,1009,8042,4,39529,158116
10368,2024-06-21,1029,1611,8325,9,13489,121401
10369,2024-05-24,1026,1001,6184,3,38817,116451
10370,2024-07-05,1059,1540,6154,7,47536,332752
10371,2024-04-29,1048,1920,7201,5,13189,65945
10372,2024-07-02,1029,1470,5293,2,27356,54712
10373,2024-12-22,1044,1380,9328,1,19148,19148
10374,2024-12-28,1099,1989,7593,5,30895,154475
10375,2024-03-19,1020,1827,6613,3,34247,102741
10376,2024-06-11,1053,1088,7284,7,35817,250719
10377,2024-01-08,1015,1780,8437,9,23992,215928
10378,2024-04-08,1080,1679,7640,4,27192,108768
10379,2024-11-12,1017,1673,8979,9,33346,300114
10380,2024-12-21,1033,1802,6830,6,28913,173478
10381,2024-01-27,1020,1509,8560,1,31863,31863
10382,2024-10-02,1075,1590,7667,7,33854,236978
10383,2024-11-08,1030,1550,6885,3,21581,64743
10384,2024-10-05,1009,1553,5826,2,37224,74448
10385,2024-12-21,1003,1979,5966,1,38614,38614
10386,2024-07-22,1014,1234,5239,9,42706,384354
10387,2024-06-08,1052,1213,6314,4,49284,197136
10388,2024-06-26,1058,1792,7226,4,8128,32512
10389,2024-07-10,1054,1653,8699,3,11287,33861
10390,2024-02-09,1061,1338,5499,1,3402,3402
10391,2024-12-25,1041,1621,5807,4,13880,55520
10392,2024-08-23,1027,1597,6444,1,49267,49267
10393,2024-02-02,1006,1214,7189,8,48861,390888
10394,2024-01-29,1010,1768,8826,6,44630,267780
10395,2024-02-02,1028,1508,8099,2,42795,85590
10396,2024-04-09,1033,1422,9340,2,48782,97564
10397,2024-05-24,1093,1797,9107,7,12205,85435
10398,2024-11-25,1090,1644,7408,3,37636,112908
10399,2024-03-05,1024,1733,6347,2,22721,45442
10400,2024-05-01,1055,1454,6632,1,35458,35458
10401,2024-02-12,1039,1445,6591,2,36864,73728
10402,2024-07-27,1086,1252,6028,2,2888,5776
10403,2024-08-17,1092,1716,7440,5,9795,48975
10404,2024-05-06,1062,1158,9433,4,34991,139964
10405,2024-12-21,1049,1134,5991,5,15538,77690
10406,2024-07-04,1010,1126,8707,6,29520,177120
10407,2024-08-24,1059,1757,5801,8,18243,145944
10408,2024-03-31,1063,1284,9007,6,10530,63180
10409,2024-02-12,1003,1050,8428,9,34507,310563
10410,2024-02-15,1099,1984,6659,5,15805,79025
10411,2024-01-25,1030,1716,8189,6,9795,58770
10412,2024-12-19,1073,1239,5806,4,34453,137812
10413,2024-07-13,1053,1884,8179,4,6299,25196
10414,2024-12-14,1079,1078,8340,5,35876,179380
10415,2024-04-08,1055,1178,5387,1,21358,21358
10416,2024-09-12,1093,1861,9807,2,42303,84606
10417,2024-12-26,1098,1966,8360,4,47150,188600
10418,2024-11-25,1043,1836,9143,7,27761,194327
10419,2024-10-20,1080,1013,8408,2,23574,47148
10420,2024-09-02,1004,1093,9757,2,16585,33170
10421,2024-06-14,1066,1022,5795,4,13322,53288
10422,2024-09-13,1079,1079,6652,4,49659,198636
10423,2024-11-05,1067,1343,9793,9,3085,27765
10424,2024-12-17,1008,1554,8326,9,38592,347328
10425,2024-10-04,1003,1567,5362,5,16301,81505
10426,2024-07-07,1084,1404,7968,1,35565,35565
10427,2024-07-04,1073,1106,7155,8,6893,55144
10428,2024-06-30,1094,1925,8399,6,43646,261876
10429,2024-10-01,1080,1459,6900,5,45945,229725
10430,2024-08-14,1015,1756,6951,1,49731,49731
10431,2024-02-03,1069,1364,8502,6,29527,177162
10432,2024-07-25,1093,1423,8832,5,34420,172100
10433,2024-02-13,1014,1093,6681,3,16585,49755
10434,2024-09-01,1051,1101,6519,7,34146,239022
10435,2024-09-10,1030,1533,9634,4,35917,143668
10436,2024-04-18,1093,1385,9077,2,1868,3736
10437,2024-11-18,1079,1918,5041,1,44740,44740
10438,2024-04-23,1043,1617,7408,2,32507,65014
10439,2024-10-04,1035,1214,8745,7,48861,342027
10440,2024-08-24,1001,1469,7446,9,18332,164988
10441,2024-01-29,1027,1189,8994,1,43361,43361
10442,2024-08-09,1039,1541,8218,1,8122,8122
10443,2024-11-13,1062,1154,9707,1,48402,48402
10444,2024-09-27,1062,1993,7636,2,40964,81928
10445,2024-08-29,1016,1458,6468,8,20521,164168
10446,2024-04-06,1037,1732,6968,2,11948,23896
10447,2024-12-08,1035,1036,5924,4,19956,79824
10448,2024-09-19,1031,1325,7642,2,30607,61214
10449,2024-12-05,1053,1527,5090,6,6586,39516
10450,2024-01-07,1058,1123,8758,6,1072,6432
10451,2024-09-29,1024,1019,9698,8,35500,284000
10452,2024-10-14,1076,1841,8327,2,19616,39232
10453,2024-11-30,1013,1941,6326,1,41670,41670
10454,2024-07-23,1043,1869,7747,1,45211,45211
10455,2024-07-02,1024,1228,8188,5,15383,76915
10456,2024-11-13,1034,1378,5163,5,33182,165910
10457,2024-02-27,1092,1329,8293,2,42065,84130
10458,2024-04-20,1078,1747,9532,6,11873,71238
10459,2024-07-04,1078,1408,6362,2,3944,7888
10460,2024-05-10,1046,1314,8068,7,4786,33502
10461,2024-03-29,1046,1725,8268,3,30461,91383
10462,2024-12-01,1016,1671,5137,2,8793,17586
10463,2024-04-27,1088,1656,9025,6,29309,175854
10464,2024-09-13,1022,1217,6840,1,8286,8286
10465,2024-04-19,1095,1463,5106,5,19693,98465
10466,2024-03-07,1094,1393,6718,6,29740,178440
10467,2024-05-27,1086,1144,7090,8,27045,216360
10468,2024-08-07,1016,1897,7098,3,10068,30204
10469,2024-08-01,1028,1577,6685,7,12590,88130
10470,2024-03-02,1001,1028,8882,1,18487,18487
10471,2024-02-25,1010,1237,7941,6,26610,159660
10472,2024-11-07,1015,1890,5680,1,3621,3621
10473,2024-11-29,1050,1643,8495,7,2600,18200
10474,2024-11-30,1080,1285,7705,8,48772,390176
10475,2024-04-05,1020,1188,7353,6,1419,8514
10476,2024-05-25,1020,1953,8521,1,49515,49515
10477,2024-02-17,1005,1203,6138,8,48654,389232
10478,2024-10-20,1045,1161,6671,2,29202,58404
10479,2024-10-04,1022,1333,7642,9,7601,68409
10480,2024-07-21,1057,1151,7887,1,42146,42146
10481,2024-07-17,1056,1855,7160,6,13215,79290
10482,2024-11-24,1060,1250,6934,5,34368,171840
10483,2024-05-03,1095,1593,6384,5,39897,199485
10484,2024-07-18,1038,1536,5212,6,43994,263964
10485,2024-03-15,1044,1344,7157,6,49389,296334
10486,2024-06-05,1028,1104,5409,8,16595,132760
10487,2024-05-13,1030,1280,8392,4,33453,133812
10488,2024-11-07,1088,1731,6371,9,18512,166608
10489,2024-04-29,1001,1157,7568,8,43351,346808
10490,2024-01-12,1085,1950,9249,1,47955,47955
10491,2024-08-22,1036,1600,8532,4,5061,20244
10492,2024-10-21,1043,1919,6540,8,46155,369240
10493,2024-04-17,1078,1231,7833,8,28799,230392
10494,2024-02-02,1069,1894,8636,4,20880,83520
10495,2024-04-29,1062,1422,5406,8,48782,390256
10496,2024-09-12,1096,1204,6243,3,28131,84393
10497,2024-03-23,1074,1769,6732,3,44109,132327
10498,2024-06-29,1052,1673,9186,9,33346,300114
10499,2024-08-15,1075,1527,9563,7,6586,46102
10500,2024-10-01,1087,1175,6251,6,18560,111360
10501,2024-07-04,1002,1151,5996,2,42146,84292
10502,2024-12-06,1093,1945,7125,9,34368,309312
10503,2024-07-29,1018,1129,6198,1,35845,35845
10504,2024-09-05,1044,1476,9890,1,47171,47171
10505,2024-02-12,1060,1038,7056,8,15850,126800
10506,2024-03-13,1054,1358,9405,3,11710,35130
10507,2024-12-07,1070,1208,6668,9,10999,98991
10508,2024-01-19,1075,1442,9298,7,3589,25123
10509,2024-06-13,1028,1662,7562,7,48902,342314
10510,2024-09-23,1047,1523,8848,1,30324,30324
10511,2024-05-07,1071,1076,6456,1,49664,49664
10512,2024-12-20,1062,1580,6389,7,33224,232568
10513,2024-10-27,1020,1142,6869,9,4911,44199
10514,2024-11-13,1056,1500,9233,2,28433,56866
10515,2024-12-16,1012,1059,6526,7,28820,201740
10516,2024-05-21,1026,1319,7428,8,23036,184288
10517,2024-02-03,1067,1897,9998,2,10068,20136
10518,2024-04-07,1095,1965,9958,1,36304,36304
10519,2024-07-28,1087,1831,8109,7,34894,244258
10520,2024-11-11,1063,1163,9841,1,2749,2749
10521,2024-11-15,1008,1214,7724,2,48861,97722
10522,2024-07-16,1073,1268,6500,5,12176,60880
10523,2024-09-12,1074,1769,5581,3,44109,132327
10524,2024-02-11,1096,1887,7264,5,23165,115825
10525,2024-04-13,1006,1772,6092,8,19114,152912
10526,2024-11-17,1010,1039,6353,5,34809,174045
10527,2024-07-07,1027,1975,5278,3,47572,142716
10528,2024-11-17,1093,1447,8852,2,47197,94394
10529,2024-12-08,1071,1038,6945,5,15850,79250
10530,2024-03-02,1026,1674,9690,1,33184,33184
10531,2024-05-22,1021,1952,5879,6,19810,118860
10532,2024-08-09,1041,1552,6073,4,43077,172308
10533,2024-01-20,1031,1172,9073,5,24196,120980
10534,2024-10-06,1013,1161,7936,9,29202,262818
10535,2024-09-21,1025,1914,5446,5,30190,150950
10536,2024-09-04,1054,1234,5331,3,42706,128118
10537,2024-04-25,1074,1381,7283,8,40684,325472
10538,2024-09-11,1070,1729,9067,8,14713,117704
10539,2024-10-23,1054,1809,6824,1,5370,5370
10540,2024-01-13,1044,1874,6716,8,36086,288688
10541,2024-02-15,1029,1016,6543,9,45421,408789
10542,2024-11-29,1065,1112,8663,5,30683,153415
10543,2024-08-29,1098,1034,6608,5,47475,237375
10544,2024-03-11,1025,1203,9986,8,48654,389232
10545,2024-02-28,1088,1162,6781,1,28996,28996
10546,2024-07-22,1000,1356,9327,2,10596,21192
10547,2024-02-20,1092,1261,9476,9,34094,306846
10548,2024-01-16,1023,1435,7256,6,39178,235068
10549,2024-02-20,1054,1073,8146,3,21448,64344
10550,2024-08-11,1064,1810,7230,6,25598,153588
10551,2024-05-07,1024,1406,5782,9,23768,213912
10552,2024-06-18,1097,1722,5834,7,26176,183232
10553,2024-09-23,1041,1115,8734,9,7215,64935
10554,2024-03-08,1043,1170,6818,7,34869,244083
10555,2024-04-30,1068,1436,7141,1,10794,10794
10556,2024-06-28,1011,1583,9749,9,12676,114084
10557,2024-08-13,1007,1584,9892,4,2958,11832
10558,2024-11-23,1062,1450,9739,2,40929,81858
10559,2024-07-09,1077,1864,7627,9,47551,427959
10560,2024-10-27,1019,1193,9298,5,13641,68205
10561,2024-09-07,1039,1417,9469,2,19285,38570
10562,2024-01-06,1072,1930,7520,9,28212,253908
10563,2024-09-18,1004,1465,6547,7,12535,87745
10564,2024-03-31,1000,1666,9147,7,1437,10059
10565,2024-07-12,1010,1496,8914,1,9618,9618
10566,2024-11-24,1003,1747,6766,5,11873,59365
10567,2024-03-04,1037,1666,7015,4,1437,5748
10568,2024-10-20,1016,1997,5842,5,42764,213820
10569,2024-08-13,1067,1447,6094,7,47197,330379
10570,2024-11-29,1031,1806,8905,6,44863,269178
10571,2024-03-03,1004,1187,9936,7,1166,8162
10572,2024-03-11,1021,1208,5045,4,10999,43996
10573,2024-01-20,1077,1072,9723,1,47140,47140
10574,2024-11-28,1084,1095,9963,7,27357,191499
10575,2024-09-01,1081,1918,9444,1,44740,44740
10576,2024-03-04,1066,1845,9361,6,10371,62226
10577,2024-10-19,1010,1522,7898,1,22022,22022
10578,2024-12-29,1099,1003,8700,2,32717,65434
10579,2024-08-12,1090,1050,8767,3,34507,103521
10580,2024-09-22,1024,1293,7517,3,41030,123090
10581,2024-06-10,1041,1562,5476,7,23549,164843
10582,2024-02-14,1034,1559,9007,9,14631,131679
10583,2024-11-14,1078,1975,9825,2,47572,95144
10584,2024-09-25,1058,1803,7901,5,2103,10515
10585,2024-01-25,1047,1280,7696,6,33453,200718
10586,2024-10-26,1084,1132,6724,8,12777,102216
10587,2024-08-12,1002,1841,9835,6,19616,117696
10588,2024-03-14,1023,1580,7911,6,33224,199344
10589,2024-04-25,1068,1872,7399,6,44686,268116
10590,2024-05-31,1032,1337,9221,4,41015,164060
10591,2024-03-09,1087,1886,7876,7,5510,38570
10592,2024-07-20,1069,1022,9633,6,13322,79932
10593,2024-10-29,1046,1485,5117,1,26398,26398
10594,2024-03-31,1052,1525,8535,7,47466,332262
10595,2024-02-19,1044,1691,7288,1,40917,40917
10596,2024-10-15,1070,1086,9098,6,36079,216474
10597,2024-04-01,1082,1892,5492,2,21617,43234
10598,2024-12-25,1056,1047,8235,5,4374,21870
10599,2024-08-22,1084,1866,6864,1,18556,18556
10600,2024-11-11,1069,1824,8962,7,27731,194117
10601,2024-01-29,1039,1672,7263,1,18307,18307
10602,2024-06-20,1002,1805,6452,7,2604,18228
10603,2024-06-21,1048,1448,8035,8,41404,331232
10604,2024-08-23,1013,1517,6990,4,10125,40500
10605,2024-02-11,1019,1660,6344,3,8770,26310
10606,2024-05-28,1077,1026,6900,1,36901,36901
10607,2024-10-14,1065,1324,6640,7,44675,312725
10608,2024-07-31,1024,1474,6954,2,19681,39362
10609,2024-06-23,1003,1505,9945,4,26109,104436
10610,2024-04-08,1040,1491,9821,4,27282,109128
10611,2024-04-29,1062,1645,5558,8,7620,60960
10612,2024-10-29,1047,1807,5114,2,25870,51740
10613,2024-01-17,1054,1152,8464,3,25319,75957
10614,2024-01-29,1096,1498,8787,1,6814,6814
10615,2024-02-17,1001,1836,5263,7,27761,194327
10616,2024-10-15,1022,1701,5329,8,9978,79824
10617,2024-05-07,1047,1078,8553,2,35876,71752
10618,2024-03-08,1084,1045,9460,2,23669,47338
10619,2024-02-08,1014,1431,7616,1,31367,31367
10620,2024-05-12,1050,1421,9850,1,31527,31527
10621,2024-04-28,1023,1572,7737,4,13233,52932
10622,2024-11-19,1019,1592,9911,4,5973,23892
10623,2024-02-21,1055,1272,7438,8,15823,126584
10624,2024-05-15,1037,1559,5383,5,14631,73155
10625,2024-09-03,1024,1032,8753,4,4566,18264
10626,2024-06-17,1085,1529,8889,9,47282,425538
10627,2024-03-10,1051,1035,8629,6,18947,113682
10628,2024-02-05,1050,1821,9951,1,34667,34667
10629,2024-10-14,1046,1898,5279,7,40233,281631
10630,2024-01-05,1067,1088,6868,8,35817,286536
10631,2024-12-25,1079,1866,6765,4,18556,74224
10632,2024-05-27,1063,1876,9233,3,12843,38529
10633,2024-08-24,1042,1659,8965,1,12249,12249
10634,2024-03-08,1070,1611,9443,8,13489,107912
10635,2024-08-18,1087,1874,8418,9,36086,324774
10636,2024-05-29,1097,1030,7757,1,11779,11779
10637,2024-08-08,1056,1020,9796,9,23369,210321
10638,2024-09-17,1038,1639,7489,4,49254,197016
10639,2024-09-22,1028,1356,9688,5,10596,52980
10640,2024-04-23,1025,1289,5480,5,7223,36115
10641,2024-06-13,1013,1741,9942,6,4007,24042
10642,2024-02-25,1063,1184,6197,2,22270,44540
10643,2024-12-07,1046,1676,6606,2,48059,96118
10644,2024-12-21,1019,1768,8377,5,44630,223150
10645,2024-09-06,1006,1568,6571,5,11284,56420
10646,2024-08-30,1081,1310,7739,1,21703,21703
10647,2024-01-02,1073,1670,9574,9,34870,313830
10648,2024-05-22,1093,1534,6729,2,32498,64996
10649,2024-06-17,1066,1618,6712,7,24746,173222
10650,2024-03-03,1052,1613,9037,2,4901,9802
10651,2024-06-02,1064,1368,6618,8,6152,49216
10652,2024-12-15,1029,1330,6178,6,16591,99546
10653,2024-09-11,1065,1998,9549,8,15104,120832
10654,2024-03-06,1014,1815,5001,7,38970,272790
10655,2024-10-11,1074,1403,9089,7,38944,272608
10656,2024-07-06,1095,1356,8660,8,10596,84768
10657,2024-07-11,1069,1902,9598,9,2590,23310
10658,2024-10-22,1069,1098,7094,8,36609,292872
10659,2024-01-11,1091,1641,6211,5,44537,222685
10660,2024-06-28,1056,1250,9745,3,34368,103104
10661,2024-12-08,1024,1736,6212,9,18372,165348
10662,2024-03-30,1022,1295,6319,8,17383,139064
10663,2024-08-10,1011,1407,5222,6,16665,99990
10664,2024-11-30,1047,1358,5709,2,11710,23420
10665,2024-08-13,1009,1969,9546,3,9959,29877
10666,2024-04-12,1016,1621,8694,1,13880,13880
10667,2024-12-02,1051,1008,8520,7,21305,149135
10668,2024-12-20,1001,1633,6102,8,48943,391544
10669,2024-12-21,1059,1298,9517,7,24719,173033
10670,2024-08-19,1056,1864,5653,7,47551,332857
10671,2024-09-23,1080,1562,5914,5,23549,117745
10672,2024-10-10,1072,1724,7184,9,29112,262008
10673,2024-07-08,1046,1973,5800,2,37755,75510
10674,2024-02-17,1070,1561,8060,5,46597,232985
10675,2024-10-10,1012,1342,8872,8,11709,93672
10676,2024-10-28,1073,1203,7342,8,48654,389232
10677,2024-02-24,1021,1149,6824,9,48477,436293
10678,2024-12-04,1027,1603,8587,2,11930,23860
10679,2024-04-28,1054,1602,5337,8,23417,187336
10680,2024-01-02,1049,1009,7274,6,39529,237174
10681,2024-08-11,1077,1209,7293,3,6529,19587
10682,2024-08-23,1018,1983,9454,7,10376,72632
10683,2024-07-21,1000,1706,6233,2,46666,93332
10684,2024-05-23,1090,1387,8985,2,24362,48724
10685,2024-01-11,1067,1029,5924,2,8975,17950
10686,2024-09-15,1055,1468,5744,3,46406,139218
10687,2024-10-24,1087,1149,5391,7,48477,339339
10688,2024-06-05,1013,1091,9016,2,20537,41074
10689,2024-07-15,1063,1712,8406,6,6005,36030
10690,2024-04-01,1086,1363,7247,8,19633,157064
10691,2024-11-28,1068,1296,5302,8,31240,249920
10692,2024-06-01,1083,1488,7680,4,7777,31108
10693,2024-05-13,1021,1655,8238,5,13830,69150
10694,2024-04-25,1043,1951,5215,2,40345,80690
10695,2024-03-07,1048,1484,7751,1,36752,36752
10696,2024-05-29,1098,1580,6267,5,33224,166120
10697,2024-09-12,1035,1653,8211,9,11287,101583
10698,2024-02-10,1068,1435,8107,4,39178,156712
10699,2024-06-29,1096,1013,8597,1,23574,23574
10700,2024-07-06,1087,1686,7866,1,14321,14321
10701,2024-02-08,1033,1783,9278,4,11628,46512
10702,2024-11-06,1036,1358,5333,2,11710,23420
10703,2024-11-22,1088,1554,7203,4,38592,154368
10704,2024-08-04,1050,1579,7602,3,14373,43119
10705,2024-05-09,1036,1766,8219,3,27620,82860
10706,2024-09-20,1024,1932,6420,3,42299,126897
10707,2024-04-23,1085,1653,5173,1,11287,11287
10708,2024-03-03,1004,1040,6104,7,45320,317240
10709,2024-04-06,1007,1086,5029,5,36079,180395
10710,2024-11-25,1052,1840,5431,7,38361,268527
10711,2024-01-18,1026,1407,8687,3,16665,49995
10712,2024-07-23,1060,1074,5991,9,25817,232353
10713,2024-07-31,1098,1987,5811,1,23851,23851
10714,2024-04-06,1064,1018,5635,5,44894,224470
10715,2024-10-05,1083,1978,6618,9,42583,383247
10716,2024-08-23,1070,1779,8144,2,7968,15936
10717,2024-06-16,1044,1814,7218,9,22937,206433
10718,2024-02-29,1002,1609,8033,7,45965,321755
10719,2024-03-25,1060,1139,9731,7,29536,206752
10720,2024-09-17,1049,1130,7176,4,25912,103648
10721,2024-12-20,1047,1925,7864,3,43646,130938
10722,2024-06-14,1072,1185,8858,6,21727,130362
10723,2024-08-15,1046,1366,5108,1,28599,28599
10724,2024-02-29,1013,1173,5267,3,32585,97755
10725,2024-06-12,1018,1178,9123,9,21358,192222
10726,2024-08-17,1090,1866,5108,4,18556,74224
10727,2024-03-22,1061,1526,8045,5,28553,142765
10728,2024-06-05,1005,1810,8486,6,25598,153588
10729,2024-07-09,1006,1405,9411,8,18631,149048
10730,2024-12-27,1089,1264,9300,3,44587,133761
10731,2024-08-31,1012,1347,8316,9,32174,289566
10732,2024-08-29,1045,1860,8690,8,6957,55656
10733,2024-08-09,1032,1038,7570,9,15850,142650
10734,2024-06-16,1096,1230,6931,5,32906,164530
10735,2024-04-30,1040,1486,5214,7,16114,112798
10736,2024-01-02,1072,1976,8641,6,47842,287052
10737,2024-04-27,1078,1323,6653,2,7464,14928
10738,2024-05-15,1068,1056,5604,3,18244,54732
10739,2024-11-25,1028,1451,6086,6,36487,218922
10740,2024-05-06,1006,1262,8464,8,25428,203424
10741,2024-08-28,1094,1513,5991,3,27223,81669
10742,2024-04-17,1053,1053,7498,1,1814,1814
10743,2024-10-25,1097,1420,9991,6,41696,250176
10744,2024-04-21,1010,1969,7566,9,9959,89631
10745,2024-06-11,1041,1977,7437,3,34532,103596
10746,2024-10-01,1082,1411,9514,9,25598,230382
10747,2024-01-19,1004,1058,8290,3,28635,85905
10748,2024-08-20,1086,1429,7459,2,4967,9934
10749,2024-01-20,1046,1446,9886,3,30661,91983
10750,2024-08-28,1001,1418,5905,4,31957,127828
10751,2024-09-16,1042,1866,8893,6,18556,111336
10752,2024-02-18,1003,1882,5782,9,11567,104103
10753,2024-06-02,1080,1093,9874,2,16585,33170
10754,2024-01-03,1094,1212,6846,9,18238,164142
10755,2024-11-03,1062,1569,8570,9,25852,232668
10756,2024-10-18,1058,1728,5728,8,28415,227320
10757,2024-06-17,1029,1652,5935,6,43383,260298
10758,2024-07-16,1001,1838,7474,5,29512,147560
10759,2024-06-27,1087,1901,8520,2,8528,17056
10760,2024-04-12,1073,1211,5347,5,17560,87800
10761,2024-08-06,1091,1812,5895,7,38891,272237
10762,2024-01-16,1042,1132,5370,2,12777,25554
10763,2024-02-16,1095,1165,8409,2,12521,25042
10764,2024-12-01,1096,1939,9077,6,9982,59892
10765,2024-02-15,1017,1231,5397,6,28799,172794
10766,2024-04-09,1023,1024,7859,1,41060,41060
10767,2024-07-01,1036,1849,7482,3,24995,74985
10768,2024-12-19,1029,1983,5031,2,10376,20752
10769,2024-08-03,1068,1398,5810,6,42762,256572
10770,2024-05-13,1058,1711,5517,1,33292,33292
10771,2024-12-05,1022,1844,9765,4,47045,188180
10772,2024-11-12,1029,1934,7120,4,14066,56264
10773,2024-01-09,1067,1047,7175,1,4374,4374
10774,2024-07-31,1040,1051,8397,8,48395,387160
10775,2024-05-18,1050,1059,6747,7,28820,201740
10776,2024-08-09,1087,1472,9816,9,2624,23616
10777,2024-11-16,1066,1790,7561,3,23716,71148
10778,2024-03-31,1014,1452,8081,7,855,5985
10779,2024-11-10,1055,1819,6084,4,42642,170568
10780,2024-04-21,1064,1853,5512,3,6923,20769
10781,2024-04-22,1073,1750,7337,3,20139,60417
10782,2024-07-16,1089,1789,9846,4,34717,138868
10783,2024-09-19,1054,1536,8828,2,43994,87988
10784,2024-11-12,1075,1182,5803,7,979,6853
10785,2024-11-08,1064,1238,5167,1,28262,28262
10786,2024-12-07,1001,1063,5915,6,22508,135048
10787,2024-06-10,1010,1320,6247,6,1053,6318
10788,2024-03-24,1075,1515,5016,3,43934,131802
10789,2024-02-14,1091,1819,8750,2,42642,85284
10790,2024-02-14,1096,1628,6493,9,30016,270144
10791,2024-09-27,1041,1927,5132,2,22546,45092
10792,2024-07-28,1002,1564,7880,1,30569,30569
10793,2024-06-22,1040,1537,7782,3,17647,52941
10794,2024-09-03,1048,1611,6041,4,13489,53956
10795,2024-06-22,1082,1718,5061,7,27095,189665
10796,2024-02-05,1081,1930,7445,4,28212,112848
10797,2024-10-28,1036,1997,9496,7,42764,299348
10798,2024-10-24,1091,1730,5396,9,29338,264042
10799,2024-06-06,1094,1525,7455,9,47466,427194
10800,2024-05-18,1006,1417,9579,9,19285,173565
10801,2024-02-02,1037,1571,5830,4,22260,89040
10802,2024-09-07,1057,1664,8729,6,28050,168300
10803,2024-12-31,1004,1565,7453,1,28460,28460
10804,2024-11-21,1060,1766,6560,5,27620,138100
10805,2024-06-19,1082,1410,7328,3,7197,21591
10806,2024-04-19,1076,1020,5916,6,23369,140214
10807,2024-06-15,1038,1943,9077,6,35652,213912
10808,2024-05-04,1027,1546,5796,6,14661,87966
10809,2024-08-01,1056,1691,8643,9,40917,368253
10810,2024-10-21,1001,1453,7557,6,11202,67212
10811,2024-06-29,1069,1482,9213,1,22637,22637
10812,2024-03-23,1078,1153,5705,6,13885,83310
10813,2024-12-27,1027,1654,5179,2,28483,56966
10814,2024-11-14,1036,1004,7454,5,26876,134380
10815,2024-01-25,1088,1985,9481,3,47335,142005
10816,2024-09-02,1095,1672,6237,2,18307,36614
10817,2024-02-10,1054,1920,9948,2,13189,26378
10818,2024-02-28,1099,1632,6659,6,20338,122028
10819,2024-06-25,1093,1720,6822,1,21576,21576
10820,2024-01-30,1087,1947,5088,5,875,4375
10821,2024-02-14,1081,1683,8462,4,19210,76840
10822,2024-11-04,1000,1787,9120,1,1417,1417
10823,2024-06-02,1002,1745,7143,9,33660,302940
10824,2024-02-09,1070,1311,7169,4,10683,42732
10825,2024-05-19,1096,1321,7745,2,8702,17404
10826,2024-09-13,1084,1630,6596,7,30824,215768
10827,2024-03-10,1013,1519,6351,1,29481,29481
10828,2024-05-15,1047,1850,5133,2,7487,14974
10829,2024-08-23,1036,1063,8190,3,22508,67524
10830,2024-04-21,1002,1668,6558,4,38344,153376
10831,2024-02-02,1048,1431,8150,2,31367,62734
10832,2024-07-14,1055,1889,7005,7,24253,169771
10833,2024-06-26,1088,1658,5675,8,13936,111488
10834,2024-12-25,1059,1648,5962,6,36724,220344
10835,2024-05-13,1096,1583,5392,1,12676,12676
10836,2024-07-09,1012,1368,5452,5,6152,30760
10837,2024-11-30,1052,1014,5011,5,45125,225625
10838,2024-01-06,1049,1481,9160,5,4017,20085
10839,2024-10-19,1096,1323,8808,8,7464,59712
10840,2024-06-27,1092,1318,5532,5,825,4125
10841,2024-10-09,1018,1090,6725,4,47490,189960
10842,2024-04-15,1025,1933,7650,8,25457,203656
10843,2024-09-02,1052,1302,9609,4,48761,195044
10844,2024-11-20,1056,1268,8463,6,12176,73056
10845,2024-08-18,1037,1479,7992,4,16610,66440
10846,2024-08-02,1008,1098,7056,1,36609,36609
10847,2024-09-29,1045,1367,9005,4,39768,159072
10848,2024-04-14,1093,1301,7818,7,48841,341887
10849,2024-01-23,1085,1803,9949,1,2103,2103
10850,2024-10-21,1003,1009,6859,8,39529,316232
10851,2024-06-09,1070,1438,7508,1,35923,35923
10852,2024-07-12,1081,1534,9823,2,32498,64996
10853,2024-09-22,1049,1278,6153,7,20117,140819
10854,2024-03-23,1069,1067,6678,4,7325,29300
10855,2024-06-16,1092,1939,6751,3,9982,29946
10856,2024-11-24,1004,1132,7457,5,12777,63885
10857,2024-05-22,1069,1515,8687,5,43934,219670
10858,2024-02-12,1033,1413,9788,3,1323,3969
10859,2024-12-09,1097,1104,8054,1,16595,16595
10860,2024-01-12,1064,1947,7564,4,875,3500
10861,2024-01-22,1017,1224,9269,6,47220,283320
10862,2024-01-18,1026,1239,8110,4,34453,137812
10863,2024-03-02,1009,1743,9895,1,32539,32539
10864,2024-07-07,1001,1908,9958,2,19831,39662
10865,2024-03-19,1082,1117,6991,8,40642,325136
10866,2024-06-15,1090,1529,8600,5,47282,236410
10867,2024-05-29,1060,1415,6151,3,40091,120273
10868,2024-08-10,1021,1416,7534,2,31717,63434
10869,2024-04-14,1009,1825,9849,6,42104,252624
10870,2024-09-10,1058,1637,6195,6,13576,81456
10871,2024-01-07,1090,1829,9430,4,7115,28460
10872,2024-06-11,1011,1710,7348,4,23031,92124
10873,2024-10-16,1062,1909,9699,4,11330,45320
10874,2024-07-13,1014,1615,9271,3,6923,20769
10875,2024-11-14,1062,1111,7725,1,5511,5511
10876,2024-05-09,1064,1013,6927,9,23574,212166
10877,2024-04-18,1037,1777,5508,9,20426,183834
10878,2024-08-06,1087,1616,5690,7,36027,252189
10879,2024-11-14,1005,1954,6899,3,6284,18852
10880,2024-05-09,1092,1499,8627,2,33517,67034
10881,2024-08-31,1005,1806,6580,4,44863,179452
10882,2024-11-02,1037,1228,5406,9,15383,138447
10883,2024-10-23,1047,1685,5557,9,18169,163521
10884,2024-03-25,1014,1913,5770,7,32784,229488
10885,2024-09-11,1071,1402,8805,4,17755,71020
10886,2024-11-22,1028,1999,7495,9,13099,117891
10887,2024-08-24,1001,1106,7392,6,6893,41358
10888,2024-01-01,1074,1804,9043,2,41212,82424
10889,2024-09-21,1072,1238,5433,5,28262,141310
10890,2024-07-12,1015,1002,6171,4,45041,180164
10891,2024-12-29,1057,1759,8221,2,37811,75622
10892,2024-12-22,1087,1950,8452,2,47955,95910
10893,2024-05-01,1033,1646,8103,6,48691,292146
10894,2024-12-29,1042,1326,9468,6,19525,117150
10895,2024-01-04,1023,1756,7802,9,49731,447579
10896,2024-05-28,1024,1563,6049,9,37613,338517
10897,2024-03-01,1040,1437,5299,6,33745,202470
10898,2024-10-08,1032,1037,5263,1,24778,24778
10899,2024-04-26,1042,1574,8850,3,42288,126864
10900,2024-06-20,1016,1831,7791,2,34894,69788
10901,2024-11-29,1006,1375,5527,7,2113,14791
10902,2024-08-25,1058,1005,5872,1,37773,37773
10903,2024-05-17,1026,1713,9035,4,41673,166692
10904,2024-08-05,1035,1639,7825,1,49254,49254
10905,2024-03-22,1018,1307,8322,3,20980,62940
10906,2024-08-06,1014,1633,8642,4,48943,195772
10907,2024-12-02,1069,1121,7612,6,36164,216984
10908,2024-07-20,1056,1171,7600,1,22950,22950
10909,2024-03-15,1099,1419,7564,1,44500,44500
10910,2024-02-16,1068,1932,9098,6,42299,253794
10911,2024-12-09,1052,1319,7920,9,23036,207324
10912,2024-12-04,1068,1246,6307,6,41163,246978
10913,2024-08-23,1001,1943,9261,2,35652,71304
10914,2024-05-30,1017,1794,9673,2,42419,84838
10915,2024-05-02,1031,1620,9882,2,12975,25950
10916,2024-09-02,1028,1192,7705,5,41115,205575
10917,2024-09-10,1048,1896,5061,1,15350,15350
10918,2024-02-23,1083,1431,7085,5,31367,156835
10919,2024-07-05,1082,1852,9567,8,32886,263088
10920,2024-10-07,1079,1164,9823,9,35248,317232
10921,2024-03-07,1074,1250,7486,7,34368,240576
10922,2024-05-20,1059,1347,6402,2,32174,64348
10923,2024-01-21,1027,1048,8201,5,38918,194590
10924,2024-01-22,1085,1310,7658,4,21703,86812
10925,2024-06-23,1026,1038,5134,3,15850,47550
10926,2024-07-09,1080,1163,5034,7,2749,19243
10927,2024-10-11,1007,1193,7986,2,13641,27282
10928,2024-10-31,1071,1449,5655,4,21065,84260
10929,2024-12-28,1022,1067,6943,8,7325,58600
10930,2024-10-07,1031,1769,5397,2,44109,88218
10931,2024-11-27,1014,1832,6459,5,9042,45210
10932,2024-10-31,1090,1615,6110,6,6923,41538
10933,2024-09-17,1067,1273,8684,7,24724,173068
10934,2024-06-05,1039,1680,6439,8,33510,268080
10935,2024-09-17,1095,1865,9821,2,10059,20118
10936,2024-02-08,1056,1730,7065,7,29338,205366
10937,2024-12-02,1046,1122,8497,9,38948,350532
10938,2024-01-30,1009,1739,9182,8,6045,48360
10939,2024-09-14,1055,1502,9314,2,23939,47878
10940,2024-09-27,1091,1166,8041,9,5115,46035
10941,2024-02-20,1051,1665,8720,7,34829,243803
10942,2024-10-05,1095,1458,8216,9,20521,184689
10943,2024-08-21,1095,1615,5397,6,6923,41538
10944,2024-01-26,1062,1514,9817,8,38722,309776
10945,2024-01-11,1050,1688,5370,3,41027,123081
10946,2024-01-24,1078,1027,8528,7,4719,33033
10947,2024-08-03,1069,1995,9766,5,43532,217660
10948,2024-11-22,1008,1143,5482,5,20598,102990
10949,2024-05-17,1093,1482,5702,7,22637,158459
10950,2024-08-12,1040,1122,6535,1,38948,38948
10951,2024-12-18,1039,1115,5784,2,7215,14430
10952,2024-04-19,1015,1021,9355,5,47038,235190
10953,2024-11-23,1024,1335,9008,6,3890,23340
10954,2024-07-24,1009,1608,7815,6,9796,58776
10955,2024-03-11,1029,1332,6083,6,37014,222084
10956,2024-07-28,1008,1048,7042,7,38918,272426
10957,2024-07-03,1039,1508,7301,2,42795,85590
10958,2024-03-30,1056,1283,5845,9,34605,311445
10959,2024-09-03,1045,1235,6579,3,18099,54297
10960,2024-08-20,1006,1399,9826,9,10795,97155
10961,2024-02-02,1042,1063,5022,8,22508,180064
10962,2024-05-26,1047,1187,5457,1,1166,1166
10963,2024-06-18,1075,1193,9284,7,13641,95487
10964,2024-08-01,1056,1025,5148,6,26492,158952
10965,2024-11-09,1016,1169,5559,9,42589,383301
10966,2024-08-15,1024,1987,8594,4,23851,95404
10967,2024-05-25,1006,1386,7956,2,45605,91210
10968,2024-05-25,1054,1619,7766,5,17904,89520
10969,2024-01-22,1018,1276,9786,5,14759,73795
10970,2024-03-29,1080,1799,6996,2,30315,60630
10971,2024-06-28,1031,1709,6879,2,38108,76216
10972,2024-10-26,1086,1196,8606,8,37451,299608
10973,2024-09-21,1031,1023,6521,9,44687,402183
10974,2024-02-19,1025,1254,7849,1,30889,30889
10975,2024-08-17,1071,1576,5706,6,8474,50844
10976,2024-03-01,1021,1790,7253,6,23716,142296
10977,2024-01-19,1054,1591,7364,7,16102,112714
10978,2024-11-03,1056,1007,9800,6,49515,297090
10979,2024-11-06,1007,1556,5092,1,10626,10626
10980,2024-01-25,1045,1472,5523,6,2624,15744
10981,2024-07-25,1004,1365,6339,4,31461,125844
10982,2024-11-20,1011,1650,5818,1,25976,25976
10983,2024-03-15,1026,1568,9328,6,11284,67704
10984,2024-05-20,1083,1011,6606,3,23762,71286
10985,2024-11-23,1010,1071,8682,4,22516,90064
10986,2024-10-07,1035,1905,9934,8,12590,100720
10987,2024-03-31,1051,1062,8032,8,36031,288248
10988,2024-03-15,1001,1162,7143,3,28996,86988
10989,2024-03-04,1073,1549,8242,4,27258,109032
10990,2024-03-22,1070,1276,6019,3,14759,44277
10991,2024-09-06,1011,1562,7009,8,23549,188392
10992,2024-05-17,1054,1913,8128,3,32784,98352
10993,2024-04-06,1079,1401,9320,3,11881,35643
10994,2024-04-09,1030,1505,6442,6,26109,156654
10995,2024-09-29,1090,1889,9946,3,24253,72759
10996,2024-08-28,1031,1665,9192,5,34829,174145
10997,2024-01-05,1063,1531,9035,4,5012,20048
10998,2024-08-02,1090,1792,7784,1,8128,8128
10999,2024-03-07,1058,1478,7352,7,44232,309624
11000,2024-12-22,1024,1209,7051,6,6529,39174
11001,2024-06-03,1068,1463,7075,1,19693,19693
11002,2024-01-29,1067,1244,7111,4,10128,40512
11003,2024-10-31,1043,1428,5583,9,35537,319833
11004,2024-01-09,1042,1247,6163,7,27343,191401
11005,2024-07-18,1014,1953,6193,3,49515,148545
11006,2024-11-29,1012,1785,8345,7,26118,182826
11007,2024-08-17,1096,1047,6819,1,4374,4374
11008,2024-11-11,1068,1013,9191,5,23574,117870
11009,2024-11-03,1069,1390,8933,1,34271,34271
11010,2024-11-26,1044,1763,7645,4,1795,7180
11011,2024-09-23,1024,1677,6585,2,26853,53706
11012,2024-12-25,1024,1112,6732,2,30683,61366
11013,2024-06-11,1009,1063,6922,6,22508,135048
11014,2024-03-15,1061,1284,7998,8,10530,84240
11015,2024-10-18,1011,1086,7834,9,36079,324711
11016,2024-07-01,1066,1494,9113,6,9181,55086
11017,2024-04-18,1028,1745,5669,3,33660,100980
11018,2024-12-04,1092,1248,7030,3,3136,9408
11019,2024-07-18,1042,1624,9599,3,11657,34971
11020,2024-06-29,1087,1225,8556,3,26242,78726
11021,2024-01-28,1087,1182,5839,9,979,8811
11022,2024-02-22,1088,1080,7044,4,13975,55900
11023,2024-09-04,1036,1940,5656,7,45392,317744
11024,2024-11-05,1068,1977,5183,2,34532,69064
11025,2024-11-16,1010,1786,8085,7,21287,149009
11026,2024-11-04,1039,1385,6726,7,1868,13076
11027,2024-02-09,1062,1092,7638,4,47800,191200
11028,2024-08-09,1021,1705,9451,4,24856,99424
11029,2024-10-23,1014,1465,8601,5,12535,62675
11030,2024-06-14,1008,1486,7023,1,16114,16114
11031,2024-11-26,1069,1105,6380,6,34535,207210
11032,2024-01-29,1063,1611,8806,7,13489,94423
11033,2024-07-07,1089,1035,9108,4,18947,75788
11034,2024-07-20,1005,1695,6352,8,13120,104960
11035,2024-10-22,1095,1148,6773,7,46234,323638
11036,2024-05-09,1042,1736,7879,1,18372,18372
11037,2024-02-17,1019,1574,6509,9,42288,380592
11038,2024-09-13,1098,1385,6862,9,1868,16812
11039,2024-11-10,1042,1382,5151,1,43965,43965
11040,2024-03-28,1061,1201,6507,8,18646,149168
11041,2024-09-14,1066,1654,7697,1,28483,28483
11042,2024-02-28,1081,1445,5766,8,36864,294912
11043,2024-02-18,1098,1267,7419,1,38403,38403
11044,2024-08-03,1051,1258,8861,2,18743,37486
11045,2024-03-16,1073,1253,6413,3,29095,87285
11046,2024-02-03,1099,1899,8377,4,14367,57468
11047,2024-09-04,1093,1264,8034,1,44587,44587
11048,2024-11-13,1025,1429,5811,8,4967,39736
11049,2024-10-16,1093,1553,6221,7,37224,260568
11050,2024-01-23,1030,1713,9358,2,41673,83346
11051,2024-01-19,1054,1030,6525,9,11779,106011
11052,2024-11-11,1067,1164,6570,4,35248,140992
11053,2024-04-05,1056,1778,6117,6,15136,90816
11054,2024-09-07,1023,1700,7890,9,3129,28161
11055,2024-08-28,1064,1282,8135,1,45489,45489
11056,2024-12-11,1025,1941,5765,3,41670,125010
11057,2024-10-31,1048,1069,9125,6,14466,86796
11058,2024-02-14,1092,1234,7489,7,42706,298942
11059,2024-03-16,1037,1093,5569,9,16585,149265
11060,2024-04-16,1035,1298,6930,4,24719,98876
11061,2024-02-29,1053,1994,6093,7,20080,140560
11062,2024-05-11,1008,1812,6746,7,38891,272237
11063,2024-06-05,1041,1913,5799,8,32784,262272
11064,2024-02-24,1095,1817,6456,5,37686,188430
11065,2024-07-04,1081,1261,9057,2,34094,68188
11066,2024-06-23,1023,1140,9466,3,18196,54588
11067,2024-01-31,1039,1229,6512,1,42251,42251
11068,2024-06-03,1081,1779,8581,7,7968,55776
11069,2024-09-01,1007,1262,9546,7,25428,177996
11070,2024-01-30,1053,1653,7009,1,11287,11287
11071,2024-02-18,1010,1712,9861,8,6005,48040
11072,2024-06-18,1098,1098,8887,4,36609,146436
11073,2024-03-15,1087,1302,8790,8,48761,390088
11074,2024-07-24,1076,1262,7405,9,25428,228852
11075,2024-11-19,1094,1550,5960,1,21581,21581
11076,2024-12-21,1055,1695,5973,8,13120,104960
11077,2024-12-24,1093,1212,9450,2,18238,36476
11078,2024-06-09,1028,1402,6013,4,17755,71020
11079,2024-05-28,1041,1634,8976,4,4609,18436
11080,2024-03-28,1005,1282,6498,2,45489,90978
11081,2024-06-16,1002,1060,9840,1,20955,20955
11082,2024-07-07,1091,1577,9255,2,12590,25180
11083,2024-04-23,1073,1819,7616,4,42642,170568
11084,2024-01-13,1097,1439,5701,2,36098,72196
11085,2024-06-14,1064,1909,7143,7,11330,79310
11086,2024-06-05,1011,1356,5709,1,10596,10596
11087,2024-06-29,1035,1800,7100,4,32977,131908
11088,2024-11-15,1055,1107,7859,8,3873,30984
11089,2024-10-18,1051,1139,9411,8,29536,236288
11090,2024-04-13,1031,1242,8238,1,37781,37781
11091,2024-04-20,1055,1340,7543,5,27410,137050
11092,2024-09-17,1010,1605,7812,9,6446,58014
11093,2024-05-27,1000,1341,9702,5,46261,231305
11094,2024-05-18,1005,1833,8871,5,41918,209590
11095,2024-11-23,1090,1988,5680,6,2006,12036
11096,2024-06-17,1078,1663,8667,8,20785,166280
11097,2024-06-06,1073,1223,5168,7,12111,84777
11098,2024-02-25,1023,1172,5501,7,24196,169372
11099,2024-03-13,1071,1715,8591,7,3186,22302
11100,2024-09-04,1080,1758,9816,1,22329,22329
11101,2024-06-28,1023,1182,7099,2,979,1958
11102,2024-03-31,1076,1890,6203,5,3621,18105
11103,2024-07-12,1008,1454,6266,5,35458,177290
11104,2024-07-13,1058,1564,9812,4,30569,122276
11105,2024-10-11,1069,1961,7596,8,41361,330888
11106,2024-09-04,1092,1871,6827,8,20054,160432
11107,2024-08-16,1022,1786,6684,8,21287,170296
11108,2024-10-09,1085,1690,6966,9,42528,382752
11109,2024-11-19,1084,1849,7653,7,24995,174965
11110,2024-06-11,1016,1097,9498,7,23379,163653
11111,2024-03-31,1097,1637,9348,8,13576,108608
11112,2024-07-29,1089,1193,9839,4,13641,54564
11113,2024-09-22,1024,1556,9686,8,10626,85008
11114,2024-05-06,1037,1383,8735,2,26627,53254
11115,2024-10-08,1002,1357,9044,4,23182,92728
11116,2024-03-11,1066,1423,9951,1,34420,34420
11117,2024-03-31,1013,1722,8328,5,26176,130880
11118,2024-04-03,1009,1389,7154,7,39971,279797
11119,2024-03-16,1065,1946,9722,4,13860,55440
11120,2024-04-13,1070,1680,5721,2,33510,67020
11121,2024-07-15,1013,1942,6970,4,24447,97788
11122,2024-07-02,1080,1144,5996,6,27045,162270
11123,2024-03-17,1009,1918,6210,9,44740,402660
11124,2024-10-23,1098,1551,9362,5,38769,193845
11125,2024-11-17,1048,1840,9251,9,38361,345249
11126,2024-02-03,1090,1509,9020,3,31863,95589
11127,2024-05-01,1061,1420,8233,3,41696,125088
11128,2024-11-01,1047,1869,9792,4,45211,180844
11129,2024-12-11,1002,1084,8432,7,8403,58821
11130,2024-07-21,1046,1697,7047,7,32518,227626
11131,2024-10-24,1059,1916,5256,2,8770,17540
11132,2024-05-08,1024,1922,6166,4,37919,151676
11133,2024-10-16,1006,1906,7967,8,31220,249760
11134,2024-07-31,1076,1550,6959,4,21581,86324
11135,2024-05-17,1038,1733,8141,8,22721,181768
11136,2024-09-17,1042,1702,8014,6,19011,114066
11137,2024-12-11,1045,1027,5066,5,4719,23595
11138,2024-06-20,1088,1851,8095,9,29833,268497
11139,2024-05-26,1042,1174,5893,2,7467,14934
11140,2024-05-28,1028,1236,8019,8,31314,250512
11141,2024-01-29,1082,1558,5695,9,17360,156240
11142,2024-04-11,1085,1109,5444,8,24236,193888
11143,2024-10-22,1065,1485,6817,5,26398,131990
11144,2024-09-10,1085,1387,9416,8,24362,194896
11145,2024-09-30,1098,1188,6792,2,1419,2838
11146,2024-02-18,1097,1273,8195,9,24724,222516
11147,2024-07-07,1068,1689,8305,2,15943,31886
11148,2024-03-05,1026,1507,8330,1,30197,30197
11149,2024-06-12,1081,1604,9713,5,32867,164335
11150,2024-08-11,1002,1931,6751,7,13149,92043
11151,2024-11-21,1055,1602,5203,4,23417,93668
11152,2024-01-07,1063,1244,6101,3,10128,30384
11153,2024-03-01,1020,1512,6638,4,28420,113680
11154,2024-07-10,1023,1034,5544,2,47475,94950
11155,2024-12-25,1089,1260,5020,1,29907,29907
11156,2024-03-28,1019,1627,5654,6,31217,187302
11157,2024-06-06,1051,1261,8630,3,34094,102282
11158,2024-09-29,1012,1059,9831,6,28820,172920
11159,2024-11-27,1069,1099,6764,1,9440,9440
11160,2024-10-08,1089,1644,6780,6,37636,225816
11161,2024-05-24,1042,1235,9914,2,18099,36198
11162,2024-06-11,1093,1671,9896,7,8793,61551
11163,2024-06-22,1077,1934,7017,5,14066,70330
11164,2024-04-17,1036,1254,5490,6,30889,185334
11165,2024-10-27,1029,1748,9477,3,42108,126324
11166,2024-11-26,1014,1606,8691,7,26479,185353
11167,2024-05-23,1082,1039,8018,5,34809,174045
11168,2024-02-27,1074,1236,7023,7,31314,219198
11169,2024-10-24,1083,1235,8060,4,18099,72396
11170,2024-12-15,1024,1809,6160,2,5370,10740
11171,2024-07-06,1037,1073,5286,4,21448,85792
11172,2024-01-20,1042,1734,6692,2,12138,24276
11173,2024-07-30,1029,1903,7380,4,25151,100604
11174,2024-01-24,1039,1858,7185,1,39905,39905
11175,2024-03-31,1058,1028,6617,7,18487,129409
11176,2024-08-03,1022,1443,7426,4,25401,101604
11177,2024-02-21,1043,1845,8738,6,10371,62226
11178,2024-05-17,1080,1022,5415,9,13322,119898
11179,2024-06-01,1000,1515,5263,5,43934,219670
11180,2024-08-07,1077,1243,7551,2,43676,87352
11181,2024-12-27,1081,1545,9044,2,27448,54896
11182,2024-06-21,1040,1616,7705,9,36027,324243
11183,2024-01-01,1061,1677,8737,5,26853,134265
11184,2024-01-25,1059,1828,5079,8,29328,234624
11185,2024-07-22,1079,1026,8796,5,36901,184505
11186,2024-12-24,1009,1082,6261,2,15855,31710
11187,2024-07-19,1072,1158,7819,4,34991,139964
11188,2024-07-09,1077,1898,8872,4,40233,160932
11189,2024-12-26,1065,1476,9638,7,47171,330197
11190,2024-10-30,1056,1844,9000,5,47045,235225
11191,2024-08-19,1041,1666,5398,9,1437,12933
11192,2024-08-07,1053,1170,9558,1,34869,34869
11193,2024-03-06,1084,1955,6190,7,2126,14882
11194,2024-01-24,1041,1607,8656,8,48005,384040
11195,2024-03-22,1065,1813,9987,8,37973,303784
11196,2024-03-31,1069,1752,8359,7,34734,243138
11197,2024-06-20,1010,1804,6004,8,41212,329696
11198,2024-02-04,1066,1632,6855,1,20338,20338
11199,2024-02-03,1010,1194,9265,7,8150,57050
11200,2024-09-18,1003,1230,7516,6,32906,197436
11201,2024-06-25,1078,1645,7955,2,7620,15240
11202,2024-05-23,1089,1570,6698,4,8016,32064
11203,2024-08-02,1099,1130,6843,8,25912,207296
11204,2024-05-20,1078,1499,9714,1,33517,33517
11205,2024-09-24,1048,1460,7399,5,21400,107000
11206,2024-05-18,1021,1906,6138,4,31220,124880
11207,2024-02-16,1036,1026,8289,3,36901,110703
11208,2024-02-29,1009,1244,5957,1,10128,10128
11209,2024-02-18,1019,1129,8785,6,35845,215070
11210,2024-02-21,1095,1319,8432,2,23036,46072
11211,2024-03-01,1072,1231,5150,5,28799,143995
11212,2024-08-01,1049,1171,9820,9,22950,206550
11213,2024-04-04,1030,1587,9368,1,18360,18360
11214,2024-04-29,1043,1566,8544,7,26408,184856
11215,2024-08-06,1030,1238,7496,3,28262,84786
11216,2024-02-09,1091,1632,9220,1,20338,20338
11217,2024-12-11,1074,1935,7125,7,11166,78162
11218,2024-11-22,1099,1331,9629,7,5136,35952
11219,2024-11-12,1040,1406,7830,6,23768,142608
11220,2024-08-19,1003,1703,9467,9,43261,389349
11221,2024-07-29,1013,1990,7622,2,10541,21082
11222,2024-02-07,1045,1952,5417,6,19810,118860
11223,2024-11-12,1053,1521,7652,2,28007,56014
11224,2024-07-29,1092,1290,7133,2,15679,31358
11225,2024-03-23,1091,1645,5070,7,7620,53340
11226,2024-12-21,1088,1600,8378,4,5061,20244
11227,2024-04-27,1086,1990,7793,8,10541,84328
11228,2024-10-29,1032,1766,9977,5,27620,138100
11229,2024-01-27,1029,1181,9359,7,18789,131523
11230,2024-07-27,1008,1733,8045,2,22721,45442
11231,2024-05-04,1037,1379,8328,2,14314,28628
11232,2024-10-02,1088,1718,9184,3,27095,81285
11233,2024-10-24,1081,1834,7988,5,5098,25490
11234,2024-10-23,1042,1081,8630,8,4617,36936
11235,2024-03-12,1006,1631,8711,9,42058,378522
11236,2024-02-27,1087,1823,9567,8,25362,202896
11237,2024-10-22,1039,1336,7366,2,7606,15212
11238,2024-04-28,1084,1059,5745,5,28820,144100
11239,2024-03-02,1061,1781,9602,3,40601,121803
11240,2024-03-27,1054,1685,8783,4,18169,72676
11241,2024-11-21,1034,1783,9737,3,11628,34884
11242,2024-04-08,1042,1370,9191,3,43867,131601
11243,2024-05-03,1010,1282,6750,2,45489,90978
11244,2024-01-07,1001,1746,8057,3,12256,36768
11245,2024-05-13,1078,1420,9969,8,41696,333568
11246,2024-10-09,1078,1992,9578,8,28885,231080
11247,2024-01-02,1004,1060,5603,5,20955,104775
11248,2024-11-12,1039,1885,7515,9,47126,424134
11249,2024-06-08,1079,1403,5640,1,38944,38944
11250,2024-06-05,1045,1792,5425,1,8128,8128
11251,2024-08-13,1020,1177,9039,7,41282,288974
11252,2024-11-16,1008,1569,7026,3,25852,77556
11253,2024-05-22,1070,1589,6493,7,48141,336987
11254,2024-09-22,1026,1420,8446,5,41696,208480
11255,2024-09-22,1016,1132,7784,1,12777,12777
11256,2024-02-06,1065,1821,5855,5,34667,173335
11257,2024-10-14,1025,1804,6683,1,41212,41212
11258,2024-10-18,1071,1329,6184,1,42065,42065
11259,2024-11-15,1044,1009,7648,6,39529,237174
11260,2024-03-13,1054,1264,9856,1,44587,44587
11261,2024-01-16,1039,1845,7723,6,10371,62226
11262,2024-12-26,1015,1288,8271,3,48434,145302
11263,2024-03-23,1083,1988,7767,7,2006,14042
11264,2024-06-22,1095,1407,9647,2,16665,33330
11265,2024-03-16,1031,1069,8098,7,14466,101262
11266,2024-10-17,1034,1506,8500,5,8031,40155
11267,2024-02-20,1063,1056,9169,1,18244,18244
11268,2024-12-28,1063,1537,8479,7,17647,123529
11269,2024-07-04,1014,1678,8102,7,17342,121394
11270,2024-01-05,1041,1171,5274,4,22950,91800
11271,2024-09-18,1049,1319,5823,9,23036,207324
11272,2024-06-27,1031,1494,7973,7,9181,64267
11273,2024-05-21,1029,1431,8032,8,31367,250936
11274,2024-09-24,1082,1194,8416,6,8150,48900
11275,2024-04-23,1023,1047,6910,5,4374,21870
11276,2024-06-28,1065,1551,7997,2,38769,77538
11277,2024-03-08,1020,1173,6492,1,32585,32585
11278,2024-04-16,1041,1351,6323,7,33002,231014
11279,2024-02-28,1079,1985,8905,3,47335,142005
11280,2024-09-30,1099,1770,9916,3,23712,71136
11281,2024-01-31,1057,1971,9667,6,40560,243360
11282,2024-02-04,1001,1397,5202,9,20058,180522
11283,2024-09-16,1015,1764,7648,4,21632,86528
11284,2024-01-09,1092,1722,7528,6,26176,157056
11285,2024-04-18,1006,1259,7152,9,28140,253260
11286,2024-05-22,1054,1766,8674,5,27620,138100
11287,2024-02-11,1014,1651,5717,6,7713,46278
11288,2024-07-05,1022,1994,8894,6,20080,120480
11289,2024-03-25,1068,1510,6086,7,42356,296492
11290,2024-12-17,1000,1373,9200,5,46367,231835
11291,2024-07-19,1068,1762,9670,4,49256,197024
11292,2024-10-14,1012,1918,5272,8,44740,357920
11293,2024-12-01,1025,1239,6136,8,34453,275624
11294,2024-10-27,1051,1642,8307,4,4788,19152
11295,2024-09-17,1012,1002,5365,5,45041,225205
11296,2024-06-07,1095,1636,9557,4,25955,103820
11297,2024-06-01,1054,1742,6485,1,589,589
11298,2024-07-02,1028,1297,9463,2,7611,15222
11299,2024-09-13,1017,1248,6608,9,3136,28224
11300,2024-11-12,1001,1463,9929,1,19693,19693
11301,2024-03-07,1026,1972,8812,6,2059,12354
11302,2024-07-31,1049,1146,8332,2,28340,56680
11303,2024-08-07,1041,1155,5735,3,17655,52965
11304,2024-11-18,1066,1293,7440,7,41030,287210
11305,2024-12-17,1093,1116,6131,8,7788,62304
11306,2024-08-11,1009,1503,5451,8,8683,69464
11307,2024-04-03,1008,1648,7498,8,36724,293792
11308,2024-02-28,1002,1695,8110,4,13120,52480
11309,2024-06-26,1085,1109,6655,7,24236,169652
11310,2024-10-16,1037,1912,5733,8,5786,46288
11311,2024-04-21,1074,1646,8300,3,48691,146073
11312,2024-11-19,1069,1455,7391,5,22058,110290
11313,2024-06-30,1068,1612,6216,1,33404,33404
11314,2024-08-11,1029,1627,6679,5,31217,156085
11315,2024-06-08,1013,1118,8282,7,24035,168245
11316,2024-12-28,1001,1715,6110,7,3186,22302
11317,2024-12-02,1096,1053,6697,6,1814,10884
11318,2024-09-20,1007,1539,8684,2,27190,54380
11319,2024-06-11,1073,1383,7703,8,26627,213016
11320,2024-10-06,1084,1449,9392,5,21065,105325
11321,2024-01-03,1082,1239,9191,3,34453,103359
11322,2024-03-21,1098,1255,7594,9,37214,334926
11323,2024-10-18,1017,1155,6218,8,17655,141240
11324,2024-06-27,1070,1024,8902,7,41060,287420
11325,2024-12-25,1012,1253,7707,5,29095,145475
11326,2024-12-02,1045,1858,9172,7,39905,279335
11327,2024-11-10,1053,1098,6101,8,36609,292872
11328,2024-04-03,1011,1718,6879,8,27095,216760
11329,2024-08-04,1039,1688,6882,8,41027,328216
11330,2024-01-22,1087,1943,8633,9,35652,320868
11331,2024-05-05,1081,1379,9644,6,14314,85884
11332,2024-09-24,1037,1226,6625,7,14368,100576
11333,2024-05-22,1011,1942,7292,9,24447,220023
11334,2024-09-24,1066,1573,7732,3,12027,36081
11335,2024-12-07,1024,1416,9094,6,31717,190302
11336,2024-04-12,1034,1491,9382,4,27282,109128
11337,2024-02-25,1015,1169,7119,2,42589,85178
11338,2024-08-14,1044,1598,5931,5,16790,83950
11339,2024-04-15,1012,1538,5733,4,19863,79452
11340,2024-05-23,1023,1229,7228,4,42251,169004
11341,2024-02-02,1075,1891,5158,8,40663,325304
11342,2024-04-26,1001,1007,7722,3,49515,148545
11343,2024-06-19,1089,1189,5420,7,43361,303527
11344,2024-10-31,1009,1371,8822,5,36716,183580
11345,2024-11-29,1018,1933,6085,4,25457,101828
11346,2024-01-18,1085,1882,5166,3,11567,34701
11347,2024-08-23,1023,1003,5246,3,32717,98151
11348,2024-06-16,1089,1053,6883,7,1814,12698
11349,2024-12-28,1060,1175,8839,5,18560,92800
11350,2024-12-11,1004,1452,6383,5,855,4275
11351,2024-11-30,1079,1911,7397,7,5385,37695
11352,2024-12-21,1033,1828,8485,8,29328,234624
11353,2024-06-03,1091,1145,5424,6,10942,65652
11354,2024-08-27,1063,1248,7702,8,3136,25088
11355,2024-04-27,1011,1620,7696,3,12975,38925
11356,2024-03-21,1058,1940,7033,7,45392,317744
11357,2024-11-05,1020,1785,8491,2,26118,52236
11358,2024-12-09,1095,1903,8699,7,25151,176057
11359,2024-06-16,1088,1028,6968,8,18487,147896
11360,2024-06-21,1077,1148,9108,3,46234,138702
11361,2024-12-20,1046,1486,7778,5,16114,80570
11362,2024-11-19,1052,1821,8601,4,34667,138668
11363,2024-08-05,1098,1602,6031,2,23417,46834
11364,2024-08-15,1072,1558,6083,2,17360,34720
11365,2024-07-09,1093,1193,9979,5,13641,68205
11366,2024-08-13,1092,1835,9759,5,2515,12575
11367,2024-06-16,1038,1943,5555,2,35652,71304
11368,2024-10-23,1030,1715,5103,8,3186,25488
11369,2024-07-07,1077,1079,9542,1,49659,49659
11370,2024-07-11,1080,1088,6458,3,35817,107451
11371,2024-01-01,1088,1150,6235,2,12925,25850
11372,2024-01-09,1045,1784,6250,6,46867,281202
11373,2024-03-15,1056,1508,8581,7,42795,299565
11374,2024-12-01,1036,1316,6447,6,6510,39060
11375,2024-12-14,1026,1179,8068,4,38829,155316
11376,2024-05-22,1081,1553,6774,2,37224,74448
11377,2024-11-10,1028,1878,7452,4,12486,49944
11378,2024-07-12,1017,1562,5288,9,23549,211941
11379,2024-01-10,1003,1749,8944,2,33974,67948
11380,2024-05-18,1083,1896,6900,7,15350,107450
11381,2024-01-30,1000,1404,9862,4,35565,142260
11382,2024-10-05,1023,1184,5054,3,22270,66810
11383,2024-10-04,1041,1291,6856,9,12383,111447
11384,2024-02-11,1059,1769,8384,3,44109,132327
11385,2024-08-15,1023,1790,7373,5,23716,118580
11386,2024-10-11,1055,1699,9237,9,48296,434664
11387,2024-07-19,1068,1487,5219,3,11586,34758
11388,2024-11-16,1089,1698,9735,9,23817,214353
11389,2024-07-28,1017,1193,6958,6,13641,81846
11390,2024-06-26,1099,1042,6302,7,19474,136318
11391,2024-03-26,1064,1442,7730,8,3589,28712
11392,2024-02-17,1009,1201,5870,5,18646,93230
11393,2024-10-19,1016,1618,8255,2,24746,49492
11394,2024-07-24,1057,1072,6168,7,47140,329980
11395,2024-12-07,1034,1220,6017,7,8580,60060
11396,2024-12-12,1003,1601,9147,2,33630,67260
11397,2024-11-21,1043,1631,8206,7,42058,294406
11398,2024-11-06,1090,1675,7424,3,35364,106092
11399,2024-11-01,1074,1827,7065,6,34247,205482
11400,2024-11-05,1066,1732,6231,9,11948,107532
11401,2024-07-09,1027,1387,7181,4,24362,97448
11402,2024-12-26,1010,1532,6427,1,5634,5634
11403,2024-01-16,1002,1608,9732,4,9796,39184
11404,2024-05-07,1099,1990,5342,3,10541,31623
11405,2024-10-29,1002,1886,9609,5,5510,27550
11406,2024-07-03,1024,1987,5152,7,23851,166957
11407,2024-05-09,1075,1867,9974,8,2470,19760
11408,2024-06-13,1011,1864,9522,3,47551,142653
11409,2024-04-02,1048,1003,9839,5,32717,163585
11410,2024-10-05,1055,1387,5156,8,24362,194896
11411,2024-07-31,1052,1160,8016,7,7558,52906
11412,2024-05-20,1095,1653,8213,5,11287,56435
11413,2024-04-24,1009,1495,5782,8,7401,59208
11414,2024-11-16,1018,1904,9978,6,21367,128202
11415,2024-10-30,1046,1087,6215,7,46213,323491
11416,2024-01-07,1053,1831,9395,3,34894,104682
11417,2024-02-25,1006,1189,8592,2,43361,86722
11418,2024-07-10,1087,1088,5347,2,35817,71634
11419,2024-01-22,1038,1134,7883,2,15538,31076
11420,2024-11-14,1031,1493,7535,2,14518,29036
11421,2024-03-20,1022,1987,6675,7,23851,166957
11422,2024-10-10,1049,1260,9474,1,29907,29907
11423,2024-04-12,1018,1877,7944,4,17633,70532
11424,2024-08-04,1066,1012,6696,7,9686,67802
11425,2024-05-21,1024,1758,5723,2,22329,44658
11426,2024-03-25,1024,1385,7414,9,1868,16812
11427,2024-03-17,1005,1249,5905,5,49865,249325
11428,2024-09-14,1096,1502,8655,1,23939,23939
11429,2024-11-02,1096,1595,6421,2,37237,74474
11430,2024-08-15,1014,1907,9924,1,10960,10960
11431,2024-03-18,1062,1628,8354,5,30016,150080
11432,2024-06-10,1019,1090,7124,8,47490,379920
11433,2024-03-22,1042,1262,7741,7,25428,177996
11434,2024-08-03,1095,1673,9871,3,33346,100038
11435,2024-02-20,1087,1660,9311,5,8770,43850
11436,2024-06-12,1066,1699,8524,6,48296,289776
11437,2024-09-07,1003,1849,7113,2,24995,49990
11438,2024-07-31,1005,1393,8540,2,29740,59480
11439,2024-07-29,1058,1421,7661,6,31527,189162
11440,2024-06-11,1051,1185,8034,2,21727,43454
11441,2024-11-14,1018,1567,8783,7,16301,114107
11442,2024-12-25,1025,1486,9683,5,16114,80570
11443,2024-03-25,1047,1939,9553,6,9982,59892
11444,2024-01-03,1088,1212,6734,2,18238,36476
11445,2024-01-05,1054,1975,5920,2,47572,95144
11446,2024-08-22,1088,1370,8865,2,43867,87734
11447,2024-10-01,1058,1447,7675,5,47197,235985
11448,2024-10-16,1073,1659,8481,6,12249,73494
11449,2024-01-20,1037,1817,5453,4,37686,150744
11450,2024-11-24,1083,1821,9949,7,34667,242669
11451,2024-07-13,1004,1941,9607,6,41670,250020
11452,2024-05-28,1041,1039,6382,8,34809,278472
11453,2024-04-25,1034,1151,6675,2,42146,84292
11454,2024-01-04,1068,1494,6945,4,9181,36724
11455,2024-01-22,1098,1596,9876,4,6122,24488
11456,2024-11-22,1002,1619,9177,2,17904,35808
11457,2024-07-08,1040,1313,5708,6,45684,274104
11458,2024-01-12,1031,1798,6054,1,15110,15110
11459,2024-07-07,1035,1506,5398,8,8031,64248
11460,2024-11-12,1029,1629,9065,8,30242,241936
11461,2024-01-27,1038,1177,8605,9,41282,371538
11462,2024-12-05,1092,1137,7039,9,25216,226944
11463,2024-05-21,1089,1083,5271,7,39293,275051
11464,2024-01-07,1088,1781,6411,7,40601,284207
11465,2024-01-10,1059,1018,7912,6,44894,269364
11466,2024-06-27,1055,1029,9443,4,8975,35900
11467,2024-01-03,1075,1312,7985,6,5511,33066
11468,2024-04-12,1081,1271,9631,2,12842,25684
11469,2024-10-26,1057,1021,9651,1,47038,47038
11470,2024-02-23,1025,1309,5259,8,42072,336576
11471,2024-06-10,1078,1083,7969,8,39293,314344
11472,2024-08-17,1004,1837,7106,9,8322,74898
11473,2024-12-10,1055,1620,7161,9,12975,116775
11474,2024-07-29,1032,1938,8336,8,32588,260704
11475,2024-10-07,1008,1736,8757,6,18372,110232
11476,2024-03-10,1031,1488,5780,7,7777,54439
11477,2024-10-27,1076,1402,8582,4,17755,71020
11478,2024-03-08,1027,1516,8450,8,47674,381392
11479,2024-10-08,1022,1582,9148,1,1649,1649
11480,2024-10-08,1087,1481,5060,8,4017,32136
11481,2024-06-02,1094,1275,7436,2,23643,47286
11482,2024-08-11,1068,1398,5843,7,42762,299334
11483,2024-12-13,1061,1549,5987,8,27258,218064
11484,2024-07-07,1047,1128,6408,4,28413,113652
11485,2024-02-10,1065,1629,6691,4,30242,120968
11486,2024-06-21,1061,1004,5818,7,26876,188132
11487,2024-08-25,1093,1481,5580,7,4017,28119
11488,2024-09-26,1068,1437,8232,9,33745,303705
11489,2024-06-13,1055,1596,9062,3,6122,18366
11490,2024-05-09,1073,1316,8406,8,6510,52080
11491,2024-01-05,1035,1589,7368,4,48141,192564
11492,2024-12-23,1035,1912,7419,5,5786,28930
11493,2024-05-09,1055,1124,7839,7,4547,31829
11494,2024-06-24,1006,1893,5520,4,28761,115044
11495,2024-01-22,1092,1075,7466,1,49962,49962
11496,2024-02-10,1031,1282,9412,8,45489,363912
11497,2024-06-01,1090,1965,5327,1,36304,36304
11498,2024-02-15,1000,1870,8911,1,27483,27483
11499,2024-12-15,1057,1495,5534,5,7401,37005
11500,2024-01-09,1019,1792,9541,1,8128,8128
11501,2024-04-10,1033,1346,9523,8,47428,379424
11502,2024-02-16,1050,1940,7234,3,45392,136176
11503,2024-11-25,1035,1129,5720,5,35845,179225
11504,2024-07-25,1025,1661,5602,4,6026,24104
11505,2024-08-28,1086,1351,8338,3,33002,99006
11506,2024-01-03,1032,1821,8670,9,34667,312003
11507,2024-09-20,1000,1144,8591,2,27045,54090
11508,2024-02-05,1066,1700,5498,8,3129,25032
11509,2024-10-25,1049,1484,9185,3,36752,110256
11510,2024-08-30,1034,1577,5519,6,12590,75540
11511,2024-08-25,1034,1244,8186,2,10128,20256
11512,2024-11-14,1058,1243,7081,4,43676,174704
11513,2024-08-06,1076,1118,8171,4,24035,96140
11514,2024-07-19,1096,1665,5844,2,34829,69658
11515,2024-01-27,1012,1439,8677,4,36098,144392
11516,2024-03-29,1021,1672,6406,3,18307,54921
11517,2024-09-25,1055,1512,8776,2,28420,56840
11518,2024-11-02,1004,1551,7555,2,38769,77538
11519,2024-11-19,1080,1170,7296,2,34869,69738
11520,2024-05-03,1042,1299,6181,5,34241,171205
11521,2024-10-07,1073,1189,8480,5,43361,216805
11522,2024-09-11,1054,1291,9256,8,12383,99064
11523,2024-12-24,1090,1951,5527,2,40345,80690
11524,2024-01-02,1014,1934,5494,8,14066,112528
11525,2024-11-24,1041,1984,7844,6,15805,94830
11526,2024-05-02,1008,1908,7317,3,19831,59493
11527,2024-08-23,1070,1806,7284,5,44863,224315
11528,2024-03-17,1056,1637,5372,4,13576,54304
11529,2024-03-18,1009,1995,8973,5,43532,217660
11530,2024-11-27,1063,1779,8479,6,7968,47808
11531,2024-06-11,1040,1532,7426,4,5634,22536
11532,2024-05-29,1012,1086,6720,8,36079,288632
11533,2024-02-17,1015,1401,6488,2,11881,23762
11534,2024-04-23,1097,1780,5105,4,23992,95968
11535,2024-03-04,1071,1786,6045,9,21287,191583
11536,2024-05-29,1059,1930,9967,2,28212,56424
11537,2024-03-13,1030,1557,9369,2,35485,70970
11538,2024-02-16,1054,1623,9408,1,30533,30533
11539,2024-10-22,1091,1184,8840,1,22270,22270
11540,2024-12-27,1070,1929,5868,8,18907,151256
11541,2024-06-29,1033,1499,6881,3,33517,100551
11542,2024-09-15,1096,1189,7742,1,43361,43361
11543,2024-04-04,1003,1567,7065,2,16301,32602
11544,2024-04-10,1054,1128,8780,4,28413,113652
11545,2024-03-23,1089,1440,8849,4,36881,147524
11546,2024-03-22,1065,1109,6375,7,24236,169652
11547,2024-04-30,1095,1853,7342,7,6923,48461
11548,2024-01-03,1058,1667,9259,9,49111,441999
11549,2024-01-13,1040,1131,8890,9,43800,394200
11550,2024-06-12,1065,1484,6902,5,36752,183760
11551,2024-04-14,1089,1198,9750,8,44598,356784
11552,2024-12-10,1046,1074,9410,8,25817,206536
11553,2024-12-13,1026,1203,9512,2,48654,97308
11554,2024-06-14,1078,1935,6859,1,11166,11166
11555,2024-03-15,1020,1052,9402,7,39764,278348
11556,2024-02-29,1090,1038,8714,6,15850,95100
11557,2024-08-20,1097,1290,5631,5,15679,78395
11558,2024-03-13,1010,1481,9196,4,4017,16068
11559,2024-10-04,1086,1337,9769,5,41015,205075
11560,2024-05-28,1021,1393,6833,2,29740,59480
11561,2024-05-02,1022,1050,6800,5,34507,172535
11562,2024-10-15,1064,1885,9715,7,47126,329882
11563,2024-01-04,1058,1191,7543,1,39493,39493
11564,2024-08-24,1075,1718,5101,2,27095,54190
11565,2024-07-26,1088,1314,6412,3,4786,14358
11566,2024-06-20,1069,1793,9338,9,49083,441747
11567,2024-07-25,1097,1112,9443,8,30683,245464
11568,2024-05-29,1027,1114,9128,1,15305,15305
11569,2024-08-11,1024,1770,5080,9,23712,213408
11570,2024-02-28,1081,1844,8846,7,47045,329315
11571,2024-10-19,1000,1865,6831,9,10059,90531
11572,2024-05-30,1031,1750,7210,5,20139,100695
11573,2024-06-09,1028,1016,9806,5,45421,227105
11574,2024-04-22,1019,1832,8591,1,9042,9042
11575,2024-08-19,1045,1205,8442,7,40606,284242
11576,2024-07-04,1076,1256,7539,8,45527,364216
11577,2024-08-26,1056,1087,7526,1,46213,46213
11578,2024-09-03,1011,1373,9215,5,46367,231835
11579,2024-05-19,1071,1312,9100,7,5511,38577
11580,2024-04-21,1038,1891,5215,3,40663,121989
11581,2024-07-13,1007,1522,8709,2,22022,44044
11582,2024-05-04,1081,1578,8788,1,20107,20107
11583,2024-12-21,1084,1204,7773,3,28131,84393
11584,2024-08-26,1027,1822,5601,8,1720,13760
11585,2024-01-01,1030,1085,6872,3,12202,36606
11586,2024-04-30,1014,1040,7130,3,45320,135960
11587,2024-03-29,1059,1616,5177,4,36027,144108
11588,2024-01-20,1038,1954,5691,3,6284,18852
11589,2024-09-29,1096,1541,7077,3,8122,24366
11590,2024-06-25,1086,1280,5726,3,33453,100359
11591,2024-04-23,1079,1255,6934,2,37214,74428
11592,2024-10-08,1087,1966,8926,4,47150,188600
11593,2024-01-27,1020,1319,8674,3,23036,69108
11594,2024-07-06,1007,1216,7053,9,32225,290025
11595,2024-03-27,1041,1102,6757,4,32715,130860
11596,2024-03-20,1058,1408,7052,5,3944,19720
11597,2024-06-28,1080,1449,9159,6,21065,126390
11598,2024-02-24,1078,1673,6037,5,33346,166730
11599,2024-09-03,1077,1950,9659,7,47955,335685
11600,2024-11-12,1019,1697,8344,5,32518,162590
11601,2024-08-20,1095,1255,5679,1,37214,37214
11602,2024-09-26,1060,1085,8038,8,12202,97616
11603,2024-04-18,1010,1693,9442,8,46937,375496
11604,2024-08-25,1031,1628,8268,4,30016,120064
11605,2024-11-02,1003,1896,8280,6,15350,92100
11606,2024-06-03,1028,1246,8102,1,41163,41163
11607,2024-06-16,1004,1657,5184,9,37697,339273
11608,2024-03-08,1075,1783,9685,6,11628,69768
11609,2024-09-21,1038,1183,9566,7,47561,332927
11610,2024-08-22,1022,1713,8932,1,41673,41673
11611,2024-02-08,1096,1158,6638,4,34991,139964
11612,2024-05-22,1015,1502,7478,7,23939,167573
11613,2024-12-10,1049,1559,7635,4,14631,58524
11614,2024-01-18,1010,1635,5955,1,5747,5747
11615,2024-02-21,1071,1844,8961,3,47045,141135
11616,2024-08-09,1096,1673,8349,5,33346,166730
11617,2024-10-19,1047,1673,9381,3,33346,100038
11618,2024-03-20,1033,1233,8237,6,15452,92712
11619,2024-06-29,1020,1375,6786,8,2113,16904
11620,2024-05-19,1062,1059,5723,7,28820,201740
11621,2024-07-27,1016,1587,7041,7,18360,128520
11622,2024-11-30,1033,1420,8766,3,41696,125088
11623,2024-10-07,1050,1551,5411,9,38769,348921
11624,2024-05-01,1066,1656,5514,4,29309,117236
11625,2024-07-29,1023,1168,6466,8,34337,274696
11626,2024-12-09,1021,1823,6122,3,25362,76086
11627,2024-05-14,1009,1949,6469,1,5852,5852
11628,2024-06-25,1004,1974,7494,3,11100,33300
11629,2024-02-08,1030,1908,8602,9,19831,178479
11630,2024-03-15,1023,1173,5901,2,32585,65170
11631,2024-12-18,1010,1071,5069,3,22516,67548
11632,2024-02-18,1050,1912,6518,9,5786,52074
11633,2024-08-04,1047,1138,6469,6,32156,192936
11634,2024-09-02,1077,1551,8149,7,38769,271383
11635,2024-08-18,1003,1173,8085,6,32585,195510
11636,2024-09-11,1007,1064,6216,5,47734,238670
11637,2024-07-21,1006,1031,7428,1,20744,20744
11638,2024-05-23,1098,1619,7805,1,17904,17904
11639,2024-12-17,1031,1691,7604,7,40917,286419
11640,2024-10-22,1085,1777,6765,7,20426,142982
11641,2024-01-07,1021,1363,5591,9,19633,176697
11642,2024-04-10,1089,1626,6967,9,27114,244026
11643,2024-10-22,1035,1442,8536,3,3589,10767
11644,2024-11-21,1028,1910,9273,5,44171,220855
11645,2024-08-15,1067,1130,9017,1,25912,25912
11646,2024-04-12,1094,1249,8848,7,49865,349055
11647,2024-04-01,1085,1136,9275,7,9269,64883
11648,2024-10-04,1060,1135,9173,9,18375,165375
11649,2024-12-22,1052,1510,6480,9,42356,381204
11650,2024-07-05,1071,1073,7696,1,21448,21448
11651,2024-05-25,1084,1379,5416,5,14314,71570
11652,2024-09-23,1014,1519,9852,4,29481,117924
11653,2024-04-28,1047,1783,8742,4,11628,46512
11654,2024-09-20,1053,1778,9041,6,15136,90816
11655,2024-10-02,1067,1278,5294,6,20117,120702
11656,2024-07-21,1068,1951,5964,9,40345,363105
11657,2024-02-28,1099,1823,5721,3,25362,76086
11658,2024-12-12,1063,1661,9448,9,6026,54234
11659,2024-06-01,1065,1871,6392,3,20054,60162
11660,2024-07-04,1049,1401,5337,6,11881,71286
11661,2024-04-24,1071,1806,8513,7,44863,314041
11662,2024-10-01,1046,1898,7379,6,40233,241398
11663,2024-12-27,1067,1647,5472,8,40960,327680
11664,2024-08-23,1012,1644,5831,6,37636,225816
11665,2024-03-06,1013,1346,5885,3,47428,142284
11666,2024-09-19,1008,1772,6050,2,19114,38228
11667,2024-02-20,1027,1530,5616,3,12245,36735
11668,2024-12-16,1037,1976,5244,2,47842,95684
11669,2024-11-26,1011,1380,6800,4,19148,76592
11670,2024-08-19,1091,1060,5688,5,20955,104775
11671,2024-12-25,1012,1813,7239,3,37973,113919
11672,2024-01-13,1020,1657,9300,1,37697,37697
11673,2024-11-10,1054,1956,9670,1,41902,41902
11674,2024-10-20,1037,1187,5624,2,1166,2332
11675,2024-01-20,1051,1385,9097,8,1868,14944
11676,2024-07-31,1025,1502,5678,7,23939,167573
11677,2024-09-26,1088,1177,8000,7,41282,288974
11678,2024-02-09,1021,1958,7927,2,10835,21670
11679,2024-05-14,1050,1326,6341,3,19525,58575
11680,2024-09-18,1071,1176,9876,1,43603,43603
11681,2024-06-29,1036,1113,9984,7,35234,246638
11682,2024-08-14,1044,1207,7350,6,29643,177858
11683,2024-09-21,1085,1454,8596,1,35458,35458
11684,2024-04-15,1076,1529,5694,5,47282,236410
11685,2024-11-16,1036,1875,9250,2,18669,37338
11686,2024-04-05,1013,1601,5857,6,33630,201780
11687,2024-10-21,1017,1732,9629,3,11948,35844
11688,2024-05-02,1096,1143,7367,2,20598,41196
11689,2024-10-03,1006,1557,6045,3,35485,106455
11690,2024-02-06,1073,1102,5987,2,32715,65430
11691,2024-09-24,1059,1605,7537,3,6446,19338
11692,2024-07-16,1057,1920,5000,5,13189,65945
11693,2024-09-11,1093,1903,8011,8,25151,201208
11694,2024-01-15,1054,1063,8535,9,22508,202572
11695,2024-03-25,1033,1653,8414,5,11287,56435
11696,2024-04-01,1044,1277,9133,6,32925,197550
11697,2024-04-09,1002,1883,6448,2,27496,54992
11698,2024-06-22,1039,1077,7531,2,5098,10196
11699,2024-08-02,1075,1602,6538,1,23417,23417
11700,2024-12-30,1099,1034,8371,9,47475,427275
11701,2024-03-26,1052,1615,8520,8,6923,55384
11702,2024-03-22,1030,1946,8156,2,13860,27720
11703,2024-11-17,1022,1587,6793,2,18360,36720
11704,2024-04-26,1071,1426,8895,1,39924,39924
11705,2024-06-15,1064,1980,7259,7,32515,227605
11706,2024-08-29,1054,1330,9411,9,16591,149319
11707,2024-10-04,1098,1130,5021,5,25912,129560
11708,2024-12-07,1078,1456,9604,7,27967,195769
11709,2024-05-13,1091,1106,7284,1,6893,6893
11710,2024-12-31,1011,1438,6733,3,35923,107769
11711,2024-06-28,1000,1274,7686,3,16051,48153
11712,2024-06-13,1010,1937,9139,4,18610,74440
11713,2024-07-30,1050,1956,5280,1,41902,41902
11714,2024-01-06,1065,1278,8423,5,20117,100585
11715,2024-03-13,1044,1719,6078,9,21210,190890
11716,2024-12-22,1098,1259,5843,9,28140,253260
11717,2024-03-17,1071,1607,8151,6,48005,288030
11718,2024-10-09,1030,1960,8400,7,34439,241073
11719,2024-08-02,1084,1003,8417,5,32717,163585
11720,2024-06-13,1052,1186,8574,8,9857,78856
11721,2024-06-22,1044,1217,8470,1,8286,8286
11722,2024-04-07,1066,1858,5323,1,39905,39905
11723,2024-01-25,1088,1634,7864,8,4609,36872
11724,2024-05-30,1040,1871,7761,5,20054,100270
11725,2024-08-07,1027,1847,5943,4,21621,86484
11726,2024-06-02,1061,1285,6067,7,48772,341404
11727,2024-03-16,1091,1357,6339,3,23182,69546
11728,2024-08-18,1001,1160,6237,9,7558,68022
11729,2024-01-03,1071,1207,6530,7,29643,207501
11730,2024-03-13,1064,1416,9110,1,31717,31717
11731,2024-04-20,1020,1531,6827,2,5012,10024
11732,2024-11-30,1014,1990,8824,5,10541,52705
11733,2024-03-12,1054,1047,6475,2,4374,8748
11734,2024-09-11,1007,1538,8346,2,19863,39726
11735,2024-08-05,1085,1671,7637,6,8793,52758
11736,2024-07-26,1019,1469,6370,6,18332,109992
11737,2024-09-05,1076,1995,7167,9,43532,391788
11738,2024-10-16,1063,1154,9377,6,48402,290412
11739,2024-12-05,1089,1792,5361,2,8128,16256
11740,2024-03-05,1038,1065,5497,1,27731,27731
11741,2024-10-11,1006,1229,8388,6,42251,253506
11742,2024-01-04,1056,1214,6675,5,48861,244305
11743,2024-07-14,1074,1755,8812,8,46322,370576
11744,2024-04-28,1030,1011,7407,5,23762,118810
11745,2024-07-08,1033,1612,8875,8,33404,267232
11746,2024-06-14,1074,1685,9034,2,18169,36338
11747,2024-08-19,1087,1228,7883,6,15383,92298
11748,2024-05-09,1088,1241,8998,6,28258,169548
11749,2024-04-01,1050,1509,6832,6,31863,191178
11750,2024-11-27,1055,1815,7715,7,38970,272790
11751,2024-05-04,1096,1212,8786,2,18238,36476
11752,2024-10-26,1028,1111,6966,5,5511,27555
11753,2024-07-25,1062,1873,6463,7,7298,51086
11754,2024-04-23,1084,1202,5746,3,24530,73590
11755,2024-12-26,1032,1340,8023,5,27410,137050
11756,2024-12-16,1044,1036,5741,6,19956,119736
11757,2024-04-10,1005,1643,8356,3,2600,7800
11758,2024-02-01,1036,1089,6038,8,47903,383224
11759,2024-05-10,1052,1723,8412,7,1340,9380
11760,2024-01-17,1001,1444,9237,1,45664,45664
11761,2024-09-04,1093,1326,9570,5,19525,97625
11762,2024-03-04,1056,1101,5283,3,34146,102438
11763,2024-03-18,1091,1942,7765,9,24447,220023
11764,2024-07-18,1095,1474,8107,4,19681,78724
11765,2024-02-10,1050,1558,7229,2,17360,34720
11766,2024-09-14,1090,1631,6416,5,42058,210290
11767,2024-06-29,1038,1528,7267,1,5909,5909
11768,2024-10-16,1021,1799,9477,1,30315,30315
11769,2024-05-04,1078,1905,8154,7,12590,88130
11770,2024-12-09,1042,1177,8128,4,41282,165128
11771,2024-04-21,1037,1970,8962,6,42331,253986
11772,2024-08-22,1063,1954,5178,4,6284,25136
11773,2024-07-20,1036,1785,9022,7,26118,182826
11774,2024-02-09,1099,1705,9902,9,24856,223704
11775,2024-07-17,1037,1418,6843,9,31957,287613
11776,2024-11-06,1070,1517,7364,4,10125,40500
11777,2024-05-05,1030,1514,5322,4,38722,154888
11778,2024-03-14,1043,1710,5013,3,23031,69093
11779,2024-06-27,1093,1034,5245,3,47475,142425
11780,2024-01-05,1013,1238,6700,5,28262,141310
11781,2024-11-07,1097,1588,6647,4,626,2504
11782,2024-04-27,1051,1613,9787,1,4901,4901
11783,2024-08-19,1090,1449,7270,5,21065,105325
11784,2024-05-28,1086,1577,8328,6,12590,75540
11785,2024-11-09,1066,1050,5715,2,34507,69014
11786,2024-07-19,1004,1635,5983,1,5747,5747
11787,2024-12-14,1041,1711,8757,5,33292,166460
11788,2024-01-31,1093,1072,9207,7,47140,329980
11789,2024-08-24,1006,1673,5474,9,33346,300114
11790,2024-06-03,1017,1166,6783,1,5115,5115
11791,2024-07-16,1056,1862,8139,3,27024,81072
11792,2024-04-16,1073,1988,9222,6,2006,12036
11793,2024-06-07,1043,1816,5193,6,7498,44988
11794,2024-06-17,1097,1174,7004,7,7467,52269
11795,2024-10-27,1060,1291,9742,2,12383,24766
11796,2024-09-14,1096,1021,7148,8,47038,376304
11797,2024-03-02,1062,1982,6089,3,40953,122859
11798,2024-05-28,1031,1844,7251,2,47045,94090
11799,2024-06-10,1094,1738,5896,5,49097,245485
11800,2024-03-26,1027,1171,7178,9,22950,206550
11801,2024-01-13,1003,1706,7082,9,46666,419994
11802,2024-10-01,1014,1188,5783,4,1419,5676
11803,2024-05-03,1001,1244,9594,3,10128,30384
11804,2024-12-23,1022,1498,8207,4,6814,27256
11805,2024-04-13,1058,1136,6684,5,9269,46345
11806,2024-02-18,1022,1303,6010,7,15182,106274
11807,2024-01-03,1098,1273,8332,8,24724,197792
11808,2024-09-06,1090,1089,7359,7,47903,335321
11809,2024-09-09,1025,1381,6310,2,40684,81368
11810,2024-07-29,1033,1156,6280,8,1105,8840
11811,2024-03-11,1012,1943,8798,7,35652,249564
11812,2024-09-27,1039,1651,9492,5,7713,38565
11813,2024-02-07,1050,1166,8524,6,5115,30690
11814,2024-06-01,1009,1406,7643,4,23768,95072
11815,2024-11-12,1038,1786,8378,3,21287,63861
11816,2024-08-02,1089,1023,8163,6,44687,268122
11817,2024-01-10,1003,1874,6414,4,36086,144344
11818,2024-04-09,1081,1299,8129,4,34241,136964
11819,2024-12-22,1098,1861,8532,6,42303,253818
11820,2024-10-24,1051,1094,9589,3,37898,113694
11821,2024-08-21,1080,1722,9113,1,26176,26176
11822,2024-07-17,1055,1468,7924,8,46406,371248
11823,2024-06-22,1026,1816,5519,7,7498,52486
11824,2024-08-04,1007,1622,7268,9,4400,39600
11825,2024-02-09,1052,1457,7329,9,28063,252567
11826,2024-07-04,1012,1515,9909,1,43934,43934
11827,2024-10-06,1045,1573,6665,1,12027,12027
11828,2024-03-09,1085,1529,7026,1,47282,47282
11829,2024-09-05,1035,1443,8502,5,25401,127005
11830,2024-03-25,1042,1620,8561,6,12975,77850
11831,2024-06-16,1093,1895,8632,4,11889,47556
11832,2024-01-29,1034,1637,5441,7,13576,95032
11833,2024-02-06,1050,1319,9439,6,23036,138216
11834,2024-01-20,1062,1612,8818,9,33404,300636
11835,2024-05-25,1067,1403,7823,1,38944,38944
11836,2024-09-16,1012,1691,5609,9,40917,368253
11837,2024-05-18,1046,1291,5710,8,12383,99064
11838,2024-09-11,1005,1701,7637,5,9978,49890
11839,2024-03-26,1017,1303,8499,6,15182,91092
11840,2024-02-21,1007,1863,9252,9,7895,71055
11841,2024-10-25,1040,1244,7020,9,10128,91152
11842,2024-05-21,1060,1568,5996,4,11284,45136
11843,2024-05-01,1019,1568,7566,6,11284,67704
11844,2024-05-30,1084,1243,5992,1,43676,43676
11845,2024-11-28,1095,1858,9479,9,39905,359145
11846,2024-05-27,1055,1424,7567,1,35271,35271
11847,2024-03-23,1095,1983,8819,2,10376,20752
11848,2024-05-28,1001,1732,5455,1,11948,11948
11849,2024-06-18,1065,1820,5799,5,13281,66405
11850,2024-11-20,1031,1087,7182,4,46213,184852
11851,2024-09-26,1021,1061,5141,4,18640,74560
11852,2024-08-15,1089,1412,6220,2,10207,20414
11853,2024-11-21,1040,1550,7084,2,21581,43162
11854,2024-01-05,1009,1593,5282,6,39897,239382
11855,2024-05-31,1038,1009,9180,9,39529,355761
11856,2024-08-08,1044,1444,9684,9,45664,410976
11857,2024-06-05,1004,1055,5809,8,48490,387920
11858,2024-09-14,1011,1264,6855,9,44587,401283
11859,2024-01-06,1031,1689,8819,4,15943,63772
11860,2024-10-16,1039,1970,6040,3,42331,126993
11861,2024-07-22,1017,1267,8732,1,38403,38403
11862,2024-10-04,1073,1385,8342,6,1868,11208
11863,2024-05-13,1063,1473,5537,6,38111,228666
11864,2024-11-18,1086,1584,6952,2,2958,5916
11865,2024-03-17,1000,1016,6163,1,45421,45421
11866,2024-12-11,1052,1034,5507,2,47475,94950
11867,2024-04-25,1041,1941,7069,3,41670,125010
11868,2024-07-19,1081,1706,6993,2,46666,93332
11869,2024-03-27,1093,1709,7275,3,38108,114324
11870,2024-03-08,1082,1854,6889,4,11498,45992
11871,2024-04-10,1037,1802,8145,5,28913,144565
11872,2024-06-10,1016,1462,5940,8,37828,302624
11873,2024-11-08,1061,1199,7298,6,26798,160788
11874,2024-03-11,1027,1991,5702,1,22166,22166
11875,2024-06-21,1021,1289,6563,6,7223,43338
11876,2024-06-17,1045,1010,7513,2,28915,57830
11877,2024-04-12,1037,1877,8879,6,17633,105798
11878,2024-08-15,1031,1898,8032,6,40233,241398
11879,2024-05-12,1054,1732,7353,1,11948,11948
11880,2024-02-29,1088,1009,9460,4,39529,158116
11881,2024-05-24,1008,1081,6289,3,4617,13851
11882,2024-07-29,1099,1337,9888,8,41015,328120
11883,2024-04-18,1049,1779,6931,4,7968,31872
11884,2024-07-11,1036,1474,7535,7,19681,137767
11885,2024-12-22,1064,1885,8584,3,47126,141378
11886,2024-07-01,1092,1178,6096,7,21358,149506
11887,2024-01-09,1078,1594,6235,2,5722,11444
11888,2024-05-11,1043,1744,9901,5,31855,159275
11889,2024-03-14,1059,1352,8665,5,42618,213090
11890,2024-04-05,1028,1088,9538,4,35817,143268
11891,2024-05-08,1084,1619,6904,4,17904,71616
11892,2024-12-08,1062,1186,5395,6,9857,59142
11893,2024-08-09,1075,1513,8679,2,27223,54446
11894,2024-05-07,1025,1769,7571,3,44109,132327
11895,2024-12-12,1044,1132,7982,7,12777,89439
11896,2024-11-30,1094,1661,8275,5,6026,30130
11897,2024-01-07,1034,1503,8040,4,8683,34732
11898,2024-08-12,1077,1928,6335,9,31188,280692
11899,2024-04-25,1006,1491,6568,8,27282,218256
11900,2024-04-12,1066,1324,7718,9,44675,402075
11901,2024-08-13,1052,1667,6213,8,49111,392888
11902,2024-02-22,1040,1441,8054,2,13301,26602
11903,2024-01-03,1003,1653,7013,4,11287,45148
11904,2024-11-13,1001,1615,8585,3,6923,20769
11905,2024-02-01,1034,1106,9736,1,6893,6893
11906,2024-09-14,1032,1561,6374,4,46597,186388
11907,2024-03-20,1049,1713,5379,7,41673,291711
11908,2024-05-03,1012,1168,5092,5,34337,171685
11909,2024-12-02,1006,1654,5492,5,28483,142415
11910,2024-11-04,1038,1969,6155,6,9959,59754
11911,2024-09-16,1090,1323,9963,3,7464,22392
11912,2024-11-07,1048,1810,9103,2,25598,51196
11913,2024-12-01,1002,1950,9451,7,47955,335685
11914,2024-07-28,1016,1816,5942,9,7498,67482
11915,2024-02-14,1024,1508,5660,9,42795,385155
11916,2024-11-04,1093,1145,6419,3,10942,32826
11917,2024-11-24,1013,1848,6737,1,48505,48505
11918,2024-09-28,1092,1094,6785,2,37898,75796
11919,2024-08-14,1004,1992,7380,8,28885,231080
11920,2024-12-14,1070,1408,8787,5,3944,19720
11921,2024-04-22,1082,1395,8611,9,48559,437031
11922,2024-01-30,1032,1950,8667,3,47955,143865
11923,2024-10-02,1084,1814,5454,1,22937,22937
11924,2024-12-27,1050,1980,8575,3,32515,97545
11925,2024-08-01,1084,1976,8655,4,47842,191368
11926,2024-03-27,1016,1595,7524,6,37237,223422
11927,2024-10-18,1086,1604,5302,1,32867,32867
11928,2024-01-22,1060,1066,7830,1,2378,2378
11929,2024-01-21,1090,1710,8275,1,23031,23031
11930,2024-06-24,1030,1959,7708,6,9223,55338
11931,2024-09-17,1014,1571,8119,5,22260,111300
11932,2024-06-16,1039,1864,5463,8,47551,380408
11933,2024-08-08,1064,1217,5287,8,8286,66288
11934,2024-03-22,1019,1211,6367,8,17560,140480
11935,2024-03-19,1033,1938,8423,4,32588,130352
11936,2024-10-27,1064,1420,9971,4,41696,166784
11937,2024-06-07,1031,1159,6481,3,31216,93648
11938,2024-05-22,1021,1482,6671,6,22637,135822
11939,2024-11-09,1061,1340,8252,8,27410,219280
11940,2024-02-14,1092,1179,8649,7,38829,271803
11941,2024-08-23,1044,1564,6769,5,30569,152845
11942,2024-06-18,1010,1872,5781,4,44686,178744
11943,2024-08-12,1032,1253,5024,3,29095,87285
11944,2024-10-20,1037,1183,9557,3,47561,142683
11945,2024-11-02,1064,1839,6225,8,32093,256744
11946,2024-10-06,1062,1385,6796,4,1868,7472
11947,2024-03-31,1037,1242,8248,1,37781,37781
11948,2024-05-26,1072,1943,7966,5,35652,178260
11949,2024-10-07,1012,1527,8154,2,6586,13172
11950,2024-03-10,1047,1858,7868,3,39905,119715
11951,2024-02-18,1023,1931,6200,5,13149,65745
11952,2024-01-17,1035,1137,9734,4,25216,100864
11953,2024-05-28,1019,1347,8281,3,32174,96522
11954,2024-02-12,1042,1592,5943,2,5973,11946
11955,2024-07-30,1056,1765,5590,8,5423,43384
11956,2024-07-22,1064,1125,6162,7,9279,64953
11957,2024-07-23,1059,1344,9316,9,49389,444501
11958,2024-12-03,1098,1206,5487,1,23626,23626
11959,2024-03-03,1042,1401,5294,1,11881,11881
11960,2024-01-24,1083,1859,5384,4,24110,96440
11961,2024-02-02,1064,1766,9671,4,27620,110480
11962,2024-07-27,1045,1257,5558,8,42754,342032
11963,2024-09-29,1061,1127,9066,4,31246,124984
11964,2024-06-24,1069,1295,9443,6,17383,104298
11965,2024-02-13,1025,1553,8887,5,37224,186120
11966,2024-06-01,1028,1222,5466,6,27819,166914
11967,2024-12-28,1040,1606,8548,5,26479,132395
11968,2024-12-20,1014,1664,9085,8,28050,224400
11969,2024-07-06,1018,1640,9969,3,29286,87858
11970,2024-10-11,1072,1721,9049,4,49649,198596
11971,2024-01-12,1058,1527,7273,3,6586,19758
11972,2024-12-21,1080,1169,9498,3,42589,127767
11973,2024-05-16,1095,1676,5087,2,48059,96118
11974,2024-03-26,1027,1360,7369,6,46670,280020
11975,2024-02-22,1014,1548,9476,1,34446,34446
11976,2024-03-01,1057,1710,7996,3,23031,69093
11977,2024-04-22,1052,1133,8272,3,6079,18237
11978,2024-10-30,1041,1461,5796,1,27047,27047
11979,2024-04-17,1027,1405,6094,1,18631,18631
11980,2024-11-30,1072,1369,8460,6,12505,75030
11981,2024-10-29,1090,1862,9866,9,27024,243216
11982,2024-03-07,1018,1748,7676,3,42108,126324
11983,2024-11-15,1070,1713,7908,9,41673,375057
11984,2024-05-01,1088,1173,7988,7,32585,228095
11985,2024-09-10,1093,1295,8666,3,17383,52149
11986,2024-10-26,1076,1309,9440,1,42072,42072
11987,2024-01-05,1001,1045,5485,5,23669,118345
11988,2024-12-15,1017,1419,8757,2,44500,89000
11989,2024-08-22,1039,1630,8210,2,30824,61648
11990,2024-11-30,1052,1296,6714,5,31240,156200
11991,2024-02-08,1007,1741,6490,5,4007,20035
11992,2024-07-18,1083,1865,7177,7,10059,70413
11993,2024-06-18,1008,1834,9700,6,5098,30588
11994,2024-12-23,1076,1893,9177,3,28761,86283
11995,2024-12-13,1020,1790,9205,3,23716,71148
11996,2024-01-21,1091,1170,5009,5,34869,174345
11997,2024-06-23,1043,1316,8767,2,6510,13020
11998,2024-03-14,1059,1272,7789,3,15823,47469
11999,2024-10-10,1070,1732,6422,1,11948,11948
12000,2024-05-28,1030,1704,5725,1,1705,1705
12001,2024-04-22,1086,1514,6493,9,38722,348498
12002,2024-10-10,1012,1077,7708,3,5098,15294
12003,2024-03-26,1044,1202,6438,5,24530,122650
12004,2024-04-11,1099,1029,6724,3,8975,26925
12005,2024-01-19,1001,1020,6505,3,23369,70107
12006,2024-03-03,1033,1143,8525,9,20598,185382
12007,2024-04-25,1068,1749,9519,7,33974,237818
12008,2024-06-28,1065,1829,8598,1,7115,7115
12009,2024-02-07,1061,1571,9826,2,22260,44520
12010,2024-10-28,1046,1626,9987,7,27114,189798
12011,2024-04-01,1097,1392,9538,1,38691,38691
12012,2024-06-21,1001,1758,8951,1,22329,22329
12013,2024-07-23,1083,1577,5425,6,12590,75540
12014,2024-01-09,1071,1921,5662,2,38414,76828
12015,2024-01-09,1086,1361,7879,9,20617,185553
12016,2024-01-21,1036,1322,7413,7,2225,15575
12017,2024-01-24,1079,1270,8170,7,31057,217399
12018,2024-04-04,1085,1779,6543,5,7968,39840
12019,2024-07-10,1062,1530,7144,5,12245,61225
12020,2024-12-14,1055,1744,5582,3,31855,95565
12021,2024-10-22,1045,1525,8562,8,47466,379728
12022,2024-06-28,1062,1142,9492,4,4911,19644
12023,2024-05-10,1007,1598,6182,2,16790,33580
12024,2024-01-21,1054,1266,7060,1,36360,36360
12025,2024-01-08,1042,1062,6826,4,36031,144124
12026,2024-07-19,1089,1810,5326,2,25598,51196
12027,2024-12-31,1022,1194,9007,6,8150,48900
12028,2024-01-14,1015,1682,6971,7,15868,111076
12029,2024-11-27,1084,1640,8208,8,29286,234288
12030,2024-02-05,1051,1131,8999,1,43800,43800
12031,2024-06-12,1092,1852,7530,9,32886,295974
12032,2024-02-14,1053,1024,9610,9,41060,369540
12033,2024-05-23,1083,1851,7068,4,29833,119332
12034,2024-01-11,1075,1073,8965,1,21448,21448
12035,2024-11-18,1036,1209,7296,8,6529,52232
12036,2024-12-19,1089,1224,8660,3,47220,141660
12037,2024-12-11,1066,1564,7979,1,30569,30569
12038,2024-07-30,1017,1418,7313,3,31957,95871
12039,2024-04-22,1058,1408,6763,2,3944,7888
12040,2024-12-11,1000,1130,9497,7,25912,181384
12041,2024-12-10,1018,1946,6758,6,13860,83160
12042,2024-01-11,1012,1177,7796,9,41282,371538
12043,2024-12-01,1032,1524,5487,2,28156,56312
12044,2024-12-05,1093,1290,5926,8,15679,125432
12045,2024-12-27,1021,1472,8993,3,2624,7872
12046,2024-06-14,1026,1950,5549,5,47955,239775
12047,2024-09-14,1049,1145,6962,9,10942,98478
12048,2024-02-23,1076,1946,6066,9,13860,124740
12049,2024-04-02,1071,1029,5955,1,8975,8975
12050,2024-09-19,1052,1039,7873,2,34809,69618
12051,2024-10-22,1059,1621,6739,6,13880,83280
12052,2024-02-14,1049,1029,8076,1,8975,8975
12053,2024-08-04,1065,1185,8515,2,21727,43454
12054,2024-07-07,1082,1343,8469,8,3085,24680
12055,2024-04-16,1023,1601,5558,6,33630,201780
12056,2024-10-16,1068,1832,5565,1,9042,9042
12057,2024-01-08,1007,1352,6058,3,42618,127854
12058,2024-02-01,1019,1071,7427,6,22516,135096
12059,2024-06-16,1098,1011,5528,1,23762,23762
12060,2024-11-26,1065,1391,9482,7,25086,175602
12061,2024-02-06,1069,1970,9038,6,42331,253986
12062,2024-08-18,1058,1077,9415,6,5098,30588
12063,2024-07-01,1079,1273,7899,8,24724,197792
12064,2024-10-18,1046,1235,6980,1,18099,18099
12065,2024-09-02,1035,1103,8069,1,47449,47449
12066,2024-01-10,1001,1576,6355,7,8474,59318
12067,2024-03-10,1063,1724,7054,1,29112,29112
12068,2024-08-24,1077,1393,6500,9,29740,267660
12069,2024-04-27,1037,1036,7933,6,19956,119736
12070,2024-08-04,1025,1284,9413,2,10530,21060
12071,2024-07-09,1019,1685,8705,6,18169,109014
12072,2024-12-16,1092,1103,8089,6,47449,284694
12073,2024-08-26,1003,1727,8841,2,37083,74166
12074,2024-11-23,1083,1889,5687,6,24253,145518
12075,2024-11-12,1087,1299,9106,5,34241,171205
12076,2024-07-24,1064,1931,6817,7,13149,92043
12077,2024-08-09,1088,1529,5954,9,47282,425538
12078,2024-05-25,1013,1590,9837,9,33854,304686
12079,2024-07-07,1034,1927,8589,8,22546,180368
12080,2024-08-25,1084,1997,9216,3,42764,128292
12081,2024-10-18,1099,1234,6088,5,42706,213530
12082,2024-08-10,1051,1364,7355,3,29527,88581
12083,2024-09-02,1022,1531,5769,7,5012,35084
12084,2024-09-03,1019,1801,8301,1,6074,6074
12085,2024-02-07,1089,1584,7088,1,2958,2958
12086,2024-07-25,1026,1424,8901,5,35271,176355
12087,2024-07-05,1040,1502,7853,5,23939,119695
12088,2024-12-25,1077,1353,7173,7,23836,166852
12089,2024-04-01,1035,1162,9744,9,28996,260964
12090,2024-01-06,1003,1184,5612,7,22270,155890
12091,2024-05-12,1025,1375,7319,7,2113,14791
12092,2024-04-01,1039,1794,6883,9,42419,381771
12093,2024-01-01,1079,1745,5843,8,33660,269280
12094,2024-09-26,1083,1273,5843,1,24724,24724
12095,2024-03-23,1087,1916,9088,5,8770,43850
12096,2024-10-13,1073,1657,6948,2,37697,75394
12097,2024-06-27,1065,1666,5212,3,1437,4311
12098,2024-11-30,1072,1734,5656,2,12138,24276
12099,2024-05-26,1081,1923,8744,4,725,2900
12100,2024-04-11,1093,1096,6113,1,32486,32486
12101,2024-10-14,1002,1504,5913,6,8482,50892
12102,2024-11-08,1063,1142,6637,8,4911,39288
12103,2024-01-31,1028,1428,6624,7,35537,248759
12104,2024-11-09,1053,1558,5225,1,17360,17360
12105,2024-06-02,1006,1374,9731,5,2364,11820
12106,2024-02-17,1024,1803,9145,1,2103,2103
12107,2024-02-10,1023,1530,9655,9,12245,110205
12108,2024-06-01,1042,1866,7126,8,18556,148448
12109,2024-06-30,1005,1735,6580,5,887,4435
12110,2024-08-19,1014,1044,5837,4,13635,54540
12111,2024-04-30,1078,1102,5870,4,32715,130860
12112,2024-07-03,1039,1251,8873,9,38765,348885
12113,2024-11-12,1090,1568,6978,1,11284,11284
12114,2024-04-29,1060,1843,9729,3,12479,37437
12115,2024-12-17,1020,1630,6622,5,30824,154120
12116,2024-08-13,1057,1156,8662,4,1105,4420
12117,2024-04-21,1095,1481,9952,1,4017,4017
12118,2024-07-13,1031,1015,8911,7,7710,53970
12119,2024-10-23,1011,1149,8643,8,48477,387816
12120,2024-01-26,1008,1327,7634,3,23073,69219
12121,2024-07-12,1019,1310,5540,7,21703,151921
12122,2024-01-19,1014,1907,9155,3,10960,32880
12123,2024-12-08,1076,1481,9691,2,4017,8034
12124,2024-01-25,1007,1655,9875,7,13830,96810
12125,2024-02-16,1020,1822,5340,6,1720,10320
12126,2024-07-17,1044,1814,6700,6,22937,137622
12127,2024-09-20,1088,1507,6721,7,30197,211379
12128,2024-01-03,1098,1072,7614,9,47140,424260
12129,2024-08-26,1039,1794,6393,5,42419,212095
12130,2024-10-15,1093,1622,6556,2,4400,8800
12131,2024-01-22,1094,1098,8956,6,36609,219654
12132,2024-12-20,1005,1394,7413,3,29500,88500
12133,2024-12-19,1010,1210,6374,9,14018,126162
12134,2024-01-30,1063,1862,8906,7,27024,189168
12135,2024-02-16,1041,1654,9014,5,28483,142415
12136,2024-11-10,1058,1436,9436,4,10794,43176
12137,2024-09-26,1007,1632,7745,4,20338,81352
12138,2024-11-24,1071,1858,5624,5,39905,199525
12139,2024-12-26,1054,1544,9249,6,26010,156060
12140,2024-09-26,1038,1198,6548,7,44598,312186
12141,2024-05-31,1050,1726,8585,9,43660,392940
12142,2024-08-13,1054,1355,5240,4,22902,91608
12143,2024-09-04,1075,1021,7208,6,47038,282228
12144,2024-10-31,1002,1832,6600,7,9042,63294
12145,2024-06-19,1042,1569,9710,9,25852,232668
12146,2024-08-24,1044,1794,6203,1,42419,42419
12147,2024-08-23,1079,1883,8398,8,27496,219968
12148,2024-09-15,1090,1458,5099,6,20521,123126
12149,2024-10-05,1015,1651,6194,5,7713,38565
12150,2024-05-27,1004,1443,6157,3,25401,76203
12151,2024-04-18,1039,1468,8588,3,46406,139218
12152,2024-05-22,1075,1327,9524,3,23073,69219
12153,2024-10-25,1066,1460,9646,3,21400,64200
12154,2024-03-11,1098,1228,5238,6,15383,92298
12155,2024-11-06,1044,1544,9853,6,26010,156060
12156,2024-05-05,1002,1625,8461,4,17722,70888
12157,2024-03-22,1030,1193,6866,9,13641,122769
12158,2024-02-10,1023,1392,6498,9,38691,348219
12159,2024-09-15,1028,1460,9972,5,21400,107000
12160,2024-12-21,1054,1281,7005,7,13443,94101
12161,2024-05-23,1032,1684,9255,5,49669,248345
12162,2024-06-19,1050,1566,6304,4,26408,105632
12163,2024-10-05,1079,1366,9178,3,28599,85797
12164,2024-05-22,1096,1179,8951,9,38829,349461
12165,2024-05-06,1073,1392,8549,2,38691,77382
12166,2024-02-27,1029,1252,6709,8,2888,23104
12167,2024-06-16,1097,1974,6983,4,11100,44400
12168,2024-04-27,1060,1248,9122,8,3136,25088
12169,2024-06-14,1059,1134,7513,2,15538,31076
12170,2024-03-22,1034,1312,6036,7,5511,38577
12171,2024-12-23,1006,1184,6899,3,22270,66810
12172,2024-05-13,1005,1118,7462,5,24035,120175
12173,2024-12-29,1014,1932,7498,4,42299,169196
12174,2024-02-15,1095,1328,9126,2,11465,22930
12175,2024-09-18,1065,1845,5189,8,10371,82968
12176,2024-05-02,1095,1925,7709,8,43646,349168
12177,2024-08-09,1091,1562,6376,7,23549,164843
12178,2024-04-01,1084,1302,8756,6,48761,292566
12179,2024-01-19,1016,1879,7917,8,39677,317416
12180,2024-09-26,1018,1083,6641,7,39293,275051
12181,2024-03-05,1013,1437,5205,9,33745,303705
12182,2024-08-06,1048,1662,8195,8,48902,391216
12183,2024-12-17,1050,1462,7574,6,37828,226968
12184,2024-06-05,1033,1697,7551,6,32518,195108
12185,2024-06-01,1083,1311,9892,2,10683,21366
12186,2024-09-03,1020,1542,9633,8,45780,366240
12187,2024-07-17,1047,1323,7837,6,7464,44784
12188,2024-08-18,1066,1984,7744,2,15805,31610
12189,2024-10-28,1057,1189,8140,2,43361,86722
12190,2024-01-16,1077,1626,7075,2,27114,54228
12191,2024-04-17,1020,1978,7174,2,42583,85166
12192,2024-09-30,1026,1571,6520,3,22260,66780
12193,2024-12-29,1070,1420,7594,6,41696,250176
12194,2024-07-02,1028,1801,9511,5,6074,30370
12195,2024-07-02,1008,1256,7221,3,45527,136581
12196,2024-03-09,1078,1296,8351,7,31240,218680
12197,2024-09-06,1043,1734,9424,4,12138,48552
12198,2024-08-05,1027,1615,5894,2,6923,13846
12199,2024-03-28,1037,1427,6711,1,40537,40537
12200,2024-12-11,1014,1802,7997,4,28913,115652
12201,2024-09-28,1014,1154,9964,8,48402,387216
12202,2024-08-04,1029,1660,9044,2,8770,17540
12203,2024-12-23,1031,1199,8423,3,26798,80394
12204,2024-06-28,1039,1337,9921,6,41015,246090
12205,2024-05-04,1075,1278,8179,3,20117,60351
12206,2024-07-01,1083,1552,8273,9,43077,387693
12207,2024-11-27,1090,1995,6706,3,43532,130596
12208,2024-11-24,1001,1254,6413,3,30889,92667
12209,2024-07-18,1021,1476,5596,7,47171,330197
12210,2024-07-02,1025,1463,8795,3,19693,59079
12211,2024-10-23,1039,1433,7417,4,38607,154428
12212,2024-08-11,1007,1504,7730,4,8482,33928
12213,2024-12-27,1035,1201,9354,7,18646,130522
12214,2024-03-29,1025,1464,6836,9,22820,205380
12215,2024-08-12,1080,1533,8175,6,35917,215502
12216,2024-04-27,1006,1039,9478,8,34809,278472
12217,2024-06-04,1000,1129,9772,7,35845,250915
12218,2024-06-07,1090,1809,9916,4,5370,21480
12219,2024-07-01,1089,1413,9913,5,1323,6615
12220,2024-07-20,1031,1171,5959,5,22950,114750
12221,2024-03-06,1077,1998,9207,2,15104,30208
12222,2024-02-15,1082,1230,5528,8,32906,263248
12223,2024-12-29,1008,1236,5007,1,31314,31314
12224,2024-09-16,1058,1594,8112,6,5722,34332
12225,2024-08-31,1043,1009,7558,2,39529,79058
12226,2024-06-04,1064,1083,5794,6,39293,235758
12227,2024-09-05,1020,1446,9153,4,30661,122644
12228,2024-04-04,1019,1919,9666,8,46155,369240
12229,2024-09-11,1048,1901,6795,8,8528,68224
12230,2024-12-27,1096,1378,8502,6,33182,199092
12231,2024-12-01,1032,1044,6194,3,13635,40905
12232,2024-07-19,1017,1636,8424,2,25955,51910
12233,2024-11-02,1040,1657,5862,7,37697,263879
12234,2024-05-13,1016,1655,9923,6,13830,82980
12235,2024-06-01,1012,1501,7520,9,43872,394848
12236,2024-09-11,1042,1870,7297,1,27483,27483
12237,2024-09-16,1072,1615,9080,3,6923,20769
12238,2024-08-27,1064,1039,5574,6,34809,208854
12239,2024-05-31,1022,1399,6770,5,10795,53975
12240,2024-03-31,1039,1615,9112,2,6923,13846
12241,2024-08-27,1033,1846,7953,5,36452,182260
12242,2024-07-01,1035,1895,9399,8,11889,95112
12243,2024-11-05,1049,1359,9501,9,44846,403614
12244,2024-09-15,1077,1709,9509,9,38108,342972
12245,2024-10-12,1084,1992,8859,6,28885,173310
12246,2024-03-16,1084,1239,7318,9,34453,310077
12247,2024-10-23,1091,1396,9408,5,33873,169365
12248,2024-12-27,1095,1963,9498,2,23878,47756
12249,2024-07-01,1029,1479,5918,6,16610,99660
12250,2024-02-28,1039,1561,9459,9,46597,419373
12251,2024-02-09,1011,1156,7765,9,1105,9945
12252,2024-02-14,1092,1953,8311,1,49515,49515
12253,2024-01-15,1000,1646,9295,3,48691,146073
12254,2024-08-07,1089,1224,9075,7,47220,330540
12255,2024-09-29,1015,1772,7590,3,19114,57342
12256,2024-07-05,1081,1761,7101,9,7024,63216
12257,2024-12-29,1096,1167,9966,6,6125,36750
12258,2024-01-25,1049,1515,9628,2,43934,87868
12259,2024-10-25,1042,1518,5327,7,39383,275681
12260,2024-07-10,1086,1975,5549,7,47572,333004
12261,2024-06-27,1059,1548,9421,7,34446,241122
12262,2024-03-01,1004,1624,8213,2,11657,23314
12263,2024-05-10,1020,1586,5630,6,33382,200292
12264,2024-09-05,1064,1186,9557,4,9857,39428
12265,2024-06-12,1094,1561,9358,2,46597,93194
12266,2024-07-25,1081,1836,6816,1,27761,27761
12267,2024-08-25,1020,1156,6426,3,1105,3315
12268,2024-07-10,1070,1438,8242,6,35923,215538
12269,2024-01-28,1064,1886,7397,5,5510,27550
12270,2024-04-16,1022,1600,9578,9,5061,45549
12271,2024-08-10,1090,1194,9768,5,8150,40750
12272,2024-03-24,1059,1479,9566,2,16610,33220
12273,2024-08-24,1001,1029,9413,7,8975,62825
12274,2024-05-28,1033,1403,6727,6,38944,233664
12275,2024-10-09,1056,1989,5100,5,30895,154475
12276,2024-12-04,1015,1066,9393,5,2378,11890
12277,2024-04-09,1073,1572,9445,6,13233,79398
12278,2024-11-27,1083,1299,7174,5,34241,171205
12279,2024-02-04,1047,1567,5800,5,16301,81505
12280,2024-04-06,1024,1078,9442,9,35876,322884
12281,2024-12-21,1067,1955,8465,6,2126,12756
12282,2024-08-20,1031,1168,5062,9,34337,309033
12283,2024-01-13,1044,1845,9093,3,10371,31113
12284,2024-09-02,1091,1807,6491,7,25870,181090
12285,2024-09-18,1039,1817,9238,8,37686,301488
12286,2024-08-10,1012,1137,6294,1,25216,25216
12287,2024-03-14,1004,1784,5942,3,46867,140601
12288,2024-09-22,1016,1014,9496,7,45125,315875
12289,2024-07-02,1070,1604,6277,3,32867,98601
12290,2024-10-03,1009,1692,8376,8,7909,63272
12291,2024-02-25,1090,1481,8293,5,4017,20085
12292,2024-02-26,1058,1994,8737,6,20080,120480
12293,2024-10-21,1034,1968,9216,1,10833,10833
12294,2024-03-01,1022,1050,6903,9,34507,310563
12295,2024-06-21,1055,1720,7392,7,21576,151032
12296,2024-04-19,1015,1120,6452,5,32482,162410
12297,2024-05-25,1051,1065,5437,5,27731,138655
12298,2024-01-14,1026,1025,8066,4,26492,105968
12299,2024-07-01,1014,1805,6009,1,2604,2604
12300,2024-11-10,1061,1892,8134,1,21617,21617
12301,2024-12-30,1005,1859,8778,1,24110,24110
12302,2024-05-26,1023,1285,6268,3,48772,146316
12303,2024-08-19,1086,1746,9154,4,12256,49024
12304,2024-10-23,1004,1054,6657,4,1586,6344
12305,2024-05-19,1070,1648,9394,5,36724,183620
12306,2024-05-27,1085,1987,6143,4,23851,95404
12307,2024-02-05,1092,1783,7186,5,11628,58140
12308,2024-10-03,1052,1023,5923,5,44687,223435
12309,2024-02-25,1030,1213,8867,3,49284,147852
12310,2024-02-10,1034,1787,9317,6,1417,8502
12311,2024-06-17,1097,1061,5418,4,18640,74560
12312,2024-06-19,1018,1051,7438,1,48395,48395
12313,2024-04-15,1033,1637,8055,6,13576,81456
12314,2024-08-14,1093,1333,8610,8,7601,60808
12315,2024-03-26,1082,1051,5092,1,48395,48395
12316,2024-10-20,1081,1298,7970,3,24719,74157
12317,2024-05-25,1000,1607,6897,5,48005,240025
12318,2024-09-20,1040,1649,6118,7,38461,269227
12319,2024-09-03,1052,1321,9740,9,8702,78318
12320,2024-05-27,1079,1326,8092,8,19525,156200
12321,2024-12-27,1063,1960,7677,2,34439,68878
12322,2024-08-09,1039,1612,7144,9,33404,300636
12323,2024-05-25,1061,1014,8881,2,45125,90250
12324,2024-04-17,1054,1330,6342,6,16591,99546
12325,2024-08-02,1091,1595,8585,4,37237,148948
12326,2024-09-01,1010,1305,9438,8,23268,186144
12327,2024-05-09,1051,1040,7175,4,45320,181280
12328,2024-03-04,1095,1059,7466,9,28820,259380
12329,2024-10-26,1025,1288,5393,2,48434,96868
12330,2024-12-22,1073,1819,8871,4,42642,170568
12331,2024-12-27,1086,1677,7281,7,26853,187971
12332,2024-08-11,1047,1467,9132,2,29345,58690
12333,2024-03-05,1044,1377,7576,1,46503,46503
12334,2024-03-05,1032,1191,5365,2,39493,78986
12335,2024-06-30,1063,1393,9250,2,29740,59480
12336,2024-04-17,1077,1351,5047,6,33002,198012
12337,2024-12-16,1008,1611,5909,3,13489,40467
12338,2024-11-18,1077,1945,6475,7,34368,240576
12339,2024-04-20,1099,1958,7015,4,10835,43340
12340,2024-03-16,1001,1314,6649,2,4786,9572
12341,2024-09-06,1074,1139,6409,2,29536,59072
12342,2024-08-28,1013,1569,7937,2,25852,51704
12343,2024-08-13,1035,1216,8160,4,32225,128900
12344,2024-10-31,1034,1008,5421,8,21305,170440
12345,2024-06-12,1063,1944,9794,3,38176,114528
12346,2024-09-19,1024,1444,7735,6,45664,273984
12347,2024-01-15,1096,1080,7381,4,13975,55900
12348,2024-12-06,1008,1717,7219,2,30572,61144
12349,2024-06-01,1076,1471,7107,3,12532,37596
12350,2024-02-07,1042,1616,7504,4,36027,144108
12351,2024-02-06,1009,1762,9823,9,49256,443304
12352,2024-05-01,1056,1562,5286,5,23549,117745
12353,2024-09-28,1032,1428,6974,7,35537,248759
12354,2024-09-13,1008,1066,8423,1,2378,2378
12355,2024-06-23,1053,1369,6908,1,12505,12505
12356,2024-10-19,1012,1360,8350,6,46670,280020
12357,2024-10-27,1023,1079,6701,7,49659,347613
12358,2024-05-21,1061,1529,7915,1,47282,47282
12359,2024-06-10,1039,1742,8583,4,589,2356
12360,2024-12-04,1058,1956,8317,6,41902,251412
12361,2024-01-23,1055,1177,9438,2,41282,82564
12362,2024-12-15,1063,1653,6406,9,11287,101583
12363,2024-12-02,1059,1649,5509,2,38461,76922
12364,2024-03-06,1080,1969,5921,5,9959,49795
12365,2024-02-27,1096,1389,8072,1,39971,39971
12366,2024-01-29,1022,1770,6996,6,23712,142272
12367,2024-03-23,1026,1624,6457,3,11657,34971
12368,2024-05-08,1060,1597,7586,6,49267,295602
12369,2024-05-12,1043,1385,9395,9,1868,16812
12370,2024-04-24,1056,1742,5714,8,589,4712
12371,2024-02-03,1042,1843,8726,2,12479,24958
12372,2024-05-04,1061,1888,6117,9,41201,370809
12373,2024-03-18,1025,1896,9139,1,15350,15350
12374,2024-10-01,1087,1947,5471,3,875,2625
12375,2024-12-09,1074,1100,6375,4,739,2956
12376,2024-06-16,1092,1140,7261,5,18196,90980
12377,2024-03-21,1063,1543,8268,7,31348,219436
12378,2024-04-04,1068,1920,9420,3,13189,39567
12379,2024-07-27,1023,1498,6685,6,6814,40884
12380,2024-03-12,1072,1421,5880,8,31527,252216
12381,2024-05-24,1073,1388,9018,5,34391,171955
12382,2024-02-07,1010,1868,9657,1,42952,42952
12383,2024-06-19,1094,1913,6276,5,32784,163920
12384,2024-02-09,1066,1137,7772,3,25216,75648
12385,2024-06-21,1088,1180,8913,4,20722,82888
12386,2024-07-17,1052,1722,8005,7,26176,183232
12387,2024-12-09,1042,1417,8428,3,19285,57855
12388,2024-08-09,1026,1541,5726,1,8122,8122
12389,2024-03-30,1000,1927,5716,8,22546,180368
12390,2024-10-12,1048,1650,6629,4,25976,103904
12391,2024-06-11,1047,1597,8624,3,49267,147801
12392,2024-05-12,1079,1157,5385,6,43351,260106
12393,2024-11-17,1098,1512,6848,4,28420,113680
12394,2024-12-16,1078,1005,6338,7,37773,264411
12395,2024-10-09,1097,1589,5188,7,48141,336987
12396,2024-05-31,1052,1695,9955,3,13120,39360
12397,2024-11-07,1010,1194,6268,2,8150,16300
12398,2024-02-14,1008,1057,8760,4,43305,173220
12399,2024-11-19,1060,1998,5688,6,15104,90624
12400,2024-09-17,1087,1206,7791,3,23626,70878
12401,2024-08-06,1098,1606,7017,9,26479,238311
12402,2024-04-17,1021,1255,7910,7,37214,260498
12403,2024-02-16,1070,1509,5144,6,31863,191178
12404,2024-05-12,1043,1891,5531,4,40663,162652
12405,2024-09-17,1029,1146,6356,4,28340,113360
12406,2024-06-24,1059,1956,7010,4,41902,167608
12407,2024-04-30,1092,1829,7171,9,7115,64035
12408,2024-11-24,1054,1981,6626,3,34989,104967
12409,2024-10-29,1038,1838,5447,3,29512,88536
12410,2024-07-08,1040,1218,7696,7,36896,258272
12411,2024-09-16,1008,1930,5724,3,28212,84636
12412,2024-06-25,1000,1170,5802,4,34869,139476
12413,2024-12-12,1002,1516,5155,8,47674,381392
12414,2024-03-05,1068,1127,5269,5,31246,156230
12415,2024-12-17,1010,1045,8612,4,23669,94676
12416,2024-12-01,1003,1802,5315,5,28913,144565
12417,2024-12-08,1032,1355,9152,9,22902,206118
12418,2024-08-07,1032,1100,9341,3,739,2217
12419,2024-11-12,1044,1635,5828,9,5747,51723
12420,2024-05-27,1019,1726,9308,3,43660,130980
12421,2024-04-09,1036,1931,8771,8,13149,105192
12422,2024-04-28,1083,1771,9208,6,3583,21498
12423,2024-04-18,1097,1444,5321,5,45664,228320
12424,2024-03-22,1020,1257,5521,6,42754,256524
12425,2024-01-13,1057,1100,7903,4,739,2956
12426,2024-10-25,1050,1162,8674,4,28996,115984
12427,2024-04-01,1070,1557,5050,9,35485,319365
12428,2024-08-25,1015,1003,7290,8,32717,261736
12429,2024-07-02,1095,1762,5351,5,49256,246280
12430,2024-06-26,1035,1383,9588,6,26627,159762
12431,2024-07-28,1049,1443,8030,9,25401,228609
12432,2024-10-02,1074,1559,7735,4,14631,58524
12433,2024-10-30,1047,1375,9152,2,2113,4226
12434,2024-12-21,1028,1515,7483,6,43934,263604
12435,2024-10-01,1041,1709,7283,9,38108,342972
12436,2024-11-20,1097,1562,8811,6,23549,141294
12437,2024-09-29,1058,1016,7360,7,45421,317947
12438,2024-02-05,1054,1259,7900,5,28140,140700
12439,2024-12-03,1073,1341,5853,9,46261,416349
12440,2024-03-10,1066,1696,9822,8,12275,98200
12441,2024-04-25,1021,1980,7933,9,32515,292635
12442,2024-01-01,1095,1971,8083,1,40560,40560
12443,2024-03-21,1083,1646,9556,3,48691,146073
12444,2024-02-04,1001,1943,7497,7,35652,249564
12445,2024-10-09,1007,1859,9520,4,24110,96440
12446,2024-07-13,1040,1237,9789,1,26610,26610
12447,2024-07-02,1088,1844,8959,3,47045,141135
12448,2024-02-15,1010,1490,9497,5,9043,45215
12449,2024-05-27,1023,1160,5975,7,7558,52906
12450,2024-09-20,1025,1487,7509,1,11586,11586
12451,2024-04-02,1034,1844,6798,6,47045,282270
12452,2024-11-23,1004,1195,6957,5,16449,82245
12453,2024-04-23,1014,1127,7835,9,31246,281214
12454,2024-12-12,1013,1439,5899,8,36098,288784
12455,2024-10-08,1036,1280,5010,7,33453,234171
12456,2024-04-12,1017,1083,9869,4,39293,157172
12457,2024-07-20,1075,1357,5241,9,23182,208638
12458,2024-03-02,1066,1162,7694,3,28996,86988
12459,2024-04-03,1045,1328,7077,3,11465,34395
12460,2024-11-12,1096,1605,5539,4,6446,25784
12461,2024-08-15,1067,1422,7405,7,48782,341474
12462,2024-03-08,1056,1022,6762,9,13322,119898
12463,2024-10-11,1039,1394,8639,7,29500,206500
12464,2024-10-28,1089,1078,6152,5,35876,179380
12465,2024-06-13,1084,1750,7391,7,20139,140973
12466,2024-04-10,1044,1116,8387,1,7788,7788
12467,2024-08-30,1015,1789,5431,7,34717,243019
12468,2024-03-30,1061,1336,5027,1,7606,7606
12469,2024-03-28,1022,1942,5182,4,24447,97788
12470,2024-05-06,1087,1267,7135,3,38403,115209
12471,2024-04-16,1072,1242,9894,2,37781,75562
12472,2024-11-17,1082,1418,8987,8,31957,255656
12473,2024-10-28,1090,1289,6466,1,7223,7223
12474,2024-08-31,1094,1128,8867,5,28413,142065
12475,2024-07-03,1050,1248,6869,1,3136,3136
12476,2024-09-20,1000,1159,7473,7,31216,218512
12477,2024-04-10,1076,1899,9799,3,14367,43101
12478,2024-09-09,1044,1407,8963,6,16665,99990
12479,2024-05-21,1003,1454,5665,7,35458,248206
12480,2024-09-09,1054,1508,8967,1,42795,42795
12481,2024-03-13,1088,1331,5235,7,5136,35952
12482,2024-08-01,1009,1917,6443,8,2064,16512
12483,2024-10-25,1086,1240,8418,1,46264,46264
12484,2024-06-20,1029,1930,5923,3,28212,84636
12485,2024-10-30,1013,1468,8679,8,46406,371248
12486,2024-08-17,1095,1412,5410,6,10207,61242
12487,2024-08-24,1029,1112,5266,2,30683,61366
12488,2024-08-17,1004,1912,8271,2,5786,11572
12489,2024-01-07,1014,1155,7999,6,17655,105930
12490,2024-07-13,1016,1302,7736,7,48761,341327
12491,2024-09-12,1047,1424,7410,3,35271,105813
12492,2024-06-19,1096,1016,7371,7,45421,317947
12493,2024-02-09,1075,1515,6144,8,43934,351472
12494,2024-10-14,1024,1503,8275,4,8683,34732
12495,2024-08-15,1018,1040,9767,2,45320,90640
12496,2024-08-21,1058,1645,7234,5,7620,38100
12497,2024-12-26,1052,1974,9850,5,11100,55500
12498,2024-07-01,1086,1939,5920,9,9982,89838
12499,2024-07-29,1038,1151,6751,1,42146,42146
12500,2024-12-15,1004,1053,9179,2,1814,3628
12501,2024-08-16,1039,1711,9401,5,33292,166460
12502,2024-12-10,1084,1872,9329,7,44686,312802
12503,2024-09-11,1057,1346,6030,4,47428,189712
12504,2024-03-17,1099,1638,9722,8,42321,338568
12505,2024-09-21,1077,1798,9613,7,15110,105770
12506,2024-08-19,1005,1264,9306,4,44587,178348
12507,2024-05-16,1018,1721,6587,1,49649,49649
12508,2024-03-04,1067,1820,7794,6,13281,79686
12509,2024-09-01,1023,1635,5622,1,5747,5747
12510,2024-03-31,1089,1001,9772,7,38817,271719
12511,2024-08-20,1018,1213,6878,3,49284,147852
12512,2024-12-16,1058,1403,9116,7,38944,272608
12513,2024-12-14,1060,1887,6006,6,23165,138990
12514,2024-04-03,1031,1873,8724,5,7298,36490
12515,2024-07-21,1044,1771,9033,7,3583,25081
12516,2024-06-22,1034,1229,7301,5,42251,211255
12517,2024-05-03,1053,1683,7850,2,19210,38420
12518,2024-03-10,1001,1829,7927,9,7115,64035
12519,2024-04-12,1096,1268,7145,1,12176,12176
12520,2024-08-20,1073,1112,5232,6,30683,184098
12521,2024-03-04,1044,1147,9553,8,27479,219832
12522,2024-04-04,1032,1947,5100,9,875,7875
12523,2024-06-11,1022,1133,8564,7,6079,42553
12524,2024-09-24,1097,1654,5737,6,28483,170898
12525,2024-10-30,1035,1199,8609,1,26798,26798
12526,2024-11-14,1093,1575,9862,3,43374,130122
12527,2024-06-21,1068,1509,7854,9,31863,286767
12528,2024-01-06,1084,1605,8652,9,6446,58014
12529,2024-10-27,1079,1931,6861,3,13149,39447
12530,2024-12-11,1070,1163,8935,8,2749,21992
12531,2024-04-10,1008,1130,9793,3,25912,77736
12532,2024-12-25,1087,1346,8957,6,47428,284568
12533,2024-05-10,1048,1221,7688,3,9942,29826
12534,2024-01-20,1025,1122,7222,6,38948,233688
12535,2024-07-29,1095,1988,5848,4,2006,8024
12536,2024-10-21,1026,1463,7622,6,19693,118158
12537,2024-10-18,1040,1039,5913,9,34809,313281
12538,2024-12-13,1082,1421,5025,3,31527,94581
12539,2024-09-21,1071,1979,5113,6,38614,231684
12540,2024-09-09,1005,1044,9442,3,13635,40905
12541,2024-02-13,1082,1189,8494,5,43361,216805
12542,2024-03-15,1086,1975,9441,6,47572,285432
12543,2024-02-22,1065,1724,6028,9,29112,262008
12544,2024-10-12,1060,1209,9109,5,6529,32645
12545,2024-03-06,1066,1616,6122,4,36027,144108
12546,2024-02-07,1065,1887,9351,3,23165,69495
12547,2024-09-10,1076,1606,7676,7,26479,185353
12548,2024-10-20,1095,1577,5735,7,12590,88130
12549,2024-07-17,1042,1023,9524,3,44687,134061
12550,2024-08-23,1024,1773,9547,2,29210,58420
12551,2024-02-24,1061,1381,5533,1,40684,40684
12552,2024-11-27,1012,1493,8852,6,14518,87108
12553,2024-04-25,1093,1336,5327,5,7606,38030
12554,2024-03-25,1082,1857,6637,7,1230,8610
12555,2024-10-05,1023,1499,5429,3,33517,100551
12556,2024-05-21,1096,1484,9296,4,36752,147008
12557,2024-04-05,1058,1641,5953,1,44537,44537
12558,2024-02-18,1076,1537,9507,3,17647,52941
12559,2024-10-27,1094,1043,9224,2,39027,78054
12560,2024-07-23,1037,1996,7950,6,35923,215538
12561,2024-12-17,1007,1512,8472,7,28420,198940
12562,2024-07-13,1057,1641,8531,2,44537,89074
12563,2024-10-31,1029,1224,8382,7,47220,330540
12564,2024-09-06,1018,1778,6982,3,15136,45408
12565,2024-09-14,1095,1413,7166,6,1323,7938
12566,2024-12-24,1029,1545,6244,8,27448,219584
12567,2024-02-28,1054,1828,6612,2,29328,58656
12568,2024-08-08,1045,1346,9212,9,47428,426852
12569,2024-02-29,1037,1106,8127,8,6893,55144
12570,2024-01-22,1016,1929,9220,1,18907,18907
12571,2024-12-10,1097,1198,6908,1,44598,44598
12572,2024-12-27,1079,1358,9503,4,11710,46840
12573,2024-02-22,1058,1742,6242,8,589,4712
12574,2024-10-01,1036,1257,8590,8,42754,342032
12575,2024-02-18,1054,1063,9236,7,22508,157556
12576,2024-01-17,1005,1605,7694,7,6446,45122
12577,2024-05-06,1065,1751,5709,3,21523,64569
12578,2024-06-03,1068,1386,6557,2,45605,91210
12579,2024-10-01,1041,1382,5826,4,43965,175860
12580,2024-08-22,1082,1449,7445,4,21065,84260
12581,2024-10-12,1064,1157,5092,7,43351,303457
12582,2024-03-18,1088,1100,5025,1,739,739
12583,2024-06-22,1079,1476,8110,3,47171,141513
12584,2024-04-15,1093,1674,9260,9,33184,298656
12585,2024-11-15,1093,1633,9543,2,48943,97886
12586,2024-02-01,1009,1229,7929,4,42251,169004
12587,2024-10-18,1039,1661,5492,2,6026,12052
12588,2024-01-10,1051,1250,9541,7,34368,240576
12589,2024-11-10,1023,1228,9763,1,15383,15383
12590,2024-04-11,1058,1593,8472,5,39897,199485
12591,2024-04-27,1020,1829,9875,9,7115,64035
12592,2024-06-05,1051,1487,7999,9,11586,104274
12593,2024-09-23,1078,1620,6279,4,12975,51900
12594,2024-09-01,1004,1565,8255,3,28460,85380
12595,2024-03-19,1035,1481,9508,4,4017,16068
12596,2024-06-08,1021,1699,5900,4,48296,193184
12597,2024-03-31,1007,1492,6654,7,38143,267001
12598,2024-12-23,1094,1112,6916,1,30683,30683
12599,2024-05-08,1051,1549,9236,8,27258,218064
12600,2024-01-14,1000,1285,7476,6,48772,292632
12601,2024-10-12,1083,1385,8656,2,1868,3736
12602,2024-06-07,1027,1019,9566,7,35500,248500
12603,2024-05-08,1030,1939,9986,9,9982,89838
12604,2024-06-22,1052,1463,7703,7,19693,137851
12605,2024-06-22,1023,1579,6268,3,14373,43119
12606,2024-12-26,1044,1879,7735,1,39677,39677
12607,2024-02-12,1006,1716,7768,4,9795,39180
12608,2024-10-20,1001,1205,9242,8,40606,324848
12609,2024-12-10,1072,1520,7020,4,12581,50324
12610,2024-10-26,1062,1747,5364,6,11873,71238
12611,2024-04-18,1082,1397,8246,1,20058,20058
12612,2024-08-29,1040,1778,5056,6,15136,90816
12613,2024-02-24,1088,1505,7312,1,26109,26109
12614,2024-02-24,1022,1265,5654,1,24102,24102
12615,2024-11-29,1049,1989,7795,3,30895,92685
12616,2024-08-03,1073,1198,6562,4,44598,178392
12617,2024-04-16,1086,1312,6196,2,5511,11022
12618,2024-11-08,1032,1005,7036,6,37773,226638
12619,2024-07-02,1042,1912,9101,5,5786,28930
12620,2024-05-09,1082,1268,8622,8,12176,97408
12621,2024-05-03,1054,1570,7063,2,8016,16032
12622,2024-02-18,1050,1814,9863,7,22937,160559
12623,2024-11-15,1097,1761,8868,4,7024,28096
12624,2024-09-09,1036,1379,7272,4,14314,57256
12625,2024-12-08,1062,1119,6105,4,10267,41068
12626,2024-03-09,1066,1771,7915,4,3583,14332
12627,2024-11-13,1044,1537,9352,2,17647,35294
12628,2024-02-21,1070,1543,9236,3,31348,94044
12629,2024-02-02,1048,1951,9997,8,40345,322760
12630,2024-01-20,1000,1450,8603,5,40929,204645
12631,2024-08-16,1053,1394,8173,5,29500,147500
12632,2024-07-05,1035,1885,5637,5,47126,235630
12633,2024-07-06,1064,1979,8014,7,38614,270298
12634,2024-07-09,1040,1441,9644,9,13301,119709
12635,2024-04-21,1093,1819,5461,1,42642,42642
12636,2024-07-02,1049,1156,8021,2,1105,2210
12637,2024-10-19,1095,1129,9000,8,35845,286760
12638,2024-12-27,1048,1234,8271,8,42706,341648
12639,2024-12-26,1082,1451,6370,4,36487,145948
12640,2024-11-02,1046,1991,7425,3,22166,66498
12641,2024-10-11,1009,1048,8475,1,38918,38918
12642,2024-08-14,1043,1368,7437,2,6152,12304
12643,2024-05-16,1043,1404,8968,3,35565,106695
12644,2024-03-26,1096,1528,5520,3,5909,17727
12645,2024-10-22,1003,1108,9150,1,28093,28093
12646,2024-06-19,1063,1716,9127,4,9795,39180
12647,2024-12-21,1019,1095,7912,5,27357,136785
12648,2024-10-05,1053,1498,7577,2,6814,13628
12649,2024-12-24,1078,1898,7852,8,40233,321864
12650,2024-09-08,1040,1553,8262,7,37224,260568
12651,2024-01-08,1029,1687,7834,7,14018,98126
12652,2024-03-14,1070,1115,9448,9,7215,64935
12653,2024-11-15,1040,1350,7187,8,30692,245536
12654,2024-05-30,1081,1670,7245,2,34870,69740
12655,2024-04-02,1093,1637,5391,8,13576,108608
12656,2024-12-30,1007,1384,7530,1,37254,37254
12657,2024-04-05,1084,1347,6819,9,32174,289566
12658,2024-05-21,1070,1598,6115,3,16790,50370
12659,2024-03-20,1068,1627,5343,7,31217,218519
12660,2024-12-24,1031,1502,5354,5,23939,119695
12661,2024-08-27,1079,1580,8151,4,33224,132896
12662,2024-09-29,1039,1512,9624,6,28420,170520
12663,2024-01-20,1061,1847,7610,8,21621,172968
12664,2024-01-12,1089,1202,8510,5,24530,122650
12665,2024-05-03,1026,1035,7630,9,18947,170523
12666,2024-05-01,1038,1612,7610,9,33404,300636
12667,2024-11-23,1091,1847,5834,8,21621,172968
12668,2024-08-16,1032,1698,5017,2,23817,47634
12669,2024-03-25,1065,1572,8280,5,13233,66165
12670,2024-12-31,1078,1331,5159,8,5136,41088
12671,2024-09-30,1070,1733,9170,6,22721,136326
12672,2024-01-29,1083,1747,8787,3,11873,35619
12673,2024-05-14,1012,1259,6709,5,28140,140700
12674,2024-02-09,1095,1118,5675,9,24035,216315
12675,2024-04-10,1028,1304,5075,9,28721,258489
12676,2024-05-13,1067,1808,8386,2,48290,96580
12677,2024-11-06,1082,1741,7259,2,4007,8014
12678,2024-11-24,1009,1187,8753,2,1166,2332
12679,2024-06-29,1099,1199,5322,3,26798,80394
12680,2024-07-18,1075,1199,9839,5,26798,133990
12681,2024-07-27,1057,1888,9343,7,41201,288407
12682,2024-03-28,1085,1788,5681,3,27799,83397
12683,2024-05-04,1026,1039,8255,1,34809,34809
12684,2024-01-22,1098,1967,5138,4,16262,65048
12685,2024-02-19,1057,1860,7216,7,6957,48699
12686,2024-08-26,1080,1846,9899,3,36452,109356
12687,2024-08-01,1069,1589,9730,8,48141,385128
12688,2024-10-09,1044,1613,6342,4,4901,19604
12689,2024-02-17,1049,1457,8159,9,28063,252567
12690,2024-03-06,1047,1730,7872,3,29338,88014
12691,2024-05-09,1042,1167,5385,5,6125,30625
12692,2024-10-28,1013,1244,5284,9,10128,91152
12693,2024-11-22,1096,1922,7874,9,37919,341271
12694,2024-09-23,1043,1169,5296,7,42589,298123
12695,2024-08-26,1027,1871,7901,9,20054,180486
12696,2024-01-26,1060,1249,9136,8,49865,398920
12697,2024-07-09,1037,1893,7298,8,28761,230088
12698,2024-02-18,1070,1482,5138,3,22637,67911
12699,2024-11-14,1074,1419,7295,3,44500,133500
12700,2024-01-21,1032,1650,6405,2,25976,51952
12701,2024-03-19,1066,1076,9051,1,49664,49664
12702,2024-03-20,1021,1034,8946,3,47475,142425
12703,2024-01-09,1012,1500,6742,4,28433,113732
12704,2024-05-28,1092,1852,8203,4,32886,131544
12705,2024-02-24,1005,1292,5755,5,11161,55805
12706,2024-10-23,1063,1491,7078,8,27282,218256
12707,2024-01-06,1053,1139,9828,7,29536,206752
12708,2024-09-13,1042,1433,6821,6,38607,231642
12709,2024-12-16,1054,1920,8676,5,13189,65945
12710,2024-07-10,1027,1987,8603,6,23851,143106
12711,2024-08-16,1057,1830,6480,9,22619,203571
12712,2024-09-03,1014,1374,6268,8,2364,18912
12713,2024-10-08,1023,1619,8341,8,17904,143232
12714,2024-09-13,1089,1503,9599,6,8683,52098
12715,2024-09-13,1061,1465,6968,1,12535,12535
12716,2024-04-02,1064,1265,8280,1,24102,24102
12717,2024-08-01,1025,1825,8664,5,42104,210520
12718,2024-10-20,1094,1102,5441,8,32715,261720
12719,2024-02-10,1060,1514,6788,5,38722,193610
12720,2024-06-04,1086,1708,7857,7,49961,349727
12721,2024-05-12,1095,1822,5347,2,1720,3440
12722,2024-11-14,1000,1907,7660,7,10960,76720
12723,2024-03-26,1081,1973,5812,5,37755,188775
12724,2024-03-24,1080,1300,5532,3,22583,67749
12725,2024-12-30,1045,1680,9032,1,33510,33510
12726,2024-09-04,1091,1351,6603,9,33002,297018
12727,2024-12-25,1000,1681,8812,7,1693,11851
12728,2024-02-04,1050,1544,7558,8,26010,208080
12729,2024-09-05,1035,1837,6971,4,8322,33288
12730,2024-11-26,1068,1477,8183,3,21533,64599
12731,2024-05-04,1068,1517,8136,5,10125,50625
12732,2024-02-21,1065,1478,7787,1,44232,44232
12733,2024-10-15,1074,1897,5253,6,10068,60408
12734,2024-09-26,1098,1153,7978,1,13885,13885
12735,2024-08-08,1029,1047,7155,8,4374,34992
12736,2024-11-04,1095,1735,5063,5,887,4435
12737,2024-03-01,1007,1824,9311,7,27731,194117
12738,2024-09-25,1001,1068,7646,4,5986,23944
12739,2024-01-15,1099,1173,5089,5,32585,162925
12740,2024-11-06,1024,1431,5545,2,31367,62734
12741,2024-06-29,1018,1552,6888,7,43077,301539
12742,2024-07-18,1070,1106,9535,9,6893,62037
12743,2024-10-29,1013,1527,8088,7,6586,46102
12744,2024-12-18,1003,1179,9576,4,38829,155316
12745,2024-03-15,1045,1779,9750,8,7968,63744
12746,2024-08-31,1032,1270,6724,6,31057,186342
12747,2024-09-27,1036,1212,9032,6,18238,109428
12748,2024-01-21,1029,1356,9844,3,10596,31788
12749,2024-02-05,1083,1532,9772,2,5634,11268
12750,2024-07-16,1077,1920,6250,3,13189,39567
12751,2024-06-01,1026,1720,6273,7,21576,151032
12752,2024-02-13,1012,1967,6167,3,16262,48786
12753,2024-05-08,1070,1925,8928,7,43646,305522
12754,2024-02-11,1081,1800,9441,3,32977,98931
12755,2024-02-02,1037,1961,8215,4,41361,165444
12756,2024-12-24,1051,1800,5107,5,32977,164885
12757,2024-10-22,1072,1755,5522,2,46322,92644
12758,2024-12-18,1086,1155,8522,5,17655,88275
12759,2024-04-24,1094,1089,8892,6,47903,287418
12760,2024-12-23,1065,1808,7255,9,48290,434610
12761,2024-07-21,1039,1896,5518,4,15350,61400
12762,2024-03-04,1037,1062,5731,5,36031,180155
12763,2024-10-10,1040,1418,8954,4,31957,127828
12764,2024-08-10,1004,1431,6890,5,31367,156835
12765,2024-12-01,1063,1490,5030,1,9043,9043
12766,2024-07-28,1055,1038,6256,8,15850,126800
12767,2024-03-26,1086,1147,8018,9,27479,247311
12768,2024-08-14,1048,1844,5064,3,47045,141135
12769,2024-12-27,1058,1478,5060,3,44232,132696
12770,2024-10-30,1095,1165,9792,9,12521,112689
12771,2024-07-03,1038,1022,5093,9,13322,119898
12772,2024-09-21,1079,1907,8677,7,10960,76720
12773,2024-06-21,1054,1261,6824,5,34094,170470
12774,2024-08-03,1074,1727,7187,1,37083,37083
12775,2024-12-31,1077,1097,7505,9,23379,210411
12776,2024-03-23,1063,1480,6206,6,13881,83286
12777,2024-03-18,1002,1518,6003,3,39383,118149
12778,2024-11-17,1007,1818,5298,5,15797,78985
12779,2024-12-11,1078,1269,5617,9,48594,437346
12780,2024-03-12,1072,1739,5496,1,6045,6045
12781,2024-09-27,1015,1015,8685,1,7710,7710
12782,2024-12-30,1025,1749,5222,4,33974,135896
12783,2024-10-22,1031,1662,7366,6,48902,293412
12784,2024-05-20,1081,1273,7004,3,24724,74172
12785,2024-07-26,1007,1220,9945,3,8580,25740
12786,2024-12-07,1059,1902,6155,4,2590,10360
12787,2024-02-02,1095,1579,7993,1,14373,14373
12788,2024-04-18,1073,1280,7835,5,33453,167265
12789,2024-12-31,1011,1544,6683,8,26010,208080
12790,2024-06-10,1075,1562,5027,6,23549,141294
12791,2024-01-16,1058,1983,5076,3,10376,31128
12792,2024-01-14,1058,1790,9258,4,23716,94864
12793,2024-08-18,1073,1817,5913,5,37686,188430
12794,2024-09-02,1033,1660,5416,5,8770,43850
12795,2024-02-15,1029,1998,7275,2,15104,30208
12796,2024-11-01,1043,1574,9232,3,42288,126864
12797,2024-04-22,1094,1916,5537,8,8770,70160
12798,2024-02-12,1037,1121,8072,1,36164,36164
12799,2024-02-17,1024,1367,8741,4,39768,159072
12800,2024-07-10,1023,1538,8147,2,19863,39726
12801,2024-07-20,1096,1208,5250,9,10999,98991
12802,2024-05-21,1060,1153,8470,7,13885,97195
12803,2024-07-07,1008,1274,8802,6,16051,96306
12804,2024-08-06,1088,1224,6634,4,47220,188880
12805,2024-09-08,1083,1057,9873,1,43305,43305
12806,2024-10-03,1047,1762,9513,9,49256,443304
12807,2024-11-06,1080,1239,6543,3,34453,103359
12808,2024-04-25,1051,1499,6721,3,33517,100551
12809,2024-12-29,1069,1262,9351,6,25428,152568
12810,2024-01-02,1063,1990,9238,6,10541,63246
12811,2024-01-13,1035,1230,9291,4,32906,131624
12812,2024-10-03,1019,1398,7498,5,42762,213810
12813,2024-09-08,1089,1065,8986,5,27731,138655
12814,2024-08-15,1049,1449,6325,6,21065,126390
12815,2024-05-25,1011,1208,5360,3,10999,32997
12816,2024-08-04,1006,1481,8410,9,4017,36153
12817,2024-08-24,1039,1430,7131,7,29449,206143
12818,2024-10-20,1093,1045,7736,4,23669,94676
12819,2024-09-12,1085,1856,5247,3,27650,82950
12820,2024-10-07,1041,1714,8905,7,17492,122444
12821,2024-06-14,1092,1555,6816,5,46509,232545
12822,2024-05-22,1085,1648,7517,2,36724,73448
12823,2024-08-25,1087,1070,8821,6,34587,207522
12824,2024-04-06,1066,1778,6163,3,15136,45408
12825,2024-07-10,1049,1626,6645,7,27114,189798
12826,2024-10-14,1040,1567,5894,5,16301,81505
12827,2024-02-12,1023,1131,6140,7,43800,306600
12828,2024-09-25,1089,1380,5827,4,19148,76592
12829,2024-07-27,1068,1292,7403,1,11161,11161
12830,2024-11-29,1012,1857,9249,1,1230,1230
12831,2024-01-25,1085,1884,9315,7,6299,44093
12832,2024-10-31,1033,1289,9096,9,7223,65007
12833,2024-03-28,1002,1335,6238,6,3890,23340
12834,2024-04-29,1095,1616,6442,3,36027,108081
12835,2024-08-12,1087,1046,9046,9,36237,326133
12836,2024-05-15,1072,1029,6404,9,8975,80775
12837,2024-09-07,1002,1629,5940,1,30242,30242
12838,2024-07-29,1085,1045,9743,5,23669,118345
12839,2024-01-11,1023,1847,6427,3,21621,64863
12840,2024-01-10,1073,1581,7216,9,14424,129816
12841,2024-11-10,1034,1544,9970,7,26010,182070
12842,2024-03-05,1019,1049,8111,4,41768,167072
12843,2024-03-20,1043,1782,7984,5,4722,23610
12844,2024-04-01,1075,1787,9011,9,1417,12753
12845,2024-05-12,1047,1459,8506,4,45945,183780
12846,2024-04-21,1042,1894,9046,7,20880,146160
12847,2024-07-13,1075,1087,5249,5,46213,231065
12848,2024-03-27,1080,1039,9087,1,34809,34809
12849,2024-06-10,1067,1543,5295,1,31348,31348
12850,2024-12-13,1071,1488,7196,6,7777,46662
12851,2024-01-01,1070,1096,7510,2,32486,64972
12852,2024-04-28,1054,1623,9925,5,30533,152665
12853,2024-09-10,1081,1749,5288,2,33974,67948
12854,2024-07-09,1025,1523,7251,1,30324,30324
12855,2024-10-16,1030,1270,9893,8,31057,248456
12856,2024-12-16,1053,1186,5195,4,9857,39428
12857,2024-10-14,1055,1699,6574,5,48296,241480
12858,2024-04-25,1055,1583,5650,6,12676,76056
12859,2024-07-17,1052,1771,9715,6,3583,21498
12860,2024-08-22,1071,1026,7010,4,36901,147604
12861,2024-08-17,1060,1100,7927,2,739,1478
12862,2024-08-13,1033,1441,6489,2,13301,26602
12863,2024-07-14,1045,1692,6485,1,7909,7909
12864,2024-10-04,1079,1973,5560,5,37755,188775
12865,2024-06-05,1083,1550,9513,6,21581,129486
12866,2024-12-19,1073,1398,5214,2,42762,85524
12867,2024-10-27,1049,1274,5196,3,16051,48153
12868,2024-06-21,1068,1628,6984,3,30016,90048
12869,2024-11-18,1010,1013,9313,7,23574,165018
12870,2024-01-21,1085,1326,7185,8,19525,156200
12871,2024-07-06,1074,1901,8551,2,8528,17056
12872,2024-10-11,1017,1929,5343,5,18907,94535
12873,2024-10-15,1081,1727,7383,7,37083,259581
12874,2024-06-15,1030,1636,7569,8,25955,207640
12875,2024-07-08,1083,1792,8425,3,8128,24384
12876,2024-03-30,1061,1424,8943,6,35271,211626
12877,2024-10-27,1022,1600,9625,9,5061,45549
12878,2024-03-13,1052,1817,7485,4,37686,150744
12879,2024-03-22,1061,1110,9446,6,40173,241038
12880,2024-01-11,1073,1590,7619,4,33854,135416
12881,2024-09-05,1016,1681,7385,5,1693,8465
12882,2024-06-08,1040,1322,9236,3,2225,6675
12883,2024-04-16,1007,1867,8300,4,2470,9880
12884,2024-03-31,1030,1449,6162,3,21065,63195
12885,2024-08-28,1048,1533,9354,4,35917,143668
12886,2024-07-22,1056,1667,5911,6,49111,294666
12887,2024-11-11,1047,1863,6848,2,7895,15790
12888,2024-12-23,1052,1870,9325,1,27483,27483
12889,2024-05-28,1061,1216,6548,8,32225,257800
12890,2024-09-18,1089,1512,6584,3,28420,85260
12891,2024-06-14,1049,1939,5359,4,9982,39928
12892,2024-04-25,1054,1406,7695,4,23768,95072
12893,2024-01-08,1008,1772,5681,4,19114,76456
12894,2024-08-16,1031,1623,5631,8,30533,244264
12895,2024-03-10,1086,1610,7126,4,35962,143848
12896,2024-07-09,1095,1074,9414,3,25817,77451
12897,2024-06-10,1056,1654,5454,6,28483,170898
12898,2024-06-25,1099,1452,8900,2,855,1710
12899,2024-02-09,1004,1741,5944,9,4007,36063
12900,2024-12-07,1064,1899,8325,5,14367,71835
12901,2024-01-29,1049,1939,5786,7,9982,69874
12902,2024-01-09,1094,1585,8128,1,23888,23888
12903,2024-10-03,1062,1968,8134,2,10833,21666
12904,2024-10-14,1094,1032,6020,3,4566,13698
12905,2024-03-12,1057,1187,6473,4,1166,4664
12906,2024-07-01,1056,1617,9501,3,32507,97521
12907,2024-01-10,1008,1965,9650,2,36304,72608
12908,2024-06-25,1096,1557,8860,6,35485,212910
12909,2024-03-27,1098,1794,7074,1,42419,42419
12910,2024-03-24,1025,1874,6271,8,36086,288688
12911,2024-03-26,1062,1027,8968,1,4719,4719
12912,2024-10-23,1065,1429,8010,2,4967,9934
12913,2024-07-25,1033,1106,6205,3,6893,20679
12914,2024-10-13,1080,1033,6804,4,37115,148460
12915,2024-04-18,1005,1412,7322,5,10207,51035
12916,2024-02-01,1061,1607,9958,4,48005,192020
12917,2024-01-13,1094,1126,8020,6,29520,177120
12918,2024-07-31,1091,1950,9723,3,47955,143865
12919,2024-04-27,1084,1568,6117,8,11284,90272
12920,2024-04-15,1074,1635,7253,2,5747,11494
12921,2024-01-15,1040,1149,7661,9,48477,436293
12922,2024-11-15,1053,1762,6892,7,49256,344792
12923,2024-07-31,1035,1910,6069,8,44171,353368
12924,2024-07-06,1090,1538,7651,6,19863,119178
12925,2024-08-21,1083,1713,8260,5,41673,208365
12926,2024-09-20,1083,1122,6555,5,38948,194740
12927,2024-08-10,1001,1088,8530,7,35817,250719
12928,2024-07-31,1026,1571,6724,4,22260,89040
12929,2024-05-24,1017,1330,5026,1,16591,16591
12930,2024-01-05,1076,1071,7296,6,22516,135096
12931,2024-05-20,1081,1916,6948,5,8770,43850
12932,2024-01-21,1010,1455,9932,7,22058,154406
12933,2024-04-26,1077,1292,6774,1,11161,11161
12934,2024-04-24,1043,1919,8120,7,46155,323085
12935,2024-02-13,1003,1621,5130,2,13880,27760
12936,2024-07-22,1076,1125,6988,7,9279,64953
12937,2024-11-04,1082,1559,7999,2,14631,29262
12938,2024-11-17,1042,1918,6205,3,44740,134220
12939,2024-12-26,1038,1251,6159,7,38765,271355
12940,2024-05-05,1058,1471,9832,2,12532,25064
12941,2024-04-29,1024,1268,9045,4,12176,48704
12942,2024-08-01,1078,1885,7473,9,47126,424134
12943,2024-11-08,1083,1230,9766,6,32906,197436
12944,2024-11-06,1080,1314,7368,8,4786,38288
12945,2024-05-09,1054,1900,7418,9,8676,78084
12946,2024-04-03,1064,1526,5486,9,28553,256977
12947,2024-03-05,1092,1535,9846,7,2973,20811
12948,2024-12-31,1082,1842,9925,2,21565,43130
12949,2024-07-23,1093,1951,8081,6,40345,242070
12950,2024-07-05,1024,1976,7021,8,47842,382736
12951,2024-07-30,1091,1775,9941,4,23882,95528
12952,2024-07-09,1036,1617,8736,9,32507,292563
12953,2024-09-17,1074,1471,9529,8,12532,100256
12954,2024-11-17,1079,1630,7364,1,30824,30824
12955,2024-03-30,1081,1869,7596,8,45211,361688
12956,2024-09-01,1053,1986,9009,9,40631,365679
12957,2024-05-29,1072,1169,5340,1,42589,42589
12958,2024-05-19,1027,1114,8572,9,15305,137745
12959,2024-10-19,1090,1646,9094,1,48691,48691
12960,2024-04-28,1051,1371,9575,7,36716,257012
12961,2024-09-03,1063,1151,6213,2,42146,84292
12962,2024-04-07,1037,1282,5645,4,45489,181956
12963,2024-06-18,1043,1484,9038,8,36752,294016
12964,2024-11-05,1086,1638,6074,8,42321,338568
12965,2024-03-07,1061,1364,7446,7,29527,206689
12966,2024-02-25,1085,1514,7797,4,38722,154888
12967,2024-02-15,1067,1981,8147,4,34989,139956
12968,2024-01-05,1095,1559,5252,6,14631,87786
12969,2024-02-25,1087,1741,6745,5,4007,20035
12970,2024-05-30,1037,1917,9760,9,2064,18576
12971,2024-11-13,1049,1935,5340,5,11166,55830
12972,2024-05-20,1060,1303,7582,6,15182,91092
12973,2024-11-10,1027,1176,6981,8,43603,348824
12974,2024-10-10,1069,1284,7364,4,10530,42120
12975,2024-01-06,1096,1713,6143,2,41673,83346
12976,2024-07-07,1030,1016,7026,2,45421,90842
12977,2024-11-12,1056,1745,9252,5,33660,168300
12978,2024-08-06,1009,1518,8644,2,39383,78766
12979,2024-06-21,1011,1170,7739,2,34869,69738
12980,2024-04-02,1006,1290,8217,4,15679,62716
12981,2024-01-12,1087,1679,7091,7,27192,190344
12982,2024-06-11,1027,1706,7227,1,46666,46666
12983,2024-11-13,1074,1204,6994,5,28131,140655
12984,2024-01-05,1095,1133,5044,3,6079,18237
12985,2024-03-06,1019,1464,7979,3,22820,68460
12986,2024-07-21,1091,1769,7887,8,44109,352872
12987,2024-11-19,1064,1550,6219,4,21581,86324
12988,2024-12-07,1026,1891,9695,6,40663,243978
12989,2024-07-11,1015,1613,6153,1,4901,4901
12990,2024-12-30,1035,1544,8993,2,26010,52020
12991,2024-12-01,1069,1361,8922,8,20617,164936
12992,2024-03-06,1009,1150,8033,6,12925,77550
12993,2024-06-17,1043,1883,5958,8,27496,219968
12994,2024-06-03,1018,1032,6595,7,4566,31962
12995,2024-03-16,1073,1088,7362,6,35817,214902
12996,2024-09-17,1089,1589,7024,3,48141,144423
12997,2024-05-12,1097,1482,7301,5,22637,113185
12998,2024-12-07,1064,1541,8487,7,8122,56854
12999,2024-05-20,1073,1776,7479,4,20535,82140
13000,2024-12-01,1061,1861,6848,6,42303,253818
13001,2024-12-11,1032,1125,8303,1,9279,9279
13002,2024-05-16,1089,1070,9594,2,34587,69174
13003,2024-06-24,1097,1061,9215,8,18640,149120
13004,2024-10-14,1036,1711,9769,6,33292,199752
13005,2024-12-04,1012,1326,8027,6,19525,117150
13006,2024-02-05,1093,1745,8798,8,33660,269280
13007,2024-05-22,1087,1730,9699,8,29338,234704
13008,2024-05-16,1097,1152,8123,1,25319,25319
13009,2024-01-16,1036,1174,8665,9,7467,67203
13010,2024-09-06,1018,1306,8444,4,36317,145268
13011,2024-01-06,1065,1983,8255,2,10376,20752
13012,2024-03-12,1029,1795,6532,3,17544,52632
13013,2024-06-09,1085,1353,9397,7,23836,166852
13014,2024-08-11,1031,1371,8110,9,36716,330444
13015,2024-12-31,1032,1201,7598,7,18646,130522
13016,2024-12-21,1039,1636,8000,1,25955,25955
13017,2024-11-10,1014,1931,9953,6,13149,78894
13018,2024-02-05,1069,1974,8290,6,11100,66600
13019,2024-02-03,1099,1700,9286,5,3129,15645
13020,2024-01-13,1079,1357,8962,1,23182,23182
13021,2024-07-20,1084,1834,6914,5,5098,25490
13022,2024-02-26,1097,1715,5398,5,3186,15930
13023,2024-01-07,1037,1928,9975,8,31188,249504
13024,2024-11-10,1098,1189,8980,5,43361,216805
13025,2024-04-20,1096,1665,5085,5,34829,174145
13026,2024-04-25,1007,1959,9066,9,9223,83007
13027,2024-11-02,1075,1503,7710,6,8683,52098
13028,2024-09-15,1038,1744,6598,9,31855,286695
13029,2024-06-03,1059,1950,7759,9,47955,431595
13030,2024-07-24,1059,1232,9036,4,5990,23960
13031,2024-11-05,1055,1261,8750,3,34094,102282
13032,2024-04-03,1017,1066,7814,7,2378,16646
13033,2024-07-10,1047,1218,5866,4,36896,147584
13034,2024-10-16,1020,1781,5693,6,40601,243606
13035,2024-10-05,1055,1624,8405,6,11657,69942
13036,2024-02-17,1090,1944,8986,8,38176,305408
13037,2024-02-24,1011,1817,9041,9,37686,339174
13038,2024-01-17,1005,1074,8469,7,25817,180719
13039,2024-11-30,1030,1755,8794,6,46322,277932
13040,2024-03-02,1097,1242,8820,1,37781,37781
13041,2024-05-04,1070,1656,8968,4,29309,117236
13042,2024-08-24,1060,1694,6430,2,34535,69070
13043,2024-03-01,1094,1187,9492,6,1166,6996
13044,2024-02-13,1067,1173,9523,2,32585,65170
13045,2024-11-22,1056,1958,5738,5,10835,54175
13046,2024-05-07,1060,1431,8998,7,31367,219569
13047,2024-09-15,1016,1061,8488,6,18640,111840
13048,2024-07-19,1028,1755,9876,4,46322,185288
13049,2024-11-18,1066,1143,9833,5,20598,102990
13050,2024-04-21,1058,1379,9114,6,14314,85884
13051,2024-12-20,1087,1234,9819,8,42706,341648
13052,2024-05-22,1002,1448,9802,4,41404,165616
13053,2024-07-25,1026,1815,6566,6,38970,233820
13054,2024-12-24,1000,1565,6426,9,28460,256140
13055,2024-05-19,1078,1445,7089,9,36864,331776
13056,2024-08-14,1077,1389,9362,9,39971,359739
13057,2024-11-14,1003,1974,7286,4,11100,44400
13058,2024-05-15,1003,1160,8914,7,7558,52906
13059,2024-10-16,1088,1198,8536,6,44598,267588
13060,2024-07-18,1074,1327,8937,4,23073,92292
13061,2024-10-04,1032,1628,5369,8,30016,240128
13062,2024-11-01,1010,1937,5712,7,18610,130270
13063,2024-05-19,1075,1122,7470,9,38948,350532
13064,2024-05-29,1078,1541,8561,9,8122,73098
13065,2024-03-31,1056,1518,6366,6,39383,236298
13066,2024-07-04,1025,1935,8916,6,11166,66996
13067,2024-03-22,1087,1316,7721,9,6510,58590
13068,2024-01-19,1025,1492,5937,8,38143,305144
13069,2024-05-12,1053,1141,9816,8,16176,129408
13070,2024-09-28,1026,1188,9783,6,1419,8514
13071,2024-06-17,1099,1319,6934,3,23036,69108
13072,2024-01-19,1090,1566,6310,2,26408,52816
13073,2024-09-09,1053,1834,9142,4,5098,20392
13074,2024-12-29,1001,1089,9143,5,47903,239515
13075,2024-07-11,1086,1427,9482,2,40537,81074
13076,2024-10-04,1008,1825,6324,9,42104,378936
13077,2024-05-24,1071,1161,7083,6,29202,175212
13078,2024-02-04,1063,1511,5409,1,13714,13714
13079,2024-06-15,1064,1605,7174,3,6446,19338
13080,2024-08-31,1020,1254,9659,1,30889,30889
13081,2024-03-13,1025,1477,6303,4,21533,86132
13082,2024-11-06,1014,1440,8333,9,36881,331929
13083,2024-05-12,1042,1668,8910,4,38344,153376
13084,2024-03-13,1088,1164,9123,7,35248,246736
13085,2024-04-24,1038,1747,7092,8,11873,94984
13086,2024-09-23,1015,1344,7637,8,49389,395112
13087,2024-11-29,1034,1067,6574,9,7325,65925
13088,2024-04-19,1022,1829,8540,1,7115,7115
13089,2024-06-16,1011,1250,5650,7,34368,240576
13090,2024-08-03,1055,1000,6739,5,16915,84575
13091,2024-12-05,1051,1711,5802,9,33292,299628
13092,2024-04-06,1018,1628,9723,5,30016,150080
13093,2024-03-20,1097,1435,8526,2,39178,78356
13094,2024-08-04,1061,1568,9886,5,11284,56420
13095,2024-07-04,1007,1824,5128,9,27731,249579
13096,2024-03-04,1086,1321,6939,1,8702,8702
13097,2024-03-07,1010,1848,9193,7,48505,339535
13098,2024-04-05,1042,1316,7741,3,6510,19530
13099,2024-02-03,1097,1819,6137,4,42642,170568
13100,2024-12-10,1068,1362,8987,4,12628,50512
13101,2024-08-21,1036,1560,8405,2,27518,55036
13102,2024-06-11,1024,1534,9804,3,32498,97494
13103,2024-06-05,1087,1724,7263,3,29112,87336
13104,2024-10-07,1023,1732,8915,7,11948,83636
13105,2024-01-28,1033,1324,7881,8,44675,357400
13106,2024-03-09,1081,1863,6406,8,7895,63160
13107,2024-11-27,1011,1148,7505,9,46234,416106
13108,2024-12-03,1041,1697,7188,2,32518,65036
13109,2024-08-17,1078,1264,7782,8,44587,356696
13110,2024-12-15,1011,1198,6399,6,44598,267588
13111,2024-05-16,1028,1081,8993,4,4617,18468
13112,2024-04-21,1092,1078,6576,4,35876,143504
13113,2024-10-25,1019,1953,6536,9,49515,445635
13114,2024-01-25,1078,1728,8336,4,28415,113660
13115,2024-04-03,1002,1175,6144,2,18560,37120
13116,2024-03-06,1079,1335,9183,5,3890,19450
13117,2024-01-17,1060,1956,5821,2,41902,83804
13118,2024-04-18,1082,1723,6396,5,1340,6700
13119,2024-10-04,1070,1492,9245,7,38143,267001
13120,2024-01-10,1099,1036,8551,2,19956,39912
13121,2024-12-11,1021,1993,6760,9,40964,368676
13122,2024-05-20,1078,1114,9040,1,15305,15305
13123,2024-10-24,1072,1004,9565,9,26876,241884
13124,2024-01-28,1016,1928,8426,4,31188,124752
13125,2024-04-09,1096,1448,9440,3,41404,124212
13126,2024-07-05,1001,1751,6634,3,21523,64569
13127,2024-09-23,1006,1880,6645,9,9382,84438
13128,2024-07-26,1094,1006,5612,7,10159,71113
13129,2024-12-02,1013,1297,6392,2,7611,15222
13130,2024-11-06,1003,1315,6743,3,22438,67314
13131,2024-09-17,1044,1387,5401,1,24362,24362
13132,2024-03-09,1062,1771,9204,5,3583,17915
13133,2024-02-07,1009,1236,8889,5,31314,156570
13134,2024-03-06,1044,1332,8612,9,37014,333126
13135,2024-08-22,1085,1610,6936,3,35962,107886
13136,2024-03-04,1087,1874,7046,6,36086,216516
13137,2024-08-22,1043,1913,9163,9,32784,295056
13138,2024-06-01,1054,1115,7126,3,7215,21645
13139,2024-06-28,1017,1636,5766,7,25955,181685
13140,2024-06-14,1010,1945,7691,2,34368,68736
13141,2024-11-28,1053,1621,9273,6,13880,83280
13142,2024-10-01,1000,1714,8909,7,17492,122444
13143,2024-04-08,1052,1780,8396,8,23992,191936
13144,2024-01-25,1095,1286,5580,2,17612,35224
13145,2024-10-30,1079,1486,7617,1,16114,16114
13146,2024-03-13,1077,1297,9876,8,7611,60888
13147,2024-02-04,1032,1581,7907,7,14424,100968
13148,2024-05-22,1006,1997,5134,8,42764,342112
13149,2024-08-01,1082,1881,7104,3,23705,71115
13150,2024-07-23,1024,1138,8720,7,32156,225092
13151,2024-10-31,1068,1148,7841,7,46234,323638
13152,2024-08-04,1048,1665,6558,4,34829,139316
13153,2024-12-10,1073,1014,6892,9,45125,406125
13154,2024-08-19,1003,1407,7201,5,16665,83325
13155,2024-03-26,1023,1443,6610,8,25401,203208
13156,2024-06-17,1045,1337,7636,5,41015,205075
13157,2024-05-04,1069,1455,5986,2,22058,44116
13158,2024-11-24,1011,1104,9367,2,16595,33190
13159,2024-08-23,1061,1930,6010,5,28212,141060
13160,2024-05-24,1083,1795,7655,4,17544,70176
13161,2024-04-14,1089,1668,8144,9,38344,345096
13162,2024-12-09,1075,1238,9063,5,28262,141310
13163,2024-09-20,1061,1819,6667,2,42642,85284
13164,2024-05-13,1096,1621,5809,7,13880,97160
13165,2024-01-09,1061,1189,6519,9,43361,390249
13166,2024-01-15,1075,1567,7697,1,16301,16301
13167,2024-03-04,1057,1257,8971,6,42754,256524
13168,2024-06-26,1037,1081,8055,8,4617,36936
13169,2024-05-03,1067,1192,5219,3,41115,123345
13170,2024-01-11,1016,1318,9797,4,825,3300
13171,2024-04-04,1009,1571,8211,4,22260,89040
13172,2024-04-29,1082,1961,8028,6,41361,248166
13173,2024-10-27,1042,1364,9908,9,29527,265743
13174,2024-09-02,1032,1876,5993,9,12843,115587
13175,2024-03-17,1036,1397,9833,9,20058,180522
13176,2024-04-03,1027,1795,5523,8,17544,140352
13177,2024-11-10,1045,1043,8155,6,39027,234162
13178,2024-06-01,1001,1888,9259,3,41201,123603
13179,2024-08-27,1045,1443,6701,6,25401,152406
13180,2024-05-19,1037,1404,9527,6,35565,213390
13181,2024-03-25,1037,1467,7990,4,29345,117380
13182,2024-08-03,1020,1289,7994,4,7223,28892
13183,2024-10-08,1022,1481,5749,7,4017,28119
13184,2024-10-19,1032,1365,8757,2,31461,62922
13185,2024-08-28,1089,1437,6351,2,33745,67490
13186,2024-01-23,1042,1166,8947,9,5115,46035
13187,2024-11-16,1093,1259,8511,4,28140,112560
13188,2024-02-14,1067,1746,6920,3,12256,36768
13189,2024-03-14,1069,1155,7107,2,17655,35310
13190,2024-04-11,1097,1806,7067,8,44863,358904
13191,2024-10-10,1063,1704,9363,1,1705,1705
13192,2024-03-12,1083,1172,5806,1,24196,24196
13193,2024-02-10,1063,1839,8137,5,32093,160465
13194,2024-10-05,1036,1316,9985,8,6510,52080
13195,2024-07-30,1078,1315,9783,4,22438,89752
13196,2024-06-08,1022,1399,6292,8,10795,86360
13197,2024-03-27,1072,1562,7877,9,23549,211941
13198,2024-01-07,1033,1111,7577,1,5511,5511
13199,2024-07-01,1033,1556,9242,5,10626,53130
13200,2024-11-23,1026,1798,9736,6,15110,90660
13201,2024-10-25,1079,1646,9556,7,48691,340837
13202,2024-01-14,1003,1306,5574,9,36317,326853
13203,2024-04-09,1091,1388,6685,3,34391,103173
13204,2024-08-31,1080,1193,9941,3,13641,40923
13205,2024-06-17,1075,1808,8725,8,48290,386320
13206,2024-08-19,1068,1495,7895,2,7401,14802
13207,2024-04-20,1098,1628,6170,6,30016,180096
13208,2024-12-12,1099,1579,9987,5,14373,71865
13209,2024-12-05,1093,1777,8365,2,20426,40852
13210,2024-04-11,1062,1610,6480,2,35962,71924
13211,2024-08-04,1077,1832,6413,1,9042,9042
13212,2024-08-27,1013,1998,5688,2,15104,30208
13213,2024-08-27,1065,1258,6123,2,18743,37486
13214,2024-08-08,1027,1426,7579,6,39924,239544
13215,2024-09-26,1020,1940,8432,2,45392,90784
13216,2024-01-28,1078,1409,6688,3,31604,94812
13217,2024-10-12,1086,1080,7670,4,13975,55900
13218,2024-11-30,1009,1505,9735,3,26109,78327
13219,2024-02-23,1025,1297,5466,1,7611,7611
13220,2024-07-31,1034,1583,5900,3,12676,38028
13221,2024-04-29,1033,1029,5089,9,8975,80775
13222,2024-03-15,1001,1839,9166,6,32093,192558
13223,2024-03-10,1094,1220,6676,3,8580,25740
13224,2024-11-18,1042,1370,5751,2,43867,87734
13225,2024-08-20,1043,1249,7647,9,49865,448785
13226,2024-09-27,1043,1754,5367,6,47803,286818
13227,2024-05-11,1042,1977,9247,2,34532,69064
13228,2024-04-07,1051,1023,5737,9,44687,402183
13229,2024-04-11,1004,1328,5083,6,11465,68790
13230,2024-06-15,1018,1339,9664,2,20066,40132
13231,2024-04-14,1029,1883,9411,7,27496,192472
13232,2024-03-26,1048,1427,5820,2,40537,81074
13233,2024-02-06,1062,1908,9061,7,19831,138817
13234,2024-06-08,1080,1804,9517,6,41212,247272
13235,2024-05-02,1028,1274,9409,7,16051,112357
13236,2024-05-11,1075,1260,9982,6,29907,179442
13237,2024-09-22,1071,1931,8981,4,13149,52596
13238,2024-10-09,1078,1727,6591,1,37083,37083
13239,2024-12-05,1052,1500,6192,4,28433,113732
13240,2024-09-17,1097,1950,8460,1,47955,47955
13241,2024-12-20,1027,1563,7559,6,37613,225678
13242,2024-07-07,1084,1929,5143,5,18907,94535
13243,2024-01-31,1052,1366,8856,4,28599,114396
13244,2024-10-01,1016,1135,9295,8,18375,147000
13245,2024-11-05,1081,1237,7955,2,26610,53220
13246,2024-05-11,1023,1003,6927,7,32717,229019
13247,2024-06-24,1087,1747,6292,6,11873,71238
13248,2024-10-30,1075,1357,7198,5,23182,115910
13249,2024-02-18,1064,1711,5967,8,33292,266336
13250,2024-06-20,1035,1072,9734,1,47140,47140
13251,2024-11-07,1031,1040,8050,9,45320,407880
13252,2024-11-25,1068,1495,9376,9,7401,66609
13253,2024-01-06,1025,1424,5607,8,35271,282168
13254,2024-03-16,1055,1758,9687,9,22329,200961
13255,2024-07-22,1066,1542,5599,5,45780,228900
13256,2024-07-28,1032,1094,9533,2,37898,75796
13257,2024-02-05,1038,1059,8387,4,28820,115280
13258,2024-10-07,1083,1434,7428,2,46514,93028
13259,2024-06-25,1057,1807,5045,2,25870,51740
13260,2024-02-24,1011,1454,8501,5,35458,177290
13261,2024-06-17,1083,1024,5917,1,41060,41060
13262,2024-11-08,1080,1972,9433,5,2059,10295
13263,2024-11-22,1042,1708,7512,1,49961,49961
13264,2024-02-17,1071,1828,9672,3,29328,87984
13265,2024-04-13,1012,1913,8723,7,32784,229488
13266,2024-01-03,1072,1838,6110,8,29512,236096
13267,2024-03-25,1082,1933,7400,1,25457,25457
13268,2024-06-21,1089,1575,5267,9,43374,390366
13269,2024-10-02,1004,1437,8664,6,33745,202470
13270,2024-11-24,1044,1361,6382,9,20617,185553
13271,2024-08-20,1088,1334,5234,2,26728,53456
13272,2024-06-12,1004,1176,5076,2,43603,87206
13273,2024-02-29,1022,1812,8515,6,38891,233346
13274,2024-03-18,1034,1701,8476,1,9978,9978
13275,2024-01-18,1095,1992,8196,2,28885,57770
13276,2024-04-06,1053,1051,9088,5,48395,241975
13277,2024-03-06,1048,1030,6800,6,11779,70674
13278,2024-01-31,1069,1183,9726,5,47561,237805
13279,2024-08-25,1077,1116,5795,3,7788,23364
13280,2024-09-21,1092,1072,9896,6,47140,282840
13281,2024-05-27,1036,1146,9397,9,28340,255060
13282,2024-05-27,1021,1123,7454,4,1072,4288
13283,2024-02-16,1083,1837,5576,3,8322,24966
13284,2024-08-31,1007,1693,8894,7,46937,328559
13285,2024-09-13,1090,1611,7470,8,13489,107912
13286,2024-03-23,1056,1991,7239,8,22166,177328
13287,2024-12-21,1070,1923,8705,9,725,6525
13288,2024-05-21,1059,1442,7450,7,3589,25123
13289,2024-05-08,1054,1829,5623,6,7115,42690
13290,2024-01-10,1033,1177,9938,5,41282,206410
13291,2024-06-25,1040,1677,9700,5,26853,134265
13292,2024-07-28,1027,1009,7823,1,39529,39529
13293,2024-02-11,1030,1162,5456,7,28996,202972
13294,2024-05-03,1020,1557,9356,6,35485,212910
13295,2024-07-05,1073,1791,9695,7,39400,275800
13296,2024-01-25,1050,1609,8216,9,45965,413685
13297,2024-06-12,1035,1626,5842,9,27114,244026
13298,2024-12-16,1076,1328,9641,2,11465,22930
13299,2024-02-04,1025,1986,5855,3,40631,121893
13300,2024-09-09,1097,1353,8558,9,23836,214524
13301,2024-09-03,1018,1718,7455,3,27095,81285
13302,2024-01-10,1005,1090,6153,4,47490,189960
13303,2024-09-20,1047,1346,5903,5,47428,237140
13304,2024-04-14,1014,1638,9395,6,42321,253926
13305,2024-08-07,1048,1415,8641,2,40091,80182
13306,2024-09-11,1017,1236,9863,6,31314,187884
13307,2024-05-13,1083,1538,9099,3,19863,59589
13308,2024-07-24,1064,1025,9811,7,26492,185444
13309,2024-05-03,1021,1171,8190,9,22950,206550
13310,2024-08-03,1059,1656,7127,5,29309,146545
13311,2024-03-04,1035,1911,5208,8,5385,43080
13312,2024-10-28,1081,1482,8032,6,22637,135822
13313,2024-12-25,1009,1665,8570,8,34829,278632
13314,2024-02-07,1019,1869,5185,4,45211,180844
13315,2024-09-04,1069,1311,6683,7,10683,74781
13316,2024-06-01,1060,1221,6310,9,9942,89478
13317,2024-08-09,1058,1489,9420,7,3018,21126
13318,2024-12-07,1021,1420,5181,2,41696,83392
13319,2024-09-14,1067,1973,9853,5,37755,188775
13320,2024-01-24,1003,1593,9349,9,39897,359073
13321,2024-12-22,1082,1219,5429,1,3847,3847
13322,2024-03-07,1028,1231,9061,4,28799,115196
13323,2024-09-05,1057,1655,9227,9,13830,124470
13324,2024-08-22,1057,1257,9585,9,42754,384786
13325,2024-03-30,1053,1979,7626,5,38614,193070
13326,2024-04-03,1027,1925,8334,1,43646,43646
13327,2024-12-14,1076,1328,7931,9,11465,103185
13328,2024-11-22,1038,1438,5294,1,35923,35923
13329,2024-07-07,1056,1190,6762,5,40335,201675
13330,2024-05-16,1063,1882,6868,3,11567,34701
13331,2024-06-21,1091,1319,7339,1,23036,23036
13332,2024-01-16,1029,1064,8122,4,47734,190936
13333,2024-12-29,1085,1666,7158,1,1437,1437
13334,2024-08-19,1049,1245,8803,1,44831,44831
13335,2024-06-22,1053,1136,6017,6,9269,55614
13336,2024-04-10,1022,1979,5499,7,38614,270298
13337,2024-07-04,1017,1858,7795,4,39905,159620
13338,2024-01-30,1080,1166,6381,7,5115,35805
13339,2024-11-07,1053,1162,9223,3,28996,86988
13340,2024-12-15,1094,1672,5511,4,18307,73228
13341,2024-10-14,1027,1396,5389,5,33873,169365
13342,2024-03-18,1007,1845,6931,3,10371,31113
13343,2024-01-23,1031,1436,5934,6,10794,64764
13344,2024-01-17,1005,1000,9211,1,16915,16915
13345,2024-05-01,1071,1177,8434,2,41282,82564
13346,2024-08-15,1085,1838,7631,7,29512,206584
13347,2024-06-23,1039,1942,6873,5,24447,122235
13348,2024-02-10,1050,1480,6681,5,13881,69405
13349,2024-01-15,1046,1870,8913,7,27483,192381
13350,2024-08-01,1094,1243,7820,5,43676,218380
13351,2024-03-31,1069,1691,6110,4,40917,163668
13352,2024-02-21,1067,1801,7136,7,6074,42518
13353,2024-11-11,1006,1237,8846,7,26610,186270
13354,2024-02-26,1097,1116,8882,5,7788,38940
13355,2024-10-15,1026,1347,6324,8,32174,257392
13356,2024-05-28,1065,1006,9804,9,10159,91431
13357,2024-01-20,1053,1173,7429,5,32585,162925
13358,2024-11-19,1013,1115,6682,1,7215,7215
13359,2024-04-10,1092,1254,7161,4,30889,123556
13360,2024-12-22,1021,1471,5290,8,12532,100256
13361,2024-07-06,1068,1590,8656,7,33854,236978
13362,2024-02-02,1055,1535,8912,9,2973,26757
13363,2024-01-31,1081,1602,6847,2,23417,46834
13364,2024-06-10,1059,1550,9197,3,21581,64743
13365,2024-10-04,1050,1957,8873,8,43228,345824
13366,2024-12-27,1015,1194,7720,7,8150,57050
13367,2024-10-12,1005,1841,9867,7,19616,137312
13368,2024-01-05,1000,1203,7771,9,48654,437886
13369,2024-06-17,1011,1168,7353,7,34337,240359
13370,2024-06-21,1023,1156,6706,9,1105,9945
13371,2024-08-02,1074,1711,5960,2,33292,66584
13372,2024-11-12,1042,1969,8366,9,9959,89631
13373,2024-04-26,1033,1784,9335,5,46867,234335
13374,2024-09-11,1092,1904,7162,4,21367,85468
13375,2024-09-25,1095,1886,7907,4,5510,22040
13376,2024-09-08,1056,1489,9027,6,3018,18108
13377,2024-07-24,1020,1505,6376,2,26109,52218
13378,2024-07-27,1039,1782,5636,9,4722,42498
13379,2024-06-11,1032,1003,8084,4,32717,130868
13380,2024-09-30,1032,1660,7108,3,8770,26310
13381,2024-05-19,1027,1582,9414,6,1649,9894
13382,2024-06-17,1099,1943,6976,3,35652,106956
13383,2024-05-23,1064,1903,8715,6,25151,150906
13384,2024-08-09,1075,1557,8779,1,35485,35485
13385,2024-09-25,1045,1723,6255,4,1340,5360
13386,2024-03-16,1032,1646,9280,6,48691,292146
13387,2024-04-27,1068,1109,6853,3,24236,72708
13388,2024-04-07,1065,1197,6295,3,29164,87492
13389,2024-02-02,1035,1392,7086,7,38691,270837
13390,2024-12-03,1087,1973,8943,7,37755,264285
13391,2024-03-07,1053,1431,7526,5,31367,156835
13392,2024-11-05,1049,1099,9313,1,9440,9440
13393,2024-01-06,1050,1051,7070,8,48395,387160
13394,2024-10-18,1051,1412,9727,3,10207,30621
13395,2024-08-28,1020,1002,6401,1,45041,45041
13396,2024-02-24,1029,1620,7423,1,12975,12975
13397,2024-03-11,1014,1158,8695,9,34991,314919
13398,2024-04-03,1008,1343,8183,9,3085,27765
13399,2024-05-22,1031,1062,7957,8,36031,288248
13400,2024-01-22,1071,1151,8119,4,42146,168584
13401,2024-02-18,1022,1175,6202,9,18560,167040
13402,2024-05-15,1026,1099,5036,3,9440,28320
13403,2024-08-18,1041,1802,9301,3,28913,86739
13404,2024-04-09,1007,1885,7184,8,47126,377008
13405,2024-10-19,1092,1536,7836,9,43994,395946
13406,2024-07-18,1010,1183,6197,2,47561,95122
13407,2024-11-29,1020,1358,6277,6,11710,70260
13408,2024-04-30,1043,1246,5117,3,41163,123489
13409,2024-08-14,1038,1532,7200,2,5634,11268
13410,2024-08-26,1093,1654,8029,7,28483,199381
13411,2024-10-03,1032,1737,8090,8,37069,296552
13412,2024-04-10,1066,1968,7225,4,10833,43332
13413,2024-07-05,1054,1130,6349,4,25912,103648
13414,2024-06-07,1012,1888,7707,7,41201,288407
13415,2024-01-06,1035,1009,8023,9,39529,355761
13416,2024-06-18,1086,1177,7656,8,41282,330256
13417,2024-06-28,1025,1718,5341,1,27095,27095
13418,2024-07-30,1073,1508,9727,1,42795,42795
13419,2024-06-12,1037,1125,5744,5,9279,46395
13420,2024-05-07,1099,1847,9264,2,21621,43242
13421,2024-10-22,1022,1524,6316,9,28156,253404
13422,2024-08-05,1007,1043,7115,8,39027,312216
13423,2024-05-20,1013,1747,8780,8,11873,94984
13424,2024-05-11,1023,1384,6355,2,37254,74508
13425,2024-12-19,1081,1686,5958,2,14321,28642
13426,2024-09-07,1039,1249,6662,6,49865,299190
13427,2024-04-10,1024,1054,8243,4,1586,6344
13428,2024-11-15,1083,1672,7935,9,18307,164763
13429,2024-04-07,1024,1967,7525,4,16262,65048
13430,2024-12-01,1016,1271,7227,8,12842,102736
13431,2024-10-05,1003,1559,7576,6,14631,87786
13432,2024-07-04,1084,1290,5546,4,15679,62716
13433,2024-12-08,1083,1050,8084,7,34507,241549
13434,2024-05-22,1080,1955,8075,4,2126,8504
13435,2024-12-10,1098,1845,8264,1,10371,10371
13436,2024-12-14,1040,1616,8114,1,36027,36027
13437,2024-12-21,1059,1346,9890,8,47428,379424
13438,2024-03-19,1086,1427,6755,7,40537,283759
13439,2024-12-22,1084,1943,5983,9,35652,320868
13440,2024-12-20,1042,1384,8521,5,37254,186270
13441,2024-02-08,1053,1998,5306,6,15104,90624
13442,2024-10-29,1051,1753,6365,8,43548,348384
13443,2024-02-06,1020,1874,6361,3,36086,108258
13444,2024-12-13,1023,1349,9915,3,35167,105501
13445,2024-10-12,1036,1290,7101,1,15679,15679
13446,2024-11-19,1081,1510,6346,2,42356,84712
13447,2024-01-07,1043,1905,7657,2,12590,25180
13448,2024-12-18,1082,1350,6516,7,30692,214844
13449,2024-10-29,1004,1523,7969,8,30324,242592
13450,2024-10-29,1060,1615,9077,1,6923,6923
13451,2024-07-28,1043,1546,5443,1,14661,14661
13452,2024-03-19,1090,1225,5547,5,26242,131210
13453,2024-12-20,1005,1678,8080,1,17342,17342
13454,2024-12-22,1077,1639,8206,2,49254,98508
13455,2024-05-12,1002,1351,5309,3,33002,99006
13456,2024-06-24,1064,1715,6219,1,3186,3186
13457,2024-03-27,1030,1428,8397,9,35537,319833
13458,2024-09-05,1054,1795,7663,4,17544,70176
13459,2024-08-04,1044,1722,7764,6,26176,157056
13460,2024-12-16,1073,1919,6352,6,46155,276930
13461,2024-04-01,1054,1915,8634,3,41528,124584
13462,2024-07-25,1059,1469,6405,8,18332,146656
13463,2024-08-19,1030,1522,8122,6,22022,132132
13464,2024-11-03,1080,1283,7237,6,34605,207630
13465,2024-07-17,1038,1743,8209,1,32539,32539
13466,2024-02-07,1047,1019,6454,7,35500,248500
13467,2024-03-17,1079,1964,8794,4,14688,58752
13468,2024-03-07,1026,1754,6863,8,47803,382424
13469,2024-07-03,1015,1958,9878,3,10835,32505
13470,2024-10-01,1051,1371,7450,4,36716,146864
13471,2024-03-30,1003,1313,6890,1,45684,45684
13472,2024-10-12,1041,1807,5164,1,25870,25870
13473,2024-12-13,1090,1774,8275,3,29223,87669
13474,2024-07-25,1053,1853,6871,9,6923,62307
13475,2024-01-18,1008,1420,6511,6,41696,250176
13476,2024-08-31,1024,1767,5340,2,38045,76090
13477,2024-11-14,1087,1412,8708,2,10207,20414
13478,2024-01-07,1057,1075,6363,7,49962,349734
13479,2024-07-06,1091,1348,6851,5,16446,82230
13480,2024-03-28,1017,1419,9217,3,44500,133500
13481,2024-04-25,1043,1546,8989,4,14661,58644
13482,2024-03-03,1089,1618,6323,1,24746,24746
13483,2024-12-09,1073,1661,8719,3,6026,18078
13484,2024-03-15,1048,1273,9125,4,24724,98896
13485,2024-10-21,1043,1440,6627,9,36881,331929
13486,2024-06-19,1097,1085,7535,5,12202,61010
13487,2024-08-19,1074,1594,8826,8,5722,45776
13488,2024-09-04,1077,1545,6745,5,27448,137240
13489,2024-12-28,1037,1456,7169,5,27967,139835
13490,2024-08-12,1064,1329,5883,8,42065,336520
13491,2024-10-02,1080,1082,9489,3,15855,47565
13492,2024-12-27,1080,1613,8340,5,4901,24505
13493,2024-07-10,1009,1520,9778,5,12581,62905
13494,2024-06-15,1062,1818,7535,1,15797,15797
13495,2024-04-08,1093,1539,6458,3,27190,81570
13496,2024-08-15,1045,1221,5630,4,9942,39768
13497,2024-11-09,1096,1792,9149,6,8128,48768
13498,2024-11-21,1001,1209,7877,6,6529,39174
13499,2024-03-02,1019,1435,5424,5,39178,195890
13500,2024-05-08,1095,1537,7302,2,17647,35294
13501,2024-09-06,1002,1146,6931,4,28340,113360
13502,2024-05-18,1035,1218,8083,5,36896,184480
13503,2024-08-17,1004,1867,6434,7,2470,17290
13504,2024-02-28,1019,1067,5013,6,7325,43950
13505,2024-06-13,1002,1304,8087,2,28721,57442
13506,2024-07-22,1002,1025,8060,8,26492,211936
13507,2024-04-07,1099,1812,6116,8,38891,311128
13508,2024-12-03,1069,1322,8961,4,2225,8900
13509,2024-09-02,1099,1628,6419,1,30016,30016
13510,2024-05-16,1087,1099,7484,3,9440,28320
13511,2024-02-15,1046,1646,9366,9,48691,438219
13512,2024-07-22,1036,1777,9096,6,20426,122556
13513,2024-07-11,1007,1492,9891,1,38143,38143
13514,2024-11-22,1079,1707,8959,3,33347,100041
13515,2024-12-24,1000,1902,6624,8,2590,20720
13516,2024-02-11,1077,1661,7786,2,6026,12052
13517,2024-06-10,1044,1253,6157,9,29095,261855
13518,2024-08-11,1073,1989,9798,9,30895,278055
13519,2024-09-10,1009,1469,6018,4,18332,73328
13520,2024-10-10,1085,1820,7169,4,13281,53124
13521,2024-08-05,1094,1028,5520,5,18487,92435
13522,2024-04-09,1067,1906,8379,8,31220,249760
13523,2024-03-01,1042,1126,7520,4,29520,118080
13524,2024-02-09,1086,1190,8893,9,40335,363015
13525,2024-06-30,1040,1975,7021,3,47572,142716
13526,2024-02-28,1011,1700,8893,9,3129,28161
13527,2024-08-10,1007,1823,7175,1,25362,25362
13528,2024-07-26,1044,1120,6699,8,32482,259856
13529,2024-06-18,1087,1235,5868,7,18099,126693
13530,2024-05-18,1000,1824,8056,8,27731,221848
13531,2024-07-21,1025,1901,6704,2,8528,17056
13532,2024-09-10,1085,1036,5410,7,19956,139692
13533,2024-06-14,1088,1268,5788,4,12176,48704
13534,2024-02-26,1030,1224,7949,1,47220,47220
13535,2024-05-02,1055,1046,9909,3,36237,108711
13536,2024-05-16,1097,1498,6438,5,6814,34070
13537,2024-09-06,1036,1455,8658,4,22058,88232
13538,2024-02-26,1074,1842,9914,8,21565,172520
13539,2024-03-07,1003,1480,6644,2,13881,27762
13540,2024-08-18,1071,1703,5647,8,43261,346088
13541,2024-08-31,1043,1352,5082,5,42618,213090
13542,2024-10-12,1098,1939,9313,2,9982,19964
13543,2024-04-30,1088,1431,7797,8,31367,250936
13544,2024-02-23,1094,1487,7932,1,11586,11586
13545,2024-10-14,1048,1602,5545,5,23417,117085
13546,2024-10-04,1086,1493,7606,1,14518,14518
13547,2024-12-30,1039,1870,8343,1,27483,27483
13548,2024-03-06,1067,1657,7784,2,37697,75394
13549,2024-09-26,1099,1117,6186,8,40642,325136
13550,2024-01-13,1070,1172,5777,4,24196,96784
13551,2024-12-08,1009,1927,7275,5,22546,112730
13552,2024-05-03,1069,1236,5822,1,31314,31314
13553,2024-03-17,1094,1744,7172,9,31855,286695
13554,2024-12-04,1003,1023,7351,5,44687,223435
13555,2024-01-24,1020,1085,6283,2,12202,24404
13556,2024-02-04,1041,1945,9882,7,34368,240576
13557,2024-11-19,1083,1570,6083,6,8016,48096
13558,2024-03-14,1080,1766,7514,4,27620,110480
13559,2024-10-16,1005,1258,8881,8,18743,149944
13560,2024-10-16,1010,1066,7537,9,2378,21402
13561,2024-01-19,1081,1013,9527,7,23574,165018
13562,2024-09-15,1072,1095,7613,6,27357,164142
13563,2024-04-25,1011,1456,7739,7,27967,195769
13564,2024-10-18,1030,1783,5420,5,11628,58140
13565,2024-09-16,1030,1216,7925,3,32225,96675
13566,2024-06-02,1042,1708,7206,7,49961,349727
13567,2024-07-21,1057,1189,5034,4,43361,173444
13568,2024-05-10,1049,1460,5438,8,21400,171200
13569,2024-05-07,1097,1698,8800,5,23817,119085
13570,2024-09-21,1079,1350,7919,5,30692,153460
13571,2024-10-28,1040,1148,9462,5,46234,231170
13572,2024-09-26,1075,1423,9461,6,34420,206520
13573,2024-01-03,1076,1828,6887,4,29328,117312
13574,2024-09-14,1035,1050,9877,2,34507,69014
13575,2024-12-07,1076,1712,8363,6,6005,36030
13576,2024-04-09,1043,1084,8117,1,8403,8403
13577,2024-02-22,1065,1200,6256,4,7898,31592
13578,2024-06-14,1014,1009,8721,6,39529,237174
13579,2024-05-28,1076,1936,5494,1,37368,37368
13580,2024-06-11,1033,1491,5569,6,27282,163692
13581,2024-03-23,1089,1267,8825,6,38403,230418
13582,2024-01-22,1069,1970,6255,3,42331,126993
13583,2024-01-20,1084,1211,8295,1,17560,17560
13584,2024-12-21,1043,1497,7117,3,48099,144297
13585,2024-07-29,1032,1447,7482,1,47197,47197
13586,2024-12-31,1078,1383,6772,8,26627,213016
13587,2024-11-19,1098,1254,5783,7,30889,216223
13588,2024-12-17,1091,1422,7817,3,48782,146346
13589,2024-01-08,1005,1352,5616,8,42618,340944
13590,2024-11-02,1039,1191,7726,4,39493,157972
13591,2024-06-02,1005,1198,7269,2,44598,89196
13592,2024-02-20,1074,1256,7055,6,45527,273162
13593,2024-09-02,1013,1013,9610,9,23574,212166
13594,2024-06-02,1084,1940,9555,7,45392,317744
13595,2024-09-02,1083,1404,6468,5,35565,177825
13596,2024-10-29,1004,1684,5818,3,49669,149007
13597,2024-02-12,1044,1880,7855,5,9382,46910
13598,2024-06-11,1058,1711,6778,7,33292,233044
13599,2024-05-26,1072,1848,7821,3,48505,145515
13600,2024-12-01,1093,1573,7662,2,12027,24054
13601,2024-06-04,1042,1556,8757,6,10626,63756
13602,2024-01-03,1052,1437,6966,8,33745,269960
13603,2024-05-25,1026,1382,8655,7,43965,307755
13604,2024-09-25,1068,1368,7151,4,6152,24608
13605,2024-08-31,1068,1846,7170,4,36452,145808
13606,2024-10-22,1047,1897,9055,4,10068,40272
13607,2024-10-21,1078,1908,8743,5,19831,99155
13608,2024-11-09,1072,1243,8237,7,43676,305732
13609,2024-02-26,1024,1924,9918,9,4448,40032
13610,2024-10-06,1007,1155,5898,8,17655,141240
13611,2024-04-28,1077,1775,7479,1,23882,23882
13612,2024-01-22,1031,1418,5738,8,31957,255656
13613,2024-02-20,1094,1791,6151,1,39400,39400
13614,2024-07-30,1060,1006,7745,5,10159,50795
13615,2024-08-03,1086,1539,6577,9,27190,244710
13616,2024-03-16,1000,1981,7216,4,34989,139956
13617,2024-07-22,1030,1089,9345,6,47903,287418
13618,2024-06-14,1070,1720,9747,1,21576,21576
13619,2024-03-01,1014,1190,7811,1,40335,40335
13620,2024-10-31,1069,1741,7776,6,4007,24042
13621,2024-10-05,1015,1517,8803,7,10125,70875
13622,2024-09-16,1077,1889,9552,7,24253,169771
13623,2024-03-16,1080,1375,9524,8,2113,16904
13624,2024-07-27,1073,1266,9387,1,36360,36360
13625,2024-02-06,1092,1037,9411,4,24778,99112
13626,2024-04-02,1071,1449,7024,2,21065,42130
13627,2024-05-13,1056,1446,5375,3,30661,91983
13628,2024-08-26,1010,1031,7961,1,20744,20744
13629,2024-05-15,1017,1793,5454,6,49083,294498
13630,2024-08-10,1044,1222,5215,7,27819,194733
13631,2024-05-27,1019,1799,7082,4,30315,121260
13632,2024-09-08,1079,1162,9629,9,28996,260964
13633,2024-03-19,1090,1641,7970,4,44537,178148
13634,2024-08-31,1086,1898,6409,5,40233,201165
13635,2024-11-13,1013,1672,5714,1,18307,18307
13636,2024-04-29,1075,1006,6433,5,10159,50795
13637,2024-11-04,1026,1212,8462,3,18238,54714
13638,2024-05-01,1076,1943,7258,3,35652,106956
13639,2024-07-30,1079,1600,5338,7,5061,35427
13640,2024-10-10,1096,1079,7761,3,49659,148977
13641,2024-09-10,1087,1918,8904,4,44740,178960
13642,2024-01-18,1075,1336,9560,4,7606,30424
13643,2024-09-19,1008,1352,8401,3,42618,127854
13644,2024-10-03,1012,1977,7708,8,34532,276256
13645,2024-02-10,1044,1358,5912,1,11710,11710
13646,2024-12-29,1007,1470,9777,9,27356,246204
13647,2024-01-31,1055,1776,7987,5,20535,102675
13648,2024-10-24,1081,1322,7986,4,2225,8900
13649,2024-11-10,1090,1175,7837,7,18560,129920
13650,2024-04-27,1096,1162,9957,8,28996,231968
13651,2024-12-25,1006,1829,8324,8,7115,56920
13652,2024-08-21,1076,1919,8107,6,46155,276930
13653,2024-02-12,1014,1837,9688,8,8322,66576
13654,2024-08-15,1097,1722,7544,1,26176,26176
13655,2024-05-13,1055,1759,9405,4,37811,151244
13656,2024-11-28,1083,1589,5986,8,48141,385128
13657,2024-06-05,1055,1258,6056,7,18743,131201
13658,2024-07-24,1036,1517,6155,3,10125,30375
13659,2024-03-29,1063,1976,7587,3,47842,143526
13660,2024-04-08,1016,1419,5459,2,44500,89000
13661,2024-02-06,1092,1085,7035,9,12202,109818
13662,2024-07-17,1020,1820,7153,4,13281,53124
13663,2024-12-21,1077,1131,9720,3,43800,131400
13664,2024-02-24,1092,1521,9384,7,28007,196049
13665,2024-04-14,1085,1735,9200,9,887,7983
13666,2024-08-30,1051,1494,6272,3,9181,27543
13667,2024-03-14,1032,1880,8385,4,9382,37528
13668,2024-11-09,1076,1048,8047,2,38918,77836
13669,2024-04-13,1094,1938,6073,9,32588,293292
13670,2024-08-08,1011,1963,8456,2,23878,47756
13671,2024-01-16,1095,1012,9631,8,9686,77488
13672,2024-01-29,1045,1850,6170,7,7487,52409
13673,2024-09-20,1069,1365,7961,7,31461,220227
13674,2024-12-21,1074,1374,8167,8,2364,18912
13675,2024-07-01,1086,1682,7475,5,15868,79340
13676,2024-02-21,1070,1757,8461,6,18243,109458
13677,2024-12-12,1056,1357,5208,6,23182,139092
13678,2024-11-28,1019,1175,7059,8,18560,148480
13679,2024-04-15,1067,1217,5102,9,8286,74574
13680,2024-01-25,1084,1669,9287,4,24381,97524
13681,2024-04-01,1043,1810,8767,6,25598,153588
13682,2024-11-24,1029,1670,5310,9,34870,313830
13683,2024-01-26,1024,1818,7354,4,15797,63188
13684,2024-03-30,1030,1293,8647,8,41030,328240
13685,2024-06-23,1001,1971,5351,5,40560,202800
13686,2024-12-07,1083,1658,9994,6,13936,83616
13687,2024-01-30,1053,1662,7137,7,48902,342314
13688,2024-01-14,1013,1433,9299,9,38607,347463
13689,2024-05-09,1022,1173,8889,2,32585,65170
13690,2024-05-10,1068,1808,5923,4,48290,193160
13691,2024-01-06,1051,1201,9569,9,18646,167814
13692,2024-07-29,1082,1590,8973,2,33854,67708
13693,2024-05-28,1049,1881,6284,7,23705,165935
13694,2024-10-02,1070,1400,7998,1,44818,44818
13695,2024-05-28,1084,1435,9449,1,39178,39178
13696,2024-02-09,1032,1268,7042,5,12176,60880
13697,2024-07-14,1083,1919,7302,7,46155,323085
13698,2024-05-03,1008,1335,8893,8,3890,31120
13699,2024-03-11,1094,1486,5445,2,16114,32228
13700,2024-07-17,1007,1613,7146,3,4901,14703
13701,2024-02-02,1074,1925,5448,6,43646,261876
13702,2024-11-02,1006,1108,5067,4,28093,112372
13703,2024-03-30,1020,1889,5890,9,24253,218277
13704,2024-03-30,1091,1555,8020,5,46509,232545
13705,2024-11-30,1052,1886,5871,7,5510,38570
13706,2024-10-02,1014,1526,5948,9,28553,256977
13707,2024-10-01,1071,1515,6556,3,43934,131802
13708,2024-07-17,1051,1759,6619,1,37811,37811
13709,2024-02-25,1075,1235,5095,4,18099,72396
13710,2024-08-24,1068,1563,8416,5,37613,188065
13711,2024-01-01,1071,1201,6350,2,18646,37292
13712,2024-06-15,1036,1871,6452,9,20054,180486
13713,2024-02-06,1077,1557,5861,5,35485,177425
13714,2024-09-30,1003,1570,5342,5,8016,40080
13715,2024-03-19,1090,1173,9792,1,32585,32585
13716,2024-08-29,1078,1543,8220,1,31348,31348
13717,2024-05-13,1083,1148,6504,1,46234,46234
13718,2024-09-08,1060,1284,8354,7,10530,73710
13719,2024-12-22,1021,1925,8789,3,43646,130938
13720,2024-01-22,1048,1632,9647,5,20338,101690
13721,2024-09-23,1035,1774,8061,2,29223,58446
13722,2024-08-05,1093,1553,7462,2,37224,74448
13723,2024-03-12,1096,1988,7311,1,2006,2006
13724,2024-01-09,1062,1766,8708,8,27620,220960
13725,2024-05-14,1091,1841,5962,8,19616,156928
13726,2024-07-13,1037,1501,5162,5,43872,219360
13727,2024-10-28,1039,1689,5330,8,15943,127544
13728,2024-02-27,1063,1597,6779,2,49267,98534
13729,2024-10-10,1067,1507,6007,5,30197,150985
13730,2024-10-13,1055,1016,7163,9,45421,408789
13731,2024-11-03,1013,1401,8937,9,11881,106929
13732,2024-09-07,1001,1237,7646,2,26610,53220
13733,2024-03-31,1062,1644,9804,7,37636,263452
13734,2024-07-22,1018,1444,8485,2,45664,91328
13735,2024-01-08,1077,1934,5932,9,14066,126594
13736,2024-04-17,1070,1720,5655,1,21576,21576
13737,2024-08-20,1008,1865,8526,9,10059,90531
13738,2024-12-07,1032,1707,9724,4,33347,133388
13739,2024-09-30,1087,1936,6791,9,37368,336312
13740,2024-04-29,1060,1071,7049,7,22516,157612
13741,2024-10-31,1084,1025,7221,4,26492,105968
13742,2024-01-11,1043,1088,7052,7,35817,250719
13743,2024-07-01,1064,1483,5556,6,15452,92712
13744,2024-11-04,1084,1234,7790,6,42706,256236
13745,2024-06-27,1056,1038,6020,7,15850,110950
13746,2024-07-24,1023,1970,5654,4,42331,169324
13747,2024-04-01,1043,1834,5379,4,5098,20392
13748,2024-08-14,1067,1043,5553,4,39027,156108
13749,2024-01-06,1005,1359,7433,9,44846,403614
13750,2024-12-21,1066,1063,5471,8,22508,180064
13751,2024-01-12,1033,1987,8740,7,23851,166957
13752,2024-09-06,1024,1934,5604,5,14066,70330
13753,2024-07-16,1026,1695,5724,5,13120,65600
13754,2024-05-06,1017,1472,5152,9,2624,23616
13755,2024-02-06,1004,1597,6429,7,49267,344869
13756,2024-01-08,1087,1908,9434,5,19831,99155
13757,2024-06-13,1095,1899,8261,5,14367,71835
13758,2024-04-29,1084,1283,7700,1,34605,34605
13759,2024-08-19,1043,1594,6407,8,5722,45776
13760,2024-08-12,1097,1770,8256,3,23712,71136
13761,2024-08-20,1092,1765,7336,7,5423,37961
13762,2024-10-13,1004,1794,6278,1,42419,42419
13763,2024-08-13,1060,1700,7592,2,3129,6258
13764,2024-05-24,1091,1506,7359,6,8031,48186
13765,2024-09-06,1005,1330,6419,6,16591,99546
13766,2024-09-28,1074,1645,7925,6,7620,45720
13767,2024-10-12,1038,1303,9822,7,15182,106274
13768,2024-02-08,1007,1734,7298,2,12138,24276
13769,2024-02-13,1098,1567,7012,9,16301,146709
13770,2024-02-06,1074,1540,8131,2,47536,95072
13771,2024-09-12,1083,1711,7368,1,33292,33292
13772,2024-07-29,1042,1842,8223,9,21565,194085
13773,2024-04-01,1085,1631,9536,9,42058,378522
13774,2024-01-19,1040,1456,7082,7,27967,195769
13775,2024-04-09,1075,1286,6718,6,17612,105672
13776,2024-05-26,1068,1832,7921,1,9042,9042
13777,2024-03-09,1097,1070,7586,1,34587,34587
13778,2024-05-09,1097,1841,9695,1,19616,19616
13779,2024-01-25,1029,1136,7562,7,9269,64883
13780,2024-04-24,1058,1062,8712,7,36031,252217
13781,2024-03-30,1022,1588,6342,3,626,1878
13782,2024-10-12,1099,1794,7427,9,42419,381771
13783,2024-09-29,1056,1529,7140,8,47282,378256
13784,2024-12-06,1024,1911,8756,6,5385,32310
13785,2024-07-30,1047,1899,7756,5,14367,71835
13786,2024-04-20,1069,1989,5554,2,30895,61790
13787,2024-12-13,1041,1677,6146,7,26853,187971
13788,2024-03-16,1028,1147,6035,8,27479,219832
13789,2024-10-22,1084,1936,5987,1,37368,37368
13790,2024-03-28,1070,1185,7762,5,21727,108635
13791,2024-06-18,1044,1587,9220,5,18360,91800
13792,2024-05-26,1040,1539,9389,6,27190,163140
13793,2024-08-27,1072,1043,5290,6,39027,234162
13794,2024-02-24,1062,1832,9204,8,9042,72336
13795,2024-04-01,1046,1648,9367,6,36724,220344
13796,2024-09-09,1099,1361,5996,6,20617,123702
13797,2024-06-05,1000,1112,6247,5,30683,153415
13798,2024-09-07,1094,1160,6087,8,7558,60464
13799,2024-09-20,1019,1756,8001,7,49731,348117
13800,2024-01-08,1091,1960,7639,8,34439,275512
13801,2024-11-20,1018,1617,9960,2,32507,65014
13802,2024-10-25,1064,1008,5679,7,21305,149135
13803,2024-04-07,1092,1725,8475,7,30461,213227
13804,2024-02-19,1073,1317,5676,5,49439,247195
13805,2024-07-31,1035,1968,8302,6,10833,64998
13806,2024-01-04,1022,1324,5892,9,44675,402075
13807,2024-12-29,1081,1117,7633,3,40642,121926
13808,2024-10-18,1028,1385,5399,7,1868,13076
13809,2024-08-28,1091,1205,8972,8,40606,324848
13810,2024-01-19,1043,1715,6811,3,3186,9558
13811,2024-12-31,1006,1028,9151,5,18487,92435
13812,2024-09-26,1030,1207,8162,9,29643,266787
13813,2024-10-30,1037,1303,6322,3,15182,45546
13814,2024-11-23,1065,1584,9657,3,2958,8874
13815,2024-07-19,1078,1818,5058,3,15797,47391
13816,2024-04-13,1021,1799,5083,5,30315,151575
13817,2024-11-26,1074,1884,7956,3,6299,18897
13818,2024-12-29,1053,1919,6009,6,46155,276930
13819,2024-12-31,1053,1372,8022,5,38223,191115
13820,2024-03-22,1082,1441,8363,7,13301,93107
13821,2024-11-14,1005,1403,9658,4,38944,155776
13822,2024-02-24,1072,1851,7074,3,29833,89499
13823,2024-10-14,1061,1507,8642,8,30197,241576
13824,2024-08-23,1028,1628,6333,1,30016,30016
13825,2024-06-12,1042,1242,6475,2,37781,75562
13826,2024-12-30,1066,1233,9934,9,15452,139068
13827,2024-03-25,1061,1426,8847,6,39924,239544
13828,2024-08-06,1012,1371,8086,7,36716,257012
13829,2024-12-27,1063,1388,7024,2,34391,68782
13830,2024-07-31,1046,1467,6308,2,29345,58690
13831,2024-07-21,1059,1719,5742,6,21210,127260
13832,2024-11-08,1014,1658,6939,8,13936,111488
13833,2024-10-26,1004,1843,8264,5,12479,62395
13834,2024-08-29,1068,1592,8590,2,5973,11946
13835,2024-06-10,1001,1097,7045,8,23379,187032
13836,2024-06-27,1037,1410,7542,6,7197,43182
13837,2024-04-01,1093,1296,6289,6,31240,187440
13838,2024-05-17,1053,1379,7938,4,14314,57256
13839,2024-04-21,1091,1473,9911,1,38111,38111
13840,2024-06-17,1038,1753,8141,9,43548,391932
13841,2024-11-16,1095,1801,7125,3,6074,18222
13842,2024-04-10,1019,1020,7442,8,23369,186952
13843,2024-10-22,1019,1681,6746,7,1693,11851
13844,2024-07-11,1028,1104,9818,2,16595,33190
13845,2024-12-23,1034,1578,8996,7,20107,140749
13846,2024-07-25,1031,1099,7604,7,9440,66080
13847,2024-10-12,1016,1476,6122,5,47171,235855
13848,2024-08-03,1050,1748,8094,3,42108,126324
13849,2024-08-15,1007,1763,6103,3,1795,5385
13850,2024-12-26,1020,1082,8573,4,15855,63420
13851,2024-02-12,1022,1532,9836,8,5634,45072
13852,2024-06-29,1050,1715,7619,8,3186,25488
13853,2024-12-12,1090,1470,8642,7,27356,191492
13854,2024-10-12,1005,1686,9352,6,14321,85926
13855,2024-10-23,1051,1667,6779,3,49111,147333
13856,2024-02-13,1007,1702,9324,9,19011,171099
13857,2024-02-06,1098,1959,8087,9,9223,83007
13858,2024-09-05,1068,1822,8032,1,1720,1720
13859,2024-03-23,1032,1523,6045,6,30324,181944
13860,2024-09-13,1061,1897,6482,7,10068,70476
13861,2024-08-04,1064,1954,5554,2,6284,12568
13862,2024-01-10,1062,1797,5062,9,12205,109845
13863,2024-08-25,1087,1267,9996,8,38403,307224
13864,2024-01-26,1031,1742,6387,4,589,2356
13865,2024-09-07,1054,1166,8608,9,5115,46035
13866,2024-08-02,1032,1273,7740,9,24724,222516
13867,2024-05-24,1037,1889,7703,1,24253,24253
13868,2024-11-15,1001,1248,6759,1,3136,3136
13869,2024-08-09,1080,1381,5604,4,40684,162736
13870,2024-11-19,1009,1791,6493,7,39400,275800
13871,2024-01-18,1065,1651,8016,9,7713,69417
13872,2024-12-04,1075,1337,7486,5,41015,205075
13873,2024-08-15,1093,1645,9454,2,7620,15240
13874,2024-08-23,1014,1775,9435,7,23882,167174
13875,2024-12-31,1086,1056,6860,2,18244,36488
13876,2024-12-11,1081,1304,9934,4,28721,114884
13877,2024-10-02,1060,1142,5359,5,4911,24555
13878,2024-04-30,1030,1747,8893,8,11873,94984
13879,2024-03-02,1037,1518,9919,4,39383,157532
13880,2024-11-26,1028,1220,6485,2,8580,17160
13881,2024-07-05,1077,1057,8384,9,43305,389745
13882,2024-01-25,1042,1308,8024,6,49110,294660
13883,2024-12-04,1022,1920,6405,1,13189,13189
13884,2024-04-05,1024,1204,8087,4,28131,112524
13885,2024-11-16,1027,1444,8816,2,45664,91328
13886,2024-07-11,1098,1223,6866,7,12111,84777
13887,2024-09-10,1093,1651,8139,1,7713,7713
13888,2024-03-07,1090,1111,8802,9,5511,49599
13889,2024-11-09,1071,1536,9702,8,43994,351952
13890,2024-02-09,1082,1658,9398,4,13936,55744
13891,2024-08-11,1000,1809,9295,6,5370,32220
13892,2024-12-21,1019,1246,9423,8,41163,329304
13893,2024-08-09,1093,1079,8989,4,49659,198636
13894,2024-04-12,1028,1523,9519,2,30324,60648
13895,2024-11-13,1007,1699,9037,3,48296,144888
13896,2024-09-04,1061,1994,7725,6,20080,120480
13897,2024-06-10,1013,1547,5326,6,40936,245616
13898,2024-09-20,1037,1151,9369,2,42146,84292
13899,2024-01-25,1002,1800,5536,2,32977,65954
13900,2024-06-02,1002,1419,5578,4,44500,178000
13901,2024-08-06,1054,1131,9089,5,43800,219000
13902,2024-09-10,1077,1482,9500,7,22637,158459
13903,2024-08-02,1020,1433,9190,6,38607,231642
13904,2024-06-17,1034,1055,6449,4,48490,193960
13905,2024-03-20,1043,1117,5591,5,40642,203210
13906,2024-03-12,1043,1369,9403,8,12505,100040
13907,2024-03-03,1042,1263,5319,2,21381,42762
13908,2024-03-15,1040,1700,7901,6,3129,18774
13909,2024-09-19,1026,1519,6148,1,29481,29481
13910,2024-04-07,1091,1646,9525,6,48691,292146
13911,2024-03-25,1027,1871,6066,2,20054,40108
13912,2024-11-20,1004,1408,5830,8,3944,31552
13913,2024-11-01,1042,1943,9480,1,35652,35652
13914,2024-09-29,1062,1034,6689,2,47475,94950
13915,2024-05-28,1038,1590,5713,7,33854,236978
13916,2024-01-06,1009,1657,8864,8,37697,301576
13917,2024-04-18,1062,1266,8070,3,36360,109080
13918,2024-07-17,1008,1221,5088,9,9942,89478
13919,2024-11-26,1083,1412,6667,4,10207,40828
13920,2024-12-03,1092,1598,8921,8,16790,134320
13921,2024-02-07,1028,1254,9679,6,30889,185334
13922,2024-11-14,1027,1609,6286,5,45965,229825
13923,2024-05-07,1010,1466,7437,9,38377,345393
13924,2024-05-19,1084,1783,6961,2,11628,23256
13925,2024-09-04,1098,1517,9523,9,10125,91125
13926,2024-09-15,1086,1232,7708,5,5990,29950
13927,2024-05-26,1092,1014,9725,7,45125,315875
13928,2024-12-08,1014,1328,8580,7,11465,80255
13929,2024-07-13,1080,1540,5997,2,47536,95072
13930,2024-08-02,1023,1191,7576,8,39493,315944
13931,2024-08-28,1034,1745,9494,9,33660,302940
13932,2024-05-12,1060,1577,6987,9,12590,113310
13933,2024-01-29,1019,1878,9808,9,12486,112374
13934,2024-04-07,1057,1096,6963,7,32486,227402
13935,2024-12-29,1062,1229,7336,4,42251,169004
13936,2024-06-30,1099,1214,8962,5,48861,244305
13937,2024-05-31,1074,1631,5174,9,42058,378522
13938,2024-04-12,1093,1140,9458,9,18196,163764
13939,2024-10-14,1059,1467,8712,2,29345,58690
13940,2024-08-22,1038,1070,6908,5,34587,172935
13941,2024-05-12,1019,1824,5584,7,27731,194117
13942,2024-08-17,1085,1976,6314,6,47842,287052
13943,2024-02-04,1087,1690,7592,6,42528,255168
13944,2024-12-23,1057,1724,9617,1,29112,29112
13945,2024-03-20,1063,1539,8772,2,27190,54380
13946,2024-12-20,1013,1861,6445,7,42303,296121
13947,2024-08-29,1035,1662,6658,4,48902,195608
13948,2024-12-09,1012,1124,9291,8,4547,36376
13949,2024-05-12,1000,1340,9946,2,27410,54820
13950,2024-01-09,1090,1880,6675,8,9382,75056
13951,2024-09-09,1012,1256,9698,9,45527,409743
13952,2024-02-02,1034,1976,8487,1,47842,47842
13953,2024-12-12,1007,1863,6620,6,7895,47370
13954,2024-07-05,1017,1343,9405,4,3085,12340
13955,2024-01-11,1033,1198,9036,6,44598,267588
13956,2024-03-09,1051,1162,9210,8,28996,231968
13957,2024-05-17,1069,1291,8059,8,12383,99064
13958,2024-05-10,1057,1525,8590,8,47466,379728
13959,2024-09-07,1026,1183,6357,3,47561,142683
13960,2024-05-02,1017,1061,6060,4,18640,74560
13961,2024-12-31,1056,1907,6329,5,10960,54800
13962,2024-09-29,1008,1614,7428,6,3468,20808
13963,2024-08-30,1063,1854,6412,2,11498,22996
13964,2024-06-10,1078,1508,9655,9,42795,385155
13965,2024-04-04,1022,1141,5264,1,16176,16176
13966,2024-06-10,1058,1189,7739,8,43361,346888
13967,2024-11-18,1066,1629,5234,3,30242,90726
13968,2024-10-10,1072,1728,5333,5,28415,142075
13969,2024-12-26,1021,1533,8259,6,35917,215502
13970,2024-08-16,1049,1492,6282,7,38143,267001
13971,2024-04-25,1022,1624,6715,5,11657,58285
13972,2024-08-08,1083,1612,6691,5,33404,167020
13973,2024-06-17,1051,1028,5842,6,18487,110922
13974,2024-11-10,1006,1455,6232,1,22058,22058
13975,2024-11-25,1016,1586,8153,5,33382,166910
13976,2024-05-24,1002,1349,5720,6,35167,211002
13977,2024-10-12,1006,1698,5664,5,23817,119085
13978,2024-06-30,1076,1853,5468,4,6923,27692
13979,2024-11-03,1040,1526,9362,3,28553,85659
13980,2024-10-01,1022,1660,7051,8,8770,70160
13981,2024-02-06,1036,1110,7994,8,40173,321384
13982,2024-12-28,1067,1600,7664,7,5061,35427
13983,2024-02-05,1072,1246,8495,3,41163,123489
13984,2024-03-08,1069,1844,9166,3,47045,141135
13985,2024-12-25,1063,1070,6297,9,34587,311283
13986,2024-04-30,1017,1112,5530,3,30683,92049
13987,2024-06-03,1034,1465,5547,1,12535,12535
13988,2024-07-23,1022,1395,5756,7,48559,339913
13989,2024-02-13,1094,1828,8291,1,29328,29328
13990,2024-10-15,1083,1046,9267,9,36237,326133
13991,2024-12-31,1006,1793,9838,7,49083,343581
13992,2024-03-30,1060,1580,6323,3,33224,99672
13993,2024-07-30,1075,1242,5931,5,37781,188905
13994,2024-03-03,1048,1455,6466,7,22058,154406
13995,2024-03-12,1056,1931,6437,1,13149,13149
13996,2024-12-01,1067,1182,8919,7,979,6853
13997,2024-10-16,1011,1324,5595,6,44675,268050
13998,2024-01-27,1014,1341,5124,4,46261,185044
13999,2024-12-27,1001,1982,9141,1,40953,40953
14000,2024-02-22,1046,1583,9996,7,12676,88732
14001,2024-08-29,1074,1402,8499,4,17755,71020
14002,2024-10-19,1055,1673,6237,6,33346,200076
14003,2024-04-09,1096,1965,9929,2,36304,72608
14004,2024-03-19,1013,1762,5633,2,49256,98512
14005,2024-11-21,1026,1702,6521,7,19011,133077
14006,2024-03-30,1003,1637,6465,1,13576,13576
14007,2024-01-25,1037,1177,8394,7,41282,288974
14008,2024-06-09,1083,1240,6883,2,46264,92528
14009,2024-07-13,1001,1784,5585,9,46867,421803
14010,2024-07-19,1003,1632,5606,7,20338,142366
14011,2024-06-14,1023,1080,5428,9,13975,125775
14012,2024-08-09,1008,1846,7479,9,36452,328068
14013,2024-10-09,1018,1294,5630,8,10146,81168
14014,2024-01-13,1061,1612,6105,2,33404,66808
14015,2024-12-08,1071,1158,6035,6,34991,209946
14016,2024-12-20,1040,1405,7998,4,18631,74524
14017,2024-09-02,1091,1057,7401,6,43305,259830
14018,2024-03-28,1076,1536,5044,4,43994,175976
14019,2024-05-19,1071,1274,7651,2,16051,32102
14020,2024-11-05,1077,1053,6470,7,1814,12698
14021,2024-09-12,1049,1198,9287,9,44598,401382
14022,2024-10-02,1073,1001,5683,5,38817,194085
14023,2024-05-25,1083,1334,8854,4,26728,106912
14024,2024-01-07,1064,1021,6424,7,47038,329266
14025,2024-09-02,1075,1493,8045,5,14518,72590
14026,2024-12-11,1098,1165,8388,8,12521,100168
14027,2024-07-22,1083,1116,7969,2,7788,15576
14028,2024-08-27,1075,1774,5755,4,29223,116892
14029,2024-04-03,1011,1872,6112,4,44686,178744
14030,2024-11-05,1038,1342,7970,7,11709,81963
14031,2024-01-08,1028,1577,9309,1,12590,12590
14032,2024-06-18,1057,1883,5151,3,27496,82488
14033,2024-04-28,1066,1288,7066,8,48434,387472
14034,2024-09-02,1070,1337,7088,4,41015,164060
14035,2024-05-07,1086,1120,6746,9,32482,292338
14036,2024-08-09,1076,1875,9590,1,18669,18669
14037,2024-03-03,1074,1134,9456,5,15538,77690
14038,2024-04-26,1024,1314,7188,1,4786,4786
14039,2024-04-18,1083,1727,9062,2,37083,74166
14040,2024-08-21,1048,1503,7113,2,8683,17366
14041,2024-07-23,1062,1266,6882,6,36360,218160
14042,2024-03-28,1026,1139,7111,6,29536,177216
14043,2024-11-20,1069,1657,6436,9,37697,339273
14044,2024-08-27,1069,1484,5213,3,36752,110256
14045,2024-07-16,1057,1384,6309,2,37254,74508
14046,2024-01-04,1008,1956,9680,3,41902,125706
14047,2024-04-15,1084,1120,7756,4,32482,129928
14048,2024-04-16,1081,1256,5611,6,45527,273162
14049,2024-09-08,1000,1794,9108,8,42419,339352
14050,2024-07-04,1075,1246,8950,3,41163,123489
14051,2024-08-13,1064,1584,6153,9,2958,26622
14052,2024-01-21,1091,1448,5439,5,41404,207020
14053,2024-06-02,1023,1987,7488,8,23851,190808
14054,2024-08-11,1018,1843,5864,5,12479,62395
14055,2024-03-26,1013,1319,7305,8,23036,184288
14056,2024-02-10,1013,1560,9220,2,27518,55036
14057,2024-11-29,1089,1719,7827,7,21210,148470
14058,2024-06-20,1079,1880,7107,2,9382,18764
14059,2024-06-08,1087,1966,7487,7,47150,330050
14060,2024-06-08,1031,1761,7779,9,7024,63216
14061,2024-02-20,1005,1162,5527,5,28996,144980
14062,2024-04-27,1093,1952,5722,3,19810,59430
14063,2024-10-06,1022,1168,6482,9,34337,309033
14064,2024-06-20,1018,1918,6197,2,44740,89480
14065,2024-11-27,1088,1546,5286,6,14661,87966
14066,2024-03-24,1088,1591,7048,6,16102,96612
14067,2024-10-19,1001,1303,5541,5,15182,75910
14068,2024-12-05,1073,1681,9052,8,1693,13544
14069,2024-03-06,1040,1455,8022,6,22058,132348
14070,2024-09-26,1052,1751,6551,3,21523,64569
14071,2024-12-09,1026,1847,8139,5,21621,108105
14072,2024-09-27,1007,1773,8159,3,29210,87630
14073,2024-03-01,1042,1355,9263,2,22902,45804
14074,2024-06-25,1032,1887,6622,1,23165,23165
14075,2024-12-19,1042,1350,9112,9,30692,276228
14076,2024-04-26,1082,1110,7041,8,40173,321384
14077,2024-05-15,1029,1603,9706,2,11930,23860
14078,2024-09-15,1033,1290,7841,8,15679,125432
14079,2024-09-12,1077,1272,5462,5,15823,79115
14080,2024-11-26,1099,1686,7458,2,14321,28642
14081,2024-09-27,1019,1285,6351,9,48772,438948
14082,2024-02-01,1086,1755,8316,2,46322,92644
14083,2024-09-10,1061,1008,7164,5,21305,106525
14084,2024-09-23,1078,1790,8527,2,23716,47432
14085,2024-10-08,1001,1044,8058,9,13635,122715
14086,2024-01-07,1087,1064,7496,7,47734,334138
14087,2024-12-13,1087,1139,6304,6,29536,177216
14088,2024-02-08,1094,1336,5482,7,7606,53242
14089,2024-01-04,1079,1685,8472,7,18169,127183
14090,2024-01-30,1067,1672,5891,8,18307,146456
14091,2024-06-14,1097,1639,9970,8,49254,394032
14092,2024-11-02,1078,1277,8589,4,32925,131700
14093,2024-02-05,1082,1009,6846,9,39529,355761
14094,2024-12-16,1018,1345,7114,6,35534,213204
14095,2024-07-29,1034,1397,7227,5,20058,100290
14096,2024-04-22,1019,1216,9808,3,32225,96675
14097,2024-04-26,1040,1494,8727,4,9181,36724
14098,2024-11-11,1028,1650,6097,3,25976,77928
14099,2024-02-20,1014,1402,7959,7,17755,124285
14100,2024-01-15,1083,1234,5680,7,42706,298942
14101,2024-07-19,1031,1306,9953,9,36317,326853
14102,2024-12-12,1012,1027,8899,7,4719,33033
14103,2024-05-03,1006,1282,8839,3,45489,136467
14104,2024-12-05,1053,1507,8341,7,30197,211379
14105,2024-06-04,1015,1758,5408,1,22329,22329
14106,2024-07-26,1009,1906,7781,6,31220,187320
14107,2024-08-29,1055,1149,7205,8,48477,387816
14108,2024-06-12,1065,1152,9026,6,25319,151914
14109,2024-09-16,1037,1989,9030,5,30895,154475
14110,2024-10-03,1052,1786,5222,7,21287,149009
14111,2024-12-12,1081,1447,7661,6,47197,283182
14112,2024-07-11,1033,1934,9987,7,14066,98462
14113,2024-11-20,1084,1262,8453,7,25428,177996
14114,2024-08-25,1084,1248,9100,9,3136,28224
14115,2024-02-19,1000,1901,8855,3,8528,25584
14116,2024-07-31,1078,1648,6230,9,36724,330516
14117,2024-09-22,1073,1629,7899,5,30242,151210
14118,2024-03-30,1058,1913,6064,4,32784,131136
14119,2024-05-23,1098,1414,9181,8,15075,120600
14120,2024-06-14,1024,1709,7466,1,38108,38108
14121,2024-03-07,1031,1829,5416,9,7115,64035
14122,2024-01-20,1030,1316,7199,4,6510,26040
14123,2024-04-20,1073,1173,5371,7,32585,228095
14124,2024-03-09,1002,1244,5908,6,10128,60768
14125,2024-01-25,1085,1341,8249,2,46261,92522
14126,2024-12-10,1065,1008,5673,2,21305,42610
14127,2024-11-05,1086,1478,6631,9,44232,398088
14128,2024-01-12,1040,1021,6263,3,47038,141114
14129,2024-03-05,1061,1820,7530,3,13281,39843
14130,2024-06-30,1052,1276,5655,4,14759,59036
14131,2024-08-21,1087,1930,9783,5,28212,141060
14132,2024-11-18,1095,1766,7450,5,27620,138100
14133,2024-05-12,1032,1924,6597,4,4448,17792
14134,2024-07-04,1090,1084,9815,8,8403,67224
14135,2024-03-19,1012,1052,5599,7,39764,278348
14136,2024-05-11,1038,1573,8406,7,12027,84189
14137,2024-10-01,1028,1697,5030,9,32518,292662
14138,2024-12-02,1024,1060,9919,7,20955,146685
14139,2024-11-06,1018,1674,6734,5,33184,165920
14140,2024-11-12,1064,1854,5449,3,11498,34494
14141,2024-07-18,1098,1423,7790,8,34420,275360
14142,2024-04-10,1015,1982,8863,5,40953,204765
14143,2024-05-31,1071,1081,8900,2,4617,9234
14144,2024-08-03,1070,1570,9491,2,8016,16032
14145,2024-05-26,1084,1854,8698,1,11498,11498
14146,2024-10-06,1074,1768,7337,1,44630,44630
14147,2024-11-05,1089,1498,7285,4,6814,27256
14148,2024-08-20,1059,1171,5275,5,22950,114750
14149,2024-05-28,1078,1057,5830,9,43305,389745
14150,2024-12-02,1056,1211,5077,7,17560,122920
14151,2024-10-01,1044,1181,8409,9,18789,169101
14152,2024-06-29,1051,1719,9130,1,21210,21210
14153,2024-05-30,1005,1904,9158,6,21367,128202
14154,2024-10-19,1059,1792,5726,1,8128,8128
14155,2024-10-10,1036,1933,9016,3,25457,76371
14156,2024-07-22,1053,1408,7078,3,3944,11832
14157,2024-03-20,1003,1485,7270,2,26398,52796
14158,2024-11-22,1082,1006,7309,9,10159,91431
14159,2024-05-28,1046,1429,6572,4,4967,19868
14160,2024-10-03,1084,1335,7192,5,3890,19450
14161,2024-02-04,1036,1629,8054,6,30242,181452
14162,2024-12-31,1081,1546,7105,8,14661,117288
14163,2024-08-03,1041,1094,8476,8,37898,303184
14164,2024-01-01,1047,1956,6173,8,41902,335216
14165,2024-07-24,1099,1000,9099,5,16915,84575
14166,2024-04-01,1060,1403,7546,7,38944,272608
14167,2024-03-31,1061,1752,6620,3,34734,104202
14168,2024-03-10,1054,1441,9808,3,13301,39903
14169,2024-05-11,1036,1730,9187,5,29338,146690
14170,2024-09-13,1014,1960,6525,1,34439,34439
14171,2024-12-20,1058,1804,8721,7,41212,288484
14172,2024-04-01,1062,1407,7417,6,16665,99990
14173,2024-03-22,1065,1624,7774,9,11657,104913
14174,2024-11-03,1041,1644,8735,5,37636,188180
14175,2024-04-08,1030,1906,8384,1,31220,31220
14176,2024-02-22,1005,1375,6519,8,2113,16904
14177,2024-12-06,1018,1930,9432,6,28212,169272
14178,2024-03-20,1037,1540,5175,1,47536,47536
14179,2024-11-07,1078,1885,7228,9,47126,424134
14180,2024-12-24,1032,1662,5261,5,48902,244510
14181,2024-12-08,1089,1457,8830,2,28063,56126
14182,2024-09-02,1052,1989,6059,1,30895,30895
14183,2024-10-15,1029,1734,6479,6,12138,72828
14184,2024-10-05,1074,1919,5627,3,46155,138465
14185,2024-09-18,1064,1077,6562,1,5098,5098
14186,2024-12-06,1013,1370,8149,6,43867,263202
14187,2024-09-17,1009,1124,5109,6,4547,27282
14188,2024-11-28,1016,1842,6799,4,21565,86260
14189,2024-08-19,1074,1832,5986,6,9042,54252
14190,2024-09-04,1014,1683,7011,1,19210,19210
14191,2024-09-11,1075,1921,6242,5,38414,192070
14192,2024-03-23,1002,1183,9028,5,47561,237805
14193,2024-09-21,1021,1531,7685,6,5012,30072
14194,2024-01-03,1055,1321,9738,5,8702,43510
14195,2024-08-10,1058,1032,7736,1,4566,4566
14196,2024-09-06,1025,1430,6819,3,29449,88347
14197,2024-07-10,1049,1501,9562,7,43872,307104
14198,2024-02-15,1086,1812,8546,5,38891,194455
14199,2024-10-21,1079,1684,7774,7,49669,347683
14200,2024-09-25,1060,1720,7898,6,21576,129456
14201,2024-02-10,1054,1197,9408,2,29164,58328
14202,2024-05-18,1063,1779,9236,2,7968,15936
14203,2024-02-10,1002,1718,7013,3,27095,81285
14204,2024-11-26,1029,1311,8185,1,10683,10683
14205,2024-06-23,1057,1322,5839,2,2225,4450
14206,2024-10-17,1012,1917,9010,2,2064,4128
14207,2024-11-18,1071,1933,5814,3,25457,76371
14208,2024-10-06,1023,1852,5837,7,32886,230202
14209,2024-04-03,1068,1738,7103,1,49097,49097
14210,2024-12-17,1006,1875,5144,4,18669,74676
14211,2024-12-05,1050,1042,6255,1,19474,19474
14212,2024-07-23,1053,1602,8123,5,23417,117085
14213,2024-02-25,1050,1389,8957,6,39971,239826
14214,2024-08-18,1026,1906,9282,8,31220,249760
14215,2024-09-16,1011,1528,7726,1,5909,5909
14216,2024-08-07,1040,1227,8638,2,46492,92984
14217,2024-06-16,1088,1222,7034,9,27819,250371
14218,2024-06-19,1032,1618,8618,9,24746,222714
14219,2024-11-09,1078,1396,6822,6,33873,203238
14220,2024-11-13,1030,1503,6483,6,8683,52098
14221,2024-05-16,1010,1175,8230,5,18560,92800
14222,2024-10-04,1035,1220,5747,6,8580,51480
14223,2024-09-16,1005,1421,7783,3,31527,94581
14224,2024-10-17,1044,1851,6339,3,29833,89499
14225,2024-10-15,1059,1293,5240,8,41030,328240
14226,2024-05-14,1089,1304,5817,1,28721,28721
14227,2024-04-14,1071,1098,5121,4,36609,146436
14228,2024-08-14,1036,1230,8458,2,32906,65812
14229,2024-07-08,1029,1832,8731,7,9042,63294
14230,2024-07-13,1037,1875,7999,5,18669,93345
14231,2024-03-04,1015,1817,6908,5,37686,188430
14232,2024-06-19,1078,1524,9097,4,28156,112624
14233,2024-01-18,1037,1858,6254,6,39905,239430
14234,2024-09-15,1052,1130,5574,6,25912,155472
14235,2024-11-10,1007,1211,6228,6,17560,105360
14236,2024-07-08,1098,1027,7494,8,4719,37752
14237,2024-10-21,1008,1837,5306,2,8322,16644
14238,2024-11-15,1020,1941,7117,4,41670,166680
14239,2024-09-09,1040,1301,6577,2,48841,97682
14240,2024-03-21,1068,1648,9889,9,36724,330516
14241,2024-02-29,1018,1445,7121,6,36864,221184
14242,2024-04-14,1079,1812,9005,1,38891,38891
14243,2024-12-30,1017,1672,8255,7,18307,128149
14244,2024-09-17,1075,1515,8136,6,43934,263604
14245,2024-09-11,1079,1396,9543,9,33873,304857
14246,2024-02-15,1004,1051,7594,5,48395,241975
14247,2024-05-11,1066,1677,8267,8,26853,214824
14248,2024-01-14,1070,1832,8458,7,9042,63294
14249,2024-09-23,1031,1301,5087,8,48841,390728
14250,2024-01-22,1094,1472,5767,6,2624,15744
14251,2024-04-15,1077,1896,9432,5,15350,76750
14252,2024-01-05,1087,1671,6946,3,8793,26379
14253,2024-06-29,1047,1361,8386,2,20617,41234
14254,2024-05-28,1032,1176,7515,5,43603,218015
14255,2024-11-30,1068,1530,7598,3,12245,36735
14256,2024-10-06,1071,1592,7354,2,5973,11946
14257,2024-01-13,1001,1509,5965,4,31863,127452
14258,2024-12-17,1053,1179,5132,9,38829,349461
14259,2024-01-26,1041,1422,5665,8,48782,390256
14260,2024-02-09,1034,1189,6955,8,43361,346888
14261,2024-10-08,1060,1552,9969,7,43077,301539
14262,2024-10-12,1059,1843,9502,7,12479,87353
14263,2024-03-04,1097,1147,7946,5,27479,137395
14264,2024-04-20,1093,1533,6230,8,35917,287336
14265,2024-11-24,1048,1748,9025,4,42108,168432
14266,2024-03-28,1022,1670,6579,8,34870,278960
14267,2024-05-03,1067,1609,9340,9,45965,413685
14268,2024-05-25,1034,1086,9696,8,36079,288632
14269,2024-08-01,1013,1619,7383,9,17904,161136
14270,2024-05-07,1021,1311,7143,1,10683,10683
14271,2024-10-20,1029,1274,6545,2,16051,32102
14272,2024-05-28,1002,1112,8146,5,30683,153415
14273,2024-11-22,1074,1833,5987,9,41918,377262
14274,2024-05-19,1009,1321,9664,2,8702,17404
14275,2024-10-18,1066,1293,9431,1,41030,41030
14276,2024-05-01,1040,1550,7716,5,21581,107905
14277,2024-01-11,1047,1740,9715,7,44595,312165
14278,2024-10-09,1049,1971,5897,4,40560,162240
14279,2024-09-08,1068,1539,8490,2,27190,54380
14280,2024-07-12,1057,1522,5863,4,22022,88088
14281,2024-11-25,1014,1745,8044,8,33660,269280
14282,2024-07-13,1047,1880,7926,1,9382,9382
14283,2024-03-21,1005,1092,5959,1,47800,47800
14284,2024-04-16,1003,1532,6156,9,5634,50706
14285,2024-11-16,1022,1668,7251,2,38344,76688
14286,2024-07-24,1044,1604,7951,6,32867,197202
14287,2024-07-27,1064,1999,7172,8,13099,104792
14288,2024-05-06,1055,1553,6247,7,37224,260568
14289,2024-02-03,1097,1651,9885,4,7713,30852
14290,2024-03-04,1062,1001,8355,5,38817,194085
14291,2024-01-17,1014,1039,6286,1,34809,34809
14292,2024-09-05,1003,1101,6765,6,34146,204876
14293,2024-04-14,1090,1318,7888,3,825,2475
14294,2024-12-10,1076,1672,6327,2,18307,36614
14295,2024-04-17,1031,1876,6889,7,12843,89901
14296,2024-08-09,1008,1941,8450,4,41670,166680
14297,2024-06-24,1088,1777,7346,6,20426,122556
14298,2024-08-15,1056,1488,7073,3,7777,23331
14299,2024-07-08,1066,1906,6861,9,31220,280980
14300,2024-07-31,1038,1015,8836,3,7710,23130
14301,2024-08-08,1039,1263,9004,2,21381,42762
14302,2024-11-19,1015,1046,9145,7,36237,253659
14303,2024-06-10,1080,1884,5743,3,6299,18897
14304,2024-10-24,1090,1685,8198,1,18169,18169
14305,2024-09-05,1009,1259,6910,5,28140,140700
14306,2024-07-08,1052,1427,5290,7,40537,283759
14307,2024-01-12,1064,1603,6347,2,11930,23860
14308,2024-03-08,1049,1528,8367,5,5909,29545
14309,2024-02-10,1028,1337,7481,8,41015,328120
14310,2024-09-16,1017,1244,6735,7,10128,70896
14311,2024-05-05,1051,1516,6601,6,47674,286044
14312,2024-08-13,1031,1071,6138,6,22516,135096
14313,2024-07-28,1032,1125,9295,4,9279,37116
14314,2024-11-28,1085,1180,9264,8,20722,165776
14315,2024-11-25,1010,1516,9510,6,47674,286044
14316,2024-09-21,1028,1034,8668,7,47475,332325
14317,2024-06-19,1019,1022,6311,7,13322,93254
14318,2024-01-01,1021,1661,8219,7,6026,42182
14319,2024-12-29,1095,1367,7269,1,39768,39768
14320,2024-12-14,1071,1116,9722,3,7788,23364
14321,2024-07-27,1085,1954,5072,7,6284,43988
14322,2024-08-28,1014,1833,7899,4,41918,167672
14323,2024-03-12,1034,1675,8729,5,35364,176820
14324,2024-09-29,1079,1578,5623,5,20107,100535
14325,2024-03-29,1092,1027,8020,6,4719,28314
14326,2024-01-20,1033,1235,5187,8,18099,144792
14327,2024-11-10,1019,1982,8566,6,40953,245718
14328,2024-05-20,1076,1456,6820,9,27967,251703
14329,2024-11-28,1055,1978,7227,8,42583,340664
14330,2024-06-23,1050,1406,8229,4,23768,95072
14331,2024-02-19,1076,1652,8822,6,43383,260298
14332,2024-04-03,1094,1493,7627,5,14518,72590
14333,2024-06-16,1084,1200,8642,1,7898,7898
14334,2024-02-24,1049,1580,6566,4,33224,132896
14335,2024-02-20,1029,1231,7729,1,28799,28799
14336,2024-11-27,1024,1797,7720,2,12205,24410
14337,2024-09-26,1093,1951,6856,7,40345,282415
14338,2024-12-27,1073,1571,6042,6,22260,133560
14339,2024-05-24,1070,1854,9967,6,11498,68988
14340,2024-03-17,1097,1608,9266,5,9796,48980
14341,2024-05-08,1003,1916,6861,2,8770,17540
14342,2024-04-20,1062,1879,8990,4,39677,158708
14343,2024-01-01,1021,1844,6256,4,47045,188180
14344,2024-01-26,1056,1041,9528,8,15850,126800
14345,2024-04-25,1092,1104,8342,3,16595,49785
14346,2024-06-22,1053,1815,6966,8,38970,311760
14347,2024-01-13,1003,1872,8185,8,44686,357488
14348,2024-02-03,1064,1715,6032,1,3186,3186
14349,2024-11-13,1047,1149,9913,7,48477,339339
14350,2024-08-19,1022,1510,7152,7,42356,296492
14351,2024-03-13,1022,1759,7418,7,37811,264677
14352,2024-02-20,1005,1963,8497,4,23878,95512
14353,2024-07-29,1068,1328,5941,4,11465,45860
14354,2024-08-02,1063,1094,8038,5,37898,189490
14355,2024-02-10,1086,1049,9959,9,41768,375912
14356,2024-11-06,1070,1702,5759,7,19011,133077
14357,2024-04-03,1004,1687,9153,7,14018,98126
14358,2024-07-07,1032,1833,5256,2,41918,83836
14359,2024-05-14,1025,1877,6629,8,17633,141064
14360,2024-07-24,1058,1438,6883,6,35923,215538
14361,2024-01-02,1084,1547,7812,9,40936,368424
14362,2024-07-22,1033,1970,5081,7,42331,296317
14363,2024-08-28,1025,1796,6783,3,49645,148935
14364,2024-09-14,1073,1483,9864,9,15452,139068
14365,2024-06-04,1065,1609,9520,6,45965,275790
14366,2024-02-23,1019,1174,8375,7,7467,52269
14367,2024-04-03,1013,1632,7035,6,20338,122028
14368,2024-11-09,1070,1049,5858,4,41768,167072
14369,2024-03-01,1073,1520,8940,8,12581,100648
14370,2024-12-25,1094,1587,5169,5,18360,91800
14371,2024-06-16,1007,1596,8769,7,6122,42854
14372,2024-09-30,1057,1445,5223,2,36864,73728
14373,2024-01-25,1000,1516,7770,9,47674,429066
14374,2024-12-21,1092,1006,8131,9,10159,91431
14375,2024-02-17,1030,1939,5483,8,9982,79856
14376,2024-07-07,1007,1036,6801,8,19956,159648
14377,2024-02-22,1079,1892,6983,6,21617,129702
14378,2024-08-28,1082,1245,7306,4,44831,179324
14379,2024-01-27,1089,1498,7901,5,6814,34070
14380,2024-02-28,1059,1514,9082,6,38722,232332
14381,2024-07-04,1061,1654,5597,6,28483,170898
14382,2024-05-20,1009,1594,5084,1,5722,5722
14383,2024-02-26,1017,1880,5989,1,9382,9382
14384,2024-07-13,1065,1770,9762,9,23712,213408
14385,2024-12-31,1092,1339,9673,5,20066,100330
14386,2024-04-15,1065,1334,8015,7,26728,187096
14387,2024-10-06,1051,1613,6174,6,4901,29406
14388,2024-06-16,1066,1202,8622,4,24530,98120
14389,2024-11-30,1087,1397,8493,1,20058,20058
14390,2024-09-02,1008,1003,7910,6,32717,196302
14391,2024-12-05,1047,1418,8246,6,31957,191742
14392,2024-08-01,1059,1903,8634,2,25151,50302
14393,2024-01-02,1077,1980,5727,6,32515,195090
14394,2024-10-30,1051,1674,6065,8,33184,265472
14395,2024-12-19,1042,1323,9517,2,7464,14928
14396,2024-06-30,1074,1547,8295,8,40936,327488
14397,2024-10-28,1049,1077,5423,6,5098,30588
14398,2024-07-01,1087,1683,9332,7,19210,134470
14399,2024-04-04,1013,1575,5318,1,43374,43374
14400,2024-06-04,1017,1706,5385,3,46666,139998
14401,2024-06-28,1099,1504,8802,2,8482,16964
14402,2024-04-06,1076,1019,6025,4,35500,142000
14403,2024-10-03,1033,1839,9260,7,32093,224651
14404,2024-08-25,1082,1253,7488,8,29095,232760
14405,2024-12-08,1040,1184,9245,8,22270,178160
14406,2024-10-24,1074,1767,6889,8,38045,304360
14407,2024-01-13,1048,1054,6087,5,1586,7930
14408,2024-10-27,1089,1781,5598,9,40601,365409
14409,2024-12-11,1068,1640,7633,6,29286,175716
14410,2024-06-30,1084,1568,5917,8,11284,90272
14411,2024-06-03,1008,1339,6806,4,20066,80264
14412,2024-09-07,1047,1013,8434,1,23574,23574
14413,2024-10-07,1011,1050,8383,5,34507,172535
14414,2024-06-25,1064,1347,5118,3,32174,96522
14415,2024-12-25,1013,1870,7971,9,27483,247347
14416,2024-03-11,1063,1057,5802,5,43305,216525
14417,2024-03-24,1025,1376,7039,8,9663,77304
14418,2024-07-07,1006,1118,5927,4,24035,96140
14419,2024-04-01,1054,1890,9147,4,3621,14484
14420,2024-03-09,1058,1776,6838,2,20535,41070
14421,2024-11-03,1079,1854,5446,8,11498,91984
14422,2024-06-12,1078,1463,5159,9,19693,177237
14423,2024-06-27,1055,1559,7797,8,14631,117048
14424,2024-02-02,1067,1410,6825,8,7197,57576
14425,2024-02-22,1029,1615,9531,5,6923,34615
14426,2024-08-03,1022,1711,9433,9,33292,299628
14427,2024-07-20,1085,1923,5266,9,725,6525
14428,2024-02-07,1078,1439,9426,5,36098,180490
14429,2024-09-17,1016,1977,7043,9,34532,310788
14430,2024-01-31,1001,1673,7897,1,33346,33346
14431,2024-10-14,1071,1513,7983,3,27223,81669
14432,2024-01-05,1069,1023,8840,5,44687,223435
14433,2024-06-27,1038,1073,6064,8,21448,171584
14434,2024-02-23,1091,1304,5469,3,28721,86163
14435,2024-08-06,1047,1807,9550,3,25870,77610
14436,2024-10-10,1004,1250,9469,7,34368,240576
14437,2024-09-24,1020,1007,9048,4,49515,198060
14438,2024-07-18,1049,1324,6328,6,44675,268050
14439,2024-09-29,1019,1066,9747,5,2378,11890
14440,2024-09-20,1097,1224,6157,3,47220,141660
14441,2024-08-13,1070,1413,7619,2,1323,2646
14442,2024-01-18,1093,1563,6335,5,37613,188065
14443,2024-08-30,1093,1806,7580,8,44863,358904
14444,2024-04-26,1078,1582,7890,8,1649,13192
14445,2024-01-10,1090,1492,5193,2,38143,76286
14446,2024-02-08,1072,1084,8966,1,8403,8403
14447,2024-02-10,1026,1229,9755,5,42251,211255
14448,2024-04-17,1001,1524,7142,4,28156,112624
14449,2024-02-13,1099,1600,7096,3,5061,15183
14450,2024-07-15,1090,1374,8280,4,2364,9456
14451,2024-10-25,1046,1641,7273,1,44537,44537
14452,2024-07-27,1039,1509,8850,3,31863,95589
14453,2024-06-24,1088,1449,6413,4,21065,84260
14454,2024-10-01,1035,1961,6622,5,41361,206805
14455,2024-10-03,1070,1462,5495,1,37828,37828
14456,2024-08-23,1012,1270,9208,3,31057,93171
14457,2024-01-03,1083,1954,6782,2,6284,12568
14458,2024-12-25,1021,1273,5120,8,24724,197792
14459,2024-11-07,1017,1068,8884,9,5986,53874
14460,2024-12-09,1074,1345,8239,8,35534,284272
14461,2024-09-10,1005,1797,9313,5,12205,61025
14462,2024-02-05,1067,1077,5776,4,5098,20392
14463,2024-01-06,1066,1132,7823,3,12777,38331
14464,2024-11-25,1051,1423,8504,9,34420,309780
14465,2024-10-28,1069,1404,5179,8,35565,284520
14466,2024-01-20,1078,1703,9589,1,43261,43261
14467,2024-10-17,1002,1362,5755,9,12628,113652
14468,2024-06-10,1016,1775,6419,9,23882,214938
14469,2024-08-25,1093,1773,5608,8,29210,233680
14470,2024-02-16,1085,1601,6516,7,33630,235410
14471,2024-10-18,1065,1195,6734,1,16449,16449
14472,2024-01-16,1056,1825,6398,3,42104,126312
14473,2024-04-17,1079,1691,9943,9,40917,368253
14474,2024-06-25,1021,1925,5665,5,43646,218230
14475,2024-03-05,1010,1738,9184,4,49097,196388
14476,2024-03-03,1035,1952,9471,1,19810,19810
14477,2024-11-03,1052,1282,9444,9,45489,409401
14478,2024-03-13,1075,1858,5233,7,39905,279335
14479,2024-07-22,1039,1171,7907,3,22950,68850
14480,2024-09-10,1034,1618,8215,2,24746,49492
14481,2024-02-29,1042,1580,5679,3,33224,99672
14482,2024-04-10,1044,1359,9895,4,44846,179384
14483,2024-01-17,1040,1650,5407,3,25976,77928
14484,2024-07-13,1063,1765,8042,2,5423,10846
14485,2024-09-07,1014,1042,7722,6,19474,116844
14486,2024-02-07,1043,1637,5095,4,13576,54304
14487,2024-10-11,1041,1290,8636,8,15679,125432
14488,2024-01-31,1058,1394,6915,2,29500,59000
14489,2024-11-05,1084,1997,9004,1,42764,42764
14490,2024-12-23,1003,1229,6620,2,42251,84502
14491,2024-06-29,1070,1309,9045,5,42072,210360
14492,2024-10-08,1028,1305,5406,5,23268,116340
14493,2024-05-20,1040,1501,7102,8,43872,350976
14494,2024-09-01,1005,1188,6030,1,1419,1419
14495,2024-10-01,1038,1388,6284,8,34391,275128
14496,2024-08-11,1080,1740,6997,8,44595,356760
14497,2024-01-27,1099,1114,7666,9,15305,137745
14498,2024-09-06,1065,1356,9806,4,10596,42384
14499,2024-08-18,1080,1153,5967,3,13885,41655
14500,2024-01-13,1092,1352,6915,9,42618,383562
14501,2024-11-03,1026,1672,8940,5,18307,91535
14502,2024-04-07,1006,1150,6531,2,12925,25850
14503,2024-07-10,1010,1953,9976,3,49515,148545
14504,2024-07-04,1089,1198,6275,8,44598,356784
14505,2024-01-19,1031,1991,7445,7,22166,155162
14506,2024-12-04,1086,1904,6548,4,21367,85468
14507,2024-09-15,1050,1271,7021,9,12842,115578
14508,2024-03-07,1039,1456,8695,1,27967,27967
14509,2024-01-26,1006,1939,6897,7,9982,69874
14510,2024-01-06,1000,1746,8327,6,12256,73536
14511,2024-05-20,1024,1539,5885,2,27190,54380
14512,2024-08-25,1094,1406,9500,9,23768,213912
14513,2024-08-17,1005,1651,8466,9,7713,69417
14514,2024-01-27,1091,1553,5419,7,37224,260568
14515,2024-04-14,1094,1008,5566,7,21305,149135
14516,2024-12-09,1099,1057,8105,4,43305,173220
14517,2024-01-10,1015,1364,7525,7,29527,206689
14518,2024-09-28,1014,1331,7760,9,5136,46224
14519,2024-10-05,1021,1200,7886,9,7898,71082
14520,2024-10-29,1017,1658,9013,9,13936,125424
14521,2024-01-12,1049,1675,9027,5,35364,176820
14522,2024-06-04,1071,1480,6937,3,13881,41643
14523,2024-03-17,1009,1332,9656,3,37014,111042
14524,2024-01-18,1048,1577,6116,8,12590,100720
14525,2024-02-27,1069,1871,6933,8,20054,160432
14526,2024-05-09,1009,1568,8855,9,11284,101556
14527,2024-06-22,1038,1824,7164,2,27731,55462
14528,2024-03-27,1057,1619,8294,1,17904,17904
14529,2024-11-15,1070,1280,6018,3,33453,100359
14530,2024-12-08,1041,1140,8378,8,18196,145568
14531,2024-02-23,1044,1186,6528,6,9857,59142
14532,2024-03-18,1098,1780,9682,3,23992,71976
14533,2024-07-22,1027,1480,9447,1,13881,13881
14534,2024-09-26,1088,1666,7905,5,1437,7185
14535,2024-06-20,1091,1935,7976,6,11166,66996
14536,2024-02-07,1072,1740,9155,7,44595,312165
14537,2024-07-04,1004,1082,5659,4,15855,63420
14538,2024-12-26,1056,1341,6441,1,46261,46261
14539,2024-08-23,1079,1179,8771,7,38829,271803
14540,2024-01-16,1028,1656,9409,9,29309,263781
14541,2024-08-13,1054,1178,6017,9,21358,192222
14542,2024-12-03,1022,1513,9209,6,27223,163338
14543,2024-03-14,1056,1139,5443,2,29536,59072
14544,2024-07-29,1017,1736,6802,1,18372,18372
14545,2024-10-12,1025,1155,7241,2,17655,35310
14546,2024-11-19,1004,1985,6027,9,47335,426015
14547,2024-11-22,1007,1920,7089,5,13189,65945
14548,2024-12-01,1018,1219,5472,9,3847,34623
14549,2024-04-24,1027,1222,7611,2,27819,55638
14550,2024-09-03,1067,1158,9651,2,34991,69982
14551,2024-02-06,1083,1922,5881,5,37919,189595
14552,2024-02-24,1049,1498,6611,5,6814,34070
14553,2024-06-15,1085,1363,5864,7,19633,137431
14554,2024-06-25,1075,1442,8487,3,3589,10767
14555,2024-12-18,1064,1768,6093,8,44630,357040
14556,2024-07-09,1007,1034,7154,3,47475,142425
14557,2024-04-08,1059,1352,8687,7,42618,298326
14558,2024-04-21,1057,1000,8603,1,16915,16915
14559,2024-04-27,1026,1008,6771,5,21305,106525
14560,2024-06-10,1084,1928,9420,9,31188,280692
14561,2024-02-26,1032,1555,5359,4,46509,186036
14562,2024-12-18,1096,1564,7448,3,30569,91707
14563,2024-03-02,1045,1740,7663,5,44595,222975
14564,2024-02-08,1036,1174,6438,9,7467,67203
14565,2024-11-25,1068,1974,5798,2,11100,22200
14566,2024-11-18,1014,1718,7834,7,27095,189665
14567,2024-01-29,1093,1112,9439,9,30683,276147
14568,2024-08-14,1066,1732,7284,4,11948,47792
14569,2024-01-31,1027,1488,6511,5,7777,38885
14570,2024-11-11,1062,1596,9420,5,6122,30610
14571,2024-02-08,1093,1045,5499,7,23669,165683
14572,2024-01-01,1099,1785,6838,9,26118,235062
14573,2024-02-25,1002,1250,7558,8,34368,274944
14574,2024-12-22,1051,1911,8571,7,5385,37695
14575,2024-07-04,1043,1988,8112,8,2006,16048
14576,2024-03-31,1059,1730,9480,4,29338,117352
14577,2024-07-17,1057,1698,7649,5,23817,119085
14578,2024-06-19,1094,1635,9630,2,5747,11494
14579,2024-08-12,1013,1334,8797,5,26728,133640
14580,2024-06-30,1005,1819,6758,2,42642,85284
14581,2024-05-09,1018,1436,7364,1,10794,10794
14582,2024-05-21,1061,1443,8485,8,25401,203208
14583,2024-12-27,1004,1110,9269,2,40173,80346
14584,2024-05-10,1048,1776,9110,1,20535,20535
14585,2024-05-21,1050,1795,8613,9,17544,157896
14586,2024-01-05,1025,1577,8515,6,12590,75540
14587,2024-12-02,1055,1724,5112,9,29112,262008
14588,2024-06-15,1017,1330,9734,5,16591,82955
14589,2024-04-29,1044,1863,6048,7,7895,55265
14590,2024-02-12,1099,1277,9916,6,32925,197550
14591,2024-04-01,1094,1546,6537,3,14661,43983
14592,2024-08-17,1081,1105,6088,1,34535,34535
14593,2024-08-27,1008,1424,8923,2,35271,70542
14594,2024-07-05,1089,1719,6964,6,21210,127260
14595,2024-03-18,1001,1670,5171,5,34870,174350
14596,2024-09-27,1095,1702,9249,7,19011,133077
14597,2024-02-15,1041,1314,7439,6,4786,28716
14598,2024-01-07,1069,1649,9178,3,38461,115383
14599,2024-06-18,1083,1871,6182,9,20054,180486
14600,2024-04-24,1071,1035,8689,5,18947,94735
14601,2024-09-19,1067,1212,9865,7,18238,127666
14602,2024-12-09,1088,1327,6985,5,23073,115365
14603,2024-12-11,1030,1046,8633,3,36237,108711
14604,2024-08-26,1018,1953,7441,5,49515,247575
14605,2024-10-01,1070,1747,6263,7,11873,83111
14606,2024-11-04,1046,1558,5045,8,17360,138880
14607,2024-12-11,1036,1608,6236,7,9796,68572
14608,2024-01-16,1093,1231,9330,5,28799,143995
14609,2024-03-02,1090,1533,7316,3,35917,107751
14610,2024-07-12,1080,1413,6458,6,1323,7938
14611,2024-11-16,1095,1406,9431,9,23768,213912
14612,2024-10-18,1018,1883,7130,9,27496,247464
14613,2024-06-11,1088,1462,5983,6,37828,226968
14614,2024-08-22,1092,1814,9157,7,22937,160559
14615,2024-10-06,1024,1123,9766,7,1072,7504
14616,2024-08-28,1052,1746,7439,5,12256,61280
14617,2024-11-20,1095,1693,8992,8,46937,375496
14618,2024-08-20,1074,1729,6845,3,14713,44139
14619,2024-05-08,1003,1399,7262,6,10795,64770
14620,2024-05-02,1045,1777,6418,1,20426,20426
14621,2024-05-16,1030,1163,9827,4,2749,10996
14622,2024-12-21,1035,1283,9027,8,34605,276840
14623,2024-01-15,1003,1169,7028,3,42589,127767
14624,2024-11-25,1001,1985,7172,4,47335,189340
14625,2024-08-16,1038,1094,8823,4,37898,151592
14626,2024-05-23,1096,1977,7478,3,34532,103596
14627,2024-08-17,1043,1656,9579,2,29309,58618
14628,2024-06-24,1090,1303,5175,2,15182,30364
14629,2024-10-18,1089,1819,5074,7,42642,298494
14630,2024-09-02,1018,1095,7800,1,27357,27357
14631,2024-02-22,1040,1699,7567,3,48296,144888
14632,2024-11-30,1096,1422,7099,6,48782,292692
14633,2024-05-26,1037,1562,7880,3,23549,70647
14634,2024-02-10,1073,1306,9442,1,36317,36317
14635,2024-10-19,1064,1132,5943,3,12777,38331
14636,2024-08-27,1034,1361,9080,4,20617,82468
14637,2024-07-13,1010,1505,8158,1,26109,26109
14638,2024-05-15,1058,1630,9927,4,30824,123296
14639,2024-03-28,1077,1988,7333,9,2006,18054
14640,2024-09-26,1069,1063,8207,2,22508,45016
14641,2024-09-10,1042,1419,7940,3,44500,133500
14642,2024-07-07,1088,1934,6511,5,14066,70330
14643,2024-10-17,1086,1369,6345,6,12505,75030
14644,2024-03-11,1004,1266,8788,5,36360,181800
14645,2024-08-20,1025,1224,6744,8,47220,377760
14646,2024-01-08,1081,1565,5907,5,28460,142300
14647,2024-09-24,1031,1515,9066,5,43934,219670
14648,2024-12-31,1046,1815,7671,1,38970,38970
14649,2024-12-01,1055,1054,8721,6,1586,9516
14650,2024-04-24,1084,1032,6409,7,4566,31962
14651,2024-11-19,1089,1128,9750,5,28413,142065
14652,2024-10-27,1049,1724,9286,3,29112,87336
14653,2024-10-23,1098,1464,9371,7,22820,159740
14654,2024-08-24,1073,1417,9359,8,19285,154280
14655,2024-11-12,1057,1540,8438,9,47536,427824
14656,2024-03-16,1027,1706,7105,7,46666,326662
14657,2024-04-08,1094,1368,9743,3,6152,18456
14658,2024-11-18,1078,1407,9893,5,16665,83325
14659,2024-01-02,1054,1993,9947,7,40964,286748
14660,2024-05-01,1057,1577,7101,6,12590,75540
14661,2024-07-03,1039,1606,5693,6,26479,158874
14662,2024-01-16,1057,1487,8806,3,11586,34758
14663,2024-10-05,1071,1638,9475,5,42321,211605
14664,2024-12-16,1045,1582,7716,8,1649,13192
14665,2024-02-10,1073,1754,5733,9,47803,430227
14666,2024-02-24,1044,1860,9099,2,6957,13914
14667,2024-07-26,1009,1572,9395,2,13233,26466
14668,2024-05-11,1081,1242,5760,3,37781,113343
14669,2024-12-31,1047,1202,6557,7,24530,171710
14670,2024-12-21,1091,1426,9598,2,39924,79848
14671,2024-10-10,1061,1884,6661,4,6299,25196
14672,2024-06-26,1027,1088,9191,8,35817,286536
14673,2024-08-29,1019,1210,6028,4,14018,56072
14674,2024-08-29,1087,1842,5890,1,21565,21565
14675,2024-10-10,1069,1556,7666,4,10626,42504
14676,2024-05-02,1040,1802,7466,7,28913,202391
14677,2024-10-08,1095,1288,8657,9,48434,435906
14678,2024-06-15,1005,1580,9143,8,33224,265792
14679,2024-01-13,1010,1994,5589,6,20080,120480
14680,2024-03-11,1029,1194,5487,6,8150,48900
14681,2024-02-23,1002,1222,6679,9,27819,250371
14682,2024-01-13,1071,1651,6555,8,7713,61704
14683,2024-02-28,1032,1835,9511,1,2515,2515
14684,2024-09-16,1053,1159,7433,2,31216,62432
14685,2024-03-20,1046,1113,6493,8,35234,281872
14686,2024-02-29,1082,1241,7308,3,28258,84774
14687,2024-02-16,1009,1023,8265,2,44687,89374
14688,2024-11-28,1018,1306,7288,5,36317,181585
14689,2024-07-20,1008,1739,8238,1,6045,6045
14690,2024-09-17,1006,1193,7091,1,13641,13641
14691,2024-02-05,1060,1964,5168,6,14688,88128
14692,2024-01-19,1013,1523,5863,4,30324,121296
14693,2024-09-12,1001,1920,9984,8,13189,105512
14694,2024-10-12,1021,1616,6597,3,36027,108081
14695,2024-02-10,1059,1407,5793,3,16665,49995
14696,2024-10-10,1044,1632,8122,8,20338,162704
14697,2024-10-13,1019,1216,5462,2,32225,64450
14698,2024-08-15,1025,1639,7443,2,49254,98508
14699,2024-06-19,1058,1683,9853,7,19210,134470
14700,2024-09-01,1067,1300,9825,4,22583,90332
14701,2024-01-12,1038,1184,8402,4,22270,89080
14702,2024-08-02,1022,1044,9464,7,13635,95445
14703,2024-05-19,1079,1633,7523,9,48943,440487
14704,2024-10-24,1024,1273,8349,1,24724,24724
14705,2024-12-11,1072,1562,5852,9,23549,211941
14706,2024-07-03,1052,1403,9916,8,38944,311552
14707,2024-07-30,1010,1096,9632,3,32486,97458
14708,2024-09-28,1024,1860,8324,6,6957,41742
14709,2024-04-08,1030,1796,9198,5,49645,248225
14710,2024-05-11,1045,1341,7957,6,46261,277566
14711,2024-04-24,1026,1075,6775,3,49962,149886
14712,2024-09-25,1099,1190,5546,3,40335,121005
14713,2024-02-29,1062,1161,6189,5,29202,146010
14714,2024-10-10,1046,1579,7493,4,14373,57492
14715,2024-04-18,1013,1772,8684,3,19114,57342
14716,2024-12-13,1022,1371,8587,2,36716,73432
14717,2024-01-22,1015,1501,5412,1,43872,43872
14718,2024-12-06,1019,1889,7761,8,24253,194024
14719,2024-01-27,1002,1329,8872,3,42065,126195
14720,2024-08-01,1005,1917,6780,4,2064,8256
14721,2024-02-13,1028,1632,8843,1,20338,20338
14722,2024-03-20,1003,1152,8529,6,25319,151914
14723,2024-12-31,1064,1189,5339,6,43361,260166
14724,2024-10-06,1007,1384,9550,4,37254,149016
14725,2024-06-22,1047,1713,6800,2,41673,83346
14726,2024-09-29,1083,1590,7331,8,33854,270832
14727,2024-09-17,1015,1679,8133,1,27192,27192
14728,2024-02-07,1046,1286,8073,4,17612,70448
14729,2024-02-28,1030,1116,9731,9,7788,70092
14730,2024-06-30,1095,1720,8971,4,21576,86304
14731,2024-04-14,1097,1203,7373,3,48654,145962
14732,2024-04-05,1028,1772,9013,4,19114,76456
14733,2024-03-30,1075,1741,8211,1,4007,4007
14734,2024-03-11,1067,1943,5914,9,35652,320868
14735,2024-04-09,1042,1742,7938,8,589,4712
14736,2024-11-06,1033,1114,8292,8,15305,122440
14737,2024-11-22,1005,1072,8807,4,47140,188560
14738,2024-06-19,1048,1306,5155,4,36317,145268
14739,2024-12-12,1059,1848,9464,1,48505,48505
14740,2024-06-14,1050,1668,5011,8,38344,306752
14741,2024-08-27,1008,1690,9932,9,42528,382752
14742,2024-08-03,1004,1822,6972,8,1720,13760
14743,2024-12-09,1063,1937,9126,7,18610,130270
14744,2024-03-01,1015,1592,7438,2,5973,11946
14745,2024-07-04,1058,1365,9252,9,31461,283149
14746,2024-12-29,1055,1845,8274,3,10371,31113
14747,2024-06-30,1064,1915,6300,6,41528,249168
14748,2024-08-06,1083,1246,6079,1,41163,41163
14749,2024-02-03,1034,1110,7774,6,40173,241038
14750,2024-02-14,1009,1858,8707,9,39905,359145
14751,2024-05-17,1088,1443,6954,1,25401,25401
14752,2024-07-04,1046,1114,8460,5,15305,76525
14753,2024-12-15,1091,1038,9347,5,15850,79250
14754,2024-01-28,1034,1239,7641,5,34453,172265
14755,2024-04-15,1061,1956,7900,7,41902,293314
14756,2024-10-12,1032,1447,9942,2,47197,94394
14757,2024-10-10,1014,1211,8787,1,17560,17560
14758,2024-06-05,1084,1918,8709,5,44740,223700
14759,2024-10-13,1034,1264,7246,5,44587,222935
14760,2024-04-16,1009,1889,9732,8,24253,194024
14761,2024-08-20,1079,1692,7694,3,7909,23727
14762,2024-07-14,1019,1178,6425,5,21358,106790
14763,2024-12-04,1007,1752,7278,5,34734,173670
14764,2024-07-20,1094,1338,5228,4,3402,13608
14765,2024-04-18,1007,1927,8067,4,22546,90184
14766,2024-01-31,1012,1563,6741,2,37613,75226
14767,2024-08-13,1087,1651,7127,2,7713,15426
14768,2024-02-10,1075,1833,9600,4,41918,167672
14769,2024-03-04,1058,1355,8937,7,22902,160314
14770,2024-08-18,1080,1276,5467,3,14759,44277
14771,2024-06-18,1046,1679,9233,6,27192,163152
14772,2024-10-26,1059,1234,6825,5,42706,213530
14773,2024-05-18,1040,1522,9199,2,22022,44044
14774,2024-10-18,1051,1572,7482,6,13233,79398
14775,2024-12-29,1099,1283,7887,7,34605,242235
14776,2024-08-23,1075,1459,6330,3,45945,137835
14777,2024-10-14,1053,1260,7860,8,29907,239256
14778,2024-12-25,1035,1369,8696,4,12505,50020
14779,2024-03-07,1076,1446,7729,3,30661,91983
14780,2024-07-06,1098,1526,6654,3,28553,85659
14781,2024-12-13,1068,1415,7608,4,40091,160364
14782,2024-10-07,1012,1848,7454,2,48505,97010
14783,2024-01-28,1071,1296,7558,2,31240,62480
14784,2024-07-29,1010,1931,7350,5,13149,65745
14785,2024-08-21,1007,1077,8241,7,5098,35686
14786,2024-01-19,1030,1872,8992,5,44686,223430
14787,2024-11-07,1061,1904,8652,9,21367,192303
14788,2024-04-22,1011,1509,7634,2,31863,63726
14789,2024-12-09,1010,1336,9394,8,7606,60848
14790,2024-12-23,1016,1171,6901,8,22950,183600
14791,2024-05-05,1026,1646,9741,7,48691,340837
14792,2024-07-26,1076,1762,9237,4,49256,197024
14793,2024-03-22,1099,1351,6754,7,33002,231014
14794,2024-09-08,1012,1043,8451,6,39027,234162
14795,2024-02-10,1085,1939,5977,7,9982,69874
14796,2024-09-25,1043,1773,7257,5,29210,146050
14797,2024-07-23,1057,1911,8199,3,5385,16155
14798,2024-04-08,1087,1193,8317,8,13641,109128
14799,2024-03-23,1029,1457,9356,7,28063,196441
14800,2024-01-24,1012,1515,7096,8,43934,351472
14801,2024-12-18,1007,1063,6127,3,22508,67524
14802,2024-03-13,1068,1260,9668,4,29907,119628
14803,2024-07-01,1063,1164,8248,1,35248,35248
14804,2024-01-03,1051,1102,5304,6,32715,196290
14805,2024-09-15,1005,1153,5097,7,13885,97195
14806,2024-01-30,1070,1669,8140,8,24381,195048
14807,2024-05-25,1053,1897,9240,9,10068,90612
14808,2024-11-17,1021,1370,5060,9,43867,394803
14809,2024-07-30,1062,1913,7977,2,32784,65568
14810,2024-01-27,1093,1262,7684,6,25428,152568
14811,2024-12-21,1078,1877,5700,8,17633,141064
14812,2024-04-14,1036,1622,9529,9,4400,39600
14813,2024-04-19,1055,1598,7592,4,16790,67160
14814,2024-01-19,1040,1659,9521,8,12249,97992
14815,2024-01-16,1059,1782,6239,7,4722,33054
14816,2024-10-08,1019,1947,5498,9,875,7875
14817,2024-09-26,1094,1885,5091,9,47126,424134
14818,2024-02-16,1068,1667,7241,1,49111,49111
14819,2024-05-25,1044,1959,8968,7,9223,64561
14820,2024-06-04,1057,1322,6196,7,2225,15575
14821,2024-01-30,1075,1130,7840,4,25912,103648
14822,2024-04-14,1036,1184,5258,2,22270,44540
14823,2024-05-28,1093,1054,9686,2,1586,3172
14824,2024-02-17,1038,1395,9664,5,48559,242795
14825,2024-07-01,1002,1703,7627,1,43261,43261
14826,2024-06-06,1076,1568,6153,6,11284,67704
14827,2024-02-11,1074,1481,8077,8,4017,32136
14828,2024-06-13,1073,1035,9216,3,18947,56841
14829,2024-10-23,1093,1391,7337,8,25086,200688
14830,2024-06-22,1072,1776,7900,7,20535,143745
14831,2024-12-17,1093,1674,5374,7,33184,232288
14832,2024-04-03,1092,1381,8093,6,40684,244104
14833,2024-08-01,1037,1087,5708,5,46213,231065
14834,2024-07-06,1045,1471,7099,3,12532,37596
14835,2024-03-28,1048,1418,9847,8,31957,255656
14836,2024-09-13,1033,1138,6826,6,32156,192936
14837,2024-09-04,1025,1375,5880,3,2113,6339
14838,2024-02-23,1001,1901,6400,3,8528,25584
14839,2024-10-17,1055,1408,5347,6,3944,23664
14840,2024-05-23,1099,1000,6124,7,16915,118405
14841,2024-01-05,1006,1776,9015,5,20535,102675
14842,2024-12-30,1035,1124,8374,4,4547,18188
14843,2024-02-06,1039,1631,5199,1,42058,42058
14844,2024-04-28,1077,1971,8373,7,40560,283920
14845,2024-12-28,1090,1844,6106,4,47045,188180
14846,2024-06-01,1025,1540,9383,6,47536,285216
14847,2024-11-18,1083,1813,6047,4,37973,151892
14848,2024-09-02,1098,1287,6297,3,6041,18123
14849,2024-10-20,1074,1158,5502,4,34991,139964
14850,2024-07-30,1089,1217,6909,7,8286,58002
14851,2024-05-09,1098,1871,5794,1,20054,20054
14852,2024-07-10,1068,1471,6347,3,12532,37596
14853,2024-07-15,1015,1206,8484,3,23626,70878
14854,2024-09-12,1074,1361,7718,7,20617,144319
14855,2024-05-27,1096,1886,8152,5,5510,27550
14856,2024-12-07,1008,1754,9290,1,47803,47803
14857,2024-09-23,1021,1773,5838,4,29210,116840
14858,2024-12-03,1004,1668,7974,6,38344,230064
14859,2024-10-17,1083,1158,8580,5,34991,174955
14860,2024-06-20,1042,1911,5898,9,5385,48465
14861,2024-10-27,1097,1713,9556,7,41673,291711
14862,2024-05-28,1029,1254,7173,9,30889,278001
14863,2024-05-27,1073,1631,6196,9,42058,378522
14864,2024-09-21,1031,1492,6675,6,38143,228858
14865,2024-04-04,1087,1871,8110,5,20054,100270
14866,2024-07-04,1016,1766,7993,9,27620,248580
14867,2024-09-13,1066,1643,9797,1,2600,2600
14868,2024-07-29,1025,1860,8766,1,6957,6957
14869,2024-01-03,1011,1127,5786,6,31246,187476
14870,2024-06-15,1036,1647,7141,8,40960,327680
14871,2024-12-15,1041,1359,5629,3,44846,134538
14872,2024-07-23,1056,1458,6387,8,20521,164168
14873,2024-06-26,1011,1832,7000,1,9042,9042
14874,2024-12-09,1045,1874,9315,8,36086,288688
14875,2024-01-27,1096,1036,9840,1,19956,19956
14876,2024-01-29,1026,1598,9163,1,16790,16790
14877,2024-05-06,1077,1413,8332,3,1323,3969
14878,2024-04-14,1006,1718,7722,7,27095,189665
14879,2024-11-29,1037,1220,6670,6,8580,51480
14880,2024-03-09,1047,1919,9495,6,46155,276930
14881,2024-04-16,1041,1456,6113,1,27967,27967
14882,2024-06-28,1026,1170,6171,1,34869,34869
14883,2024-04-11,1009,1138,9227,3,32156,96468
14884,2024-09-18,1041,1078,9191,2,35876,71752
14885,2024-05-31,1057,1188,5898,1,1419,1419
14886,2024-02-09,1040,1619,9724,2,17904,35808
14887,2024-10-15,1008,1109,7418,9,24236,218124
14888,2024-05-16,1097,1293,5108,7,41030,287210
14889,2024-06-25,1045,1175,8889,5,18560,92800
14890,2024-03-07,1092,1409,8511,9,31604,284436
14891,2024-05-30,1081,1127,5372,4,31246,124984
14892,2024-10-04,1053,1364,5641,9,29527,265743
14893,2024-11-23,1092,1996,8291,2,35923,71846
14894,2024-07-30,1093,1023,6220,2,44687,89374
14895,2024-11-29,1058,1213,6549,9,49284,443556
14896,2024-12-15,1012,1849,9140,6,24995,149970
14897,2024-04-25,1085,1584,7859,6,2958,17748
14898,2024-05-15,1015,1732,8261,4,11948,47792
14899,2024-05-26,1044,1351,9376,6,33002,198012
14900,2024-12-30,1031,1139,9471,9,29536,265824
14901,2024-06-14,1039,1104,7021,2,16595,33190
14902,2024-08-15,1089,1656,9665,2,29309,58618
14903,2024-05-13,1094,1728,6693,1,28415,28415
14904,2024-06-28,1043,1436,7830,8,10794,86352
14905,2024-10-16,1082,1781,7270,7,40601,284207
14906,2024-11-25,1097,1152,5237,5,25319,126595
14907,2024-12-16,1046,1474,9313,6,19681,118086
14908,2024-02-12,1069,1780,8633,2,23992,47984
14909,2024-10-17,1059,1804,8477,8,41212,329696
14910,2024-05-18,1034,1265,5247,6,24102,144612
14911,2024-09-09,1074,1373,8738,5,46367,231835
14912,2024-12-11,1059,1072,8350,9,47140,424260
14913,2024-07-03,1036,1460,5347,1,21400,21400
14914,2024-03-05,1021,1902,8545,1,2590,2590
14915,2024-10-30,1012,1909,9202,1,11330,11330
14916,2024-06-28,1015,1123,9081,6,1072,6432
14917,2024-10-21,1089,1611,7988,9,13489,121401
14918,2024-08-01,1085,1373,7610,8,46367,370936
14919,2024-06-01,1059,1999,7379,6,13099,78594
14920,2024-12-25,1041,1260,6960,9,29907,269163
14921,2024-12-22,1012,1012,6418,1,9686,9686
14922,2024-10-14,1086,1019,5906,6,35500,213000
14923,2024-05-02,1062,1027,6998,4,4719,18876
14924,2024-04-03,1031,1626,8484,8,27114,216912
14925,2024-03-22,1022,1435,9505,2,39178,78356
14926,2024-04-17,1042,1206,8350,7,23626,165382
14927,2024-08-27,1031,1422,9467,2,48782,97564
14928,2024-03-07,1027,1378,5713,4,33182,132728
14929,2024-09-24,1032,1788,6532,9,27799,250191
14930,2024-08-30,1025,1191,5233,8,39493,315944
14931,2024-10-02,1093,1528,9540,9,5909,53181
14932,2024-11-01,1080,1709,9128,2,38108,76216
14933,2024-05-15,1041,1621,9730,5,13880,69400
14934,2024-06-07,1028,1536,8779,4,43994,175976
14935,2024-05-31,1001,1073,5469,8,21448,171584
14936,2024-02-11,1033,1461,9884,2,27047,54094
14937,2024-11-29,1037,1018,6373,3,44894,134682
14938,2024-11-30,1011,1883,5120,4,27496,109984
14939,2024-01-26,1051,1778,7235,7,15136,105952
14940,2024-06-14,1020,1031,6885,2,20744,41488
14941,2024-12-31,1090,1265,9781,8,24102,192816
14942,2024-10-20,1039,1238,8873,6,28262,169572
14943,2024-04-06,1066,1737,9287,7,37069,259483
14944,2024-09-23,1048,1626,5989,4,27114,108456
14945,2024-05-02,1025,1555,6435,1,46509,46509
14946,2024-01-23,1051,1500,7466,2,28433,56866
14947,2024-11-13,1061,1092,5136,6,47800,286800
14948,2024-07-16,1068,1604,5549,1,32867,32867
14949,2024-02-10,1060,1213,9178,7,49284,344988
14950,2024-04-30,1083,1881,6704,8,23705,189640
14951,2024-12-14,1045,1333,7363,8,7601,60808
14952,2024-01-04,1071,1954,7310,2,6284,12568
14953,2024-09-11,1091,1257,8261,4,42754,171016
14954,2024-05-10,1028,1267,7585,9,38403,345627
14955,2024-11-02,1049,1085,9575,6,12202,73212
14956,2024-07-01,1001,1576,8878,7,8474,59318
14957,2024-04-16,1063,1753,9681,5,43548,217740
14958,2024-06-25,1065,1587,9932,9,18360,165240
14959,2024-03-12,1042,1331,8612,4,5136,20544
14960,2024-03-10,1086,1579,5043,7,14373,100611
14961,2024-03-09,1009,1784,9599,8,46867,374936
14962,2024-09-20,1052,1180,9958,6,20722,124332
14963,2024-05-02,1091,1239,9190,1,34453,34453
14964,2024-08-14,1082,1402,6058,6,17755,106530
14965,2024-07-01,1027,1633,6945,7,48943,342601
14966,2024-08-14,1094,1384,6911,4,37254,149016
14967,2024-03-12,1001,1563,6716,1,37613,37613
14968,2024-01-08,1028,1528,6030,7,5909,41363
14969,2024-03-12,1051,1993,9876,3,40964,122892
14970,2024-07-30,1013,1234,6778,6,42706,256236
14971,2024-09-19,1027,1953,8772,6,49515,297090
14972,2024-02-15,1000,1454,6522,3,35458,106374
14973,2024-05-29,1058,1317,6576,2,49439,98878
14974,2024-03-21,1043,1416,5218,5,31717,158585
14975,2024-09-17,1079,1837,9016,3,8322,24966
14976,2024-06-23,1084,1307,5680,3,20980,62940
14977,2024-05-22,1077,1261,7333,8,34094,272752
14978,2024-07-10,1042,1607,5384,4,48005,192020
14979,2024-06-07,1016,1731,7327,5,18512,92560
14980,2024-08-24,1053,1356,9883,8,10596,84768
14981,2024-03-23,1014,1831,7997,1,34894,34894
14982,2024-10-26,1047,1860,5208,7,6957,48699
14983,2024-06-23,1094,1570,5094,5,8016,40080
14984,2024-05-19,1045,1106,5865,2,6893,13786
14985,2024-03-04,1048,1477,5115,2,21533,43066
14986,2024-10-05,1035,1021,8154,8,47038,376304
14987,2024-02-19,1013,1836,6357,4,27761,111044
14988,2024-08-02,1099,1988,6408,2,2006,4012
14989,2024-05-04,1090,1897,8838,8,10068,80544
14990,2024-02-05,1002,1457,7938,6,28063,168378
14991,2024-05-18,1099,1045,5917,9,23669,213021
14992,2024-03-26,1005,1467,9995,5,29345,146725
14993,2024-02-25,1090,1957,5610,1,43228,43228
14994,2024-09-05,1021,1051,8315,3,48395,145185
14995,2024-08-09,1021,1756,8190,5,49731,248655
14996,2024-11-20,1035,1465,6760,5,12535,62675
14997,2024-10-19,1095,1684,7319,7,49669,347683
14998,2024-09-05,1090,1892,5546,5,21617,108085
14999,2024-08-01,1070,1098,7403,9,36609,329481
15000,2024-10-24,1049,1180,7418,8,20722,165776
15001,2024-06-06,1075,1035,9397,5,18947,94735
15002,2024-04-03,1079,1434,7997,6,46514,279084
15003,2024-10-04,1068,1529,6094,7,47282,330974
15004,2024-06-14,1034,1523,7691,7,30324,212268
15005,2024-02-25,1008,1312,6099,9,5511,49599
15006,2024-11-29,1028,1625,8245,3,17722,53166
15007,2024-12-17,1026,1429,5837,5,4967,24835
15008,2024-03-22,1056,1216,7283,7,32225,225575
15009,2024-02-03,1095,1995,5902,6,43532,261192
15010,2024-03-03,1073,1383,9963,4,26627,106508
15011,2024-01-02,1088,1040,5677,4,45320,181280
15012,2024-07-08,1058,1888,7083,5,41201,206005
15013,2024-02-12,1041,1761,8511,3,7024,21072
15014,2024-04-04,1052,1628,6046,5,30016,150080
15015,2024-09-30,1037,1502,5219,2,23939,47878
15016,2024-05-27,1088,1019,7075,8,35500,284000
15017,2024-01-07,1003,1123,8616,1,1072,1072
15018,2024-08-01,1051,1623,7598,2,30533,61066
15019,2024-11-03,1043,1714,7236,8,17492,139936
15020,2024-10-19,1022,1121,7903,5,36164,180820
15021,2024-04-07,1073,1147,9794,2,27479,54958
15022,2024-10-28,1069,1608,9303,7,9796,68572
15023,2024-12-24,1076,1649,8693,2,38461,76922
15024,2024-02-11,1094,1061,5652,3,18640,55920
15025,2024-11-11,1068,1063,7272,3,22508,67524
15026,2024-08-29,1059,1216,7999,8,32225,257800
15027,2024-04-13,1003,1713,5726,2,41673,83346
15028,2024-09-03,1002,1023,9026,7,44687,312809
15029,2024-12-01,1093,1808,5817,9,48290,434610
15030,2024-03-18,1022,1416,8238,5,31717,158585
15031,2024-05-03,1036,1417,8553,1,19285,19285
15032,2024-02-01,1017,1954,7216,5,6284,31420
15033,2024-06-15,1098,1718,8268,3,27095,81285
15034,2024-10-08,1004,1999,7618,7,13099,91693
15035,2024-01-30,1040,1855,9796,1,13215,13215
15036,2024-09-10,1091,1846,5747,7,36452,255164
15037,2024-06-17,1037,1752,5182,8,34734,277872
15038,2024-12-24,1046,1649,9483,3,38461,115383
15039,2024-02-01,1081,1772,8274,9,19114,172026
15040,2024-07-02,1071,1981,9594,8,34989,279912
15041,2024-02-22,1011,1676,6178,9,48059,432531
15042,2024-12-02,1029,1373,8990,1,46367,46367
15043,2024-05-28,1085,1286,6622,8,17612,140896
15044,2024-03-16,1005,1662,5524,9,48902,440118
15045,2024-03-09,1060,1766,6860,3,27620,82860
15046,2024-09-30,1093,1522,5479,6,22022,132132
15047,2024-08-16,1071,1073,8559,4,21448,85792
15048,2024-02-06,1063,1885,8278,4,47126,188504
15049,2024-05-14,1092,1994,6102,6,20080,120480
15050,2024-03-01,1094,1661,6851,5,6026,30130
15051,2024-05-10,1068,1232,7361,8,5990,47920
15052,2024-01-01,1010,1895,9415,7,11889,83223
15053,2024-02-29,1061,1373,6185,8,46367,370936
15054,2024-11-22,1016,1981,7691,3,34989,104967
15055,2024-12-12,1076,1292,8148,5,11161,55805
15056,2024-01-31,1019,1538,9572,5,19863,99315
15057,2024-09-20,1094,1000,8809,2,16915,33830
15058,2024-01-07,1025,1446,7739,5,30661,153305
15059,2024-05-14,1091,1644,6799,6,37636,225816
15060,2024-01-20,1058,1010,7515,7,28915,202405
15061,2024-11-22,1024,1736,5783,5,18372,91860
15062,2024-05-21,1017,1335,7519,9,3890,35010
15063,2024-05-22,1095,1423,5147,5,34420,172100
15064,2024-07-28,1028,1477,5839,2,21533,43066
15065,2024-05-04,1066,1539,5284,8,27190,217520
15066,2024-11-16,1034,1284,8858,7,10530,73710
15067,2024-12-19,1014,1143,9644,8,20598,164784
15068,2024-01-03,1050,1896,5126,8,15350,122800
15069,2024-05-10,1002,1318,9659,5,825,4125
15070,2024-03-15,1020,1455,6598,2,22058,44116
15071,2024-11-19,1060,1003,8462,5,32717,163585
15072,2024-06-08,1002,1562,9662,3,23549,70647
15073,2024-09-28,1052,1099,7056,9,9440,84960
15074,2024-01-17,1034,1381,5519,5,40684,203420
15075,2024-12-21,1049,1700,9196,7,3129,21903
15076,2024-02-01,1007,1081,5455,4,4617,18468
15077,2024-06-03,1047,1722,7327,6,26176,157056
15078,2024-04-21,1002,1355,9417,4,22902,91608
15079,2024-04-07,1053,1840,8120,6,38361,230166
15080,2024-09-17,1074,1281,8695,4,13443,53772
15081,2024-12-10,1001,1641,9804,2,44537,89074
15082,2024-04-01,1032,1450,9172,9,40929,368361
15083,2024-05-25,1071,1219,6126,8,3847,30776
15084,2024-01-03,1011,1044,6658,4,13635,54540
15085,2024-10-10,1018,1315,7971,6,22438,134628
15086,2024-10-16,1017,1915,8593,6,41528,249168
15087,2024-12-07,1049,1530,5817,3,12245,36735
15088,2024-10-12,1084,1722,8657,5,26176,130880
15089,2024-02-17,1021,1104,7577,4,16595,66380
15090,2024-03-05,1029,1804,5009,7,41212,288484
15091,2024-08-08,1081,1654,9052,5,28483,142415
15092,2024-05-26,1005,1122,9673,6,38948,233688
15093,2024-06-28,1000,1488,7056,2,7777,15554
15094,2024-10-23,1008,1197,6662,5,29164,145820
15095,2024-12-14,1051,1873,6775,9,7298,65682
15096,2024-12-18,1079,1247,8621,8,27343,218744
15097,2024-03-21,1028,1832,8718,3,9042,27126
15098,2024-12-23,1061,1268,6689,4,12176,48704
15099,2024-07-11,1028,1567,9211,4,16301,65204
15100,2024-10-23,1004,1880,6063,7,9382,65674
15101,2024-05-02,1082,1109,6380,7,24236,169652
15102,2024-10-15,1021,1184,7658,8,22270,178160
15103,2024-08-15,1048,1002,8757,1,45041,45041
15104,2024-03-22,1007,1812,7021,3,38891,116673
15105,2024-03-24,1081,1760,5070,9,32575,293175
15106,2024-08-30,1077,1327,5677,4,23073,92292
15107,2024-08-02,1067,1214,8798,6,48861,293166
15108,2024-06-22,1039,1667,5881,5,49111,245555
15109,2024-12-11,1090,1288,5476,3,48434,145302
15110,2024-11-22,1023,1374,9020,9,2364,21276
15111,2024-04-14,1093,1865,9533,2,10059,20118
15112,2024-02-26,1075,1097,5148,5,23379,116895
15113,2024-10-02,1012,1280,7281,1,33453,33453
15114,2024-06-17,1049,1829,9164,2,7115,14230
15115,2024-08-26,1044,1872,7215,5,44686,223430
15116,2024-03-15,1003,1891,6460,9,40663,365967
15117,2024-10-20,1089,1832,7287,9,9042,81378
15118,2024-10-09,1062,1746,7794,2,12256,24512
15119,2024-07-14,1064,1582,9041,7,1649,11543
15120,2024-08-05,1026,1116,7544,9,7788,70092
15121,2024-06-01,1086,1933,6871,8,25457,203656
15122,2024-09-26,1062,1155,8282,6,17655,105930
15123,2024-02-06,1010,1336,9164,7,7606,53242
15124,2024-06-26,1041,1357,7101,5,23182,115910
15125,2024-12-13,1084,1890,6794,5,3621,18105
15126,2024-07-18,1085,1111,7989,7,5511,38577
15127,2024-06-18,1091,1029,9913,2,8975,17950
15128,2024-11-05,1037,1640,8345,3,29286,87858
15129,2024-05-04,1069,1987,9866,8,23851,190808
15130,2024-06-11,1088,1099,8186,1,9440,9440
15131,2024-10-13,1061,1401,7306,2,11881,23762
15132,2024-12-19,1003,1385,6823,5,1868,9340
15133,2024-09-06,1033,1608,8090,9,9796,88164
15134,2024-08-15,1025,1326,8912,1,19525,19525
15135,2024-05-24,1053,1111,7607,2,5511,11022
15136,2024-04-22,1026,1748,8293,6,42108,252648
15137,2024-12-06,1038,1058,7231,3,28635,85905
15138,2024-12-11,1084,1945,7373,9,34368,309312
15139,2024-04-01,1020,1998,8102,3,15104,45312
15140,2024-06-29,1053,1273,8060,4,24724,98896
15141,2024-05-07,1055,1262,9308,9,25428,228852
15142,2024-10-04,1092,1188,6575,7,1419,9933
15143,2024-06-17,1097,1381,6770,5,40684,203420
15144,2024-09-15,1062,1707,5276,8,33347,266776
15145,2024-12-13,1090,1632,7509,6,20338,122028
15146,2024-03-03,1041,1656,7748,6,29309,175854
15147,2024-11-17,1025,1594,9189,4,5722,22888
15148,2024-10-28,1068,1708,7936,5,49961,249805
15149,2024-07-30,1019,1358,9725,6,11710,70260
15150,2024-08-29,1071,1182,5098,4,979,3916
15151,2024-05-15,1081,1229,9258,1,42251,42251
15152,2024-02-08,1052,1996,5041,6,35923,215538
15153,2024-12-15,1068,1012,9147,3,9686,29058
15154,2024-10-29,1067,1971,6563,3,40560,121680
15155,2024-03-08,1004,1100,5232,7,739,5173
15156,2024-02-26,1015,1451,7049,8,36487,291896
15157,2024-06-01,1008,1728,7433,7,28415,198905
15158,2024-07-19,1024,1478,6517,1,44232,44232
15159,2024-03-27,1056,1807,9176,8,25870,206960
15160,2024-11-13,1037,1142,9798,2,4911,9822
15161,2024-02-08,1007,1027,8696,7,4719,33033
15162,2024-09-04,1064,1440,5460,3,36881,110643
15163,2024-04-23,1030,1191,9417,6,39493,236958
15164,2024-07-22,1032,1758,5184,4,22329,89316
15165,2024-07-24,1054,1202,8123,6,24530,147180
15166,2024-05-14,1068,1220,7009,6,8580,51480
15167,2024-12-16,1081,1122,5410,3,38948,116844
15168,2024-09-18,1035,1132,8828,1,12777,12777
15169,2024-05-02,1083,1829,5625,3,7115,21345
15170,2024-03-23,1023,1234,7468,4,42706,170824
15171,2024-07-31,1060,1169,7272,5,42589,212945
15172,2024-10-01,1082,1833,6976,3,41918,125754
15173,2024-06-23,1027,1019,6052,2,35500,71000
15174,2024-10-01,1059,1597,7627,7,49267,344869
15175,2024-08-23,1093,1935,9463,8,11166,89328
15176,2024-02-03,1078,1922,6445,8,37919,303352
15177,2024-06-19,1072,1916,8503,5,8770,43850
15178,2024-05-20,1038,1632,6528,5,20338,101690
15179,2024-01-25,1030,1275,8815,8,23643,189144
15180,2024-04-06,1000,1799,5120,8,30315,242520
15181,2024-11-07,1012,1693,5780,7,46937,328559
15182,2024-01-21,1099,1035,8256,3,18947,56841
15183,2024-10-16,1065,1953,5772,4,49515,198060
15184,2024-04-19,1041,1111,8061,8,5511,44088
15185,2024-10-07,1036,1877,8866,2,17633,35266
15186,2024-03-22,1056,1578,5266,3,20107,60321
15187,2024-04-16,1034,1199,6022,6,26798,160788
15188,2024-09-23,1036,1541,6332,2,8122,16244
15189,2024-10-01,1074,1707,8522,3,33347,100041
15190,2024-06-25,1081,1134,9970,9,15538,139842
15191,2024-10-12,1019,1121,7274,3,36164,108492
15192,2024-04-18,1065,1663,8814,7,20785,145495
15193,2024-02-07,1087,1264,5261,6,44587,267522
15194,2024-09-27,1079,1289,8930,2,7223,14446
15195,2024-11-26,1022,1994,7011,2,20080,40160
15196,2024-08-03,1054,1712,8222,2,6005,12010
15197,2024-11-11,1056,1566,7693,2,26408,52816
15198,2024-05-11,1049,1870,7720,8,27483,219864
15199,2024-12-04,1037,1627,5845,8,31217,249736
15200,2024-08-08,1046,1590,9084,4,33854,135416
15201,2024-09-26,1092,1368,5883,3,6152,18456
15202,2024-12-02,1029,1523,8586,8,30324,242592
15203,2024-09-20,1067,1503,7663,9,8683,78147
15204,2024-03-17,1092,1057,5402,3,43305,129915
15205,2024-08-02,1042,1504,5410,6,8482,50892
15206,2024-04-02,1026,1442,6969,4,3589,14356
15207,2024-05-18,1096,1579,7980,3,14373,43119
15208,2024-03-20,1081,1784,9537,9,46867,421803
15209,2024-02-19,1063,1200,6522,9,7898,71082
15210,2024-08-23,1005,1734,7863,9,12138,109242
15211,2024-12-08,1095,1413,6639,5,1323,6615
15212,2024-11-27,1030,1756,9456,7,49731,348117
15213,2024-10-20,1075,1446,6985,5,30661,153305
15214,2024-05-31,1086,1445,5269,2,36864,73728
15215,2024-04-04,1028,1957,8248,2,43228,86456
15216,2024-06-14,1002,1741,6079,6,4007,24042
15217,2024-11-16,1096,1529,6179,8,47282,378256
15218,2024-03-30,1091,1404,7572,8,35565,284520
15219,2024-01-17,1081,1208,8547,8,10999,87992
15220,2024-12-21,1085,1674,5236,1,33184,33184
15221,2024-08-16,1019,1400,5894,2,44818,89636
15222,2024-10-09,1079,1976,9782,5,47842,239210
15223,2024-12-10,1057,1600,5452,6,5061,30366
15224,2024-08-09,1056,1181,5225,9,18789,169101
15225,2024-08-20,1070,1972,8690,1,2059,2059
15226,2024-10-07,1003,1151,5934,2,42146,84292
15227,2024-12-23,1041,1014,5382,6,45125,270750
15228,2024-12-17,1033,1340,9287,9,27410,246690
15229,2024-07-22,1099,1251,9446,6,38765,232590
15230,2024-11-09,1017,1587,7866,2,18360,36720
15231,2024-09-13,1096,1525,5192,3,47466,142398
15232,2024-10-03,1064,1686,5625,4,14321,57284
15233,2024-09-13,1024,1365,9309,8,31461,251688
15234,2024-06-07,1044,1091,7287,9,20537,184833
15235,2024-11-12,1013,1216,8176,3,32225,96675
15236,2024-09-15,1010,1091,8472,6,20537,123222
15237,2024-07-21,1051,1286,6187,4,17612,70448
15238,2024-06-24,1007,1099,6715,7,9440,66080
15239,2024-03-22,1059,1975,6805,7,47572,333004
15240,2024-01-25,1041,1057,6808,2,43305,86610
15241,2024-01-18,1015,1679,7587,9,27192,244728
15242,2024-10-10,1038,1445,7164,7,36864,258048
15243,2024-09-16,1094,1181,6925,6,18789,112734
15244,2024-04-25,1041,1508,8118,9,42795,385155
15245,2024-05-28,1017,1699,8507,2,48296,96592
15246,2024-11-21,1006,1860,7805,7,6957,48699
15247,2024-01-21,1003,1394,6989,4,29500,118000
15248,2024-04-03,1095,1153,6492,9,13885,124965
15249,2024-05-27,1094,1794,7768,5,42419,212095
15250,2024-05-05,1073,1285,5458,1,48772,48772
15251,2024-08-11,1029,1820,7022,9,13281,119529
15252,2024-04-30,1049,1292,7052,4,11161,44644
15253,2024-05-07,1098,1770,9702,2,23712,47424
15254,2024-10-13,1044,1755,7127,7,46322,324254
15255,2024-12-21,1030,1073,8741,4,21448,85792
15256,2024-06-01,1094,1351,5920,5,33002,165010
15257,2024-11-20,1045,1068,8275,5,5986,29930
15258,2024-07-18,1053,1648,6602,1,36724,36724
15259,2024-09-29,1045,1153,8141,6,13885,83310
15260,2024-05-27,1096,1418,7671,8,31957,255656
15261,2024-10-27,1004,1324,6915,8,44675,357400
15262,2024-08-08,1009,1847,9289,8,21621,172968
15263,2024-08-15,1022,1460,9207,2,21400,42800
15264,2024-11-01,1006,1733,6730,9,22721,204489
15265,2024-06-27,1057,1138,8992,9,32156,289404
15266,2024-04-07,1046,1120,9762,4,32482,129928
15267,2024-04-25,1091,1925,7522,9,43646,392814
15268,2024-05-02,1020,1880,6110,3,9382,28146
15269,2024-10-11,1030,1916,6288,4,8770,35080
15270,2024-07-13,1026,1259,6980,2,28140,56280
15271,2024-08-27,1028,1144,5268,7,27045,189315
15272,2024-08-02,1009,1992,9585,8,28885,231080
15273,2024-01-03,1071,1502,8374,6,23939,143634
15274,2024-09-04,1008,1955,7538,5,2126,10630
15275,2024-09-18,1010,1670,6612,5,34870,174350
15276,2024-06-16,1021,1517,5116,3,10125,30375
15277,2024-11-27,1089,1736,7565,5,18372,91860
15278,2024-09-17,1049,1115,6923,1,7215,7215
15279,2024-01-03,1039,1550,7072,3,21581,64743
15280,2024-09-16,1065,1106,5211,3,6893,20679
15281,2024-08-03,1062,1629,9424,1,30242,30242
15282,2024-09-17,1018,1041,5584,6,15850,95100
15283,2024-02-26,1015,1817,8368,7,37686,263802
15284,2024-12-20,1003,1538,7667,9,19863,178767
15285,2024-06-18,1048,1216,8922,6,32225,193350
15286,2024-03-23,1037,1617,6859,5,32507,162535
15287,2024-07-18,1006,1082,5055,3,15855,47565
15288,2024-06-04,1054,1897,9562,5,10068,50340
15289,2024-11-06,1013,1320,8889,8,1053,8424
15290,2024-10-05,1075,1269,5043,6,48594,291564
15291,2024-05-14,1084,1107,6541,7,3873,27111
15292,2024-10-20,1033,1014,9974,2,45125,90250
15293,2024-07-23,1020,1946,5498,3,13860,41580
15294,2024-12-30,1035,1661,8272,8,6026,48208
15295,2024-07-03,1062,1825,7168,2,42104,84208
15296,2024-03-25,1041,1848,5005,6,48505,291030
15297,2024-10-19,1048,1701,9132,4,9978,39912
15298,2024-05-17,1070,1945,9321,8,34368,274944
15299,2024-08-05,1084,1680,5743,1,33510,33510
15300,2024-04-15,1009,1799,9244,3,30315,90945
15301,2024-02-26,1020,1160,6257,4,7558,30232
15302,2024-04-01,1079,1448,9954,7,41404,289828
15303,2024-09-28,1062,1808,5090,5,48290,241450
15304,2024-02-28,1088,1082,6752,2,15855,31710
15305,2024-09-15,1076,1613,7081,9,4901,44109
15306,2024-07-11,1049,1379,9244,1,14314,14314
15307,2024-04-26,1026,1114,9735,2,15305,30610
15308,2024-07-13,1007,1241,6946,1,28258,28258
15309,2024-06-06,1029,1058,7459,2,28635,57270
15310,2024-10-01,1094,1098,7051,1,36609,36609
15311,2024-12-18,1070,1441,9399,8,13301,106408
15312,2024-10-01,1029,1387,8878,7,24362,170534
15313,2024-02-05,1017,1074,6727,1,25817,25817
15314,2024-04-21,1022,1240,8766,8,46264,370112
15315,2024-08-16,1037,1514,5106,5,38722,193610
15316,2024-07-15,1029,1374,9291,9,2364,21276
15317,2024-11-11,1029,1065,8377,3,27731,83193
15318,2024-10-16,1071,1803,7966,4,2103,8412
15319,2024-07-01,1075,1662,8255,4,48902,195608
15320,2024-09-10,1073,1906,9360,1,31220,31220
15321,2024-08-26,1070,1162,5359,3,28996,86988
15322,2024-10-24,1038,1246,6143,4,41163,164652
15323,2024-02-11,1016,1761,8100,4,7024,28096
15324,2024-03-28,1095,1284,8590,3,10530,31590
15325,2024-06-24,1068,1316,7449,8,6510,52080
15326,2024-10-04,1084,1189,5795,6,43361,260166
15327,2024-12-08,1094,1006,9636,4,10159,40636
15328,2024-10-23,1051,1530,9780,2,12245,24490
15329,2024-10-06,1078,1325,6808,8,30607,244856
15330,2024-11-02,1012,1088,6023,3,35817,107451
15331,2024-02-02,1006,1719,9496,2,21210,42420
15332,2024-01-28,1087,1890,7902,1,3621,3621
15333,2024-07-27,1067,1829,8525,7,7115,49805
15334,2024-03-30,1059,1278,8959,1,20117,20117
15335,2024-03-22,1082,1820,6518,2,13281,26562
15336,2024-09-04,1045,1906,7890,7,31220,218540
15337,2024-11-30,1034,1864,7349,3,47551,142653
15338,2024-12-23,1028,1071,9676,5,22516,112580
15339,2024-07-09,1099,1483,6695,4,15452,61808
15340,2024-10-04,1033,1506,7116,4,8031,32124
15341,2024-01-18,1007,1881,9821,4,23705,94820
15342,2024-07-31,1065,1216,7496,1,32225,32225
15343,2024-07-29,1003,1546,7941,5,14661,73305
15344,2024-01-02,1065,1908,6586,9,19831,178479
15345,2024-04-03,1093,1453,5334,4,11202,44808
15346,2024-12-10,1056,1994,8402,5,20080,100400
15347,2024-10-21,1092,1109,9022,3,24236,72708
15348,2024-01-17,1003,1828,9827,9,29328,263952
15349,2024-08-26,1084,1166,5144,2,5115,10230
15350,2024-01-16,1072,1497,6697,2,48099,96198
15351,2024-06-03,1065,1579,8003,1,14373,14373
15352,2024-06-25,1019,1748,7747,2,42108,84216
15353,2024-05-10,1096,1426,6751,2,39924,79848
15354,2024-10-24,1054,1383,7241,6,26627,159762
15355,2024-03-03,1005,1425,9360,7,7600,53200
15356,2024-10-11,1028,1783,7211,2,11628,23256
15357,2024-05-09,1079,1888,7524,7,41201,288407
15358,2024-12-28,1099,1266,6055,5,36360,181800
15359,2024-04-13,1004,1599,9826,1,40351,40351
15360,2024-09-26,1036,1717,8878,4,30572,122288
15361,2024-09-24,1008,1359,9567,9,44846,403614
15362,2024-10-06,1095,1062,7906,8,36031,288248
15363,2024-01-28,1036,1967,5063,2,16262,32524
15364,2024-08-04,1097,1374,9007,4,2364,9456
15365,2024-12-22,1038,1477,5095,6,21533,129198
15366,2024-05-13,1062,1286,9204,1,17612,17612
15367,2024-10-12,1056,1453,8435,3,11202,33606
15368,2024-02-03,1039,1279,9949,1,11937,11937
15369,2024-07-29,1092,1694,9841,9,34535,310815
15370,2024-07-04,1063,1896,5735,7,15350,107450
15371,2024-11-26,1094,1933,6402,4,25457,101828
15372,2024-06-29,1002,1511,9218,8,13714,109712
15373,2024-09-28,1042,1951,8776,9,40345,363105
15374,2024-07-03,1024,1685,9864,3,18169,54507
15375,2024-01-27,1054,1468,5553,2,46406,92812
15376,2024-04-21,1035,1133,9066,7,6079,42553
15377,2024-10-31,1057,1846,5145,3,36452,109356
15378,2024-05-16,1076,1927,9314,3,22546,67638
15379,2024-01-26,1018,1849,5884,3,24995,74985
15380,2024-09-18,1058,1878,7725,5,12486,62430
15381,2024-05-14,1015,1863,5386,8,7895,63160
15382,2024-09-25,1093,1651,9722,1,7713,7713
15383,2024-06-25,1098,1970,6637,6,42331,253986
15384,2024-01-10,1001,1033,9371,7,37115,259805
15385,2024-10-25,1064,1065,6862,1,27731,27731
15386,2024-04-19,1058,1171,6156,7,22950,160650
15387,2024-04-21,1047,1853,6816,2,6923,13846
15388,2024-04-10,1002,1532,7281,1,5634,5634
15389,2024-09-30,1025,1709,5052,4,38108,152432
15390,2024-09-23,1091,1005,7955,2,37773,75546
15391,2024-09-22,1090,1779,7357,9,7968,71712
15392,2024-06-04,1013,1643,7282,8,2600,20800
15393,2024-07-31,1023,1518,9948,4,39383,157532
15394,2024-11-04,1034,1587,9056,7,18360,128520
15395,2024-02-23,1097,1733,5578,8,22721,181768
15396,2024-06-01,1087,1840,7950,9,38361,345249
15397,2024-09-18,1005,1518,9867,5,39383,196915
15398,2024-12-27,1061,1239,8843,4,34453,137812
15399,2024-10-15,1094,1046,7089,8,36237,289896
15400,2024-11-20,1092,1789,9678,3,34717,104151
15401,2024-08-13,1035,1154,7068,2,48402,96804
15402,2024-04-05,1028,1251,6402,3,38765,116295
15403,2024-06-22,1012,1738,6545,6,49097,294582
15404,2024-12-09,1007,1549,8426,8,27258,218064
15405,2024-07-23,1014,1087,7540,3,46213,138639
15406,2024-02-24,1032,1269,9698,2,48594,97188
15407,2024-08-22,1088,1679,8792,8,27192,217536
15408,2024-07-16,1015,1355,7962,5,22902,114510
15409,2024-08-13,1084,1716,5969,8,9795,78360
15410,2024-11-02,1051,1612,7090,4,33404,133616
15411,2024-10-07,1080,1115,7649,6,7215,43290
15412,2024-04-14,1033,1049,5903,6,41768,250608
15413,2024-10-05,1076,1458,8763,1,20521,20521
15414,2024-06-26,1033,1031,5742,5,20744,103720
15415,2024-10-28,1042,1836,9427,2,27761,55522
15416,2024-07-23,1060,1208,5565,2,10999,21998
15417,2024-08-07,1078,1193,8959,8,13641,109128
15418,2024-05-20,1021,1991,6703,2,22166,44332
15419,2024-05-24,1050,1086,9252,1,36079,36079
15420,2024-01-14,1003,1260,7073,8,29907,239256
15421,2024-06-06,1048,1633,7479,5,48943,244715
15422,2024-04-14,1038,1807,9707,2,25870,51740
15423,2024-08-17,1086,1677,6192,8,26853,214824
15424,2024-10-15,1076,1967,8319,2,16262,32524
15425,2024-04-29,1071,1474,7673,9,19681,177129
15426,2024-06-30,1000,1765,9596,1,5423,5423
15427,2024-07-03,1040,1189,5202,3,43361,130083
15428,2024-08-04,1049,1257,9061,8,42754,342032
15429,2024-01-31,1080,1807,5052,9,25870,232830
15430,2024-10-05,1016,1504,5748,1,8482,8482
15431,2024-08-12,1007,1503,6201,3,8683,26049
15432,2024-11-05,1066,1582,7787,9,1649,14841
15433,2024-06-23,1092,1231,5759,2,28799,57598
15434,2024-06-25,1085,1433,8552,5,38607,193035
15435,2024-03-24,1065,1405,6004,2,18631,37262
15436,2024-02-25,1001,1902,7462,6,2590,15540
15437,2024-04-01,1016,1892,7817,2,21617,43234
15438,2024-01-08,1072,1494,7763,5,9181,45905
15439,2024-05-29,1032,1584,8281,6,2958,17748
15440,2024-03-02,1092,1237,8911,9,26610,239490
15441,2024-02-23,1092,1762,5962,8,49256,394048
15442,2024-06-11,1053,1364,8255,8,29527,236216
15443,2024-04-28,1069,1418,9256,8,31957,255656
15444,2024-04-17,1005,1357,5158,8,23182,185456
15445,2024-12-09,1051,1023,7499,1,44687,44687
15446,2024-09-27,1044,1163,9374,8,2749,21992
15447,2024-04-23,1000,1820,5100,1,13281,13281
15448,2024-08-24,1079,1209,8838,8,6529,52232
15449,2024-09-17,1050,1618,6826,3,24746,74238
15450,2024-01-17,1010,1921,6396,1,38414,38414
15451,2024-04-01,1021,1230,6253,9,32906,296154
15452,2024-04-26,1033,1462,8776,4,37828,151312
15453,2024-12-23,1000,1311,8970,3,10683,32049
15454,2024-08-06,1076,1853,9317,9,6923,62307
15455,2024-05-28,1048,1600,6657,2,5061,10122
15456,2024-12-22,1048,1554,7331,4,38592,154368
15457,2024-02-20,1041,1600,8151,3,5061,15183
15458,2024-02-23,1091,1808,5116,8,48290,386320
15459,2024-05-18,1048,1600,9975,6,5061,30366
15460,2024-06-06,1012,1933,8267,2,25457,50914
15461,2024-12-11,1093,1472,5534,9,2624,23616
15462,2024-08-24,1099,1774,7407,3,29223,87669
15463,2024-04-22,1067,1807,9347,6,25870,155220
15464,2024-10-18,1013,1759,7966,9,37811,340299
15465,2024-12-11,1035,1875,9529,1,18669,18669
15466,2024-08-21,1055,1919,5590,6,46155,276930
15467,2024-04-29,1086,1594,7816,9,5722,51498
15468,2024-03-31,1068,1149,8940,9,48477,436293
15469,2024-07-28,1045,1301,5535,2,48841,97682
15470,2024-08-15,1014,1022,5497,6,13322,79932
15471,2024-04-07,1086,1595,7412,2,37237,74474
15472,2024-11-11,1007,1510,8788,7,42356,296492
15473,2024-03-30,1055,1339,5933,4,20066,80264
15474,2024-10-04,1010,1646,9279,9,48691,438219
15475,2024-01-24,1070,1929,7333,8,18907,151256
15476,2024-03-15,1022,1394,6875,6,29500,177000
15477,2024-11-11,1044,1938,6000,4,32588,130352
15478,2024-05-28,1026,1327,8957,3,23073,69219
15479,2024-12-01,1030,1357,9092,9,23182,208638
15480,2024-06-12,1046,1394,9516,6,29500,177000
15481,2024-01-07,1065,1810,7767,3,25598,76794
15482,2024-02-22,1094,1280,8220,4,33453,133812
15483,2024-06-04,1060,1030,6649,8,11779,94232
15484,2024-10-06,1007,1740,5837,4,44595,178380
15485,2024-11-04,1064,1255,9841,4,37214,148856
15486,2024-09-25,1024,1921,8198,9,38414,345726
15487,2024-11-29,1016,1457,6993,3,28063,84189
15488,2024-04-04,1029,1992,6758,2,28885,57770
15489,2024-11-23,1023,1326,7693,7,19525,136675
15490,2024-01-01,1094,1483,9856,1,15452,15452
15491,2024-12-25,1051,1172,9022,3,24196,72588
15492,2024-04-24,1062,1185,5819,3,21727,65181
15493,2024-12-02,1060,1575,8672,7,43374,303618
15494,2024-02-10,1076,1275,6363,7,23643,165501
15495,2024-07-05,1057,1846,9834,9,36452,328068
15496,2024-09-25,1078,1591,9544,2,16102,32204
15497,2024-01-27,1089,1866,6438,6,18556,111336
15498,2024-05-02,1031,1189,7300,7,43361,303527
15499,2024-02-09,1034,1444,5973,2,45664,91328
15500,2024-08-06,1015,1980,7114,1,32515,32515
15501,2024-09-10,1008,1821,7811,3,34667,104001
15502,2024-07-04,1018,1802,8407,5,28913,144565
15503,2024-03-16,1039,1615,9557,3,6923,20769
15504,2024-02-21,1039,1367,6602,2,39768,79536
15505,2024-07-23,1045,1801,5488,6,6074,36444
15506,2024-12-01,1002,1358,9875,8,11710,93680
15507,2024-10-16,1025,1124,5065,4,4547,18188
15508,2024-10-30,1071,1640,9927,2,29286,58572
15509,2024-12-02,1069,1008,7346,5,21305,106525
15510,2024-06-15,1004,1104,5877,8,16595,132760
15511,2024-09-19,1084,1093,9539,9,16585,149265
15512,2024-09-18,1026,1532,6346,9,5634,50706
15513,2024-08-13,1043,1721,8102,4,49649,198596
15514,2024-11-04,1037,1021,7069,3,47038,141114
15515,2024-01-01,1071,1363,7009,1,19633,19633
15516,2024-01-29,1085,1345,9856,3,35534,106602
15517,2024-04-01,1086,1715,8196,9,3186,28674
15518,2024-04-12,1088,1926,5719,5,30655,153275
15519,2024-05-02,1070,1548,5991,5,34446,172230
15520,2024-04-11,1077,1254,9195,2,30889,61778
15521,2024-12-19,1040,1746,5763,5,12256,61280
15522,2024-07-31,1057,1995,8398,3,43532,130596
15523,2024-06-25,1028,1431,8505,9,31367,282303
15524,2024-11-10,1080,1129,7087,2,35845,71690
15525,2024-02-14,1050,1740,9073,1,44595,44595
15526,2024-10-05,1069,1615,6391,5,6923,34615
15527,2024-10-14,1095,1655,5842,8,13830,110640
15528,2024-11-23,1062,1305,7051,1,23268,23268
15529,2024-11-26,1018,1380,8544,9,19148,172332
15530,2024-11-04,1026,1790,6026,7,23716,166012
15531,2024-10-02,1093,1379,9471,9,14314,128826
15532,2024-11-08,1052,1610,9937,7,35962,251734
15533,2024-03-06,1096,1517,7891,4,10125,40500
15534,2024-02-15,1044,1700,7209,8,3129,25032
15535,2024-01-30,1010,1803,5293,7,2103,14721
15536,2024-07-15,1009,1661,8412,6,6026,36156
15537,2024-09-19,1092,1957,8786,3,43228,129684
15538,2024-04-04,1085,1906,8449,1,31220,31220
15539,2024-02-12,1019,1481,8014,3,4017,12051
15540,2024-09-06,1018,1633,5410,7,48943,342601
15541,2024-11-30,1087,1980,8178,7,32515,227605
15542,2024-02-05,1091,1076,8355,8,49664,397312
15543,2024-05-08,1001,1684,8768,1,49669,49669
15544,2024-01-07,1039,1209,7015,8,6529,52232
15545,2024-02-13,1017,1311,9681,5,10683,53415
15546,2024-03-01,1081,1940,5737,4,45392,181568
15547,2024-01-26,1001,1683,7806,6,19210,115260
15548,2024-12-28,1046,1861,9484,6,42303,253818
15549,2024-12-28,1048,1104,7870,3,16595,49785
15550,2024-04-30,1022,1215,5093,8,4791,38328
15551,2024-06-06,1046,1640,7239,5,29286,146430
15552,2024-09-13,1078,1228,6682,2,15383,30766
15553,2024-03-03,1088,1795,6476,3,17544,52632
15554,2024-09-27,1044,1515,8129,9,43934,395406
15555,2024-11-06,1081,1387,9753,8,24362,194896
15556,2024-11-08,1020,1333,8314,2,7601,15202
15557,2024-04-26,1046,1714,7710,8,17492,139936
15558,2024-10-02,1031,1086,6667,1,36079,36079
15559,2024-12-10,1018,1493,7657,1,14518,14518
15560,2024-06-26,1017,1459,6308,3,45945,137835
15561,2024-04-26,1023,1239,9357,5,34453,172265
15562,2024-06-12,1046,1313,9693,9,45684,411156
15563,2024-08-30,1029,1110,9858,4,40173,160692
15564,2024-06-13,1092,1553,8472,8,37224,297792
15565,2024-06-22,1084,1767,7360,7,38045,266315
15566,2024-04-28,1020,1195,7079,3,16449,49347
15567,2024-08-24,1047,1448,6972,9,41404,372636
15568,2024-06-03,1065,1754,7778,6,47803,286818
15569,2024-05-26,1044,1551,9806,4,38769,155076
15570,2024-03-23,1000,1253,5546,4,29095,116380
15571,2024-09-28,1021,1073,5538,5,21448,107240
15572,2024-11-05,1055,1902,8234,2,2590,5180
15573,2024-07-31,1039,1641,9113,5,44537,222685
15574,2024-08-12,1037,1726,9445,8,43660,349280
15575,2024-08-21,1018,1289,7575,9,7223,65007
15576,2024-12-16,1018,1885,8742,4,47126,188504
15577,2024-06-10,1065,1631,8388,4,42058,168232
15578,2024-03-19,1092,1818,7424,8,15797,126376
15579,2024-06-27,1086,1779,7277,3,7968,23904
15580,2024-10-18,1046,1242,9477,3,37781,113343
15581,2024-05-06,1057,1823,5753,1,25362,25362
15582,2024-06-29,1056,1843,7849,6,12479,74874
15583,2024-03-30,1047,1236,6152,2,31314,62628
15584,2024-04-03,1090,1783,9579,4,11628,46512
15585,2024-03-29,1044,1135,6515,9,18375,165375
15586,2024-09-24,1086,1681,8779,7,1693,11851
15587,2024-09-05,1091,1517,9735,8,10125,81000
15588,2024-06-29,1027,1462,8385,2,37828,75656
15589,2024-03-01,1059,1432,6516,3,49935,149805
15590,2024-05-26,1004,1138,5171,1,32156,32156
15591,2024-04-28,1017,1957,6929,3,43228,129684
15592,2024-07-02,1093,1157,9397,4,43351,173404
15593,2024-09-21,1087,1905,7922,2,12590,25180
15594,2024-10-07,1036,1598,8431,7,16790,117530
15595,2024-02-23,1079,1529,6740,3,47282,141846
15596,2024-04-21,1092,1829,8576,6,7115,42690
15597,2024-06-23,1093,1520,7744,2,12581,25162
15598,2024-10-23,1024,1584,9773,2,2958,5916
15599,2024-06-27,1037,1625,8435,6,17722,106332
15600,2024-02-19,1000,1133,5271,4,6079,24316
15601,2024-04-26,1039,1079,7470,2,49659,99318
15602,2024-01-27,1054,1843,8424,8,12479,99832
15603,2024-11-06,1094,1641,5666,7,44537,311759
15604,2024-07-09,1038,1464,9991,7,22820,159740
15605,2024-12-28,1094,1921,5879,7,38414,268898
15606,2024-06-11,1096,1776,9815,4,20535,82140
15607,2024-01-06,1075,1772,7588,8,19114,152912
15608,2024-07-09,1024,1603,5295,3,11930,35790
15609,2024-01-18,1022,1349,9705,4,35167,140668
15610,2024-06-07,1042,1144,5108,5,27045,135225
15611,2024-11-03,1047,1829,5793,1,7115,7115
15612,2024-05-23,1091,1558,7442,9,17360,156240
15613,2024-07-13,1096,1294,9963,3,10146,30438
15614,2024-08-17,1037,1127,7217,1,31246,31246
15615,2024-07-08,1089,1826,8247,1,23187,23187
15616,2024-12-02,1023,1466,6537,1,38377,38377
15617,2024-06-28,1004,1773,9699,8,29210,233680
15618,2024-05-12,1059,1707,6280,6,33347,200082
15619,2024-07-26,1016,1491,5133,7,27282,190974
15620,2024-05-24,1036,1370,6526,6,43867,263202
15621,2024-06-07,1014,1765,5291,1,5423,5423
15622,2024-09-28,1065,1165,5526,4,12521,50084
15623,2024-01-21,1097,1695,6216,6,13120,78720
15624,2024-06-17,1019,1245,8096,9,44831,403479
15625,2024-10-21,1029,1397,7637,6,20058,120348
15626,2024-10-19,1015,1847,6877,6,21621,129726
15627,2024-11-04,1043,1693,5342,3,46937,140811
15628,2024-11-25,1058,1100,7118,4,739,2956
15629,2024-10-14,1003,1671,7314,7,8793,61551
15630,2024-10-07,1030,1158,7383,2,34991,69982
15631,2024-03-04,1025,1196,9078,9,37451,337059
15632,2024-12-24,1040,1656,8365,3,29309,87927
15633,2024-08-16,1075,1003,9099,8,32717,261736
15634,2024-04-11,1001,1618,7988,3,24746,74238
15635,2024-10-20,1007,1215,7615,2,4791,9582
15636,2024-09-03,1077,1005,8175,1,37773,37773
15637,2024-04-01,1023,1447,9887,2,47197,94394
15638,2024-11-30,1039,1157,5003,6,43351,260106
15639,2024-05-15,1024,1886,9061,5,5510,27550
15640,2024-01-01,1061,1842,9519,7,21565,150955
15641,2024-11-10,1057,1602,9861,1,23417,23417
15642,2024-10-17,1070,1264,9090,7,44587,312109
15643,2024-09-02,1031,1407,6203,2,16665,33330
15644,2024-08-27,1086,1787,6253,2,1417,2834
15645,2024-09-28,1045,1012,6310,7,9686,67802
15646,2024-05-21,1025,1822,9511,6,1720,10320
15647,2024-01-05,1041,1603,5914,1,11930,11930
15648,2024-12-01,1006,1494,5546,2,9181,18362
15649,2024-10-03,1055,1734,5681,3,12138,36414
15650,2024-11-09,1046,1607,7491,3,48005,144015
15651,2024-02-26,1049,1738,6079,1,49097,49097
15652,2024-05-18,1044,1356,6671,3,10596,31788
15653,2024-11-22,1067,1274,8039,2,16051,32102
15654,2024-04-30,1043,1302,9835,5,48761,243805
15655,2024-06-25,1024,1251,8428,6,38765,232590
15656,2024-12-29,1051,1582,7031,1,1649,1649
15657,2024-06-09,1017,1834,7070,3,5098,15294
15658,2024-05-31,1006,1807,5326,3,25870,77610
15659,2024-02-07,1021,1093,6173,8,16585,132680
15660,2024-11-30,1003,1569,8619,4,25852,103408
15661,2024-02-19,1028,1030,8238,5,11779,58895
15662,2024-08-22,1087,1300,9133,7,22583,158081
15663,2024-03-29,1039,1495,7467,6,7401,44406
15664,2024-03-04,1051,1103,7454,4,47449,189796
15665,2024-07-27,1059,1309,5253,8,42072,336576
15666,2024-08-12,1040,1328,7950,7,11465,80255
15667,2024-06-15,1075,1097,6556,5,23379,116895
15668,2024-07-20,1072,1469,7893,1,18332,18332
15669,2024-05-21,1014,1410,6158,2,7197,14394
15670,2024-12-02,1076,1051,5580,3,48395,145185
15671,2024-03-18,1056,1566,6170,1,26408,26408
15672,2024-01-10,1093,1026,5600,6,36901,221406
15673,2024-09-04,1098,1864,9104,8,47551,380408
15674,2024-02-13,1034,1115,5682,2,7215,14430
15675,2024-10-22,1089,1364,9330,2,29527,59054
15676,2024-04-18,1018,1684,6294,1,49669,49669
15677,2024-07-06,1020,1426,5611,8,39924,319392
15678,2024-03-10,1084,1553,9689,1,37224,37224
15679,2024-08-19,1012,1755,6214,6,46322,277932
15680,2024-01-31,1020,1773,8477,4,29210,116840
15681,2024-10-19,1087,1303,9885,2,15182,30364
15682,2024-07-04,1025,1441,6596,4,13301,53204
15683,2024-06-19,1055,1538,8261,8,19863,158904
15684,2024-04-18,1030,1159,8596,2,31216,62432
15685,2024-04-06,1029,1677,7547,8,26853,214824
15686,2024-11-22,1023,1341,8533,2,46261,92522
15687,2024-02-07,1095,1499,6389,4,33517,134068
15688,2024-09-20,1029,1692,7464,3,7909,23727
15689,2024-10-16,1025,1972,6226,7,2059,14413
15690,2024-05-24,1081,1607,7573,8,48005,384040
15691,2024-01-17,1053,1282,7980,5,45489,227445
15692,2024-04-03,1075,1747,8620,7,11873,83111
15693,2024-12-03,1020,1295,5500,7,17383,121681
15694,2024-02-22,1022,1093,6549,6,16585,99510
15695,2024-11-15,1027,1162,8183,3,28996,86988
15696,2024-04-18,1080,1460,9425,4,21400,85600
15697,2024-02-26,1078,1629,8223,9,30242,272178
15698,2024-05-27,1022,1957,6652,5,43228,216140
15699,2024-03-01,1058,1384,9471,2,37254,74508
15700,2024-01-25,1052,1233,6965,8,15452,123616
15701,2024-03-18,1052,1154,6997,2,48402,96804
15702,2024-01-27,1033,1277,8542,3,32925,98775
15703,2024-04-08,1091,1504,8871,6,8482,50892
15704,2024-01-28,1067,1892,9398,7,21617,151319
15705,2024-05-13,1011,1622,8710,2,4400,8800
15706,2024-10-23,1001,1943,9600,9,35652,320868
15707,2024-11-10,1024,1791,7763,6,39400,236400
15708,2024-08-10,1087,1756,5343,8,49731,397848
15709,2024-11-29,1094,1150,5033,3,12925,38775
15710,2024-07-07,1067,1180,7094,7,20722,145054
15711,2024-10-31,1043,1290,9627,4,15679,62716
15712,2024-12-29,1033,1840,5860,7,38361,268527
15713,2024-12-21,1005,1922,6295,4,37919,151676
15714,2024-09-17,1094,1518,6457,1,39383,39383
15715,2024-09-23,1038,1407,8464,3,16665,49995
15716,2024-12-07,1049,1207,7411,2,29643,59286
15717,2024-08-22,1023,1127,5945,9,31246,281214
15718,2024-02-09,1088,1022,5691,6,13322,79932
15719,2024-04-23,1004,1006,8584,5,10159,50795
15720,2024-11-21,1053,1487,6286,6,11586,69516
15721,2024-06-15,1053,1311,9318,4,10683,42732
15722,2024-11-21,1009,1661,7956,1,6026,6026
15723,2024-04-19,1081,1604,5505,9,32867,295803
15724,2024-01-20,1092,1403,5823,8,38944,311552
15725,2024-08-17,1074,1996,6813,2,35923,71846
15726,2024-09-25,1093,1773,5527,9,29210,262890
15727,2024-10-31,1068,1542,8349,8,45780,366240
15728,2024-03-16,1005,1474,5116,8,19681,157448
15729,2024-09-21,1077,1616,5749,1,36027,36027
15730,2024-11-10,1015,1484,5001,2,36752,73504
15731,2024-04-25,1059,1456,9165,3,27967,83901
15732,2024-01-03,1013,1957,9289,8,43228,345824
15733,2024-01-11,1032,1344,8728,4,49389,197556
15734,2024-09-17,1068,1639,5005,1,49254,49254
15735,2024-05-31,1039,1887,6408,5,23165,115825
15736,2024-07-16,1077,1041,6235,6,15850,95100
15737,2024-03-22,1039,1613,8720,5,4901,24505
15738,2024-05-04,1008,1224,5543,2,47220,94440
15739,2024-08-17,1090,1524,6168,8,28156,225248
15740,2024-05-13,1066,1612,8574,4,33404,133616
15741,2024-03-26,1073,1922,9144,8,37919,303352
15742,2024-10-24,1047,1850,9236,8,7487,59896
15743,2024-02-12,1074,1591,8584,5,16102,80510
15744,2024-07-22,1097,1046,9972,2,36237,72474
15745,2024-10-07,1064,1440,8621,7,36881,258167
15746,2024-01-18,1009,1845,5037,2,10371,20742
15747,2024-07-09,1005,1749,7595,5,33974,169870
15748,2024-08-10,1071,1771,5610,3,3583,10749
15749,2024-12-27,1061,1614,7841,3,3468,10404
15750,2024-09-13,1030,1405,5303,1,18631,18631
15751,2024-01-15,1005,1878,7912,1,12486,12486
15752,2024-06-30,1094,1565,5167,4,28460,113840
15753,2024-02-03,1033,1740,6206,9,44595,401355
15754,2024-06-28,1092,1128,7451,5,28413,142065
15755,2024-01-02,1066,1178,6276,9,21358,192222
15756,2024-05-30,1061,1468,9607,6,46406,278436
15757,2024-04-19,1085,1113,9006,6,35234,211404
15758,2024-11-02,1011,1574,7523,3,42288,126864
15759,2024-10-28,1037,1797,8420,4,12205,48820
15760,2024-12-18,1082,1602,6113,7,23417,163919
15761,2024-04-15,1006,1493,9039,4,14518,58072
15762,2024-09-11,1063,1161,9189,2,29202,58404
15763,2024-01-14,1086,1028,5883,4,18487,73948
15764,2024-09-29,1076,1579,9160,4,14373,57492
15765,2024-05-23,1003,1710,6435,8,23031,184248
15766,2024-07-25,1020,1992,6768,8,28885,231080
15767,2024-04-16,1077,1824,7992,3,27731,83193
15768,2024-09-03,1035,1459,7708,4,45945,183780
15769,2024-08-10,1006,1288,8540,7,48434,339038
15770,2024-09-24,1076,1365,8466,5,31461,157305
15771,2024-08-12,1034,1471,5602,2,12532,25064
15772,2024-03-15,1048,1101,7060,4,34146,136584
15773,2024-02-12,1096,1704,5935,8,1705,13640
15774,2024-05-12,1010,1118,8165,2,24035,48070
15775,2024-10-09,1088,1417,9546,7,19285,134995
15776,2024-02-25,1023,1464,6583,2,22820,45640
15777,2024-07-26,1021,1103,9574,5,47449,237245
15778,2024-08-14,1042,1049,5645,2,41768,83536
15779,2024-04-13,1050,1696,6354,3,12275,36825
15780,2024-12-01,1048,1853,9004,3,6923,20769
15781,2024-03-08,1021,1816,5645,4,7498,29992
15782,2024-09-06,1078,1943,5657,4,35652,142608
15783,2024-03-31,1017,1474,6233,2,19681,39362
15784,2024-09-27,1043,1718,6546,4,27095,108380
15785,2024-01-26,1031,1590,7244,7,33854,236978
15786,2024-07-25,1057,1183,8137,1,47561,47561
15787,2024-09-08,1055,1854,5802,6,11498,68988
15788,2024-01-10,1099,1139,6249,8,29536,236288
15789,2024-04-07,1073,1730,5361,6,29338,176028
15790,2024-04-11,1008,1112,7561,8,30683,245464
15791,2024-05-15,1062,1567,8315,7,16301,114107
15792,2024-12-01,1088,1753,7699,3,43548,130644
15793,2024-08-08,1003,1231,6006,7,28799,201593
15794,2024-02-01,1037,1136,6826,5,9269,46345
15795,2024-10-03,1099,1622,8932,3,4400,13200
15796,2024-04-05,1041,1876,7410,7,12843,89901
15797,2024-10-27,1006,1924,9211,3,4448,13344
15798,2024-09-24,1041,1164,9666,2,35248,70496
15799,2024-06-24,1059,1404,9256,7,35565,248955
15800,2024-04-12,1089,1118,7229,1,24035,24035
15801,2024-07-05,1019,1512,9710,1,28420,28420
15802,2024-11-25,1062,1500,9382,5,28433,142165
15803,2024-11-21,1020,1331,9626,2,5136,10272
15804,2024-02-06,1004,1576,9376,1,8474,8474
15805,2024-07-28,1029,1666,6642,8,1437,11496
15806,2024-09-11,1062,1279,5702,1,11937,11937
15807,2024-05-10,1058,1343,8490,9,3085,27765
15808,2024-11-20,1037,1176,9660,8,43603,348824
15809,2024-04-07,1035,1545,8626,1,27448,27448
15810,2024-02-02,1037,1102,7606,7,32715,229005
15811,2024-02-05,1022,1886,6081,3,5510,16530
15812,2024-08-24,1022,1123,6257,6,1072,6432
15813,2024-01-03,1057,1824,7007,2,27731,55462
15814,2024-05-10,1047,1482,5130,1,22637,22637
15815,2024-08-07,1005,1049,7071,5,41768,208840
15816,2024-12-27,1045,1685,7661,7,18169,127183
15817,2024-06-30,1086,1265,7013,8,24102,192816
15818,2024-01-28,1014,1895,7198,5,11889,59445
15819,2024-01-26,1000,1727,8994,7,37083,259581
15820,2024-06-05,1099,1090,5702,2,47490,94980
15821,2024-01-10,1091,1262,5122,1,25428,25428
15822,2024-04-18,1073,1397,9369,1,20058,20058
15823,2024-11-13,1032,1738,9263,1,49097,49097
15824,2024-04-05,1023,1746,7629,3,12256,36768
15825,2024-05-25,1069,1398,5369,5,42762,213810
15826,2024-06-29,1013,1306,9368,8,36317,290536
15827,2024-07-28,1095,1694,8050,7,34535,241745
15828,2024-12-07,1082,1636,7740,2,25955,51910
15829,2024-05-24,1069,1363,6471,9,19633,176697
15830,2024-02-18,1083,1927,7170,6,22546,135276
15831,2024-06-02,1088,1186,7300,8,9857,78856
15832,2024-09-17,1083,1868,8891,4,42952,171808
15833,2024-11-24,1037,1328,7896,2,11465,22930
15834,2024-02-13,1010,1806,9120,8,44863,358904
15835,2024-08-23,1062,1430,8627,2,29449,58898
15836,2024-04-30,1031,1032,6501,4,4566,18264
15837,2024-09-04,1028,1544,5490,2,26010,52020
15838,2024-01-07,1029,1037,5551,5,24778,123890
15839,2024-01-20,1028,1735,7559,8,887,7096
15840,2024-07-02,1085,1532,9816,3,5634,16902
15841,2024-12-29,1010,1580,8012,2,33224,66448
15842,2024-07-18,1048,1938,5043,2,32588,65176
15843,2024-09-10,1083,1266,6455,6,36360,218160
15844,2024-09-01,1077,1476,8512,3,47171,141513
15845,2024-03-04,1090,1187,7345,5,1166,5830
15846,2024-10-25,1063,1685,6001,2,18169,36338
15847,2024-10-26,1037,1381,8746,6,40684,244104
15848,2024-06-01,1059,1455,6162,3,22058,66174
15849,2024-01-17,1067,1730,7331,7,29338,205366
15850,2024-02-08,1006,1055,8243,8,48490,387920
15851,2024-06-01,1093,1493,6151,4,14518,58072
15852,2024-12-20,1073,1808,8457,5,48290,241450
15853,2024-10-21,1006,1362,7664,5,12628,63140
15854,2024-02-08,1004,1298,6568,3,24719,74157
15855,2024-07-05,1067,1563,9771,2,37613,75226
15856,2024-08-25,1046,1303,8465,3,15182,45546
15857,2024-09-28,1035,1779,6979,5,7968,39840
15858,2024-11-04,1014,1646,6708,8,48691,389528
15859,2024-12-27,1038,1098,9921,4,36609,146436
15860,2024-06-05,1037,1555,7940,5,46509,232545
15861,2024-08-18,1035,1133,7394,8,6079,48632
15862,2024-07-12,1001,1146,5546,7,28340,198380
15863,2024-09-06,1014,1227,9330,8,46492,371936
15864,2024-09-22,1083,1873,9641,4,7298,29192
15865,2024-01-02,1054,1231,7753,2,28799,57598
15866,2024-05-20,1097,1873,8001,2,7298,14596
15867,2024-06-30,1076,1399,5216,9,10795,97155
15868,2024-01-02,1059,1394,9652,2,29500,59000
15869,2024-06-18,1024,1867,6884,1,2470,2470
15870,2024-09-26,1013,1570,5246,5,8016,40080
15871,2024-11-02,1008,1603,5507,9,11930,107370
15872,2024-12-29,1048,1891,9237,9,40663,365967
15873,2024-02-18,1034,1627,6258,6,31217,187302
15874,2024-10-11,1085,1086,9655,4,36079,144316
15875,2024-11-15,1004,1418,6266,9,31957,287613
15876,2024-10-05,1077,1059,6824,2,28820,57640
15877,2024-10-05,1016,1674,6922,4,33184,132736
15878,2024-09-28,1068,1506,6262,6,8031,48186
15879,2024-02-13,1076,1656,8251,1,29309,29309
15880,2024-02-29,1053,1166,9783,2,5115,10230
15881,2024-07-17,1046,1490,6705,2,9043,18086
15882,2024-04-18,1094,1131,8487,1,43800,43800
15883,2024-03-05,1048,1175,9579,9,18560,167040
15884,2024-06-21,1073,1454,8498,1,35458,35458
15885,2024-12-18,1061,1559,6507,1,14631,14631
15886,2024-04-07,1022,1337,9491,4,41015,164060
15887,2024-05-08,1092,1500,5466,1,28433,28433
15888,2024-09-24,1015,1875,5958,9,18669,168021
15889,2024-03-27,1080,1061,5231,8,18640,149120
15890,2024-03-29,1006,1126,6788,8,29520,236160
15891,2024-12-09,1042,1022,5585,7,13322,93254
15892,2024-08-16,1077,1187,7400,9,1166,10494
15893,2024-05-09,1043,1667,7990,7,49111,343777
15894,2024-05-11,1008,1104,5098,8,16595,132760
15895,2024-09-09,1070,1297,9624,1,7611,7611
15896,2024-04-19,1077,1739,6910,6,6045,36270
15897,2024-10-23,1079,1165,6226,3,12521,37563
15898,2024-10-20,1059,1850,6187,2,7487,14974
15899,2024-08-02,1009,1057,5548,1,43305,43305
15900,2024-11-07,1004,1446,5286,1,30661,30661
15901,2024-07-22,1050,1442,7018,1,3589,3589
15902,2024-01-24,1006,1510,9763,3,42356,127068
15903,2024-04-02,1021,1532,9160,4,5634,22536
15904,2024-06-17,1023,1994,7206,4,20080,80320
15905,2024-01-28,1041,1561,7163,6,46597,279582
15906,2024-11-13,1021,1897,8111,2,10068,20136
15907,2024-07-08,1034,1754,9954,5,47803,239015
15908,2024-09-22,1054,1336,7330,4,7606,30424
15909,2024-10-11,1002,1842,6724,6,21565,129390
15910,2024-03-03,1070,1268,9944,3,12176,36528
15911,2024-03-27,1018,1055,5499,4,48490,193960
15912,2024-01-07,1041,1219,6688,1,3847,3847
15913,2024-06-03,1045,1016,8677,5,45421,227105
15914,2024-01-20,1071,1812,5359,7,38891,272237
15915,2024-09-08,1086,1308,6913,6,49110,294660
15916,2024-12-13,1019,1087,9242,3,46213,138639
15917,2024-02-19,1032,1481,9163,7,4017,28119
15918,2024-07-07,1005,1036,9238,6,19956,119736
15919,2024-03-07,1014,1653,8066,1,11287,11287
15920,2024-12-30,1068,1112,8300,8,30683,245464
15921,2024-07-20,1077,1197,6806,1,29164,29164
15922,2024-04-08,1072,1936,8574,3,37368,112104
15923,2024-05-28,1089,1183,5608,6,47561,285366
15924,2024-06-08,1095,1939,5720,3,9982,29946
15925,2024-10-30,1030,1917,5058,9,2064,18576
15926,2024-06-14,1005,1851,6592,2,29833,59666
15927,2024-01-28,1000,1406,9789,9,23768,213912
15928,2024-07-06,1018,1683,6831,1,19210,19210
15929,2024-11-21,1014,1415,8171,7,40091,280637
15930,2024-11-09,1033,1725,5268,8,30461,243688
15931,2024-07-16,1063,1742,7839,2,589,1178
15932,2024-07-27,1082,1113,9444,6,35234,211404
15933,2024-09-22,1048,1342,5496,7,11709,81963
15934,2024-09-14,1074,1382,9397,2,43965,87930
15935,2024-09-13,1081,1505,8966,1,26109,26109
15936,2024-12-01,1087,1083,5769,3,39293,117879
15937,2024-12-11,1045,1676,7869,9,48059,432531
15938,2024-08-20,1050,1490,5591,6,9043,54258
15939,2024-07-22,1072,1813,7547,5,37973,189865
15940,2024-03-13,1010,1550,9953,6,21581,129486
15941,2024-01-13,1003,1249,9284,9,49865,448785
15942,2024-03-11,1081,1618,6385,7,24746,173222
15943,2024-01-01,1086,1417,6219,1,19285,19285
15944,2024-06-07,1040,1336,6668,2,7606,15212
15945,2024-08-03,1063,1462,9243,6,37828,226968
15946,2024-07-13,1000,1596,6703,2,6122,12244
15947,2024-11-07,1088,1121,5092,8,36164,289312
15948,2024-01-04,1008,1256,8544,6,45527,273162
15949,2024-09-09,1038,1364,9689,9,29527,265743
15950,2024-10-10,1064,1165,6429,2,12521,25042
15951,2024-10-26,1016,1865,9935,1,10059,10059
15952,2024-01-30,1066,1924,8751,4,4448,17792
15953,2024-10-18,1086,1705,5942,8,24856,198848
15954,2024-04-15,1000,1915,8068,6,41528,249168
15955,2024-05-01,1023,1041,5457,3,15850,47550
15956,2024-07-14,1076,1568,9304,7,11284,78988
15957,2024-07-21,1019,1235,9653,1,18099,18099
15958,2024-09-16,1063,1882,8439,8,11567,92536
15959,2024-09-23,1019,1844,8283,8,47045,376360
15960,2024-08-28,1075,1519,6308,3,29481,88443
15961,2024-02-22,1080,1214,6171,1,48861,48861
15962,2024-05-03,1084,1058,7514,3,28635,85905
15963,2024-03-28,1039,1751,6866,7,21523,150661
15964,2024-11-05,1087,1394,5623,2,29500,59000
15965,2024-08-31,1029,1342,7662,7,11709,81963
15966,2024-12-05,1022,1243,8093,5,43676,218380
15967,2024-02-14,1022,1547,5434,1,40936,40936
15968,2024-03-04,1055,1283,5376,8,34605,276840
15969,2024-07-04,1046,1080,9613,3,13975,41925
15970,2024-01-13,1016,1583,8348,1,12676,12676
15971,2024-07-27,1001,1512,9927,3,28420,85260
15972,2024-02-21,1087,1348,9501,6,16446,98676
15973,2024-12-03,1032,1435,8781,2,39178,78356
15974,2024-04-16,1014,1770,7914,2,23712,47424
15975,2024-01-09,1031,1268,8253,6,12176,73056
15976,2024-04-21,1033,1864,6698,4,47551,190204
15977,2024-04-29,1059,1278,7413,4,20117,80468
15978,2024-03-07,1085,1726,9396,2,43660,87320
15979,2024-03-22,1030,1289,9599,4,7223,28892
15980,2024-07-20,1014,1665,9788,2,34829,69658
15981,2024-07-03,1019,1772,7232,6,19114,114684
15982,2024-12-22,1086,1903,7632,2,25151,50302
15983,2024-06-05,1030,1592,6103,4,5973,23892
15984,2024-04-25,1001,1892,8274,8,21617,172936
15985,2024-04-23,1012,1664,7095,8,28050,224400
15986,2024-05-12,1095,1470,5468,6,27356,164136
15987,2024-09-04,1015,1438,7345,3,35923,107769
15988,2024-04-20,1014,1539,8769,2,27190,54380
15989,2024-08-19,1024,1993,5723,9,40964,368676
15990,2024-02-28,1075,1775,5848,9,23882,214938
15991,2024-10-17,1027,1746,6502,1,12256,12256
15992,2024-09-17,1011,1891,8059,9,40663,365967
15993,2024-02-19,1084,1274,9945,5,16051,80255
15994,2024-11-11,1075,1140,7719,9,18196,163764
15995,2024-09-27,1053,1921,8705,2,38414,76828
15996,2024-12-29,1057,1678,5813,7,17342,121394
15997,2024-04-12,1015,1306,6669,1,36317,36317
15998,2024-05-31,1061,1773,8396,1,29210,29210
15999,2024-01-21,1073,1268,7476,8,12176,97408
16000,2024-09-14,1009,1496,9248,8,9618,76944
16001,2024-07-29,1065,1051,5976,7,48395,338765
16002,2024-03-22,1090,1504,7616,8,8482,67856
16003,2024-01-10,1051,1246,6649,7,41163,288141
16004,2024-06-13,1029,1854,7655,8,11498,91984
16005,2024-05-30,1096,1035,8552,2,18947,37894
16006,2024-06-21,1015,1889,5570,5,24253,121265
16007,2024-03-05,1009,1106,7515,6,6893,41358
16008,2024-09-06,1014,1912,8630,8,5786,46288
16009,2024-11-12,1025,1960,7313,1,34439,34439
16010,2024-04-27,1060,1554,9010,4,38592,154368
16011,2024-05-13,1014,1140,6702,7,18196,127372
16012,2024-01-18,1005,1091,6490,8,20537,164296
16013,2024-12-12,1080,1190,7529,5,40335,201675
16014,2024-09-11,1000,1182,8875,6,979,5874
16015,2024-06-16,1086,1205,9471,8,40606,324848
16016,2024-01-17,1097,1879,6171,8,39677,317416
16017,2024-01-10,1034,1653,9141,8,11287,90296
16018,2024-08-17,1088,1710,5068,3,23031,69093
16019,2024-01-31,1000,1612,5062,3,33404,100212
16020,2024-08-02,1088,1040,9263,8,45320,362560
16021,2024-11-01,1037,1426,5679,7,39924,279468
16022,2024-12-05,1079,1702,8996,2,19011,38022
16023,2024-05-30,1040,1337,7369,2,41015,82030
16024,2024-02-14,1011,1680,8362,8,33510,268080
16025,2024-07-25,1063,1520,5026,3,12581,37743
16026,2024-05-18,1009,1741,6470,1,4007,4007
16027,2024-11-29,1026,1659,6400,2,12249,24498
16028,2024-09-25,1038,1916,9124,8,8770,70160
16029,2024-08-01,1070,1613,6186,7,4901,34307
16030,2024-06-10,1069,1867,8058,6,2470,14820
16031,2024-12-22,1044,1536,8582,3,43994,131982
16032,2024-07-21,1010,1746,9761,7,12256,85792
16033,2024-01-10,1023,1961,7658,8,41361,330888
16034,2024-12-15,1056,1285,6939,7,48772,341404
16035,2024-03-16,1039,1383,8771,9,26627,239643
16036,2024-08-21,1088,1583,7295,9,12676,114084
16037,2024-08-20,1036,1536,9617,6,43994,263964
16038,2024-08-13,1002,1255,5541,2,37214,74428
16039,2024-08-04,1067,1093,6610,1,16585,16585
16040,2024-10-18,1067,1669,8727,8,24381,195048
16041,2024-01-04,1000,1460,6414,1,21400,21400
16042,2024-05-28,1093,1030,9213,9,11779,106011
16043,2024-07-07,1078,1607,6575,8,48005,384040
16044,2024-04-03,1044,1291,5000,8,12383,99064
16045,2024-02-07,1030,1680,9396,5,33510,167550
16046,2024-03-16,1036,1572,7429,7,13233,92631
16047,2024-10-21,1068,1924,5296,6,4448,26688
16048,2024-03-29,1042,1929,7371,9,18907,170163
16049,2024-11-05,1084,1530,8585,5,12245,61225
16050,2024-11-13,1098,1985,6296,9,47335,426015
16051,2024-10-01,1003,1772,6416,2,19114,38228
16052,2024-01-02,1070,1659,6323,1,12249,12249
16053,2024-05-29,1028,1973,6463,2,37755,75510
16054,2024-04-03,1099,1234,5078,3,42706,128118
16055,2024-11-08,1098,1284,6722,2,10530,21060
16056,2024-04-09,1095,1514,7689,1,38722,38722
16057,2024-09-15,1010,1339,9097,7,20066,140462
16058,2024-10-05,1032,1536,6083,5,43994,219970
16059,2024-01-04,1052,1232,8475,2,5990,11980
16060,2024-03-18,1016,1324,7717,4,44675,178700
16061,2024-07-16,1011,1054,8796,3,1586,4758
16062,2024-11-21,1000,1439,7192,6,36098,216588
16063,2024-06-13,1055,1924,8991,3,4448,13344
16064,2024-01-07,1022,1241,7021,9,28258,254322
16065,2024-01-01,1006,1636,8011,7,25955,181685
16066,2024-03-28,1077,1296,6184,3,31240,93720
16067,2024-06-28,1040,1129,6249,4,35845,143380
16068,2024-01-10,1052,1517,5181,2,10125,20250
16069,2024-05-13,1006,1227,6338,1,46492,46492
16070,2024-04-19,1077,1186,5519,2,9857,19714
16071,2024-05-04,1097,1192,9975,2,41115,82230
16072,2024-07-25,1065,1286,6694,6,17612,105672
16073,2024-10-27,1083,1858,9671,4,39905,159620
16074,2024-05-19,1080,1364,9100,4,29527,118108
16075,2024-04-12,1073,1100,6193,4,739,2956
16076,2024-04-20,1052,1045,8433,5,23669,118345
16077,2024-03-10,1004,1571,5796,9,22260,200340
16078,2024-04-19,1096,1557,6933,7,35485,248395
16079,2024-08-11,1035,1274,6203,5,16051,80255
16080,2024-08-11,1043,1256,9276,1,45527,45527
16081,2024-08-06,1010,1734,5815,7,12138,84966
16082,2024-08-26,1063,1017,7969,9,38905,350145
16083,2024-04-28,1020,1902,6235,7,2590,18130
16084,2024-11-26,1003,1880,7974,3,9382,28146
16085,2024-08-01,1088,1415,6562,5,40091,200455
16086,2024-02-05,1034,1226,7276,8,14368,114944
16087,2024-12-08,1034,1223,7652,7,12111,84777
16088,2024-12-22,1034,1314,6114,5,4786,23930
16089,2024-10-05,1038,1064,8843,9,47734,429606
16090,2024-09-12,1032,1992,5714,4,28885,115540
16091,2024-06-03,1076,1779,7167,7,7968,55776
16092,2024-09-27,1067,1172,9228,6,24196,145176
16093,2024-02-11,1043,1663,5050,3,20785,62355
16094,2024-01-29,1050,1437,5577,2,33745,67490
16095,2024-07-01,1037,1771,8111,5,3583,17915
16096,2024-07-21,1041,1078,6996,7,35876,251132
16097,2024-02-18,1044,1223,5631,9,12111,108999
16098,2024-11-22,1029,1279,8956,1,11937,11937
16099,2024-11-26,1090,1022,8354,2,13322,26644
16100,2024-02-23,1034,1344,7554,1,49389,49389
16101,2024-08-09,1027,1944,9304,4,38176,152704
16102,2024-12-17,1040,1729,5990,9,14713,132417
16103,2024-12-25,1044,1276,9277,8,14759,118072
16104,2024-02-06,1047,1709,8449,4,38108,152432
16105,2024-07-23,1054,1149,9298,6,48477,290862
16106,2024-10-06,1007,1633,7568,6,48943,293658
16107,2024-02-24,1025,1108,7950,3,28093,84279
16108,2024-08-10,1097,1742,9165,1,589,589
16109,2024-04-17,1028,1740,8294,8,44595,356760
16110,2024-07-24,1054,1714,5470,6,17492,104952
16111,2024-06-20,1065,1804,8492,5,41212,206060
16112,2024-03-30,1069,1285,7507,7,48772,341404
16113,2024-01-06,1047,1286,9012,6,17612,105672
16114,2024-10-13,1079,1288,7897,8,48434,387472
16115,2024-06-19,1006,1876,9092,5,12843,64215
16116,2024-12-28,1074,1075,8010,9,49962,449658
16117,2024-09-24,1079,1410,9783,9,7197,64773
16118,2024-07-11,1005,1249,6232,5,49865,249325
16119,2024-08-31,1036,1077,8212,7,5098,35686
16120,2024-06-28,1008,1766,8643,2,27620,55240
16121,2024-09-04,1002,1884,8191,5,6299,31495
16122,2024-03-10,1052,1313,5413,6,45684,274104
16123,2024-08-08,1092,1896,9296,4,15350,61400
16124,2024-01-30,1007,1575,5025,3,43374,130122
16125,2024-04-28,1039,1108,5379,9,28093,252837
16126,2024-07-23,1016,1625,5929,6,17722,106332
16127,2024-08-09,1069,1880,6603,9,9382,84438
16128,2024-05-05,1046,1839,8661,9,32093,288837
16129,2024-02-24,1010,1327,5815,3,23073,69219
16130,2024-02-08,1009,1231,7629,4,28799,115196
16131,2024-12-03,1060,1476,8575,6,47171,283026
16132,2024-09-18,1001,1537,9552,3,17647,52941
16133,2024-07-02,1028,1857,5919,1,1230,1230
16134,2024-01-08,1069,1688,5844,3,41027,123081
16135,2024-11-06,1050,1979,8687,3,38614,115842
16136,2024-12-26,1072,1427,9440,1,40537,40537
16137,2024-01-16,1065,1554,9893,5,38592,192960
16138,2024-03-04,1067,1048,7977,9,38918,350262
16139,2024-09-09,1056,1179,6686,4,38829,155316
16140,2024-01-11,1040,1326,5846,2,19525,39050
16141,2024-03-28,1093,1671,7809,5,8793,43965
16142,2024-07-29,1063,1617,8432,3,32507,97521
16143,2024-01-04,1003,1822,7423,4,1720,6880
16144,2024-05-10,1000,1112,9925,7,30683,214781
16145,2024-09-27,1074,1249,8637,4,49865,199460
16146,2024-12-25,1006,1529,5353,4,47282,189128
16147,2024-03-08,1081,1122,9800,1,38948,38948
16148,2024-12-02,1007,1981,9921,1,34989,34989
16149,2024-01-09,1093,1954,8989,6,6284,37704
16150,2024-01-25,1078,1796,9788,3,49645,148935
16151,2024-03-05,1057,1671,6932,3,8793,26379
16152,2024-04-13,1009,1181,8490,6,18789,112734
16153,2024-03-06,1065,1496,6556,4,9618,38472
16154,2024-07-01,1078,1595,5583,2,37237,74474
16155,2024-06-21,1021,1798,6180,1,15110,15110
16156,2024-10-15,1051,1682,8715,3,15868,47604
16157,2024-01-22,1097,1680,8778,5,33510,167550
16158,2024-02-11,1048,1903,9466,6,25151,150906
16159,2024-07-22,1066,1810,5874,4,25598,102392
16160,2024-06-03,1003,1995,6539,5,43532,217660
16161,2024-01-11,1088,1946,5090,2,13860,27720
16162,2024-10-24,1056,1135,6133,6,18375,110250
16163,2024-03-18,1068,1636,5377,9,25955,233595
16164,2024-04-13,1075,1520,6718,8,12581,100648
16165,2024-10-04,1052,1589,5459,4,48141,192564
16166,2024-05-16,1054,1429,6051,5,4967,24835
16167,2024-07-25,1023,1544,7107,9,26010,234090
16168,2024-09-07,1082,1313,7035,5,45684,228420
16169,2024-08-12,1095,1078,9468,7,35876,251132
16170,2024-02-26,1011,1221,6901,7,9942,69594
16171,2024-12-04,1054,1349,7628,8,35167,281336
16172,2024-10-13,1046,1231,8832,7,28799,201593
16173,2024-09-30,1026,1926,7827,2,30655,61310
16174,2024-06-16,1017,1964,5099,8,14688,117504
16175,2024-12-22,1088,1082,9958,7,15855,110985
16176,2024-06-21,1050,1303,5967,7,15182,106274
16177,2024-04-07,1086,1873,8338,5,7298,36490
16178,2024-12-07,1059,1650,9869,2,25976,51952
16179,2024-09-16,1056,1895,5182,1,11889,11889
16180,2024-06-21,1066,1484,5104,6,36752,220512
16181,2024-06-22,1001,1329,8589,1,42065,42065
16182,2024-07-30,1010,1879,5614,7,39677,277739
16183,2024-07-13,1093,1639,5413,9,49254,443286
16184,2024-09-21,1012,1355,6041,6,22902,137412
16185,2024-09-28,1039,1928,9966,6,31188,187128
16186,2024-11-02,1005,1444,6318,1,45664,45664
16187,2024-11-03,1011,1087,9429,8,46213,369704
16188,2024-05-16,1042,1270,5654,2,31057,62114
16189,2024-03-23,1071,1540,6251,4,47536,190144
16190,2024-02-13,1072,1742,6622,7,589,4123
16191,2024-07-25,1003,1154,8735,2,48402,96804
16192,2024-04-26,1036,1787,6889,2,1417,2834
16193,2024-01-05,1035,1931,7250,5,13149,65745
16194,2024-08-08,1031,1013,8711,4,23574,94296
16195,2024-10-09,1056,1508,5802,9,42795,385155
16196,2024-04-23,1011,1548,9443,7,34446,241122
16197,2024-09-06,1017,1483,7664,4,15452,61808
16198,2024-10-27,1060,1868,9707,9,42952,386568
16199,2024-03-30,1030,1215,7241,2,4791,9582
16200,2024-01-28,1039,1048,7686,9,38918,350262
16201,2024-02-01,1045,1746,5358,8,12256,98048
16202,2024-08-04,1038,1931,7302,5,13149,65745
16203,2024-11-04,1062,1441,9634,2,13301,26602
16204,2024-03-11,1092,1761,9674,5,7024,35120
16205,2024-09-08,1054,1988,5446,2,2006,4012
16206,2024-01-30,1039,1014,6562,9,45125,406125
16207,2024-09-12,1028,1934,8223,2,14066,28132
16208,2024-11-04,1090,1516,5880,7,47674,333718
16209,2024-06-07,1010,1608,5999,9,9796,88164
16210,2024-01-09,1096,1742,7130,2,589,1178
16211,2024-11-18,1038,1812,7214,8,38891,311128
16212,2024-06-04,1081,1896,6842,7,15350,107450
16213,2024-08-01,1043,1302,5702,1,48761,48761
16214,2024-06-02,1019,1289,8831,7,7223,50561
16215,2024-03-23,1091,1999,7559,6,13099,78594
16216,2024-04-10,1085,1135,9615,4,18375,73500
16217,2024-01-10,1095,1983,7837,1,10376,10376
16218,2024-12-01,1084,1237,6191,1,26610,26610
16219,2024-10-06,1026,1565,6581,9,28460,256140
16220,2024-10-07,1037,1086,8921,5,36079,180395
16221,2024-06-28,1089,1227,5472,2,46492,92984
16222,2024-03-30,1086,1571,9559,5,22260,111300
16223,2024-05-08,1097,1972,5718,3,2059,6177
16224,2024-11-04,1075,1804,7763,9,41212,370908
16225,2024-04-16,1010,1429,8423,6,4967,29802
16226,2024-10-06,1035,1273,5896,4,24724,98896
16227,2024-10-09,1031,1521,8895,4,28007,112028
16228,2024-04-16,1061,1762,8882,1,49256,49256
16229,2024-06-03,1015,1579,8542,4,14373,57492
16230,2024-12-09,1041,1710,7210,2,23031,46062
16231,2024-08-19,1030,1483,9416,2,15452,30904
16232,2024-10-21,1069,1597,7795,2,49267,98534
16233,2024-11-28,1012,1874,5207,2,36086,72172
16234,2024-03-24,1035,1490,8556,1,9043,9043
16235,2024-12-23,1074,1843,5812,3,12479,37437
16236,2024-03-16,1010,1407,9642,3,16665,49995
16237,2024-09-17,1047,1814,5548,2,22937,45874
16238,2024-12-02,1019,1036,6600,5,19956,99780
16239,2024-08-17,1028,1199,7358,4,26798,107192
16240,2024-09-28,1018,1467,8745,3,29345,88035
16241,2024-08-08,1093,1042,5020,5,19474,97370
16242,2024-06-29,1005,1209,7061,3,6529,19587
16243,2024-07-20,1055,1280,7193,8,33453,267624
16244,2024-10-11,1080,1753,9951,2,43548,87096
16245,2024-04-27,1081,1854,6570,5,11498,57490
16246,2024-04-26,1099,1485,5572,2,26398,52796
16247,2024-07-15,1017,1657,9461,9,37697,339273
16248,2024-07-12,1075,1946,7551,1,13860,13860
16249,2024-10-18,1041,1763,5870,5,1795,8975
16250,2024-04-13,1059,1301,9453,4,48841,195364
16251,2024-06-22,1055,1714,5983,3,17492,52476
16252,2024-10-27,1002,1954,8246,9,6284,56556
16253,2024-04-12,1081,1166,6837,1,5115,5115
16254,2024-01-09,1079,1333,7406,7,7601,53207
16255,2024-06-12,1038,1879,8089,6,39677,238062
16256,2024-01-05,1042,1253,8496,1,29095,29095
16257,2024-11-30,1027,1853,8287,4,6923,27692
16258,2024-11-24,1041,1236,5235,1,31314,31314
16259,2024-03-29,1008,1421,9955,3,31527,94581
16260,2024-06-26,1083,1694,7323,1,34535,34535
16261,2024-10-10,1017,1334,5614,2,26728,53456
16262,2024-01-27,1088,1772,7516,1,19114,19114
16263,2024-12-31,1020,1112,8313,5,30683,153415
16264,2024-06-23,1025,1388,7723,6,34391,206346
16265,2024-06-09,1022,1888,5912,2,41201,82402
16266,2024-04-24,1009,1689,9677,3,15943,47829
16267,2024-04-06,1043,1809,8553,2,5370,10740
16268,2024-06-14,1012,1402,8511,7,17755,124285
16269,2024-05-15,1052,1673,8029,1,33346,33346
16270,2024-06-12,1036,1308,5265,7,49110,343770
16271,2024-12-28,1055,1975,9421,5,47572,237860
16272,2024-07-20,1058,1020,8616,9,23369,210321
16273,2024-06-17,1011,1300,5897,7,22583,158081
16274,2024-05-15,1099,1991,5847,1,22166,22166
16275,2024-06-06,1002,1571,9760,2,22260,44520
16276,2024-10-27,1013,1948,5730,6,25324,151944
16277,2024-08-14,1034,1530,5910,2,12245,24490
16278,2024-12-31,1097,1471,8557,4,12532,50128
16279,2024-10-28,1092,1802,8290,1,28913,28913
16280,2024-12-14,1029,1849,9240,8,24995,199960
16281,2024-09-28,1070,1760,7022,9,32575,293175
16282,2024-11-19,1065,1013,7061,9,23574,212166
16283,2024-02-19,1017,1597,5624,8,49267,394136
16284,2024-11-19,1025,1614,9507,9,3468,31212
16285,2024-01-02,1080,1221,8975,4,9942,39768
16286,2024-11-26,1045,1267,6799,3,38403,115209
16287,2024-03-15,1011,1688,5387,6,41027,246162
16288,2024-09-03,1057,1715,9984,3,3186,9558
16289,2024-08-02,1056,1477,7751,1,21533,21533
16290,2024-08-17,1031,1002,9336,5,45041,225205
16291,2024-08-29,1092,1118,8641,4,24035,96140
16292,2024-07-06,1063,1103,7088,9,47449,427041
16293,2024-05-08,1073,1351,9601,5,33002,165010
16294,2024-04-06,1099,1666,8624,2,1437,2874
16295,2024-12-30,1065,1731,8557,1,18512,18512
16296,2024-06-13,1036,1465,9310,9,12535,112815
16297,2024-06-25,1013,1372,9853,2,38223,76446
16298,2024-04-26,1009,1664,6651,7,28050,196350
16299,2024-07-28,1064,1510,7006,6,42356,254136
16300,2024-09-29,1063,1910,9481,5,44171,220855
16301,2024-11-22,1040,1882,5194,2,11567,23134
16302,2024-02-20,1020,1492,8850,8,38143,305144
16303,2024-09-21,1068,1751,8187,6,21523,129138
16304,2024-03-04,1008,1026,8970,8,36901,295208
16305,2024-12-06,1008,1782,9296,4,4722,18888
16306,2024-08-16,1017,1157,8295,6,43351,260106
16307,2024-12-14,1068,1714,8723,9,17492,157428
16308,2024-10-24,1061,1698,9093,3,23817,71451
16309,2024-08-24,1015,1940,8069,9,45392,408528
16310,2024-08-12,1097,1180,6171,6,20722,124332
16311,2024-04-26,1003,1589,8723,1,48141,48141
16312,2024-09-06,1020,1300,5520,4,22583,90332
16313,2024-03-10,1043,1859,5236,5,24110,120550
16314,2024-12-10,1077,1199,9972,2,26798,53596
16315,2024-02-04,1090,1444,8212,7,45664,319648
16316,2024-09-29,1075,1266,6675,4,36360,145440
16317,2024-02-13,1026,1077,8286,9,5098,45882
16318,2024-12-25,1033,1690,7330,4,42528,170112
16319,2024-12-10,1003,1622,5731,9,4400,39600
16320,2024-04-16,1050,1725,8486,5,30461,152305
16321,2024-08-16,1001,1984,5063,6,15805,94830
16322,2024-09-08,1031,1201,9407,9,18646,167814
16323,2024-02-13,1001,1227,8851,7,46492,325444
16324,2024-02-18,1057,1422,9371,4,48782,195128
16325,2024-02-29,1021,1023,6955,9,44687,402183
16326,2024-09-14,1018,1645,8010,4,7620,30480
16327,2024-03-05,1089,1544,8164,5,26010,130050
16328,2024-04-23,1019,1405,7160,9,18631,167679
16329,2024-09-15,1099,1827,7116,8,34247,273976
16330,2024-12-14,1017,1403,8646,6,38944,233664
16331,2024-06-10,1049,1010,7402,6,28915,173490
16332,2024-06-12,1013,1114,7187,7,15305,107135
16333,2024-01-15,1019,1802,8894,1,28913,28913
16334,2024-02-06,1044,1930,5558,4,28212,112848
16335,2024-05-17,1087,1064,9447,8,47734,381872
16336,2024-09-21,1046,1361,7675,7,20617,144319
16337,2024-11-01,1056,1857,5706,2,1230,2460
16338,2024-02-15,1030,1205,7413,7,40606,284242
16339,2024-04-15,1051,1432,6469,5,49935,249675
16340,2024-03-21,1099,1065,5374,6,27731,166386
16341,2024-10-29,1078,1429,7560,1,4967,4967
16342,2024-09-30,1045,1644,7944,1,37636,37636
16343,2024-04-22,1006,1678,5081,8,17342,138736
16344,2024-07-26,1048,1078,9201,7,35876,251132
16345,2024-11-02,1022,1980,8177,1,32515,32515
16346,2024-12-30,1092,1732,8009,2,11948,23896
16347,2024-08-28,1040,1434,7373,1,46514,46514
16348,2024-03-29,1003,1404,9159,2,35565,71130
16349,2024-07-01,1094,1165,7754,7,12521,87647
16350,2024-09-28,1081,1499,9913,7,33517,234619
16351,2024-09-11,1030,1419,9685,9,44500,400500
16352,2024-12-09,1046,1781,5477,9,40601,365409
16353,2024-09-01,1099,1416,7696,9,31717,285453
16354,2024-09-24,1017,1534,9790,7,32498,227486
16355,2024-04-08,1073,1071,6308,8,22516,180128
16356,2024-02-28,1006,1211,7264,7,17560,122920
16357,2024-03-13,1037,1165,6062,6,12521,75126
16358,2024-04-21,1044,1814,7955,4,22937,91748
16359,2024-06-13,1027,1575,5747,3,43374,130122
16360,2024-10-14,1058,1741,5987,5,4007,20035
16361,2024-07-29,1017,1430,8258,5,29449,147245
16362,2024-01-22,1094,1768,9166,4,44630,178520
16363,2024-12-19,1008,1809,5125,3,5370,16110
16364,2024-03-23,1015,1323,7595,4,7464,29856
16365,2024-08-29,1061,1973,5799,2,37755,75510
16366,2024-01-12,1039,1213,9332,7,49284,344988
16367,2024-01-05,1088,1715,8898,8,3186,25488
16368,2024-10-08,1093,1536,8801,1,43994,43994
16369,2024-04-25,1057,1627,6461,1,31217,31217
16370,2024-12-12,1065,1367,5033,5,39768,198840
16371,2024-01-20,1068,1184,8754,7,22270,155890
16372,2024-07-07,1093,1179,8737,5,38829,194145
16373,2024-05-15,1018,1902,9245,7,2590,18130
16374,2024-12-01,1077,1902,7156,2,2590,5180
16375,2024-02-27,1026,1951,8017,3,40345,121035
16376,2024-06-21,1029,1934,5656,4,14066,56264
16377,2024-07-11,1044,1965,7540,5,36304,181520
16378,2024-01-05,1077,1082,6351,4,15855,63420
16379,2024-06-07,1030,1750,9209,7,20139,140973
16380,2024-10-05,1035,1441,5851,5,13301,66505
16381,2024-05-19,1038,1150,5107,5,12925,64625
16382,2024-01-04,1049,1763,9382,2,1795,3590
16383,2024-10-19,1093,1117,6405,1,40642,40642
16384,2024-03-15,1037,1649,8989,1,38461,38461
16385,2024-08-21,1010,1875,9970,8,18669,149352
16386,2024-04-13,1080,1967,7072,1,16262,16262
16387,2024-05-16,1073,1675,7290,9,35364,318276
16388,2024-10-08,1015,1966,6611,2,47150,94300
16389,2024-08-18,1050,1886,9764,8,5510,44080
16390,2024-10-09,1074,1642,8393,2,4788,9576
16391,2024-08-25,1038,1071,9621,8,22516,180128
16392,2024-08-22,1091,1332,6134,9,37014,333126
16393,2024-07-08,1084,1478,9631,8,44232,353856
16394,2024-06-26,1091,1396,6836,6,33873,203238
16395,2024-12-10,1022,1985,8325,7,47335,331345
16396,2024-12-03,1064,1175,5794,4,18560,74240
16397,2024-08-09,1048,1623,8517,4,30533,122132
16398,2024-08-01,1060,1577,9261,3,12590,37770
16399,2024-07-31,1053,1642,5413,9,4788,43092
16400,2024-12-24,1012,1574,5392,5,42288,211440
16401,2024-04-02,1071,1014,5231,8,45125,361000
16402,2024-02-15,1082,1641,6942,3,44537,133611
16403,2024-09-11,1023,1956,7293,4,41902,167608
16404,2024-07-09,1048,1954,8698,3,6284,18852
16405,2024-11-21,1036,1144,8648,9,27045,243405
16406,2024-05-24,1088,1485,6186,1,26398,26398
16407,2024-12-09,1025,1778,9758,9,15136,136224
16408,2024-04-13,1041,1260,5885,8,29907,239256
16409,2024-03-04,1090,1837,5609,1,8322,8322
16410,2024-06-05,1095,1834,5097,4,5098,20392
16411,2024-11-03,1002,1790,5946,1,23716,23716
16412,2024-12-15,1060,1607,6682,2,48005,96010
16413,2024-05-07,1042,1574,6788,2,42288,84576
16414,2024-01-24,1072,1387,7557,5,24362,121810
16415,2024-05-04,1064,1750,7479,3,20139,60417
16416,2024-06-23,1017,1540,9976,8,47536,380288
16417,2024-04-10,1066,1144,9963,2,27045,54090
16418,2024-02-20,1013,1990,6763,5,10541,52705
16419,2024-09-14,1063,1674,6893,6,33184,199104
16420,2024-05-28,1031,1687,9090,5,14018,70090
16421,2024-06-16,1067,1340,5053,1,27410,27410
16422,2024-04-14,1059,1086,8814,7,36079,252553
16423,2024-03-09,1020,1303,9785,6,15182,91092
16424,2024-02-04,1026,1990,6272,4,10541,42164
16425,2024-06-11,1004,1820,7820,7,13281,92967
16426,2024-12-04,1066,1960,9133,7,34439,241073
16427,2024-07-26,1085,1628,5460,9,30016,270144
16428,2024-06-01,1083,1202,5451,1,24530,24530
16429,2024-03-20,1040,1256,6253,6,45527,273162
16430,2024-01-31,1001,1646,8905,6,48691,292146
16431,2024-08-12,1042,1232,7630,6,5990,35940
16432,2024-09-11,1000,1588,5284,8,626,5008
16433,2024-07-27,1022,1373,8613,9,46367,417303
16434,2024-06-28,1062,1595,5277,4,37237,148948
16435,2024-10-31,1047,1709,6520,6,38108,228648
16436,2024-05-23,1024,1797,7979,1,12205,12205
16437,2024-08-17,1089,1880,9536,5,9382,46910
16438,2024-11-09,1066,1883,8202,2,27496,54992
16439,2024-11-01,1094,1581,6592,9,14424,129816
16440,2024-11-29,1090,1097,9637,6,23379,140274
16441,2024-03-04,1076,1610,7916,8,35962,287696
16442,2024-11-03,1046,1083,9111,7,39293,275051
16443,2024-02-09,1096,1165,8570,6,12521,75126
16444,2024-08-30,1088,1157,6473,8,43351,346808
16445,2024-12-26,1055,1498,9910,3,6814,20442
16446,2024-09-01,1058,1096,8931,1,32486,32486
16447,2024-11-05,1015,1309,9508,7,42072,294504
16448,2024-04-06,1046,1855,5666,5,13215,66075
16449,2024-05-24,1089,1990,6553,2,10541,21082
16450,2024-02-25,1053,1911,8111,4,5385,21540
16451,2024-01-30,1046,1615,5836,2,6923,13846
16452,2024-04-17,1051,1271,9181,2,12842,25684
16453,2024-08-01,1017,1282,8351,5,45489,227445
16454,2024-08-08,1080,1611,8552,7,13489,94423
16455,2024-04-13,1045,1789,5139,6,34717,208302
16456,2024-06-29,1088,1398,6744,1,42762,42762
16457,2024-05-06,1025,1045,8643,1,23669,23669
16458,2024-07-16,1017,1384,5353,1,37254,37254
16459,2024-12-08,1048,1501,7707,3,43872,131616
16460,2024-02-02,1064,1923,6095,1,725,725
16461,2024-11-29,1006,1672,5957,4,18307,73228
16462,2024-08-21,1029,1611,8391,5,13489,67445
16463,2024-02-05,1096,1398,8291,1,42762,42762
16464,2024-01-18,1024,1990,8687,5,10541,52705
16465,2024-11-02,1024,1312,9041,3,5511,16533
16466,2024-08-19,1026,1325,7702,1,30607,30607
16467,2024-09-22,1034,1707,9614,4,33347,133388
16468,2024-10-21,1081,1953,7281,5,49515,247575
16469,2024-02-18,1029,1787,9278,1,1417,1417
16470,2024-02-27,1013,1515,6272,2,43934,87868
16471,2024-11-27,1034,1009,9595,6,39529,237174
16472,2024-12-23,1033,1774,9148,2,29223,58446
16473,2024-05-30,1083,1986,5149,2,40631,81262
16474,2024-05-14,1014,1312,7406,8,5511,44088
16475,2024-10-27,1006,1901,7452,8,8528,68224
16476,2024-12-31,1012,1310,5345,4,21703,86812
16477,2024-12-10,1099,1670,6353,3,34870,104610
16478,2024-11-06,1039,1319,9440,2,23036,46072
16479,2024-05-03,1059,1419,6943,8,44500,356000
16480,2024-07-01,1033,1090,6587,2,47490,94980
16481,2024-07-23,1012,1012,9342,8,9686,77488
16482,2024-05-26,1003,1074,9836,1,25817,25817
16483,2024-04-18,1012,1372,9291,5,38223,191115
16484,2024-05-29,1047,1328,9860,9,11465,103185
16485,2024-08-20,1012,1967,9091,6,16262,97572
16486,2024-09-23,1086,1700,5529,7,3129,21903
16487,2024-05-10,1092,1009,5036,1,39529,39529
16488,2024-05-26,1032,1449,9682,8,21065,168520
16489,2024-03-31,1022,1663,9128,6,20785,124710
16490,2024-08-06,1066,1354,9643,1,31794,31794
16491,2024-02-03,1031,1929,9334,1,18907,18907
16492,2024-01-11,1054,1433,6630,6,38607,231642
16493,2024-09-17,1002,1330,6715,9,16591,149319
16494,2024-03-11,1011,1627,6424,9,31217,280953
16495,2024-06-12,1055,1640,6672,3,29286,87858
16496,2024-09-17,1067,1516,9686,3,47674,143022
16497,2024-07-02,1032,1410,8868,1,7197,7197
16498,2024-05-12,1031,1006,9227,8,10159,81272
16499,2024-10-09,1016,1241,6643,8,28258,226064
16500,2024-12-14,1051,1100,9491,3,739,2217
16501,2024-12-10,1072,1499,9797,7,33517,234619
16502,2024-08-21,1004,1229,6835,8,42251,338008
16503,2024-12-19,1020,1768,7565,6,44630,267780
16504,2024-01-15,1002,1287,7348,3,6041,18123
16505,2024-04-14,1066,1656,6732,4,29309,117236
16506,2024-12-19,1036,1273,8642,7,24724,173068
16507,2024-01-20,1034,1579,5080,7,14373,100611
16508,2024-09-04,1032,1560,8352,3,27518,82554
16509,2024-06-10,1053,1780,9202,6,23992,143952
16510,2024-05-06,1002,1068,7395,5,5986,29930
16511,2024-02-03,1047,1917,5441,8,2064,16512
16512,2024-04-24,1017,1921,8998,9,38414,345726
16513,2024-08-06,1002,1323,7458,1,7464,7464
16514,2024-08-29,1092,1086,9136,4,36079,144316
16515,2024-01-21,1004,1644,6459,8,37636,301088
16516,2024-08-12,1008,1904,6203,1,21367,21367
16517,2024-06-15,1075,1076,6533,5,49664,248320
16518,2024-10-22,1015,1573,7767,4,12027,48108
16519,2024-06-20,1090,1072,5945,2,47140,94280
16520,2024-06-12,1072,1067,5866,8,7325,58600
16521,2024-11-06,1049,1217,9044,7,8286,58002
16522,2024-08-04,1056,1589,6198,5,48141,240705
16523,2024-07-17,1056,1245,6776,7,44831,313817
16524,2024-02-19,1085,1769,7515,8,44109,352872
16525,2024-11-25,1016,1094,9214,7,37898,265286
16526,2024-11-25,1064,1689,5589,7,15943,111601
16527,2024-10-20,1056,1818,5161,8,15797,126376
16528,2024-10-06,1062,1473,5715,7,38111,266777
16529,2024-12-29,1066,1001,9129,2,38817,77634
16530,2024-02-28,1004,1936,9111,8,37368,298944
16531,2024-06-21,1021,1493,7338,8,14518,116144
16532,2024-06-02,1000,1831,7794,7,34894,244258
16533,2024-08-09,1046,1683,6337,9,19210,172890
16534,2024-08-06,1048,1563,9044,8,37613,300904
16535,2024-03-23,1003,1548,9890,3,34446,103338
16536,2024-09-23,1021,1065,5029,3,27731,83193
16537,2024-05-07,1087,1999,6440,3,13099,39297
16538,2024-07-04,1054,1091,7399,8,20537,164296
16539,2024-08-17,1031,1183,5461,8,47561,380488
16540,2024-09-28,1065,1790,8119,7,23716,166012
16541,2024-01-01,1099,1198,6895,6,44598,267588
16542,2024-10-23,1068,1678,8411,2,17342,34684
16543,2024-01-15,1070,1743,6534,4,32539,130156
16544,2024-03-20,1099,1371,9862,4,36716,146864
16545,2024-06-22,1007,1085,8936,3,12202,36606
16546,2024-02-01,1035,1827,6951,2,34247,68494
16547,2024-02-08,1011,1311,9585,9,10683,96147
16548,2024-07-11,1027,1375,8548,6,2113,12678
16549,2024-08-27,1001,1419,7950,9,44500,400500
16550,2024-03-13,1077,1896,8864,3,15350,46050
16551,2024-04-02,1018,1353,8842,8,23836,190688
16552,2024-03-29,1084,1259,8499,5,28140,140700
16553,2024-09-10,1093,1552,8818,1,43077,43077
16554,2024-08-21,1048,1098,7016,5,36609,183045
16555,2024-05-18,1036,1948,7347,2,25324,50648
16556,2024-07-16,1051,1158,9936,3,34991,104973
16557,2024-10-16,1084,1416,7634,6,31717,190302
16558,2024-11-01,1091,1388,7936,1,34391,34391
16559,2024-06-20,1059,1426,8057,2,39924,79848
16560,2024-01-14,1096,1234,9451,1,42706,42706
16561,2024-11-23,1041,1394,5310,5,29500,147500
16562,2024-06-01,1006,1031,6608,2,20744,41488
16563,2024-07-14,1041,1366,5611,2,28599,57198
16564,2024-06-26,1056,1384,5480,5,37254,186270
16565,2024-04-04,1015,1042,8266,7,19474,136318
16566,2024-12-06,1024,1773,6209,4,29210,116840
16567,2024-08-24,1037,1603,9969,4,11930,47720
16568,2024-11-06,1043,1208,8832,1,10999,10999
16569,2024-03-18,1037,1881,6339,1,23705,23705
16570,2024-08-31,1044,1778,8143,2,15136,30272
16571,2024-08-07,1029,1680,9138,4,33510,134040
16572,2024-08-07,1080,1282,6164,3,45489,136467
16573,2024-07-25,1015,1700,8052,8,3129,25032
16574,2024-07-02,1003,1075,7233,1,49962,49962
16575,2024-04-24,1093,1012,8009,6,9686,58116
16576,2024-05-03,1083,1350,7976,6,30692,184152
16577,2024-08-25,1034,1546,8587,8,14661,117288
16578,2024-04-17,1060,1536,8326,5,43994,219970
16579,2024-02-16,1004,1989,7542,1,30895,30895
16580,2024-07-16,1077,1803,7511,7,2103,14721
16581,2024-02-20,1040,1660,9236,3,8770,26310
16582,2024-07-12,1040,1111,6924,3,5511,16533
16583,2024-03-10,1027,1310,7986,9,21703,195327
16584,2024-03-27,1009,1035,6471,2,18947,37894
16585,2024-03-15,1051,1923,8399,1,725,725
16586,2024-07-11,1093,1154,8575,4,48402,193608
16587,2024-08-07,1031,1395,9158,9,48559,437031
16588,2024-10-04,1075,1201,5828,2,18646,37292
16589,2024-11-28,1044,1537,5030,9,17647,158823
16590,2024-08-20,1015,1988,6099,3,2006,6018
16591,2024-08-15,1089,1172,5300,8,24196,193568
16592,2024-02-13,1063,1901,7711,8,8528,68224
16593,2024-10-23,1034,1984,6598,1,15805,15805
16594,2024-09-11,1079,1519,9640,6,29481,176886
16595,2024-09-06,1016,1842,7830,8,21565,172520
16596,2024-09-29,1086,1636,6691,3,25955,77865
16597,2024-06-21,1041,1912,6063,9,5786,52074
16598,2024-08-23,1021,1421,9427,4,31527,126108
16599,2024-02-15,1049,1238,5925,1,28262,28262
16600,2024-08-08,1020,1204,6928,5,28131,140655
16601,2024-05-22,1097,1680,7105,2,33510,67020
16602,2024-08-20,1045,1398,8945,9,42762,384858
16603,2024-09-22,1056,1594,8596,6,5722,34332
16604,2024-07-08,1004,1594,9179,7,5722,40054
16605,2024-07-01,1051,1508,9370,7,42795,299565
16606,2024-11-09,1030,1073,8007,6,21448,128688
16607,2024-12-22,1032,1795,9995,6,17544,105264
16608,2024-07-09,1046,1484,5025,1,36752,36752
16609,2024-05-18,1002,1152,6202,8,25319,202552
16610,2024-02-04,1052,1334,7528,3,26728,80184
16611,2024-12-17,1082,1674,5893,3,33184,99552
16612,2024-12-07,1055,1847,8518,1,21621,21621
16613,2024-05-11,1017,1036,8402,3,19956,59868
16614,2024-11-17,1027,1666,7874,4,1437,5748
16615,2024-03-13,1014,1772,7373,5,19114,95570
16616,2024-06-11,1049,1954,8044,2,6284,12568
16617,2024-10-20,1032,1599,8415,6,40351,242106
16618,2024-08-10,1027,1705,7026,1,24856,24856
16619,2024-07-03,1045,1871,8730,1,20054,20054
16620,2024-04-04,1071,1880,9768,4,9382,37528
16621,2024-10-15,1093,1756,6750,9,49731,447579
16622,2024-06-20,1000,1994,6478,3,20080,60240
16623,2024-11-04,1070,1568,8503,4,11284,45136
16624,2024-05-27,1054,1700,8460,6,3129,18774
16625,2024-11-14,1057,1638,5174,5,42321,211605
16626,2024-06-27,1077,1506,8133,7,8031,56217
16627,2024-05-21,1020,1480,5600,4,13881,55524
16628,2024-10-17,1055,1885,8916,5,47126,235630
16629,2024-04-19,1069,1479,7215,7,16610,116270
16630,2024-10-27,1016,1827,5700,6,34247,205482
16631,2024-06-09,1077,1447,9810,2,47197,94394
16632,2024-03-01,1006,1543,9863,7,31348,219436
16633,2024-12-14,1078,1399,7057,5,10795,53975
16634,2024-03-12,1071,1876,7792,6,12843,77058
16635,2024-04-24,1059,1997,7397,4,42764,171056
16636,2024-07-24,1047,1364,6974,2,29527,59054
16637,2024-11-29,1009,1299,8663,1,34241,34241
16638,2024-11-01,1092,1214,8213,1,48861,48861
16639,2024-02-11,1040,1345,6539,9,35534,319806
16640,2024-01-20,1018,1121,7946,9,36164,325476
16641,2024-04-01,1061,1836,7871,9,27761,249849
16642,2024-03-08,1065,1700,5788,8,3129,25032
16643,2024-05-14,1007,1326,5661,9,19525,175725
16644,2024-03-06,1029,1673,9886,1,33346,33346
16645,2024-11-24,1035,1241,6272,2,28258,56516
16646,2024-05-30,1049,1969,8459,4,9959,39836
16647,2024-02-05,1081,1631,7046,8,42058,336464
16648,2024-05-19,1001,1597,7469,8,49267,394136
16649,2024-08-10,1004,1276,9888,4,14759,59036
16650,2024-07-23,1045,1914,7490,8,30190,241520
16651,2024-10-21,1076,1563,7433,2,37613,75226
16652,2024-12-14,1039,1119,7617,1,10267,10267
16653,2024-03-10,1056,1937,8389,4,18610,74440
16654,2024-06-07,1010,1038,6760,9,15850,142650
16655,2024-07-02,1071,1812,9516,3,38891,116673
16656,2024-01-18,1037,1344,8041,8,49389,395112
16657,2024-02-28,1016,1908,5622,3,19831,59493
16658,2024-11-18,1074,1682,6149,5,15868,79340
16659,2024-08-11,1025,1850,6015,6,7487,44922
16660,2024-04-18,1038,1373,9166,5,46367,231835
16661,2024-05-10,1097,1710,5514,7,23031,161217
16662,2024-01-30,1066,1478,7549,4,44232,176928
16663,2024-07-10,1024,1193,9027,4,13641,54564
16664,2024-07-16,1087,1107,6573,4,3873,15492
16665,2024-08-29,1086,1940,8941,9,45392,408528
16666,2024-03-31,1029,1643,8809,1,2600,2600
16667,2024-01-02,1045,1384,7334,7,37254,260778
16668,2024-10-02,1040,1755,6351,3,46322,138966
16669,2024-04-06,1090,1110,5024,9,40173,361557
16670,2024-10-11,1049,1895,9598,8,11889,95112
16671,2024-09-21,1043,1571,5472,9,22260,200340
16672,2024-01-04,1009,1305,9348,6,23268,139608
16673,2024-08-25,1072,1342,5256,7,11709,81963
16674,2024-02-09,1001,1302,8407,7,48761,341327
16675,2024-11-24,1020,1016,7556,8,45421,363368
16676,2024-10-08,1074,1853,9482,9,6923,62307
16677,2024-08-28,1073,1674,9970,1,33184,33184
16678,2024-04-12,1024,1519,6071,5,29481,147405
16679,2024-10-23,1068,1567,9964,2,16301,32602
16680,2024-10-24,1021,1699,6677,9,48296,434664
16681,2024-03-01,1068,1182,5169,4,979,3916
16682,2024-03-02,1072,1262,9336,2,25428,50856
16683,2024-08-13,1010,1064,5630,7,47734,334138
16684,2024-09-11,1043,1280,9430,5,33453,167265
16685,2024-09-09,1004,1498,7838,8,6814,54512
16686,2024-10-03,1005,1535,8836,7,2973,20811
16687,2024-06-07,1096,1625,9326,9,17722,159498
16688,2024-08-26,1015,1096,9042,5,32486,162430
16689,2024-02-12,1045,1458,5346,8,20521,164168
16690,2024-12-28,1023,1607,9757,7,48005,336035
16691,2024-11-09,1013,1348,8510,5,16446,82230
16692,2024-05-31,1023,1576,8382,9,8474,76266
16693,2024-10-27,1075,1302,8896,2,48761,97522
16694,2024-03-20,1022,1647,6463,3,40960,122880
16695,2024-05-16,1038,1172,7433,4,24196,96784
16696,2024-07-31,1005,1412,8387,8,10207,81656
16697,2024-06-13,1020,1030,9253,6,11779,70674
16698,2024-06-13,1072,1824,6308,1,27731,27731
16699,2024-07-15,1045,1482,7662,3,22637,67911
16700,2024-10-28,1099,1134,7938,1,15538,15538
16701,2024-09-18,1040,1158,7033,6,34991,209946
16702,2024-02-17,1058,1620,8411,4,12975,51900
16703,2024-05-06,1068,1241,5607,2,28258,56516
16704,2024-05-15,1041,1187,7501,7,1166,8162
16705,2024-02-01,1094,1183,9066,9,47561,428049
16706,2024-04-10,1058,1671,5847,3,8793,26379
16707,2024-03-17,1034,1605,6804,9,6446,58014
16708,2024-07-13,1040,1316,5973,1,6510,6510
16709,2024-07-19,1066,1188,9105,6,1419,8514
16710,2024-03-08,1082,1587,7444,1,18360,18360
16711,2024-01-28,1082,1354,5351,6,31794,190764
16712,2024-02-26,1064,1447,5221,4,47197,188788
16713,2024-07-21,1085,1265,9293,3,24102,72306
16714,2024-02-24,1018,1409,9556,5,31604,158020
16715,2024-03-23,1089,1068,5120,6,5986,35916
16716,2024-04-15,1078,1598,5190,3,16790,50370
16717,2024-09-07,1018,1328,9945,2,11465,22930
16718,2024-12-07,1024,1096,7774,2,32486,64972
16719,2024-11-27,1038,1253,9323,9,29095,261855
16720,2024-12-25,1094,1804,7459,4,41212,164848
16721,2024-05-12,1093,1925,6669,3,43646,130938
16722,2024-12-22,1032,1864,6787,9,47551,427959
16723,2024-07-10,1079,1513,8893,7,27223,190561
16724,2024-02-01,1039,1297,6370,5,7611,38055
16725,2024-04-07,1011,1195,8360,6,16449,98694
16726,2024-09-24,1091,1985,5227,8,47335,378680
16727,2024-04-16,1029,1861,6515,7,42303,296121
16728,2024-03-06,1069,1930,5115,9,28212,253908
16729,2024-02-21,1041,1649,5394,5,38461,192305
16730,2024-07-17,1013,1542,7601,2,45780,91560
16731,2024-10-14,1004,1718,7899,4,27095,108380
16732,2024-08-19,1035,1468,7273,2,46406,92812
16733,2024-06-11,1058,1517,7362,5,10125,50625
16734,2024-08-28,1056,1064,7037,3,47734,143202
16735,2024-01-22,1086,1760,7584,2,32575,65150
16736,2024-08-04,1059,1713,8953,8,41673,333384
16737,2024-06-23,1095,1897,5410,8,10068,80544
16738,2024-10-05,1094,1503,7270,5,8683,43415
16739,2024-06-20,1077,1392,5040,5,38691,193455
16740,2024-01-09,1095,1592,8293,5,5973,29865
16741,2024-12-27,1062,1847,6375,4,21621,86484
16742,2024-02-28,1048,1449,6483,3,21065,63195
16743,2024-04-26,1090,1335,6654,7,3890,27230
16744,2024-04-10,1064,1866,5844,1,18556,18556
16745,2024-09-01,1051,1570,6735,1,8016,8016
16746,2024-10-12,1008,1888,9139,8,41201,329608
16747,2024-12-05,1015,1731,7800,9,18512,166608
16748,2024-10-26,1034,1242,9175,4,37781,151124
16749,2024-06-25,1073,1652,9657,6,43383,260298
16750,2024-01-16,1015,1261,6810,4,34094,136376
16751,2024-04-30,1093,1408,8262,5,3944,19720
16752,2024-08-01,1032,1446,6246,3,30661,91983
16753,2024-08-17,1050,1186,9067,3,9857,29571
16754,2024-11-25,1060,1742,6986,1,589,589
16755,2024-03-24,1078,1601,9225,7,33630,235410
16756,2024-06-29,1058,1875,6169,2,18669,37338
16757,2024-08-20,1071,1941,8009,5,41670,208350
16758,2024-11-18,1003,1245,5577,1,44831,44831
16759,2024-02-11,1001,1910,6047,6,44171,265026
16760,2024-03-13,1070,1833,7743,9,41918,377262
16761,2024-09-11,1057,1341,8328,9,46261,416349
16762,2024-12-13,1061,1041,9141,7,15850,110950
16763,2024-12-18,1097,1987,5628,5,23851,119255
16764,2024-07-06,1024,1656,7634,2,29309,58618
16765,2024-10-16,1070,1382,8598,1,43965,43965
16766,2024-08-27,1024,1022,9984,3,13322,39966
16767,2024-11-13,1065,1654,5285,8,28483,227864
16768,2024-04-05,1025,1933,7793,2,25457,50914
16769,2024-03-16,1099,1567,7904,5,16301,81505
16770,2024-01-02,1054,1417,7882,9,19285,173565
16771,2024-06-26,1002,1733,9081,3,22721,68163
16772,2024-04-21,1045,1576,8034,8,8474,67792
16773,2024-07-22,1028,1360,8735,8,46670,373360
16774,2024-08-25,1057,1847,9199,1,21621,21621
16775,2024-01-26,1010,1216,8520,4,32225,128900
16776,2024-12-06,1020,1623,5568,4,30533,122132
16777,2024-04-17,1042,1761,6350,6,7024,42144
16778,2024-06-13,1003,1086,9726,9,36079,324711
16779,2024-02-24,1068,1992,9469,5,28885,144425
16780,2024-12-21,1069,1289,7314,8,7223,57784
16781,2024-09-30,1021,1456,7129,3,27967,83901
16782,2024-10-06,1005,1911,6418,3,5385,16155
16783,2024-01-30,1077,1356,9832,7,10596,74172
16784,2024-01-17,1021,1945,9202,7,34368,240576
16785,2024-10-24,1015,1623,6640,5,30533,152665
16786,2024-03-21,1095,1964,6461,9,14688,132192
16787,2024-12-29,1035,1752,7039,5,34734,173670
16788,2024-01-27,1049,1937,8798,6,18610,111660
16789,2024-07-01,1057,1445,6544,8,36864,294912
16790,2024-01-04,1070,1267,9717,9,38403,345627
16791,2024-06-11,1086,1964,7824,1,14688,14688
16792,2024-11-27,1050,1598,7748,2,16790,33580
16793,2024-03-12,1077,1583,5910,8,12676,101408
16794,2024-03-16,1046,1738,5572,4,49097,196388
16795,2024-08-27,1052,1127,7811,7,31246,218722
16796,2024-10-16,1005,1079,5929,5,49659,248295
16797,2024-10-18,1024,1083,6663,4,39293,157172
16798,2024-09-16,1002,1539,5352,9,27190,244710
16799,2024-01-11,1012,1413,5747,4,1323,5292
16800,2024-02-28,1052,1458,5525,6,20521,123126
16801,2024-09-15,1066,1817,5636,5,37686,188430
16802,2024-07-20,1030,1400,6641,4,44818,179272
16803,2024-09-24,1066,1649,5746,7,38461,269227
16804,2024-04-22,1080,1983,5032,4,10376,41504
16805,2024-03-13,1054,1502,6525,6,23939,143634
16806,2024-08-23,1065,1350,6410,3,30692,92076
16807,2024-01-06,1004,1522,7349,5,22022,110110
16808,2024-03-29,1008,1686,7992,9,14321,128889
16809,2024-04-23,1028,1647,8495,5,40960,204800
16810,2024-12-30,1034,1030,6064,7,11779,82453
16811,2024-11-30,1099,1356,5567,2,10596,21192
16812,2024-11-16,1034,1676,6092,1,48059,48059
16813,2024-11-06,1049,1160,7329,8,7558,60464
16814,2024-06-16,1029,1648,6395,2,36724,73448
16815,2024-12-03,1014,1685,6508,9,18169,163521
16816,2024-02-21,1028,1898,6017,5,40233,201165
16817,2024-10-26,1024,1496,8377,4,9618,38472
16818,2024-12-16,1074,1268,5124,2,12176,24352
16819,2024-03-02,1056,1243,9864,8,43676,349408
16820,2024-03-24,1050,1411,7971,2,25598,51196
16821,2024-08-23,1067,1563,7665,9,37613,338517
16822,2024-12-18,1057,1188,6399,3,1419,4257
16823,2024-11-25,1011,1919,9153,9,46155,415395
16824,2024-06-05,1095,1009,9153,4,39529,158116
16825,2024-05-26,1068,1681,8209,9,1693,15237
16826,2024-05-02,1036,1164,6166,9,35248,317232
16827,2024-10-13,1024,1526,5273,5,28553,142765
16828,2024-06-30,1067,1361,8774,4,20617,82468
16829,2024-04-08,1023,1667,7187,3,49111,147333
16830,2024-07-08,1035,1676,8965,4,48059,192236
16831,2024-11-01,1001,1192,5681,6,41115,246690
16832,2024-09-07,1034,1396,5576,8,33873,270984
16833,2024-11-10,1099,1826,9770,3,23187,69561
16834,2024-07-16,1007,1963,9421,9,23878,214902
16835,2024-09-03,1072,1055,5758,6,48490,290940
16836,2024-09-21,1027,1487,8215,4,11586,46344
16837,2024-02-26,1059,1285,5566,3,48772,146316
16838,2024-10-09,1053,1243,6804,5,43676,218380
16839,2024-02-27,1043,1063,6925,8,22508,180064
16840,2024-12-02,1009,1834,8430,7,5098,35686
16841,2024-11-19,1004,1275,8187,7,23643,165501
16842,2024-07-04,1046,1245,8447,7,44831,313817
16843,2024-10-06,1030,1098,7883,5,36609,183045
16844,2024-12-01,1028,1509,9947,8,31863,254904
16845,2024-03-02,1002,1282,9144,8,45489,363912
16846,2024-03-21,1025,1879,6923,9,39677,357093
16847,2024-09-02,1094,1139,9726,4,29536,118144
16848,2024-09-05,1001,1108,8560,4,28093,112372
16849,2024-12-22,1078,1242,9689,6,37781,226686
16850,2024-01-03,1076,1040,6197,7,45320,317240
16851,2024-08-23,1091,1719,5544,9,21210,190890
16852,2024-02-20,1055,1223,8686,4,12111,48444
16853,2024-04-14,1013,1050,9177,2,34507,69014
16854,2024-04-08,1075,1352,9050,7,42618,298326
16855,2024-11-18,1014,1079,7766,7,49659,347613
16856,2024-03-20,1084,1540,8704,5,47536,237680
16857,2024-10-27,1092,1346,7406,8,47428,379424
16858,2024-06-19,1044,1734,7785,9,12138,109242
16859,2024-06-03,1098,1050,9127,6,34507,207042
16860,2024-01-30,1046,1314,5637,7,4786,33502
16861,2024-04-08,1019,1599,8507,9,40351,363159
16862,2024-05-25,1017,1895,9379,8,11889,95112
16863,2024-08-22,1078,1158,8494,6,34991,209946
16864,2024-12-17,1060,1648,8594,2,36724,73448
16865,2024-04-08,1075,1108,9330,2,28093,56186
16866,2024-07-08,1097,1995,9157,4,43532,174128
16867,2024-10-03,1004,1453,6921,7,11202,78414
16868,2024-09-13,1057,1285,9009,4,48772,195088
16869,2024-07-21,1080,1089,5608,8,47903,383224
16870,2024-01-25,1076,1295,8085,6,17383,104298
16871,2024-06-23,1059,1518,8208,3,39383,118149
16872,2024-07-19,1012,1455,9102,1,22058,22058
16873,2024-10-21,1099,1954,6478,9,6284,56556
16874,2024-10-09,1079,1138,6216,1,32156,32156
16875,2024-04-02,1039,1514,5147,8,38722,309776
16876,2024-02-19,1066,1899,7616,3,14367,43101
16877,2024-08-06,1051,1764,8893,5,21632,108160
16878,2024-06-04,1001,1224,9450,6,47220,283320
16879,2024-02-26,1088,1019,6573,6,35500,213000
16880,2024-08-18,1052,1772,9339,9,19114,172026
16881,2024-12-03,1066,1673,7055,4,33346,133384
16882,2024-07-25,1010,1653,5964,6,11287,67722
16883,2024-09-28,1010,1396,7593,3,33873,101619
16884,2024-08-02,1009,1444,8755,6,45664,273984
16885,2024-07-02,1027,1432,9095,1,49935,49935
16886,2024-10-17,1010,1044,9559,9,13635,122715
16887,2024-10-28,1006,1820,9968,4,13281,53124
16888,2024-03-07,1028,1279,7068,8,11937,95496
16889,2024-09-03,1064,1221,5043,9,9942,89478
16890,2024-01-16,1051,1190,8352,8,40335,322680
16891,2024-11-30,1014,1999,8886,5,13099,65495
16892,2024-07-29,1006,1970,7028,7,42331,296317
16893,2024-03-14,1067,1520,8201,4,12581,50324
16894,2024-10-31,1054,1702,9423,5,19011,95055
16895,2024-01-18,1002,1311,7153,7,10683,74781
16896,2024-01-22,1019,1332,9708,3,37014,111042
16897,2024-04-15,1002,1332,7898,1,37014,37014
16898,2024-04-28,1028,1991,8764,3,22166,66498
16899,2024-01-16,1019,1198,6844,5,44598,222990
16900,2024-07-02,1009,1383,7971,2,26627,53254
16901,2024-01-03,1060,1714,6895,9,17492,157428
16902,2024-05-02,1098,1510,9758,2,42356,84712
16903,2024-08-30,1089,1127,7349,5,31246,156230
16904,2024-10-17,1093,1112,9645,6,30683,184098
16905,2024-04-14,1089,1041,9131,1,15850,15850
16906,2024-04-12,1036,1512,6459,2,28420,56840
16907,2024-07-26,1083,1063,6404,4,22508,90032
16908,2024-05-28,1050,1219,6719,9,3847,34623
16909,2024-07-11,1041,1583,7577,6,12676,76056
16910,2024-11-08,1072,1526,7469,2,28553,57106
16911,2024-08-09,1074,1836,5137,1,27761,27761
16912,2024-02-16,1096,1405,5793,8,18631,149048
16913,2024-10-30,1029,1403,8711,1,38944,38944
16914,2024-06-15,1093,1963,9302,2,23878,47756
16915,2024-03-27,1044,1505,6338,2,26109,52218
16916,2024-08-13,1086,1812,9560,7,38891,272237
16917,2024-04-29,1099,1088,5117,3,35817,107451
16918,2024-09-04,1023,1591,7371,6,16102,96612
16919,2024-12-18,1030,1167,9358,1,6125,6125
16920,2024-05-23,1022,1429,6187,7,4967,34769
16921,2024-08-20,1052,1602,6772,3,23417,70251
16922,2024-12-15,1041,1574,5627,5,42288,211440
16923,2024-01-03,1035,1860,9399,3,6957,20871
16924,2024-08-24,1033,1907,6851,4,10960,43840
16925,2024-11-12,1084,1691,7286,4,40917,163668
16926,2024-09-14,1025,1774,6897,4,29223,116892
16927,2024-01-26,1070,1215,5700,9,4791,43119
16928,2024-01-18,1024,1310,9788,5,21703,108515
16929,2024-11-17,1002,1388,6266,9,34391,309519
16930,2024-10-22,1042,1558,8320,8,17360,138880
16931,2024-05-10,1081,1489,8807,5,3018,15090
16932,2024-01-17,1005,1864,8788,9,47551,427959
16933,2024-09-14,1053,1165,8155,8,12521,100168
16934,2024-03-10,1051,1871,8989,9,20054,180486
16935,2024-07-03,1012,1810,6826,6,25598,153588
16936,2024-02-18,1065,1709,7137,6,38108,228648
16937,2024-11-08,1055,1135,6044,8,18375,147000
16938,2024-11-07,1046,1853,7802,3,6923,20769
16939,2024-03-16,1076,1689,6280,4,15943,63772
16940,2024-10-03,1064,1885,7158,1,47126,47126
16941,2024-01-16,1065,1589,7794,2,48141,96282
16942,2024-01-06,1067,1904,6602,6,21367,128202
16943,2024-02-03,1012,1140,8673,2,18196,36392
16944,2024-02-28,1029,1817,5171,3,37686,113058
16945,2024-03-07,1075,1095,5667,1,27357,27357
16946,2024-09-11,1032,1845,6379,9,10371,93339
16947,2024-10-23,1037,1162,7530,5,28996,144980
16948,2024-06-05,1042,1024,8500,5,41060,205300
16949,2024-02-01,1097,1444,8028,9,45664,410976
16950,2024-01-10,1002,1030,5897,5,11779,58895
16951,2024-07-10,1042,1758,6838,2,22329,44658
16952,2024-08-06,1072,1560,5322,2,27518,55036
16953,2024-12-14,1070,1682,8127,9,15868,142812
16954,2024-03-17,1003,1300,8413,7,22583,158081
16955,2024-01-20,1091,1627,8091,5,31217,156085
16956,2024-06-04,1031,1211,5059,5,17560,87800
16957,2024-01-27,1000,1489,7851,7,3018,21126
16958,2024-06-01,1012,1356,9419,8,10596,84768
16959,2024-10-11,1035,1006,6953,9,10159,91431
16960,2024-04-25,1025,1500,6887,6,28433,170598
16961,2024-09-06,1076,1201,6742,1,18646,18646
16962,2024-02-14,1021,1645,9238,3,7620,22860
16963,2024-10-12,1087,1216,5959,2,32225,64450
16964,2024-10-20,1010,1817,8536,8,37686,301488
16965,2024-10-14,1024,1453,6321,1,11202,11202
16966,2024-11-01,1078,1300,7973,7,22583,158081
16967,2024-03-11,1044,1693,8084,3,46937,140811
16968,2024-06-11,1035,1635,5581,2,5747,11494
16969,2024-03-16,1033,1144,5798,4,27045,108180
16970,2024-12-08,1033,1853,8987,8,6923,55384
16971,2024-01-05,1031,1342,8471,5,11709,58545
16972,2024-04-16,1024,1412,7703,9,10207,91863
16973,2024-04-28,1066,1703,6213,9,43261,389349
16974,2024-10-13,1058,1454,5466,3,35458,106374
16975,2024-04-06,1056,1610,6276,2,35962,71924
16976,2024-06-29,1028,1631,7478,4,42058,168232
16977,2024-01-01,1020,1870,9706,7,27483,192381
16978,2024-03-26,1072,1115,6733,3,7215,21645
16979,2024-03-05,1084,1403,9471,7,38944,272608
16980,2024-04-12,1020,1793,6951,4,49083,196332
16981,2024-01-24,1070,1476,8778,1,47171,47171
16982,2024-05-30,1046,1924,7099,4,4448,17792
16983,2024-10-29,1031,1262,7919,2,25428,50856
16984,2024-09-09,1021,1382,5793,7,43965,307755
16985,2024-01-07,1041,1161,6414,5,29202,146010
16986,2024-01-04,1010,1516,9966,4,47674,190696
16987,2024-09-07,1057,1204,5927,3,28131,84393
16988,2024-06-30,1097,1389,7938,1,39971,39971
16989,2024-04-13,1077,1479,8331,4,16610,66440
16990,2024-02-21,1040,1995,6744,7,43532,304724
16991,2024-03-22,1085,1288,6189,8,48434,387472
16992,2024-12-01,1024,1682,6784,5,15868,79340
16993,2024-02-17,1015,1954,8052,9,6284,56556
16994,2024-12-16,1096,1800,7385,6,32977,197862
16995,2024-08-04,1065,1210,8792,5,14018,70090
16996,2024-11-17,1069,1872,8433,6,44686,268116
16997,2024-12-31,1033,1188,6908,7,1419,9933
16998,2024-06-30,1045,1145,6680,2,10942,21884
16999,2024-08-30,1047,1141,5671,8,16176,129408
17000,2024-08-07,1036,1916,5158,8,8770,70160
17001,2024-07-26,1021,1934,8685,4,14066,56264
17002,2024-05-06,1079,1929,7854,1,18907,18907
17003,2024-06-30,1006,1158,5410,6,34991,209946
17004,2024-12-21,1046,1080,8252,8,13975,111800
17005,2024-10-22,1076,1134,6360,8,15538,124304
17006,2024-02-04,1016,1340,9573,6,27410,164460
17007,2024-10-06,1002,1070,8814,5,34587,172935
17008,2024-06-11,1011,1640,9741,2,29286,58572
17009,2024-12-15,1069,1341,8512,8,46261,370088
17010,2024-07-21,1075,1277,5714,2,32925,65850
17011,2024-12-30,1074,1086,7949,2,36079,72158
17012,2024-06-10,1018,1091,7269,3,20537,61611
17013,2024-08-17,1030,1190,5081,4,40335,161340
17014,2024-12-24,1001,1231,5808,8,28799,230392
17015,2024-12-14,1095,1445,9483,4,36864,147456
17016,2024-01-04,1017,1255,6503,7,37214,260498
17017,2024-12-26,1054,1557,9616,4,35485,141940
17018,2024-03-18,1003,1568,5066,3,11284,33852
17019,2024-05-31,1021,1733,6562,2,22721,45442
17020,2024-12-23,1077,1172,5045,3,24196,72588
17021,2024-04-25,1077,1713,9570,7,41673,291711
17022,2024-12-19,1092,1843,8764,9,12479,112311
17023,2024-02-05,1033,1463,6208,5,19693,98465
17024,2024-11-30,1047,1468,7019,9,46406,417654
17025,2024-10-17,1069,1524,7508,8,28156,225248
17026,2024-10-11,1075,1494,8965,5,9181,45905
17027,2024-02-05,1023,1963,5623,3,23878,71634
17028,2024-11-19,1044,1804,7061,8,41212,329696
17029,2024-02-24,1092,1605,5356,9,6446,58014
17030,2024-02-18,1009,1985,5312,5,47335,236675
17031,2024-11-08,1045,1141,9636,8,16176,129408
17032,2024-12-20,1035,1292,8970,5,11161,55805
17033,2024-12-08,1097,1762,7519,6,49256,295536
17034,2024-02-24,1050,1472,8428,4,2624,10496
17035,2024-11-07,1031,1614,6165,2,3468,6936
17036,2024-11-25,1031,1346,5478,4,47428,189712
17037,2024-09-16,1014,1269,6216,9,48594,437346
17038,2024-12-30,1008,1449,5660,1,21065,21065
17039,2024-05-09,1057,1705,7145,3,24856,74568
17040,2024-03-28,1035,1672,7626,6,18307,109842
17041,2024-11-15,1021,1897,9464,7,10068,70476
17042,2024-12-05,1012,1993,9358,8,40964,327712
17043,2024-09-26,1040,1255,8550,3,37214,111642
17044,2024-12-25,1077,1692,8023,2,7909,15818
17045,2024-12-26,1025,1600,8313,3,5061,15183
17046,2024-05-05,1060,1054,7377,3,1586,4758
17047,2024-11-22,1043,1506,6835,6,8031,48186
17048,2024-07-03,1088,1172,7167,4,24196,96784
17049,2024-12-30,1085,1804,6208,5,41212,206060
17050,2024-01-30,1029,1154,5621,1,48402,48402
17051,2024-07-26,1076,1729,7581,2,14713,29426
17052,2024-01-08,1095,1179,6799,1,38829,38829
17053,2024-05-21,1036,1853,7150,6,6923,41538
17054,2024-10-30,1057,1638,9108,8,42321,338568
17055,2024-07-30,1082,1371,9428,7,36716,257012
17056,2024-10-10,1034,1686,8356,3,14321,42963
17057,2024-05-11,1048,1057,5940,2,43305,86610
17058,2024-12-21,1058,1646,9640,4,48691,194764
17059,2024-11-18,1092,1140,5284,1,18196,18196
17060,2024-04-11,1006,1047,5799,8,4374,34992
17061,2024-10-09,1034,1882,6940,4,11567,46268
17062,2024-03-15,1038,1667,8768,2,49111,98222
17063,2024-04-09,1005,1428,5272,8,35537,284296
17064,2024-08-19,1077,1695,8681,3,13120,39360
17065,2024-10-17,1091,1475,8914,1,14320,14320
17066,2024-08-23,1064,1215,9771,4,4791,19164
17067,2024-09-25,1084,1674,6397,9,33184,298656
17068,2024-02-24,1026,1124,6686,4,4547,18188
17069,2024-09-10,1085,1310,8425,7,21703,151921
17070,2024-08-02,1010,1510,7018,5,42356,211780
17071,2024-10-25,1008,1864,8472,5,47551,237755
17072,2024-11-24,1009,1932,8807,3,42299,126897
17073,2024-11-19,1053,1136,6779,2,9269,18538
17074,2024-10-25,1042,1881,5425,5,23705,118525
17075,2024-10-22,1049,1898,8567,2,40233,80466
17076,2024-06-07,1045,1115,9760,8,7215,57720
17077,2024-09-15,1062,1129,7994,7,35845,250915
17078,2024-08-15,1048,1441,8138,2,13301,26602
17079,2024-05-24,1094,1277,5567,5,32925,164625
17080,2024-03-20,1095,1509,9718,5,31863,159315
17081,2024-02-08,1030,1212,6038,4,18238,72952
17082,2024-07-12,1062,1484,5446,7,36752,257264
17083,2024-07-15,1007,1279,8373,2,11937,23874
17084,2024-04-06,1039,1205,8836,6,40606,243636
17085,2024-09-02,1059,1821,7569,9,34667,312003
17086,2024-11-28,1050,1736,5644,1,18372,18372
17087,2024-03-16,1004,1912,9517,1,5786,5786
17088,2024-09-09,1030,1697,9564,1,32518,32518
17089,2024-10-04,1006,1185,9267,6,21727,130362
17090,2024-01-08,1044,1404,6588,7,35565,248955
17091,2024-12-29,1046,1332,6835,4,37014,148056
17092,2024-07-17,1013,1062,5792,8,36031,288248
17093,2024-09-08,1024,1190,9252,2,40335,80670
17094,2024-01-18,1084,1363,5425,9,19633,176697
17095,2024-08-29,1046,1370,8041,6,43867,263202
17096,2024-09-09,1092,1811,8694,6,25774,154644
17097,2024-01-04,1045,1423,5442,3,34420,103260
17098,2024-08-24,1044,1074,8253,6,25817,154902
17099,2024-06-27,1030,1705,9146,3,24856,74568
17100,2024-01-12,1051,1228,8858,6,15383,92298
17101,2024-10-19,1003,1347,6507,5,32174,160870
17102,2024-09-14,1045,1629,6788,2,30242,60484
17103,2024-09-15,1028,1194,7847,5,8150,40750
17104,2024-03-25,1048,1462,7773,1,37828,37828
17105,2024-10-21,1064,1941,6664,8,41670,333360
17106,2024-11-28,1095,1151,5256,4,42146,168584
17107,2024-04-21,1000,1839,5740,9,32093,288837
17108,2024-07-24,1067,1709,9375,2,38108,76216
17109,2024-08-09,1083,1991,8916,7,22166,155162
17110,2024-01-18,1058,1434,6776,7,46514,325598
17111,2024-01-13,1036,1610,7651,6,35962,215772
17112,2024-09-26,1077,1119,5480,4,10267,41068
17113,2024-02-10,1051,1253,6296,3,29095,87285
17114,2024-02-09,1077,1204,6086,8,28131,225048
17115,2024-03-29,1001,1987,9097,3,23851,71553
17116,2024-04-10,1020,1361,6821,6,20617,123702
17117,2024-08-06,1028,1899,8185,2,14367,28734
17118,2024-08-02,1075,1889,9852,8,24253,194024
17119,2024-10-30,1081,1253,5074,8,29095,232760
17120,2024-01-10,1037,1670,5570,5,34870,174350
17121,2024-08-04,1031,1960,7120,1,34439,34439
17122,2024-04-30,1040,1285,8299,5,48772,243860
17123,2024-11-05,1021,1967,8093,4,16262,65048
17124,2024-06-11,1099,1551,8907,8,38769,310152
17125,2024-05-31,1041,1237,9266,9,26610,239490
17126,2024-10-31,1011,1628,5754,5,30016,150080
17127,2024-03-24,1056,1378,7419,8,33182,265456
17128,2024-07-20,1084,1525,8560,3,47466,142398
17129,2024-02-19,1007,1555,7623,1,46509,46509
17130,2024-05-28,1027,1731,9299,4,18512,74048
17131,2024-08-07,1056,1673,8233,3,33346,100038
17132,2024-06-03,1052,1166,5458,6,5115,30690
17133,2024-04-06,1085,1643,6764,2,2600,5200
17134,2024-11-19,1079,1215,9470,7,4791,33537
17135,2024-04-08,1075,1410,9815,3,7197,21591
17136,2024-12-05,1016,1297,8946,1,7611,7611
17137,2024-07-04,1020,1138,9903,5,32156,160780
17138,2024-05-13,1050,1885,6547,4,47126,188504
17139,2024-11-11,1006,1854,5306,3,11498,34494
17140,2024-12-02,1060,1617,9913,1,32507,32507
17141,2024-05-26,1083,1799,5704,1,30315,30315
17142,2024-04-22,1099,1122,9527,2,38948,77896
17143,2024-01-17,1053,1305,7583,5,23268,116340
17144,2024-12-31,1040,1564,7748,4,30569,122276
17145,2024-02-03,1059,1643,9149,6,2600,15600
17146,2024-03-02,1043,1658,5052,1,13936,13936
17147,2024-07-14,1076,1326,5304,8,19525,156200
17148,2024-03-27,1028,1032,5884,1,4566,4566
17149,2024-05-02,1042,1589,9953,1,48141,48141
17150,2024-09-10,1036,1892,9263,2,21617,43234
17151,2024-05-06,1060,1844,6918,2,47045,94090
17152,2024-12-03,1058,1453,5033,2,11202,22404
17153,2024-06-10,1060,1634,5343,6,4609,27654
17154,2024-11-11,1071,1594,8531,3,5722,17166
17155,2024-06-20,1019,1566,7711,5,26408,132040
17156,2024-10-27,1043,1520,7119,7,12581,88067
17157,2024-11-26,1055,1189,6708,3,43361,130083
17158,2024-12-24,1047,1994,9105,4,20080,80320
17159,2024-09-08,1073,1317,6123,7,49439,346073
17160,2024-01-09,1014,1882,9614,5,11567,57835
17161,2024-09-07,1075,1559,7866,4,14631,58524
17162,2024-08-26,1055,1760,9889,7,32575,228025
17163,2024-02-04,1055,1345,8561,2,35534,71068
17164,2024-09-22,1045,1579,9255,2,14373,28746
17165,2024-04-13,1056,1815,5689,1,38970,38970
17166,2024-06-05,1044,1859,5118,1,24110,24110
17167,2024-06-22,1079,1410,7855,9,7197,64773
17168,2024-07-16,1041,1882,5095,3,11567,34701
17169,2024-07-29,1061,1310,7550,7,21703,151921
17170,2024-08-05,1007,1171,7897,5,22950,114750
17171,2024-07-19,1083,1326,7133,1,19525,19525
17172,2024-08-20,1013,1435,8342,8,39178,313424
17173,2024-04-25,1025,1312,6256,2,5511,11022
17174,2024-10-27,1040,1392,5918,7,38691,270837
17175,2024-03-17,1028,1353,8176,5,23836,119180
17176,2024-08-05,1062,1263,8556,6,21381,128286
17177,2024-02-22,1012,1695,5140,5,13120,65600
17178,2024-03-24,1097,1521,7028,6,28007,168042
17179,2024-09-14,1085,1704,7133,5,1705,8525
17180,2024-05-11,1089,1369,9927,4,12505,50020
17181,2024-07-17,1097,1967,7396,6,16262,97572
17182,2024-10-01,1058,1255,7690,5,37214,186070
17183,2024-12-20,1046,1044,9114,2,13635,27270
17184,2024-03-23,1087,1678,9195,7,17342,121394
17185,2024-09-05,1020,1301,7482,6,48841,293046
17186,2024-03-09,1094,1742,8750,9,589,5301
17187,2024-05-21,1011,1784,7245,1,46867,46867
17188,2024-05-19,1023,1081,5269,1,4617,4617
17189,2024-12-05,1020,1225,5667,6,26242,157452
17190,2024-09-30,1003,1994,5414,6,20080,120480
17191,2024-09-13,1024,1127,9792,4,31246,124984
17192,2024-12-28,1007,1370,6708,6,43867,263202
17193,2024-01-04,1035,1322,7949,3,2225,6675
17194,2024-09-24,1033,1843,8586,6,12479,74874
17195,2024-12-22,1049,1189,9378,2,43361,86722
17196,2024-11-30,1090,1579,6380,8,14373,114984
17197,2024-11-03,1027,1675,7535,6,35364,212184
17198,2024-12-20,1061,1008,6774,9,21305,191745
17199,2024-03-30,1092,1162,6712,9,28996,260964
17200,2024-01-15,1092,1962,5771,3,38048,114144
17201,2024-05-15,1073,1728,9841,6,28415,170490
17202,2024-08-07,1043,1051,8247,6,48395,290370
17203,2024-10-12,1031,1117,8271,4,40642,162568
17204,2024-06-30,1007,1857,5394,9,1230,11070
17205,2024-05-06,1053,1100,8157,6,739,4434
17206,2024-05-05,1016,1623,6906,8,30533,244264
17207,2024-07-13,1011,1858,5032,2,39905,79810
17208,2024-07-16,1089,1411,5361,8,25598,204784
17209,2024-12-16,1066,1825,5171,3,42104,126312
17210,2024-08-05,1074,1466,9895,3,38377,115131
17211,2024-01-08,1077,1663,7775,2,20785,41570
17212,2024-08-18,1070,1570,9865,9,8016,72144
17213,2024-07-09,1025,1036,8934,4,19956,79824
17214,2024-04-02,1032,1103,8718,7,47449,332143
17215,2024-05-24,1043,1747,9530,9,11873,106857
17216,2024-01-16,1031,1549,7772,1,27258,27258
17217,2024-04-22,1037,1920,7021,8,13189,105512
17218,2024-10-27,1083,1993,9335,3,40964,122892
17219,2024-07-14,1009,1014,5934,1,45125,45125
17220,2024-11-01,1078,1143,8213,2,20598,41196
17221,2024-07-23,1078,1822,5233,2,1720,3440
17222,2024-11-11,1069,1249,5588,4,49865,199460
17223,2024-03-08,1088,1387,6807,7,24362,170534
17224,2024-05-06,1000,1281,5859,5,13443,67215
17225,2024-06-08,1069,1750,7321,9,20139,181251
17226,2024-12-01,1076,1294,8406,5,10146,50730
17227,2024-12-10,1074,1440,7257,3,36881,110643
17228,2024-12-07,1087,1894,8530,6,20880,125280
17229,2024-05-31,1083,1383,7610,1,26627,26627
17230,2024-10-10,1089,1046,7704,7,36237,253659
17231,2024-05-30,1024,1473,8687,1,38111,38111
17232,2024-03-03,1051,1943,8955,3,35652,106956
17233,2024-07-02,1051,1603,7107,3,11930,35790
17234,2024-07-31,1011,1688,7821,6,41027,246162
17235,2024-03-13,1045,1164,9384,2,35248,70496
17236,2024-11-17,1008,1037,6364,1,24778,24778
17237,2024-10-10,1044,1611,9212,4,13489,53956
17238,2024-06-02,1035,1061,6718,3,18640,55920
17239,2024-07-06,1008,1572,8232,2,13233,26466
17240,2024-02-29,1096,1713,5708,7,41673,291711
17241,2024-09-12,1039,1117,9758,5,40642,203210
17242,2024-07-01,1033,1480,9388,5,13881,69405
17243,2024-01-25,1087,1007,5463,5,49515,247575
17244,2024-01-25,1052,1805,7303,7,2604,18228
17245,2024-11-09,1044,1105,5173,4,34535,138140
17246,2024-02-07,1096,1291,5387,1,12383,12383
17247,2024-10-28,1032,1980,9921,4,32515,130060
17248,2024-04-09,1028,1567,9366,3,16301,48903
17249,2024-05-26,1037,1556,8897,1,10626,10626
17250,2024-10-06,1047,1817,5946,8,37686,301488
17251,2024-02-24,1076,1531,5234,6,5012,30072
17252,2024-03-12,1081,1958,7619,7,10835,75845
17253,2024-08-30,1058,1182,7791,2,979,1958
17254,2024-05-06,1061,1929,6407,7,18907,132349
17255,2024-11-16,1034,1613,8663,7,4901,34307
17256,2024-09-10,1046,1874,6953,2,36086,72172
17257,2024-03-08,1058,1347,9718,2,32174,64348
17258,2024-06-01,1058,1287,6272,1,6041,6041
17259,2024-05-28,1001,1203,7204,3,48654,145962
17260,2024-08-13,1088,1712,9612,7,6005,42035
17261,2024-11-21,1059,1042,9187,2,19474,38948
17262,2024-06-28,1005,1334,6761,7,26728,187096
17263,2024-11-05,1024,1396,5770,3,33873,101619
17264,2024-01-03,1052,1001,6576,5,38817,194085
17265,2024-10-15,1083,1956,9245,1,41902,41902
17266,2024-07-19,1077,1211,8133,3,17560,52680
17267,2024-01-07,1003,1909,6904,9,11330,101970
17268,2024-12-26,1071,1681,5303,4,1693,6772
17269,2024-06-03,1097,1142,9896,6,4911,29466
17270,2024-09-13,1091,1092,8121,4,47800,191200
17271,2024-06-16,1055,1121,7162,4,36164,144656
17272,2024-06-11,1001,1724,9871,4,29112,116448
17273,2024-12-02,1016,1393,5396,3,29740,89220
17274,2024-10-21,1067,1439,8353,6,36098,216588
17275,2024-01-11,1047,1884,8506,6,6299,37794
17276,2024-12-22,1097,1255,9334,7,37214,260498
17277,2024-10-27,1026,1948,9072,1,25324,25324
17278,2024-05-10,1082,1249,5959,2,49865,99730
17279,2024-07-23,1091,1616,8688,8,36027,288216
17280,2024-11-11,1033,1825,8885,9,42104,378936
17281,2024-04-01,1095,1229,8567,4,42251,169004
17282,2024-11-09,1040,1468,9189,5,46406,232030
17283,2024-04-20,1094,1866,6754,8,18556,148448
17284,2024-10-16,1005,1491,8032,4,27282,109128
17285,2024-09-03,1005,1464,8292,2,22820,45640
17286,2024-03-01,1027,1373,9112,8,46367,370936
17287,2024-04-19,1007,1761,8323,8,7024,56192
17288,2024-08-19,1000,1107,5811,8,3873,30984
17289,2024-05-04,1079,1061,6729,7,18640,130480
17290,2024-07-21,1082,1056,5828,7,18244,127708
17291,2024-09-27,1017,1762,9519,9,49256,443304
17292,2024-09-16,1093,1958,6231,2,10835,21670
17293,2024-01-23,1079,1131,7391,1,43800,43800
17294,2024-07-18,1096,1077,5468,4,5098,20392
17295,2024-03-20,1091,1871,9344,6,20054,120324
17296,2024-09-28,1046,1863,6434,3,7895,23685
17297,2024-12-09,1079,1977,7429,7,34532,241724
17298,2024-02-22,1010,1890,5298,9,3621,32589
17299,2024-09-22,1005,1417,7379,2,19285,38570
17300,2024-02-22,1013,1799,6333,3,30315,90945
17301,2024-09-28,1099,1845,5760,2,10371,20742
17302,2024-08-15,1021,1995,7803,7,43532,304724
17303,2024-06-28,1086,1161,6193,3,29202,87606
17304,2024-11-08,1030,1965,5029,7,36304,254128
17305,2024-07-18,1027,1807,6584,2,25870,51740
17306,2024-07-10,1018,1546,9712,6,14661,87966
17307,2024-01-23,1085,1526,5853,3,28553,85659
17308,2024-02-09,1000,1818,8726,9,15797,142173
17309,2024-12-01,1066,1019,6878,4,35500,142000
17310,2024-08-17,1071,1475,9650,6,14320,85920
17311,2024-01-18,1012,1804,6442,9,41212,370908
17312,2024-08-09,1050,1037,7131,8,24778,198224
17313,2024-06-12,1000,1660,6522,4,8770,35080
17314,2024-12-25,1028,1215,7601,5,4791,23955
17315,2024-06-17,1012,1009,5860,3,39529,118587
17316,2024-01-01,1041,1099,6627,3,9440,28320
17317,2024-12-02,1028,1437,6439,7,33745,236215
17318,2024-12-13,1093,1392,6607,3,38691,116073
17319,2024-09-10,1015,1725,6071,4,30461,121844
17320,2024-07-17,1059,1937,6484,5,18610,93050
17321,2024-07-30,1033,1100,6889,9,739,6651
17322,2024-06-18,1039,1911,9334,6,5385,32310
17323,2024-05-31,1066,1362,8736,3,12628,37884
17324,2024-03-05,1092,1279,5202,3,11937,35811
17325,2024-01-18,1093,1003,6559,6,32717,196302
17326,2024-03-30,1054,1939,7499,6,9982,59892
17327,2024-01-14,1057,1629,8874,7,30242,211694
17328,2024-01-19,1051,1150,6443,9,12925,116325
17329,2024-03-22,1063,1041,6245,3,15850,47550
17330,2024-09-05,1097,1981,9775,6,34989,209934
17331,2024-04-18,1003,1375,6221,9,2113,19017
17332,2024-01-07,1047,1961,7822,1,41361,41361
17333,2024-11-15,1071,1859,6075,6,24110,144660
17334,2024-01-02,1017,1628,5844,6,30016,180096
17335,2024-09-19,1085,1018,6747,8,44894,359152
17336,2024-01-28,1009,1915,9996,5,41528,207640
17337,2024-12-13,1013,1411,6786,3,25598,76794
17338,2024-12-02,1050,1873,6431,3,7298,21894
17339,2024-10-12,1094,1535,9137,5,2973,14865
17340,2024-09-10,1098,1986,7593,8,40631,325048
17341,2024-03-25,1045,1235,7376,8,18099,144792
17342,2024-07-19,1065,1769,6817,8,44109,352872
17343,2024-10-18,1060,1504,5337,5,8482,42410
17344,2024-10-04,1001,1006,9368,3,10159,30477
17345,2024-11-30,1034,1123,9083,5,1072,5360
17346,2024-03-18,1033,1512,6057,2,28420,56840
17347,2024-07-28,1092,1394,8380,4,29500,118000
17348,2024-05-05,1069,1690,7654,4,42528,170112
17349,2024-01-10,1067,1699,7707,7,48296,338072
17350,2024-08-27,1064,1670,5503,8,34870,278960
17351,2024-10-04,1034,1029,8258,8,8975,71800
17352,2024-11-03,1047,1076,6629,5,49664,248320
17353,2024-06-18,1046,1919,7161,9,46155,415395
17354,2024-06-17,1089,1529,8895,8,47282,378256
17355,2024-10-30,1092,1185,8071,3,21727,65181
17356,2024-11-20,1010,1460,9707,9,21400,192600
17357,2024-09-13,1061,1502,9589,8,23939,191512
17358,2024-12-18,1003,1784,7370,3,46867,140601
17359,2024-09-06,1085,1301,5415,2,48841,97682
17360,2024-07-02,1032,1111,9099,2,5511,11022
17361,2024-08-16,1033,1989,9582,8,30895,247160
17362,2024-11-22,1094,1018,9729,9,44894,404046
17363,2024-07-21,1073,1011,8401,8,23762,190096
17364,2024-06-20,1034,1217,6739,8,8286,66288
17365,2024-03-21,1052,1337,8260,4,41015,164060
17366,2024-02-18,1027,1907,6014,5,10960,54800
17367,2024-08-02,1022,1305,8124,3,23268,69804
17368,2024-06-25,1048,1961,7989,8,41361,330888
17369,2024-04-04,1075,1403,7567,3,38944,116832
17370,2024-04-27,1092,1517,8911,7,10125,70875
17371,2024-04-07,1001,1896,9597,6,15350,92100
17372,2024-03-14,1076,1985,5594,6,47335,284010
17373,2024-02-06,1099,1390,9497,1,34271,34271
17374,2024-11-25,1025,1351,5824,8,33002,264016
17375,2024-07-05,1016,1310,7511,9,21703,195327
17376,2024-09-22,1042,1480,7073,4,13881,55524
17377,2024-08-22,1096,1969,5148,4,9959,39836
17378,2024-12-23,1058,1123,7610,8,1072,8576
17379,2024-11-04,1085,1876,6469,6,12843,77058
17380,2024-11-26,1065,1872,8910,8,44686,357488
17381,2024-12-05,1073,1526,8476,7,28553,199871
17382,2024-11-02,1038,1862,9669,8,27024,216192
17383,2024-03-11,1025,1407,9099,4,16665,66660
17384,2024-05-28,1093,1284,8892,2,10530,21060
17385,2024-12-29,1021,1849,6945,1,24995,24995
17386,2024-09-18,1074,1198,9820,5,44598,222990
17387,2024-10-13,1021,1801,6072,9,6074,54666
17388,2024-05-19,1087,1461,9090,8,27047,216376
17389,2024-12-22,1057,1467,9171,7,29345,205415
17390,2024-10-31,1028,1092,5331,1,47800,47800
17391,2024-01-31,1009,1548,7971,4,34446,137784
17392,2024-09-21,1097,1937,6329,2,18610,37220
17393,2024-06-03,1024,1703,5397,9,43261,389349
17394,2024-04-25,1020,1094,5488,3,37898,113694
17395,2024-07-27,1060,1402,7427,9,17755,159795
17396,2024-04-24,1038,1918,8155,5,44740,223700
17397,2024-02-20,1076,1070,7121,2,34587,69174
17398,2024-03-12,1065,1517,7162,4,10125,40500
17399,2024-05-07,1005,1758,8892,6,22329,133974
17400,2024-09-05,1000,1354,5736,8,31794,254352
17401,2024-11-13,1027,1988,6831,3,2006,6018
17402,2024-11-09,1085,1566,9579,9,26408,237672
17403,2024-05-22,1010,1972,5208,4,2059,8236
17404,2024-06-15,1038,1806,6130,7,44863,314041
17405,2024-03-10,1068,1280,5442,3,33453,100359
17406,2024-01-08,1017,1097,7555,2,23379,46758
17407,2024-06-11,1019,1082,7105,9,15855,142695
17408,2024-03-03,1075,1259,8950,9,28140,253260
17409,2024-10-13,1084,1215,9421,6,4791,28746
17410,2024-08-21,1090,1800,6723,4,32977,131908
17411,2024-08-05,1057,1234,6273,2,42706,85412
17412,2024-12-09,1049,1321,8687,7,8702,60914
17413,2024-09-09,1040,1897,9063,4,10068,40272
17414,2024-07-12,1097,1397,8397,3,20058,60174
17415,2024-10-23,1017,1689,8877,2,15943,31886
17416,2024-09-13,1033,1778,6481,2,15136,30272
17417,2024-11-25,1065,1545,9838,7,27448,192136
17418,2024-08-29,1077,1246,7016,8,41163,329304
17419,2024-10-15,1064,1933,5927,4,25457,101828
17420,2024-04-17,1091,1219,8664,8,3847,30776
17421,2024-02-06,1026,1934,9944,3,14066,42198
17422,2024-11-08,1029,1661,8108,7,6026,42182
17423,2024-01-11,1085,1809,9864,8,5370,42960
17424,2024-03-24,1075,1480,9594,5,13881,69405
17425,2024-08-05,1000,1741,8712,6,4007,24042
17426,2024-08-25,1096,1243,7102,3,43676,131028
17427,2024-02-16,1040,1990,7711,4,10541,42164
17428,2024-12-10,1061,1440,9947,3,36881,110643
17429,2024-05-11,1000,1717,6768,1,30572,30572
17430,2024-07-29,1004,1677,5487,2,26853,53706
17431,2024-07-23,1047,1264,8338,7,44587,312109
17432,2024-03-23,1004,1766,5793,3,27620,82860
17433,2024-03-17,1070,1855,7274,1,13215,13215
17434,2024-05-19,1083,1028,6947,5,18487,92435
17435,2024-05-07,1025,1964,5687,1,14688,14688
17436,2024-03-06,1048,1425,6049,1,7600,7600
17437,2024-08-29,1069,1827,9664,6,34247,205482
17438,2024-05-30,1089,1422,5593,9,48782,439038
17439,2024-02-24,1060,1858,9692,1,39905,39905
17440,2024-05-26,1002,1455,9287,7,22058,154406
17441,2024-03-07,1038,1988,8880,2,2006,4012
17442,2024-05-30,1077,1315,7169,8,22438,179504
17443,2024-01-04,1048,1948,7979,7,25324,177268
17444,2024-01-18,1013,1637,8408,2,13576,27152
17445,2024-01-12,1019,1843,6096,9,12479,112311
17446,2024-09-12,1057,1647,8734,7,40960,286720
17447,2024-02-04,1043,1105,7520,2,34535,69070
17448,2024-02-12,1008,1616,7036,2,36027,72054
17449,2024-03-18,1062,1148,8349,5,46234,231170
17450,2024-12-16,1061,1695,7544,5,13120,65600
17451,2024-11-18,1005,1687,5446,9,14018,126162
17452,2024-11-15,1065,1302,6520,1,48761,48761
17453,2024-12-14,1042,1776,5576,5,20535,102675
17454,2024-12-24,1063,1077,7278,3,5098,15294
17455,2024-02-21,1096,1896,8890,3,15350,46050
17456,2024-01-17,1043,1822,6263,5,1720,8600
17457,2024-07-29,1004,1286,5621,2,17612,35224
17458,2024-08-14,1012,1847,7704,4,21621,86484
17459,2024-02-02,1014,1998,9944,4,15104,60416
17460,2024-11-23,1033,1090,9702,4,47490,189960
17461,2024-12-02,1055,1394,5612,2,29500,59000
17462,2024-10-27,1072,1321,7880,3,8702,26106
17463,2024-03-17,1089,1443,5910,3,25401,76203
17464,2024-03-08,1029,1030,5453,8,11779,94232
17465,2024-02-19,1055,1177,5415,8,41282,330256
17466,2024-06-06,1085,1315,7852,1,22438,22438
17467,2024-07-16,1024,1983,5079,4,10376,41504
17468,2024-09-14,1067,1829,9997,7,7115,49805
17469,2024-02-03,1046,1678,9863,1,17342,17342
17470,2024-07-30,1027,1898,7679,2,40233,80466
17471,2024-09-28,1036,1879,8576,5,39677,198385
17472,2024-03-04,1073,1953,6034,7,49515,346605
17473,2024-06-03,1072,1067,6738,7,7325,51275
17474,2024-11-16,1035,1541,8530,9,8122,73098
17475,2024-09-25,1000,1066,7121,3,2378,7134
17476,2024-02-09,1093,1579,6310,2,14373,28746
17477,2024-06-08,1074,1185,7038,1,21727,21727
17478,2024-11-18,1024,1076,5101,8,49664,397312
17479,2024-01-14,1074,1180,8628,7,20722,145054
17480,2024-04-29,1040,1525,6034,9,47466,427194
17481,2024-11-09,1054,1137,8211,2,25216,50432
17482,2024-12-13,1068,1461,9301,9,27047,243423
17483,2024-02-15,1090,1976,5393,8,47842,382736
17484,2024-12-11,1086,1789,9098,4,34717,138868
17485,2024-04-19,1056,1702,5339,4,19011,76044
17486,2024-08-06,1082,1572,9237,4,13233,52932
17487,2024-04-30,1002,1173,8890,5,32585,162925
17488,2024-10-15,1007,1292,7840,1,11161,11161
17489,2024-02-15,1047,1788,5765,5,27799,138995
17490,2024-12-03,1058,1984,9370,9,15805,142245
17491,2024-02-23,1035,1386,6460,9,45605,410445
17492,2024-11-17,1054,1402,6717,9,17755,159795
17493,2024-02-23,1078,1799,7153,3,30315,90945
17494,2024-01-04,1076,1206,6605,1,23626,23626
17495,2024-08-27,1093,1253,9677,2,29095,58190
17496,2024-03-20,1040,1791,6781,7,39400,275800
17497,2024-07-19,1073,1968,9297,5,10833,54165
17498,2024-07-20,1058,1329,7901,2,42065,84130
17499,2024-09-12,1033,1943,6175,7,35652,249564
17500,2024-07-17,1029,1351,9385,8,33002,264016
17501,2024-03-13,1088,1825,7418,2,42104,84208
17502,2024-06-24,1061,1423,6107,8,34420,275360
17503,2024-08-06,1069,1134,9440,1,15538,15538
17504,2024-08-11,1054,1557,7024,9,35485,319365
17505,2024-10-09,1080,1369,9998,9,12505,112545
17506,2024-10-07,1099,1986,9783,4,40631,162524
17507,2024-04-02,1095,1125,9853,9,9279,83511
17508,2024-05-31,1021,1398,5509,5,42762,213810
17509,2024-03-20,1096,1491,7727,1,27282,27282
17510,2024-07-26,1021,1724,7299,8,29112,232896
17511,2024-04-01,1099,1073,8241,4,21448,85792
17512,2024-01-20,1081,1086,6844,6,36079,216474
17513,2024-02-22,1091,1516,7325,1,47674,47674
17514,2024-03-23,1012,1240,5988,1,46264,46264
17515,2024-03-14,1081,1698,7225,9,23817,214353
17516,2024-05-09,1022,1249,6160,5,49865,249325
17517,2024-09-15,1098,1709,5832,7,38108,266756
17518,2024-12-24,1017,1021,5475,6,47038,282228
17519,2024-07-02,1073,1027,6912,3,4719,14157
17520,2024-03-06,1065,1437,7842,6,33745,202470
17521,2024-06-01,1013,1018,5590,1,44894,44894
17522,2024-12-30,1031,1112,7742,5,30683,153415
17523,2024-07-14,1029,1525,5693,3,47466,142398
17524,2024-01-15,1018,1175,7088,5,18560,92800
17525,2024-07-28,1068,1902,7762,3,2590,7770
17526,2024-05-14,1047,1206,9997,3,23626,70878
17527,2024-03-22,1095,1927,8802,3,22546,67638
17528,2024-03-11,1073,1661,7821,3,6026,18078
17529,2024-10-23,1004,1301,6767,5,48841,244205
17530,2024-06-20,1077,1852,6517,7,32886,230202
17531,2024-05-02,1038,1722,5209,7,26176,183232
17532,2024-10-15,1042,1510,5795,4,42356,169424
17533,2024-07-28,1018,1652,9309,2,43383,86766
17534,2024-03-04,1074,1277,8782,8,32925,263400
17535,2024-03-03,1098,1137,6521,7,25216,176512
17536,2024-01-08,1038,1365,7729,9,31461,283149
17537,2024-09-01,1085,1504,9903,7,8482,59374
17538,2024-06-13,1058,1043,9872,5,39027,195135
17539,2024-04-02,1093,1279,8362,9,11937,107433
17540,2024-10-10,1051,1442,7563,8,3589,28712
17541,2024-11-04,1093,1445,6838,4,36864,147456
17542,2024-07-17,1049,1071,8018,5,22516,112580
17543,2024-05-03,1074,1455,9773,4,22058,88232
17544,2024-02-24,1085,1112,5301,9,30683,276147
17545,2024-07-08,1009,1694,5526,7,34535,241745
17546,2024-05-22,1082,1432,5546,5,49935,249675
17547,2024-11-05,1014,1230,5345,1,32906,32906
17548,2024-11-12,1059,1561,5054,6,46597,279582
17549,2024-04-06,1034,1914,7671,2,30190,60380
17550,2024-11-05,1034,1233,6348,5,15452,77260
17551,2024-07-15,1000,1977,9996,9,34532,310788
17552,2024-10-11,1046,1569,5530,9,25852,232668
17553,2024-03-21,1062,1608,5115,9,9796,88164
17554,2024-04-18,1017,1687,7876,2,14018,28036
17555,2024-10-09,1025,1740,9491,4,44595,178380
17556,2024-07-27,1059,1860,7039,9,6957,62613
17557,2024-04-24,1017,1863,6057,7,7895,55265
17558,2024-08-28,1062,1071,6317,5,22516,112580
17559,2024-10-05,1040,1863,8627,2,7895,15790
17560,2024-11-01,1081,1907,7254,9,10960,98640
17561,2024-11-26,1042,1085,5991,2,12202,24404
17562,2024-07-22,1081,1915,8135,7,41528,290696
17563,2024-07-19,1095,1172,7475,9,24196,217764
17564,2024-12-09,1037,1025,8341,4,26492,105968
17565,2024-06-03,1026,1592,8045,9,5973,53757
17566,2024-11-10,1048,1873,6077,8,7298,58384
17567,2024-09-21,1055,1993,9228,7,40964,286748
17568,2024-10-15,1092,1414,7801,8,15075,120600
17569,2024-03-10,1048,1081,7234,4,4617,18468
17570,2024-06-27,1040,1570,7253,7,8016,56112
17571,2024-06-16,1083,1642,8710,3,4788,14364
17572,2024-01-06,1059,1785,5545,5,26118,130590
17573,2024-05-11,1098,1851,7872,2,29833,59666
17574,2024-09-15,1086,1371,6664,8,36716,293728
17575,2024-05-20,1055,1916,5937,2,8770,17540
17576,2024-10-08,1075,1440,9004,7,36881,258167
17577,2024-10-16,1061,1482,8354,8,22637,181096
17578,2024-07-23,1098,1245,9535,6,44831,268986
17579,2024-06-29,1061,1553,5646,4,37224,148896
17580,2024-02-16,1099,1317,6636,4,49439,197756
17581,2024-11-27,1041,1746,9576,6,12256,73536
17582,2024-05-15,1027,1029,8636,8,8975,71800
17583,2024-08-20,1036,1060,8741,9,20955,188595
17584,2024-07-20,1019,1803,8853,6,2103,12618
17585,2024-02-01,1034,1566,6758,3,26408,79224
17586,2024-10-03,1053,1259,7107,4,28140,112560
17587,2024-07-10,1070,1782,7610,5,4722,23610
17588,2024-03-31,1097,1623,6181,3,30533,91599
17589,2024-12-10,1005,1198,5196,5,44598,222990
17590,2024-03-11,1018,1095,5926,8,27357,218856
17591,2024-10-24,1007,1608,6993,4,9796,39184
17592,2024-02-04,1047,1824,9315,7,27731,194117
17593,2024-08-07,1093,1318,8922,1,825,825
17594,2024-07-17,1065,1844,7195,7,47045,329315
17595,2024-04-15,1015,1319,6209,1,23036,23036
17596,2024-11-27,1023,1144,7720,2,27045,54090
17597,2024-02-21,1024,1820,7339,1,13281,13281
17598,2024-01-17,1012,1503,6371,3,8683,26049
17599,2024-12-07,1072,1167,6541,8,6125,49000
17600,2024-01-09,1029,1741,9789,8,4007,32056
17601,2024-06-28,1008,1069,7168,7,14466,101262
17602,2024-01-03,1062,1126,8995,7,29520,206640
17603,2024-10-04,1039,1506,9271,5,8031,40155
17604,2024-06-30,1006,1049,8806,9,41768,375912
17605,2024-10-18,1079,1835,9648,1,2515,2515
17606,2024-06-15,1031,1270,7359,4,31057,124228
17607,2024-09-07,1060,1071,6430,6,22516,135096
17608,2024-09-30,1059,1417,7883,4,19285,77140
17609,2024-03-21,1092,1757,6700,2,18243,36486
17610,2024-01-27,1050,1242,7742,2,37781,75562
17611,2024-04-27,1039,1925,5426,2,43646,87292
17612,2024-08-14,1078,1470,9024,7,27356,191492
17613,2024-12-17,1010,1968,7251,5,10833,54165
17614,2024-07-13,1072,1407,5124,2,16665,33330
17615,2024-05-20,1015,1107,7492,9,3873,34857
17616,2024-09-29,1024,1519,9021,2,29481,58962
17617,2024-11-12,1031,1440,8194,7,36881,258167
17618,2024-08-30,1073,1369,6117,1,12505,12505
17619,2024-01-17,1009,1965,5766,6,36304,217824
17620,2024-07-02,1093,1792,7337,6,8128,48768
17621,2024-02-17,1056,1204,8748,5,28131,140655
17622,2024-01-16,1083,1929,5597,7,18907,132349
17623,2024-07-11,1040,1280,7094,8,33453,267624
17624,2024-10-09,1097,1017,9947,2,38905,77810
17625,2024-01-14,1064,1072,9433,3,47140,141420
17626,2024-12-13,1031,1992,5838,8,28885,231080
17627,2024-08-15,1094,1197,7593,5,29164,145820
17628,2024-04-25,1047,1525,7413,6,47466,284796
17629,2024-11-01,1053,1389,7413,4,39971,159884
17630,2024-08-11,1074,1465,9308,1,12535,12535
17631,2024-01-29,1040,1102,7533,8,32715,261720
17632,2024-01-28,1082,1217,7721,4,8286,33144
17633,2024-02-15,1060,1803,6742,9,2103,18927
17634,2024-02-29,1006,1035,5797,2,18947,37894
17635,2024-12-20,1052,1202,7248,8,24530,196240
17636,2024-05-27,1092,1657,9369,9,37697,339273
17637,2024-02-21,1052,1014,9563,6,45125,270750
17638,2024-05-29,1099,1767,5001,8,38045,304360
17639,2024-11-19,1096,1989,8619,4,30895,123580
17640,2024-05-23,1099,1344,5367,1,49389,49389
17641,2024-05-28,1025,1271,7625,2,12842,25684
17642,2024-06-20,1092,1075,7169,1,49962,49962
17643,2024-11-13,1060,1013,6325,9,23574,212166
17644,2024-05-28,1092,1558,9435,5,17360,86800
17645,2024-04-13,1034,1693,7496,6,46937,281622
17646,2024-05-18,1002,1057,5983,8,43305,346440
17647,2024-04-29,1068,1716,7975,9,9795,88155
17648,2024-02-06,1096,1230,7281,3,32906,98718
17649,2024-06-20,1063,1669,5692,2,24381,48762
17650,2024-05-03,1010,1483,6757,3,15452,46356
17651,2024-10-04,1005,1301,6184,6,48841,293046
17652,2024-07-30,1001,1527,6373,1,6586,6586
17653,2024-07-12,1076,1128,5723,2,28413,56826
17654,2024-01-21,1064,1680,6005,8,33510,268080
17655,2024-08-28,1090,1732,9258,8,11948,95584
17656,2024-05-24,1039,1888,5763,6,41201,247206
17657,2024-10-18,1014,1794,5584,8,42419,339352
17658,2024-05-21,1098,1204,9744,8,28131,225048
17659,2024-06-13,1029,1061,5990,5,18640,93200
17660,2024-05-13,1005,1976,5375,4,47842,191368
17661,2024-06-26,1097,1923,9006,7,725,5075
17662,2024-03-25,1020,1403,7829,1,38944,38944
17663,2024-07-23,1095,1054,5163,7,1586,11102
17664,2024-02-07,1056,1306,6631,8,36317,290536
17665,2024-11-30,1054,1628,9762,3,30016,90048
17666,2024-06-14,1083,1068,8827,8,5986,47888
17667,2024-01-24,1098,1855,9116,6,13215,79290
17668,2024-01-18,1062,1200,6607,3,7898,23694
17669,2024-12-14,1008,1096,9163,6,32486,194916
17670,2024-06-08,1051,1417,8817,6,19285,115710
17671,2024-11-22,1036,1749,6758,4,33974,135896
17672,2024-08-09,1069,1410,5316,5,7197,35985
17673,2024-04-11,1073,1612,6891,5,33404,167020
17674,2024-12-11,1008,1608,5656,6,9796,58776
17675,2024-11-23,1096,1367,6925,6,39768,238608
17676,2024-03-29,1015,1293,8242,3,41030,123090
17677,2024-06-06,1031,1284,7498,2,10530,21060
17678,2024-03-28,1083,1997,6612,1,42764,42764
17679,2024-05-12,1083,1802,8642,1,28913,28913
17680,2024-09-16,1002,1275,7263,8,23643,189144
17681,2024-06-27,1013,1658,9694,4,13936,55744
17682,2024-11-06,1020,1388,9134,5,34391,171955
17683,2024-10-15,1071,1280,9256,8,33453,267624
17684,2024-04-24,1087,1604,5561,7,32867,230069
17685,2024-12-14,1046,1281,5144,4,13443,53772
17686,2024-10-13,1020,1877,5471,7,17633,123431
17687,2024-12-29,1041,1946,6029,3,13860,41580
17688,2024-03-23,1095,1193,7610,6,13641,81846
17689,2024-08-24,1016,1700,6097,2,3129,6258
17690,2024-08-26,1039,1910,8713,6,44171,265026
17691,2024-03-06,1057,1127,8303,6,31246,187476
17692,2024-05-27,1003,1556,5932,3,10626,31878
17693,2024-07-22,1041,1773,5406,9,29210,262890
17694,2024-04-23,1086,1697,6539,5,32518,162590
17695,2024-12-06,1056,1896,5355,5,15350,76750
17696,2024-07-07,1035,1840,9772,1,38361,38361
17697,2024-10-18,1051,1042,5398,4,19474,77896
17698,2024-03-24,1021,1783,8379,1,11628,11628
17699,2024-12-29,1088,1013,8046,1,23574,23574
17700,2024-10-02,1067,1073,8277,7,21448,150136
17701,2024-04-09,1009,1018,9395,5,44894,224470
17702,2024-10-28,1023,1050,8094,8,34507,276056
17703,2024-09-30,1034,1391,9006,4,25086,100344
17704,2024-07-16,1077,1303,5172,9,15182,136638
17705,2024-12-18,1019,1651,6042,4,7713,30852
17706,2024-02-03,1051,1709,8133,2,38108,76216
17707,2024-03-19,1013,1290,6822,3,15679,47037
17708,2024-05-10,1038,1197,8391,9,29164,262476
17709,2024-03-12,1072,1517,5018,3,10125,30375
17710,2024-08-30,1033,1354,6018,1,31794,31794
17711,2024-05-18,1083,1235,8999,9,18099,162891
17712,2024-06-22,1066,1266,5597,2,36360,72720
17713,2024-01-17,1075,1250,7811,2,34368,68736
17714,2024-02-16,1011,1933,8800,8,25457,203656
17715,2024-01-30,1041,1858,6028,3,39905,119715
17716,2024-02-09,1085,1537,8605,3,17647,52941
17717,2024-07-17,1098,1923,8762,3,725,2175
17718,2024-11-27,1030,1583,7216,6,12676,76056
17719,2024-12-06,1070,1088,9468,4,35817,143268
17720,2024-06-04,1008,1082,8805,2,15855,31710
17721,2024-10-10,1050,1975,8042,4,47572,190288
17722,2024-02-28,1036,1817,7517,3,37686,113058
17723,2024-12-01,1021,1953,6567,7,49515,346605
17724,2024-11-25,1008,1537,7706,4,17647,70588
17725,2024-08-01,1079,1939,6370,1,9982,9982
17726,2024-09-19,1063,1782,9064,7,4722,33054
17727,2024-11-19,1062,1486,6284,4,16114,64456
17728,2024-01-24,1084,1459,7172,9,45945,413505
17729,2024-12-19,1072,1279,7602,4,11937,47748
17730,2024-10-23,1011,1844,9998,7,47045,329315
17731,2024-08-26,1026,1186,6418,6,9857,59142
17732,2024-02-23,1046,1824,6231,6,27731,166386
17733,2024-09-26,1072,1400,6264,2,44818,89636
17734,2024-06-20,1090,1972,7526,5,2059,10295
17735,2024-10-31,1027,1592,5753,4,5973,23892
17736,2024-11-14,1034,1490,8409,1,9043,9043
17737,2024-07-27,1037,1640,9122,9,29286,263574
17738,2024-02-14,1095,1138,9211,3,32156,96468
17739,2024-11-23,1040,1275,5449,9,23643,212787
17740,2024-12-27,1066,1542,6184,1,45780,45780
17741,2024-09-06,1055,1747,5564,7,11873,83111
17742,2024-01-07,1008,1610,8294,9,35962,323658
17743,2024-09-15,1002,1166,5815,2,5115,10230
17744,2024-03-28,1050,1446,5804,3,30661,91983
17745,2024-07-07,1099,1005,8931,2,37773,75546
17746,2024-01-30,1076,1354,6861,7,31794,222558
17747,2024-01-05,1048,1795,6580,8,17544,140352
17748,2024-12-25,1097,1946,8033,6,13860,83160
17749,2024-07-18,1093,1052,6192,1,39764,39764
17750,2024-01-07,1079,1115,5345,5,7215,36075
17751,2024-06-15,1096,1299,9336,1,34241,34241
17752,2024-06-19,1034,1064,9069,3,47734,143202
17753,2024-01-28,1015,1207,7886,1,29643,29643
17754,2024-04-17,1039,1752,6402,2,34734,69468
17755,2024-05-26,1068,1108,7587,1,28093,28093
17756,2024-10-10,1007,1779,9537,7,7968,55776
17757,2024-04-08,1053,1155,8527,7,17655,123585
17758,2024-03-16,1032,1767,8884,4,38045,152180
17759,2024-04-01,1050,1974,6195,2,11100,22200
17760,2024-08-17,1093,1583,5419,4,12676,50704
17761,2024-07-16,1001,1963,7217,4,23878,95512
17762,2024-05-26,1037,1734,9542,9,12138,109242
17763,2024-03-04,1055,1760,7318,9,32575,293175
17764,2024-12-12,1019,1109,5887,5,24236,121180
17765,2024-02-19,1051,1029,7138,7,8975,62825
17766,2024-01-10,1008,1418,8730,7,31957,223699
17767,2024-08-12,1064,1389,6281,3,39971,119913
17768,2024-03-22,1065,1357,6159,9,23182,208638
17769,2024-06-30,1018,1596,9517,3,6122,18366
17770,2024-01-10,1015,1541,8380,7,8122,56854
17771,2024-12-25,1068,1380,7708,7,19148,134036
17772,2024-08-22,1095,1847,5614,9,21621,194589
17773,2024-11-05,1019,1830,6525,7,22619,158333
17774,2024-11-21,1051,1775,8967,5,23882,119410
17775,2024-08-20,1013,1730,7803,2,29338,58676
17776,2024-08-22,1076,1127,8589,1,31246,31246
17777,2024-02-03,1090,1288,5045,6,48434,290604
17778,2024-02-12,1034,1810,9767,9,25598,230382
17779,2024-05-12,1056,1075,9518,3,49962,149886
17780,2024-04-22,1033,1298,6843,1,24719,24719
17781,2024-02-23,1058,1556,7617,1,10626,10626
17782,2024-05-21,1079,1745,5067,9,33660,302940
17783,2024-02-18,1027,1755,6852,9,46322,416898
17784,2024-09-23,1042,1470,9554,6,27356,164136
17785,2024-06-07,1034,1949,7241,3,5852,17556
17786,2024-05-17,1014,1749,8645,9,33974,305766
17787,2024-01-21,1002,1486,5902,5,16114,80570
17788,2024-09-10,1090,1493,6587,8,14518,116144
17789,2024-10-28,1026,1114,9658,4,15305,61220
17790,2024-08-10,1003,1370,6488,1,43867,43867
17791,2024-07-21,1084,1448,7156,2,41404,82808
17792,2024-04-16,1021,1902,9117,8,2590,20720
17793,2024-03-14,1068,1163,9834,4,2749,10996
17794,2024-01-20,1022,1792,5127,1,8128,8128
17795,2024-10-03,1086,1212,8289,5,18238,91190
17796,2024-02-26,1012,1292,9845,4,11161,44644
17797,2024-02-26,1059,1120,6421,5,32482,162410
17798,2024-03-09,1026,1395,8209,3,48559,145677
17799,2024-07-16,1049,1927,8545,4,22546,90184
17800,2024-05-31,1078,1944,8172,8,38176,305408
17801,2024-07-26,1011,1421,7254,6,31527,189162
17802,2024-07-06,1009,1567,6137,5,16301,81505
17803,2024-05-30,1048,1079,9399,4,49659,198636
17804,2024-02-16,1091,1960,7885,2,34439,68878
17805,2024-07-26,1034,1875,6659,1,18669,18669
17806,2024-08-30,1037,1380,8291,4,19148,76592
17807,2024-06-28,1053,1281,7985,2,13443,26886
17808,2024-05-20,1019,1568,5943,9,11284,101556
17809,2024-08-24,1011,1909,9560,2,11330,22660
17810,2024-01-08,1002,1439,5259,2,36098,72196
17811,2024-04-11,1001,1325,6571,6,30607,183642
17812,2024-06-08,1091,1296,5148,6,31240,187440
17813,2024-05-24,1021,1050,9836,4,34507,138028
17814,2024-01-05,1034,1467,6379,3,29345,88035
17815,2024-11-23,1008,1450,9419,4,40929,163716
17816,2024-04-03,1086,1500,5054,5,28433,142165
17817,2024-08-04,1016,1874,7430,8,36086,288688
17818,2024-06-20,1013,1523,5613,2,30324,60648
17819,2024-11-19,1031,1096,7146,6,32486,194916
17820,2024-05-17,1058,1944,9218,7,38176,267232
17821,2024-10-30,1057,1620,5294,3,12975,38925
17822,2024-06-04,1035,1768,7570,5,44630,223150
17823,2024-09-17,1032,1658,8954,2,13936,27872
17824,2024-10-26,1073,1705,7577,3,24856,74568
17825,2024-06-07,1063,1441,5057,2,13301,26602
17826,2024-09-28,1012,1342,9246,1,11709,11709
17827,2024-05-02,1033,1236,7520,8,31314,250512
17828,2024-10-05,1004,1583,6691,3,12676,38028
17829,2024-12-14,1069,1225,8410,7,26242,183694
17830,2024-01-21,1032,1125,8514,3,9279,27837
17831,2024-10-05,1004,1259,9122,7,28140,196980
17832,2024-07-26,1087,1903,5463,8,25151,201208
17833,2024-04-27,1071,1538,5379,6,19863,119178
17834,2024-05-02,1017,1537,7843,9,17647,158823
17835,2024-07-19,1088,1352,9037,1,42618,42618
17836,2024-12-03,1017,1810,5187,1,25598,25598
17837,2024-10-27,1099,1615,8092,2,6923,13846
17838,2024-11-23,1025,1876,8239,4,12843,51372
17839,2024-03-31,1083,1039,8387,6,34809,208854
17840,2024-03-21,1019,1689,7655,9,15943,143487
17841,2024-08-03,1087,1450,5677,5,40929,204645
17842,2024-10-03,1083,1712,9321,9,6005,54045
17843,2024-01-01,1003,1201,5511,5,18646,93230
17844,2024-05-23,1021,1540,5275,2,47536,95072
17845,2024-09-06,1088,1340,9281,9,27410,246690
17846,2024-06-19,1084,1246,7466,9,41163,370467
17847,2024-05-13,1081,1116,6446,7,7788,54516
17848,2024-03-16,1072,1381,7715,4,40684,162736
17849,2024-04-21,1008,1937,8179,5,18610,93050
17850,2024-09-06,1058,1241,6827,1,28258,28258
17851,2024-09-23,1032,1785,8505,6,26118,156708
17852,2024-04-05,1006,1336,9739,9,7606,68454
17853,2024-08-28,1032,1246,5718,6,41163,246978
17854,2024-10-02,1065,1660,9195,9,8770,78930
17855,2024-10-03,1071,1962,6864,2,38048,76096
17856,2024-10-18,1096,1829,6775,5,7115,35575
17857,2024-02-07,1058,1410,6256,3,7197,21591
17858,2024-11-07,1034,1095,5492,7,27357,191499
17859,2024-12-12,1092,1105,7360,2,34535,69070
17860,2024-09-23,1031,1220,7248,1,8580,8580
17861,2024-09-30,1000,1174,9273,7,7467,52269
17862,2024-03-21,1094,1476,9093,8,47171,377368
17863,2024-04-07,1051,1537,9409,6,17647,105882
17864,2024-02-14,1034,1904,6617,3,21367,64101
17865,2024-06-02,1039,1602,9381,3,23417,70251
17866,2024-11-10,1043,1378,9936,3,33182,99546
17867,2024-05-13,1038,1395,6667,5,48559,242795
17868,2024-02-12,1019,1527,9234,4,6586,26344
17869,2024-04-03,1096,1814,9572,9,22937,206433
17870,2024-06-28,1086,1055,6502,1,48490,48490
17871,2024-12-24,1002,1833,8109,9,41918,377262
17872,2024-09-12,1052,1562,9474,8,23549,188392
17873,2024-08-29,1011,1486,5788,6,16114,96684
17874,2024-08-11,1007,1282,6411,9,45489,409401
17875,2024-01-17,1063,1456,8491,6,27967,167802
17876,2024-11-28,1040,1621,5566,7,13880,97160
17877,2024-04-26,1010,1065,8875,4,27731,110924
17878,2024-02-15,1025,1573,8837,6,12027,72162
17879,2024-06-17,1086,1070,9085,3,34587,103761
17880,2024-05-20,1037,1903,8086,5,25151,125755
17881,2024-08-01,1004,1677,9628,4,26853,107412
17882,2024-08-12,1031,1517,9619,4,10125,40500
17883,2024-06-26,1068,1631,6205,2,42058,84116
17884,2024-02-17,1014,1570,7744,6,8016,48096
17885,2024-04-08,1060,1786,7573,3,21287,63861
17886,2024-10-09,1051,1590,6666,7,33854,236978
17887,2024-09-18,1086,1951,8877,9,40345,363105
17888,2024-02-27,1027,1236,7166,1,31314,31314
17889,2024-09-09,1018,1155,6917,6,17655,105930
17890,2024-07-09,1053,1989,7658,7,30895,216265
17891,2024-01-01,1080,1986,5919,9,40631,365679
17892,2024-08-22,1014,1137,7584,4,25216,100864
17893,2024-10-10,1012,1172,5118,7,24196,169372
17894,2024-10-11,1086,1862,9043,8,27024,216192
17895,2024-12-17,1081,1704,7262,6,1705,10230
17896,2024-06-04,1022,1177,8663,5,41282,206410
17897,2024-03-31,1079,1415,5562,2,40091,80182
17898,2024-07-28,1061,1956,7198,1,41902,41902
17899,2024-11-19,1083,1143,9611,3,20598,61794
17900,2024-08-17,1024,1901,6435,8,8528,68224
17901,2024-09-09,1031,1449,9532,5,21065,105325
17902,2024-08-30,1020,1829,6214,5,7115,35575
17903,2024-02-10,1000,1745,6263,9,33660,302940
17904,2024-12-27,1027,1321,5326,9,8702,78318
17905,2024-05-02,1090,1962,8604,9,38048,342432
17906,2024-07-15,1090,1658,5935,8,13936,111488
17907,2024-05-29,1099,1771,7663,8,3583,28664
17908,2024-08-27,1011,1376,5484,2,9663,19326
17909,2024-11-08,1078,1554,5263,2,38592,77184
17910,2024-10-04,1019,1145,8604,5,10942,54710
17911,2024-11-17,1082,1977,8219,6,34532,207192
17912,2024-02-12,1050,1622,7636,5,4400,22000
17913,2024-02-03,1025,1173,8275,8,32585,260680
17914,2024-04-23,1084,1876,8650,1,12843,12843
17915,2024-01-02,1042,1757,5386,6,18243,109458
17916,2024-08-25,1049,1813,6089,5,37973,189865
17917,2024-09-03,1073,1724,7157,2,29112,58224
17918,2024-02-28,1027,1916,8469,8,8770,70160
17919,2024-02-05,1025,1614,5962,7,3468,24276
17920,2024-08-19,1076,1157,7459,5,43351,216755
17921,2024-01-08,1024,1703,9637,2,43261,86522
17922,2024-06-09,1030,1552,6674,2,43077,86154
17923,2024-10-15,1083,1400,7638,1,44818,44818
17924,2024-01-18,1078,1132,9343,8,12777,102216
17925,2024-03-04,1017,1004,7926,6,26876,161256
17926,2024-03-01,1039,1884,6039,2,6299,12598
17927,2024-03-23,1086,1712,7092,6,6005,36030
17928,2024-01-10,1066,1074,6954,4,25817,103268
17929,2024-04-15,1062,1997,9971,3,42764,128292
17930,2024-08-20,1010,1943,5146,9,35652,320868
17931,2024-08-09,1026,1895,6009,3,11889,35667
17932,2024-10-04,1036,1359,5224,8,44846,358768
17933,2024-02-08,1011,1461,9155,8,27047,216376
17934,2024-12-23,1096,1631,7725,5,42058,210290
17935,2024-11-16,1027,1549,6816,6,27258,163548
17936,2024-10-12,1005,1773,8098,5,29210,146050
17937,2024-05-12,1069,1697,8127,4,32518,130072
17938,2024-08-30,1043,1781,5024,3,40601,121803
17939,2024-10-08,1084,1967,9885,8,16262,130096
17940,2024-04-29,1088,1733,8740,6,22721,136326
17941,2024-03-03,1046,1954,8934,1,6284,6284
17942,2024-06-22,1035,1448,5998,8,41404,331232
17943,2024-01-31,1081,1344,7328,4,49389,197556
17944,2024-08-18,1043,1524,7326,2,28156,56312
17945,2024-06-17,1068,1666,9433,5,1437,7185
17946,2024-05-19,1022,1920,8830,2,13189,26378
17947,2024-09-29,1022,1695,6209,2,13120,26240
17948,2024-05-25,1086,1067,5105,6,7325,43950
17949,2024-07-12,1034,1698,8630,5,23817,119085
17950,2024-12-13,1092,1238,7045,8,28262,226096
17951,2024-08-31,1068,1762,6299,3,49256,147768
17952,2024-10-21,1060,1094,6115,8,37898,303184
17953,2024-03-14,1080,1688,8940,8,41027,328216
17954,2024-05-15,1037,1529,6455,4,47282,189128
17955,2024-03-31,1051,1976,5585,8,47842,382736
17956,2024-01-26,1001,1202,9975,4,24530,98120
17957,2024-03-16,1018,1843,5686,4,12479,49916
17958,2024-02-04,1062,1002,7323,4,45041,180164
17959,2024-11-08,1066,1206,5780,6,23626,141756
17960,2024-07-25,1093,1568,8409,6,11284,67704
17961,2024-10-03,1096,1901,9592,1,8528,8528
17962,2024-06-13,1022,1324,6367,4,44675,178700
17963,2024-05-03,1025,1798,6679,3,15110,45330
17964,2024-08-09,1029,1775,7940,9,23882,214938
17965,2024-09-29,1018,1521,7150,9,28007,252063
17966,2024-12-19,1038,1002,8611,1,45041,45041
17967,2024-04-06,1089,1011,8521,2,23762,47524
17968,2024-03-22,1095,1859,7336,9,24110,216990
17969,2024-01-25,1027,1459,8610,2,45945,91890
17970,2024-12-26,1072,1617,6053,6,32507,195042
17971,2024-03-01,1060,1349,9179,2,35167,70334
17972,2024-04-03,1047,1786,9951,5,21287,106435
17973,2024-10-19,1094,1916,8634,7,8770,61390
17974,2024-12-30,1078,1208,5249,1,10999,10999
17975,2024-09-02,1095,1013,8712,6,23574,141444
17976,2024-05-20,1012,1102,9645,8,32715,261720
17977,2024-09-09,1085,1754,9710,7,47803,334621
17978,2024-10-22,1010,1330,5941,8,16591,132728
17979,2024-06-18,1096,1540,9927,5,47536,237680
17980,2024-12-05,1087,1881,6423,1,23705,23705
17981,2024-11-21,1039,1262,7820,3,25428,76284
17982,2024-08-25,1050,1048,7436,5,38918,194590
17983,2024-06-18,1069,1704,8698,5,1705,8525
17984,2024-12-16,1079,1488,5846,9,7777,69993
17985,2024-10-25,1029,1262,7194,3,25428,76284
17986,2024-07-14,1029,1397,9670,5,20058,100290
17987,2024-12-10,1077,1783,8305,2,11628,23256
17988,2024-06-04,1053,1610,6198,2,35962,71924
17989,2024-04-08,1006,1655,5218,5,13830,69150
17990,2024-10-23,1066,1852,8090,9,32886,295974
17991,2024-11-12,1094,1908,5374,2,19831,39662
17992,2024-05-12,1009,1337,5040,8,41015,328120
17993,2024-12-18,1096,1412,9954,3,10207,30621
17994,2024-05-18,1060,1468,8364,3,46406,139218
17995,2024-09-20,1036,1840,9460,2,38361,76722
17996,2024-05-28,1014,1377,7698,4,46503,186012
17997,2024-09-17,1049,1380,9042,7,19148,134036
17998,2024-02-03,1003,1990,6143,5,10541,52705
17999,2024-01-09,1041,1060,7349,3,20955,62865
18000,2024-10-20,1067,1932,8121,8,42299,338392
18001,2024-02-12,1009,1364,5492,8,29527,236216
18002,2024-04-05,1021,1784,9347,8,46867,374936
18003,2024-01-12,1030,1286,7563,4,17612,70448
18004,2024-12-20,1099,1570,8511,3,8016,24048
18005,2024-05-19,1075,1599,5495,8,40351,322808
18006,2024-10-13,1072,1878,9934,6,12486,74916
18007,2024-09-23,1027,1430,9649,7,29449,206143
18008,2024-12-19,1097,1773,7529,1,29210,29210
18009,2024-10-09,1068,1799,8400,6,30315,181890
18010,2024-01-21,1093,1286,5252,3,17612,52836
18011,2024-09-25,1079,1401,6798,7,11881,83167
18012,2024-09-06,1018,1762,9262,3,49256,147768
18013,2024-02-14,1077,1885,9347,2,47126,94252
18014,2024-06-23,1046,1239,6807,3,34453,103359
18015,2024-10-07,1023,1008,5255,7,21305,149135
18016,2024-03-17,1055,1514,8601,1,38722,38722
18017,2024-08-20,1010,1637,6094,9,13576,122184
18018,2024-11-15,1076,1996,7941,8,35923,287384
18019,2024-07-16,1073,1582,9281,9,1649,14841
18020,2024-12-20,1092,1409,5920,3,31604,94812
18021,2024-09-11,1090,1908,9950,9,19831,178479
18022,2024-06-04,1053,1673,5160,3,33346,100038
18023,2024-01-04,1058,1298,6259,5,24719,123595
18024,2024-03-24,1064,1732,7209,5,11948,59740
18025,2024-07-15,1031,1672,5274,9,18307,164763
18026,2024-08-01,1017,1324,6527,1,44675,44675
18027,2024-10-06,1003,1675,6760,2,35364,70728
18028,2024-05-24,1079,1590,8083,6,33854,203124
18029,2024-02-26,1081,1632,8277,5,20338,101690
18030,2024-06-02,1084,1201,5332,4,18646,74584
18031,2024-04-09,1050,1835,7633,3,2515,7545
18032,2024-07-18,1046,1998,7934,1,15104,15104
18033,2024-01-08,1053,1868,9507,9,42952,386568
18034,2024-01-10,1024,1382,8924,1,43965,43965
18035,2024-05-03,1009,1046,7780,7,36237,253659
18036,2024-09-26,1006,1956,9878,5,41902,209510
18037,2024-12-12,1064,1228,5367,2,15383,30766
18038,2024-01-27,1096,1812,9056,4,38891,155564
18039,2024-01-05,1096,1357,6963,2,23182,46364
18040,2024-11-30,1018,1607,6935,7,48005,336035
18041,2024-05-12,1006,1727,6420,4,37083,148332
18042,2024-12-07,1044,1339,6394,8,20066,160528
18043,2024-05-19,1077,1943,6835,1,35652,35652
18044,2024-09-20,1037,1040,8081,9,45320,407880
18045,2024-11-10,1006,1933,8714,8,25457,203656
18046,2024-08-14,1045,1359,6708,7,44846,313922
18047,2024-02-29,1066,1323,6259,8,7464,59712
18048,2024-03-20,1074,1202,8529,4,24530,98120
18049,2024-02-24,1007,1266,7969,7,36360,254520
18050,2024-04-03,1089,1783,6668,5,11628,58140
18051,2024-02-10,1002,1616,6589,7,36027,252189
18052,2024-01-10,1092,1064,8555,5,47734,238670
18053,2024-08-13,1011,1480,5620,2,13881,27762
18054,2024-04-25,1081,1710,9175,5,23031,115155
18055,2024-12-05,1042,1450,6080,3,40929,122787
18056,2024-04-16,1006,1838,8906,5,29512,147560
18057,2024-01-07,1093,1512,9422,5,28420,142100
18058,2024-01-21,1047,1224,7479,6,47220,283320
18059,2024-09-08,1079,1454,9516,8,35458,283664
18060,2024-11-26,1044,1003,7118,8,32717,261736
18061,2024-04-10,1024,1593,5149,2,39897,79794
18062,2024-08-02,1003,1244,8593,6,10128,60768
18063,2024-02-13,1003,1548,9205,8,34446,275568
18064,2024-08-10,1049,1397,6641,2,20058,40116
18065,2024-07-28,1057,1243,5207,5,43676,218380
18066,2024-12-09,1064,1846,7230,2,36452,72904
18067,2024-08-01,1066,1792,7367,2,8128,16256
18068,2024-10-19,1027,1849,8205,3,24995,74985
18069,2024-08-26,1074,1643,8077,5,2600,13000
18070,2024-03-05,1036,1961,7994,6,41361,248166
18071,2024-09-10,1001,1170,7338,5,34869,174345
18072,2024-01-06,1072,1025,5551,8,26492,211936
18073,2024-10-20,1060,1211,8184,7,17560,122920
18074,2024-08-08,1080,1654,8842,5,28483,142415
18075,2024-11-08,1095,1901,9741,8,8528,68224
18076,2024-07-21,1050,1164,7076,4,35248,140992
18077,2024-03-10,1030,1638,6243,4,42321,169284
18078,2024-03-05,1084,1938,7230,6,32588,195528
18079,2024-09-08,1080,1041,8417,5,15850,79250
18080,2024-07-01,1080,1780,7131,6,23992,143952
18081,2024-04-21,1042,1655,7447,2,13830,27660
18082,2024-09-08,1090,1553,8276,1,37224,37224
18083,2024-10-17,1027,1037,7719,7,24778,173446
18084,2024-10-06,1038,1833,9010,2,41918,83836
18085,2024-10-20,1064,1704,5583,3,1705,5115
18086,2024-01-03,1015,1644,7339,3,37636,112908
18087,2024-06-27,1066,1541,7291,9,8122,73098
18088,2024-07-07,1078,1606,9874,4,26479,105916
18089,2024-06-16,1067,1426,7828,6,39924,239544
18090,2024-02-23,1035,1031,7925,8,20744,165952
18091,2024-03-06,1029,1450,7420,6,40929,245574
18092,2024-04-24,1092,1194,7546,6,8150,48900
18093,2024-11-11,1022,1297,6948,2,7611,15222
18094,2024-09-27,1062,1381,8256,8,40684,325472
18095,2024-08-01,1068,1516,7729,1,47674,47674
18096,2024-04-19,1046,1482,6566,7,22637,158459
18097,2024-07-01,1010,1981,7416,9,34989,314901
18098,2024-09-16,1018,1607,7421,9,48005,432045
18099,2024-01-24,1061,1698,5378,3,23817,71451
18100,2024-12-04,1071,1278,5688,1,20117,20117
18101,2024-04-03,1042,1229,8804,8,42251,338008
18102,2024-09-12,1074,1511,5086,3,13714,41142
18103,2024-08-01,1008,1361,8694,8,20617,164936
18104,2024-12-24,1024,1391,6499,7,25086,175602
18105,2024-02-09,1088,1963,6753,8,23878,191024
18106,2024-10-09,1077,1325,6622,5,30607,153035
18107,2024-02-06,1030,1730,9198,4,29338,117352
18108,2024-09-13,1012,1274,5131,9,16051,144459
18109,2024-07-22,1064,1105,6464,2,34535,69070
18110,2024-07-29,1029,1427,5551,3,40537,121611
18111,2024-05-02,1072,1747,6932,2,11873,23746
18112,2024-10-21,1028,1502,5920,2,23939,47878
18113,2024-10-12,1094,1860,6030,4,6957,27828
18114,2024-10-02,1017,1805,5477,6,2604,15624
18115,2024-08-31,1002,1939,6642,4,9982,39928
18116,2024-09-06,1034,1389,9648,7,39971,279797
18117,2024-05-22,1065,1258,6759,8,18743,149944
18118,2024-09-05,1003,1991,8108,7,22166,155162
18119,2024-11-15,1040,1495,8996,4,7401,29604
18120,2024-03-07,1078,1591,7264,1,16102,16102
18121,2024-05-01,1080,1765,8657,5,5423,27115
18122,2024-08-22,1089,1416,7578,3,31717,95151
18123,2024-10-08,1094,1767,5315,7,38045,266315
18124,2024-08-07,1029,1577,7268,4,12590,50360
18125,2024-05-05,1086,1381,8972,5,40684,203420
18126,2024-09-18,1093,1874,9837,9,36086,324774
18127,2024-08-25,1010,1825,7146,3,42104,126312
18128,2024-02-01,1032,1409,5451,9,31604,284436
18129,2024-07-21,1037,1610,8994,1,35962,35962
18130,2024-09-29,1004,1283,9184,4,34605,138420
18131,2024-06-22,1058,1170,6063,2,34869,69738
18132,2024-11-04,1098,1752,6283,7,34734,243138
18133,2024-08-25,1050,1586,9003,3,33382,100146
18134,2024-12-21,1064,1621,6930,4,13880,55520
18135,2024-04-19,1067,1727,7873,7,37083,259581
18136,2024-03-11,1057,1527,7833,6,6586,39516
18137,2024-05-23,1047,1088,6142,4,35817,143268
18138,2024-07-24,1057,1790,9337,7,23716,166012
18139,2024-12-22,1036,1186,5278,6,9857,59142
18140,2024-08-28,1006,1358,8435,8,11710,93680
18141,2024-03-31,1059,1290,5110,9,15679,141111
18142,2024-06-06,1058,1216,8596,5,32225,161125
18143,2024-07-25,1009,1636,8769,6,25955,155730
18144,2024-02-26,1032,1168,6514,9,34337,309033
18145,2024-02-25,1050,1372,5733,4,38223,152892
18146,2024-06-15,1077,1486,6965,7,16114,112798
18147,2024-05-06,1035,1364,6934,1,29527,29527
18148,2024-01-18,1037,1352,5583,4,42618,170472
18149,2024-03-15,1054,1405,5325,8,18631,149048
18150,2024-10-04,1029,1585,7807,3,23888,71664
18151,2024-09-15,1025,1384,5856,2,37254,74508
18152,2024-01-24,1094,1045,9535,3,23669,71007
18153,2024-11-03,1041,1869,8155,7,45211,316477
18154,2024-03-07,1046,1277,9777,5,32925,164625
18155,2024-05-02,1018,1287,6107,8,6041,48328
18156,2024-10-13,1076,1726,7392,1,43660,43660
18157,2024-02-22,1086,1669,7692,7,24381,170667
18158,2024-04-30,1082,1086,5262,5,36079,180395
18159,2024-07-04,1079,1810,7606,5,25598,127990
18160,2024-10-13,1024,1622,6691,5,4400,22000
18161,2024-08-31,1089,1011,7512,8,23762,190096
18162,2024-03-16,1084,1338,8537,3,3402,10206
18163,2024-03-24,1017,1454,8155,1,35458,35458
18164,2024-12-29,1008,1410,5953,1,7197,7197
18165,2024-11-07,1087,1921,7433,8,38414,307312
18166,2024-10-18,1016,1145,5236,5,10942,54710
18167,2024-11-02,1093,1091,7709,4,20537,82148
18168,2024-05-26,1003,1842,9625,4,21565,86260
18169,2024-12-02,1054,1961,6351,5,41361,206805
18170,2024-12-25,1053,1592,8978,7,5973,41811
18171,2024-01-05,1027,1700,8454,6,3129,18774
18172,2024-04-10,1039,1685,9756,7,18169,127183
18173,2024-04-09,1008,1540,5665,4,47536,190144
18174,2024-06-21,1035,1671,8514,1,8793,8793
18175,2024-04-17,1007,1753,9587,4,43548,174192
18176,2024-09-26,1061,1654,5122,3,28483,85449
18177,2024-01-28,1085,1699,9951,6,48296,289776
18178,2024-09-01,1088,1209,9207,8,6529,52232
18179,2024-09-21,1048,1155,9334,3,17655,52965
18180,2024-11-10,1069,1410,5353,8,7197,57576
18181,2024-02-07,1089,1168,9493,2,34337,68674
18182,2024-04-02,1041,1626,9506,7,27114,189798
18183,2024-06-01,1001,1814,7870,3,22937,68811
18184,2024-11-23,1030,1288,5176,3,48434,145302
18185,2024-02-17,1075,1299,8188,8,34241,273928
18186,2024-05-09,1018,1561,7968,2,46597,93194
18187,2024-01-06,1064,1265,7247,9,24102,216918
18188,2024-03-01,1073,1407,7631,8,16665,133320
18189,2024-09-14,1059,1633,9563,4,48943,195772
18190,2024-12-04,1061,1801,7345,9,6074,54666
18191,2024-09-25,1059,1874,9476,1,36086,36086
18192,2024-10-31,1097,1858,8153,9,39905,359145
18193,2024-09-01,1015,1019,8007,8,35500,284000
18194,2024-01-08,1006,1232,5544,8,5990,47920
18195,2024-09-21,1076,1792,8521,1,8128,8128
18196,2024-05-30,1067,1054,7949,8,1586,12688
18197,2024-07-18,1094,1240,7438,1,46264,46264
18198,2024-11-24,1073,1217,7350,1,8286,8286
18199,2024-09-24,1011,1426,7626,2,39924,79848
18200,2024-08-04,1097,1948,7526,2,25324,50648
18201,2024-12-03,1091,1724,5934,5,29112,145560
18202,2024-07-28,1004,1689,5885,7,15943,111601
18203,2024-12-28,1091,1054,9749,6,1586,9516
18204,2024-06-19,1046,1908,5787,4,19831,79324
18205,2024-04-10,1010,1176,5913,1,43603,43603
18206,2024-02-29,1033,1480,8931,5,13881,69405
18207,2024-11-18,1078,1123,9218,4,1072,4288
18208,2024-01-29,1050,1649,7853,9,38461,346149
18209,2024-06-01,1004,1859,6174,6,24110,144660
18210,2024-03-06,1047,1992,6724,5,28885,144425
18211,2024-08-26,1084,1266,9281,4,36360,145440
18212,2024-01-05,1030,1377,8359,5,46503,232515
18213,2024-05-03,1039,1630,9174,3,30824,92472
18214,2024-04-04,1006,1205,5485,8,40606,324848
18215,2024-01-05,1098,1595,8978,9,37237,335133
18216,2024-03-25,1084,1867,8695,1,2470,2470
18217,2024-08-27,1039,1744,5719,5,31855,159275
18218,2024-02-18,1068,1019,6253,6,35500,213000
18219,2024-01-26,1013,1071,8878,3,22516,67548
18220,2024-11-22,1097,1846,5555,3,36452,109356
18221,2024-04-07,1009,1992,5370,6,28885,173310
18222,2024-09-26,1081,1594,6502,8,5722,45776
18223,2024-09-30,1080,1815,8652,2,38970,77940
18224,2024-11-08,1048,1075,6539,7,49962,349734
18225,2024-08-23,1095,1912,5473,1,5786,5786
18226,2024-07-27,1016,1288,5877,1,48434,48434
18227,2024-01-25,1085,1242,6993,2,37781,75562
18228,2024-11-21,1088,1275,6754,9,23643,212787
18229,2024-05-12,1050,1429,7310,5,4967,24835
18230,2024-06-29,1079,1286,5563,1,17612,17612
18231,2024-03-25,1061,1613,6185,6,4901,29406
18232,2024-09-02,1029,1946,8355,2,13860,27720
18233,2024-02-08,1054,1119,8554,9,10267,92403
18234,2024-09-07,1033,1247,6540,7,27343,191401
18235,2024-04-23,1068,1338,8214,1,3402,3402
18236,2024-09-23,1032,1786,8488,4,21287,85148
18237,2024-04-11,1004,1317,7075,1,49439,49439
18238,2024-08-14,1041,1939,6875,7,9982,69874
18239,2024-09-10,1002,1716,8099,5,9795,48975
18240,2024-08-14,1062,1677,8444,5,26853,134265
18241,2024-09-05,1037,1816,5590,9,7498,67482
18242,2024-10-07,1012,1320,5724,7,1053,7371
18243,2024-06-06,1007,1266,7423,4,36360,145440
18244,2024-01-02,1060,1282,7978,1,45489,45489
18245,2024-07-30,1029,1484,9415,4,36752,147008
18246,2024-02-05,1049,1569,9547,8,25852,206816
18247,2024-02-06,1068,1230,9122,1,32906,32906
18248,2024-09-14,1037,1959,5940,7,9223,64561
18249,2024-08-27,1058,1192,5686,6,41115,246690
18250,2024-12-29,1094,1526,7740,3,28553,85659
18251,2024-03-31,1001,1849,9929,7,24995,174965
18252,2024-04-05,1056,1344,5936,8,49389,395112
18253,2024-07-05,1006,1256,9904,2,45527,91054
18254,2024-09-16,1079,1530,6326,8,12245,97960
18255,2024-08-06,1009,1183,9140,6,47561,285366
18256,2024-12-15,1028,1703,6116,5,43261,216305
18257,2024-07-13,1093,1801,7112,5,6074,30370
18258,2024-02-15,1083,1575,9267,7,43374,303618
18259,2024-12-30,1033,1777,8581,4,20426,81704
18260,2024-12-23,1071,1843,5756,1,12479,12479
18261,2024-03-05,1097,1187,7848,5,1166,5830
18262,2024-08-14,1097,1678,6475,7,17342,121394
18263,2024-02-25,1044,1748,5921,1,42108,42108
18264,2024-07-22,1099,1065,5326,5,27731,138655
18265,2024-02-04,1070,1287,5719,1,6041,6041
18266,2024-04-28,1057,1050,6970,7,34507,241549
18267,2024-08-25,1077,1793,5932,1,49083,49083
18268,2024-04-10,1083,1568,5906,9,11284,101556
18269,2024-10-05,1032,1083,7463,3,39293,117879
18270,2024-08-12,1094,1187,8396,2,1166,2332
18271,2024-11-29,1096,1182,5833,8,979,7832
18272,2024-02-13,1089,1773,8833,4,29210,116840
18273,2024-01-01,1089,1502,6164,3,23939,71817
18274,2024-08-06,1050,1518,9870,6,39383,236298
18275,2024-08-03,1063,1961,5034,1,41361,41361
18276,2024-05-19,1037,1336,7322,1,7606,7606
18277,2024-10-02,1079,1153,9705,7,13885,97195
18278,2024-04-21,1011,1117,9769,7,40642,284494
18279,2024-08-30,1062,1350,8013,8,30692,245536
18280,2024-12-19,1064,1630,6753,7,30824,215768
18281,2024-01-06,1059,1353,8990,5,23836,119180
18282,2024-10-03,1019,1209,5190,7,6529,45703
18283,2024-04-12,1065,1232,6289,2,5990,11980
18284,2024-10-27,1094,1123,6827,7,1072,7504
18285,2024-03-10,1017,1589,8037,6,48141,288846
18286,2024-12-26,1041,1132,9710,8,12777,102216
18287,2024-07-05,1073,1214,7035,7,48861,342027
18288,2024-06-06,1005,1767,7976,7,38045,266315
18289,2024-05-17,1065,1000,5456,6,16915,101490
18290,2024-11-26,1079,1339,5638,1,20066,20066
18291,2024-09-13,1068,1385,6696,6,1868,11208
18292,2024-03-23,1085,1234,7934,7,42706,298942
18293,2024-03-14,1021,1636,5070,2,25955,51910
18294,2024-01-14,1021,1612,6992,3,33404,100212
18295,2024-05-10,1064,1576,9284,7,8474,59318
18296,2024-07-14,1099,1777,7959,7,20426,142982
18297,2024-06-16,1048,1246,9287,1,41163,41163
18298,2024-07-30,1076,1177,5187,2,41282,82564
18299,2024-07-25,1011,1306,8597,9,36317,326853
18300,2024-05-14,1062,1836,9525,7,27761,194327
18301,2024-04-17,1012,1296,7012,3,31240,93720
18302,2024-09-15,1061,1441,9004,7,13301,93107
18303,2024-04-28,1058,1076,9581,8,49664,397312
18304,2024-08-06,1010,1579,8282,8,14373,114984
18305,2024-06-13,1081,1791,7949,2,39400,78800
18306,2024-12-14,1085,1623,8652,4,30533,122132
18307,2024-06-02,1000,1474,7314,9,19681,177129
18308,2024-12-12,1067,1311,9294,5,10683,53415
18309,2024-01-25,1008,1377,8209,9,46503,418527
18310,2024-02-12,1002,1227,8943,5,46492,232460
18311,2024-04-24,1071,1746,7016,1,12256,12256
18312,2024-12-15,1008,1803,5634,5,2103,10515
18313,2024-02-13,1081,1769,7250,4,44109,176436
18314,2024-07-30,1068,1479,9689,1,16610,16610
18315,2024-10-11,1021,1567,6922,4,16301,65204
18316,2024-08-25,1068,1976,6330,3,47842,143526
18317,2024-08-13,1022,1779,9185,7,7968,55776
18318,2024-08-05,1079,1395,6426,9,48559,437031
18319,2024-12-12,1004,1340,8850,2,27410,54820
18320,2024-09-02,1038,1071,5580,4,22516,90064
18321,2024-11-08,1002,1405,5536,8,18631,149048
18322,2024-12-29,1025,1457,7220,9,28063,252567
18323,2024-05-16,1007,1723,8126,5,1340,6700
18324,2024-10-04,1084,1061,5191,8,18640,149120
18325,2024-03-10,1051,1504,7649,6,8482,50892
18326,2024-01-06,1081,1447,6666,2,47197,94394
18327,2024-06-03,1068,1027,5035,7,4719,33033
18328,2024-09-12,1005,1856,5119,2,27650,55300
18329,2024-05-01,1026,1496,7528,7,9618,67326
18330,2024-04-27,1085,1667,8667,7,49111,343777
18331,2024-11-03,1021,1515,9690,1,43934,43934
18332,2024-11-21,1055,1428,8111,9,35537,319833
18333,2024-07-27,1042,1857,6348,9,1230,11070
18334,2024-12-14,1026,1396,5799,6,33873,203238
18335,2024-03-21,1044,1594,9849,7,5722,40054
18336,2024-11-25,1045,1097,7477,3,23379,70137
18337,2024-04-16,1032,1492,9743,8,38143,305144
18338,2024-05-15,1094,1463,5610,3,19693,59079
18339,2024-01-14,1027,1748,9139,6,42108,252648
18340,2024-01-31,1093,1259,8568,8,28140,225120
18341,2024-06-27,1097,1956,9291,2,41902,83804
18342,2024-04-03,1080,1083,7849,8,39293,314344
18343,2024-03-22,1050,1872,7162,5,44686,223430
18344,2024-06-28,1063,1921,9314,5,38414,192070
18345,2024-09-05,1034,1107,8057,8,3873,30984
18346,2024-08-28,1035,1357,9308,2,23182,46364
18347,2024-06-13,1005,1349,9312,3,35167,105501
18348,2024-10-12,1092,1645,5215,9,7620,68580
18349,2024-01-30,1057,1741,5326,9,4007,36063
18350,2024-12-21,1022,1844,9715,9,47045,423405
18351,2024-10-30,1013,1629,8259,3,30242,90726
18352,2024-06-15,1072,1439,6704,1,36098,36098
18353,2024-10-09,1055,1995,9175,7,43532,304724
18354,2024-07-20,1078,1592,9089,1,5973,5973
18355,2024-04-03,1024,1666,9238,6,1437,8622
18356,2024-01-15,1019,1290,8105,3,15679,47037
18357,2024-10-26,1085,1743,7801,3,32539,97617
18358,2024-02-17,1070,1480,6476,7,13881,97167
18359,2024-05-30,1017,1209,8923,1,6529,6529
18360,2024-04-23,1016,1697,7021,8,32518,260144
18361,2024-01-14,1013,1851,6060,9,29833,268497
18362,2024-11-05,1025,1702,8573,6,19011,114066
18363,2024-12-13,1031,1114,6160,8,15305,122440
18364,2024-06-19,1092,1416,5633,6,31717,190302
18365,2024-03-01,1058,1862,7084,4,27024,108096
18366,2024-01-18,1070,1100,5904,1,739,739
18367,2024-08-17,1056,1376,6938,4,9663,38652
18368,2024-03-26,1072,1850,6894,7,7487,52409
18369,2024-07-19,1011,1352,9043,2,42618,85236
18370,2024-05-25,1002,1592,8135,8,5973,47784
18371,2024-02-26,1031,1032,7699,9,4566,41094
18372,2024-03-25,1096,1611,9623,1,13489,13489
18373,2024-09-27,1014,1324,8688,8,44675,357400
18374,2024-07-19,1008,1551,7434,3,38769,116307
18375,2024-04-15,1048,1249,7695,4,49865,199460
18376,2024-11-09,1043,1558,5081,6,17360,104160
18377,2024-05-09,1080,1894,9681,5,20880,104400
18378,2024-01-14,1027,1684,6243,4,49669,198676
18379,2024-01-21,1044,1282,9854,6,45489,272934
18380,2024-02-14,1012,1134,9850,7,15538,108766
18381,2024-02-03,1046,1441,5316,9,13301,119709
18382,2024-03-11,1020,1525,5960,9,47466,427194
18383,2024-09-08,1049,1899,7269,2,14367,28734
18384,2024-11-30,1046,1625,9473,9,17722,159498
18385,2024-08-18,1004,1721,9718,4,49649,198596
18386,2024-01-12,1006,1673,5232,2,33346,66692
18387,2024-05-02,1037,1368,8853,8,6152,49216
18388,2024-09-19,1036,1847,8312,4,21621,86484
18389,2024-03-09,1082,1346,9823,2,47428,94856
18390,2024-04-20,1031,1421,8411,3,31527,94581
18391,2024-12-24,1055,1915,7848,9,41528,373752
18392,2024-09-02,1042,1557,7507,6,35485,212910
18393,2024-04-07,1066,1146,7679,5,28340,141700
18394,2024-10-07,1098,1640,9980,7,29286,205002
18395,2024-11-17,1026,1235,7372,2,18099,36198
18396,2024-11-02,1050,1662,8599,9,48902,440118
18397,2024-07-19,1047,1445,9904,9,36864,331776
18398,2024-06-10,1071,1623,7413,8,30533,244264
18399,2024-06-08,1052,1712,5090,2,6005,12010
18400,2024-05-19,1082,1283,9109,6,34605,207630
18401,2024-09-09,1093,1851,5028,4,29833,119332
18402,2024-10-29,1047,1847,9230,3,21621,64863
18403,2024-06-14,1009,1332,5427,3,37014,111042
18404,2024-09-05,1093,1416,7612,9,31717,285453
18405,2024-09-22,1008,1386,7529,4,45605,182420
18406,2024-12-20,1085,1718,7377,8,27095,216760
18407,2024-02-10,1094,1527,7606,1,6586,6586
18408,2024-02-24,1045,1126,8471,4,29520,118080
18409,2024-08-16,1009,1285,9142,8,48772,390176
18410,2024-08-11,1035,1920,9863,8,13189,105512
18411,2024-09-04,1009,1077,5420,5,5098,25490
18412,2024-07-17,1026,1384,5790,7,37254,260778
18413,2024-04-24,1078,1544,9087,9,26010,234090
18414,2024-09-09,1018,1548,9607,3,34446,103338
18415,2024-07-20,1010,1156,6982,3,1105,3315
18416,2024-02-12,1031,1164,7945,8,35248,281984
18417,2024-06-14,1019,1188,5341,4,1419,5676
18418,2024-06-03,1045,1007,7025,3,49515,148545
18419,2024-10-14,1059,1768,5771,9,44630,401670
18420,2024-04-24,1078,1318,9192,8,825,6600
18421,2024-11-22,1067,1727,8069,6,37083,222498
18422,2024-06-24,1016,1506,8221,4,8031,32124
18423,2024-10-08,1064,1625,5696,1,17722,17722
18424,2024-02-27,1056,1704,6739,8,1705,13640
18425,2024-11-27,1018,1685,6939,4,18169,72676
18426,2024-06-30,1004,1938,7216,2,32588,65176
18427,2024-04-23,1081,1631,8862,6,42058,252348
18428,2024-06-22,1080,1521,6490,1,28007,28007
18429,2024-09-12,1054,1721,9384,7,49649,347543
18430,2024-03-30,1003,1724,7500,9,29112,262008
18431,2024-05-20,1051,1265,8518,6,24102,144612
18432,2024-12-23,1018,1061,6332,5,18640,93200
18433,2024-01-06,1030,1085,9466,3,12202,36606
18434,2024-08-17,1002,1946,5788,7,13860,97020
18435,2024-12-05,1066,1556,5831,2,10626,21252
18436,2024-11-10,1028,1200,8359,1,7898,7898
18437,2024-08-06,1052,1712,8263,2,6005,12010
18438,2024-03-07,1007,1615,8496,4,6923,27692
18439,2024-05-31,1004,1812,9562,4,38891,155564
18440,2024-09-27,1063,1486,5405,2,16114,32228
18441,2024-08-13,1094,1596,6123,4,6122,24488
18442,2024-03-03,1026,1697,8224,5,32518,162590
18443,2024-11-01,1032,1094,8555,8,37898,303184
18444,2024-12-17,1057,1705,7124,5,24856,124280
18445,2024-01-21,1061,1242,7143,1,37781,37781
18446,2024-01-01,1081,1244,7289,7,10128,70896
18447,2024-09-11,1087,1535,8090,8,2973,23784
18448,2024-08-12,1025,1224,7783,4,47220,188880
18449,2024-05-05,1094,1970,6073,1,42331,42331
18450,2024-09-23,1013,1960,8735,4,34439,137756
18451,2024-07-20,1088,1694,8132,4,34535,138140
18452,2024-04-17,1031,1112,6359,5,30683,153415
18453,2024-12-23,1040,1690,5356,8,42528,340224
18454,2024-03-28,1013,1199,5071,4,26798,107192
18455,2024-06-25,1047,1328,6458,1,11465,11465
18456,2024-12-21,1047,1788,6457,1,27799,27799
18457,2024-05-08,1090,1814,8128,4,22937,91748
18458,2024-11-16,1085,1917,7302,7,2064,14448
18459,2024-11-15,1037,1924,9873,5,4448,22240
18460,2024-09-29,1006,1295,5708,7,17383,121681
18461,2024-05-18,1032,1642,7604,5,4788,23940
18462,2024-05-04,1096,1432,9277,9,49935,449415
18463,2024-01-10,1023,1280,7673,9,33453,301077
18464,2024-03-06,1025,1721,6290,3,49649,148947
18465,2024-10-14,1049,1123,5224,8,1072,8576
18466,2024-01-16,1041,1778,6116,5,15136,75680
18467,2024-09-07,1094,1093,8905,5,16585,82925
18468,2024-10-08,1090,1088,9844,7,35817,250719
18469,2024-12-25,1012,1202,5936,1,24530,24530
18470,2024-08-18,1030,1737,7358,1,37069,37069
18471,2024-11-25,1095,1087,9084,8,46213,369704
18472,2024-09-09,1022,1815,8240,2,38970,77940
18473,2024-04-09,1036,1159,7519,5,31216,156080
18474,2024-04-03,1058,1898,6593,9,40233,362097
18475,2024-01-05,1057,1940,8494,1,45392,45392
18476,2024-01-07,1015,1600,7260,4,5061,20244
18477,2024-03-05,1038,1121,5583,5,36164,180820
18478,2024-08-06,1071,1620,9404,6,12975,77850
18479,2024-09-24,1081,1275,8180,8,23643,189144
18480,2024-07-26,1090,1247,5586,6,27343,164058
18481,2024-06-24,1008,1403,9596,9,38944,350496
18482,2024-07-18,1063,1818,5077,3,15797,47391
18483,2024-10-07,1091,1080,5511,5,13975,69875
18484,2024-01-10,1021,1019,8183,9,35500,319500
18485,2024-09-10,1074,1465,7840,8,12535,100280
18486,2024-06-16,1053,1888,6561,7,41201,288407
18487,2024-10-15,1021,1525,7597,3,47466,142398
18488,2024-04-12,1013,1225,6579,9,26242,236178
18489,2024-01-16,1086,1847,9908,9,21621,194589
18490,2024-11-23,1065,1031,9961,3,20744,62232
18491,2024-02-02,1078,1711,6395,9,33292,299628
18492,2024-02-04,1049,1169,6523,1,42589,42589
18493,2024-07-01,1004,1633,8124,1,48943,48943
18494,2024-04-11,1092,1975,5736,1,47572,47572
18495,2024-11-27,1096,1934,6630,3,14066,42198
18496,2024-03-19,1093,1933,5267,8,25457,203656
18497,2024-01-17,1016,1703,6477,6,43261,259566
18498,2024-10-09,1000,1003,7442,7,32717,229019
18499,2024-01-21,1013,1226,9350,6,14368,86208
18500,2024-01-17,1054,1123,6817,1,1072,1072
18501,2024-03-16,1016,1219,5168,5,3847,19235
18502,2024-02-13,1008,1702,6927,7,19011,133077
18503,2024-01-28,1098,1234,9959,8,42706,341648
18504,2024-01-25,1094,1828,5368,5,29328,146640
18505,2024-07-19,1011,1489,7180,8,3018,24144
18506,2024-10-29,1065,1845,7013,5,10371,51855
18507,2024-04-10,1014,1900,6413,1,8676,8676
18508,2024-10-05,1033,1193,8093,5,13641,68205
18509,2024-03-15,1036,1556,8820,1,10626,10626
18510,2024-11-01,1052,1305,5146,4,23268,93072
18511,2024-03-05,1040,1087,8842,8,46213,369704
18512,2024-09-11,1093,1130,7599,6,25912,155472
18513,2024-09-28,1077,1022,8277,2,13322,26644
18514,2024-05-03,1003,1394,8118,3,29500,88500
18515,2024-02-19,1007,1805,8967,1,2604,2604
18516,2024-01-13,1086,1439,6383,6,36098,216588
18517,2024-12-01,1070,1930,6916,6,28212,169272
18518,2024-09-02,1016,1960,8495,3,34439,103317
18519,2024-07-26,1021,1261,8926,1,34094,34094
18520,2024-02-04,1089,1325,8482,2,30607,61214
18521,2024-04-23,1007,1679,6508,1,27192,27192
18522,2024-02-01,1021,1985,7539,3,47335,142005
18523,2024-09-09,1039,1766,6621,3,27620,82860
18524,2024-12-08,1021,1034,9597,1,47475,47475
18525,2024-09-04,1004,1396,6884,8,33873,270984
18526,2024-06-04,1008,1536,5334,7,43994,307958
18527,2024-12-30,1059,1725,5280,6,30461,182766
18528,2024-11-17,1019,1592,6450,7,5973,41811
18529,2024-12-16,1085,1973,9150,2,37755,75510
18530,2024-12-18,1033,1322,5584,8,2225,17800
18531,2024-10-29,1098,1579,6496,7,14373,100611
18532,2024-04-27,1035,1866,6264,1,18556,18556
18533,2024-02-04,1082,1885,8099,8,47126,377008
18534,2024-12-21,1091,1942,9950,7,24447,171129
18535,2024-11-15,1070,1822,6436,2,1720,3440
18536,2024-08-05,1037,1731,7515,3,18512,55536
18537,2024-09-24,1066,1682,9514,6,15868,95208
18538,2024-06-29,1031,1513,6408,6,27223,163338
18539,2024-02-13,1045,1044,9119,4,13635,54540
18540,2024-06-22,1094,1687,9828,8,14018,112144
18541,2024-09-23,1024,1061,5856,2,18640,37280
18542,2024-07-16,1063,1933,5402,3,25457,76371
18543,2024-12-10,1032,1558,9768,7,17360,121520
18544,2024-10-28,1046,1515,9199,4,43934,175736
18545,2024-11-10,1068,1699,7390,8,48296,386368
18546,2024-04-08,1028,1750,7742,9,20139,181251
18547,2024-07-28,1058,1048,9147,6,38918,233508
18548,2024-07-18,1030,1075,9464,6,49962,299772
18549,2024-11-03,1025,1545,8814,6,27448,164688
18550,2024-10-30,1062,1996,9706,8,35923,287384
18551,2024-11-29,1057,1811,6243,2,25774,51548
18552,2024-05-26,1084,1744,5623,2,31855,63710
18553,2024-07-30,1097,1861,9674,6,42303,253818
18554,2024-12-23,1048,1852,7475,7,32886,230202
18555,2024-02-01,1064,1055,9849,6,48490,290940
18556,2024-12-11,1058,1987,6291,3,23851,71553
18557,2024-06-04,1061,1297,8322,6,7611,45666
18558,2024-03-16,1067,1817,6017,3,37686,113058
18559,2024-07-20,1046,1196,7503,1,37451,37451
18560,2024-08-14,1021,1288,6825,4,48434,193736
18561,2024-10-15,1079,1225,9085,4,26242,104968
18562,2024-05-21,1063,1223,8013,2,12111,24222
18563,2024-04-13,1045,1858,5430,6,39905,239430
18564,2024-08-02,1058,1578,7080,5,20107,100535
18565,2024-11-04,1031,1359,7858,1,44846,44846
18566,2024-04-17,1097,1553,7827,2,37224,74448
18567,2024-10-24,1084,1754,5534,6,47803,286818
18568,2024-10-18,1090,1043,8819,3,39027,117081
18569,2024-01-25,1036,1963,9605,7,23878,167146
18570,2024-08-16,1066,1611,9056,1,13489,13489
18571,2024-04-24,1051,1440,5126,7,36881,258167
18572,2024-12-07,1042,1035,9197,3,18947,56841
18573,2024-07-26,1033,1424,6251,6,35271,211626
18574,2024-07-08,1060,1634,7927,1,4609,4609
18575,2024-08-02,1070,1695,5973,1,13120,13120
18576,2024-01-09,1092,1371,7346,1,36716,36716
18577,2024-04-16,1066,1514,9660,6,38722,232332
18578,2024-08-14,1044,1369,7825,2,12505,25010
18579,2024-08-08,1040,1567,8819,8,16301,130408
18580,2024-07-24,1051,1439,6479,9,36098,324882
18581,2024-11-20,1065,1960,5193,6,34439,206634
18582,2024-06-29,1011,1806,8581,9,44863,403767
18583,2024-11-21,1014,1679,9887,7,27192,190344
18584,2024-05-08,1015,1294,6093,3,10146,30438
18585,2024-10-13,1002,1922,6949,9,37919,341271
18586,2024-06-21,1026,1619,6247,7,17904,125328
18587,2024-06-04,1022,1066,5631,5,2378,11890
18588,2024-04-11,1063,1867,8659,7,2470,17290
18589,2024-04-25,1032,1740,7248,3,44595,133785
18590,2024-06-16,1047,1605,8173,1,6446,6446
18591,2024-01-04,1090,1320,9299,3,1053,3159
18592,2024-07-16,1087,1969,9683,8,9959,79672
18593,2024-07-22,1054,1514,6332,4,38722,154888
18594,2024-03-02,1026,1382,7093,6,43965,263790
18595,2024-03-11,1046,1741,5182,5,4007,20035
18596,2024-04-01,1030,1130,5145,6,25912,155472
18597,2024-06-24,1078,1036,9368,1,19956,19956
18598,2024-07-03,1034,1865,7983,2,10059,20118
18599,2024-02-25,1035,1403,9772,9,38944,350496
18600,2024-03-07,1023,1394,7590,3,29500,88500
18601,2024-03-03,1016,1850,5223,2,7487,14974
18602,2024-02-10,1044,1730,6907,5,29338,146690
18603,2024-08-18,1097,1663,8044,5,20785,103925
18604,2024-05-30,1061,1197,6332,6,29164,174984
18605,2024-06-23,1000,1064,6193,3,47734,143202
18606,2024-11-16,1019,1120,5483,5,32482,162410
18607,2024-08-13,1069,1338,8842,5,3402,17010
18608,2024-04-06,1068,1371,9823,8,36716,293728
18609,2024-08-15,1063,1633,5345,5,48943,244715
18610,2024-02-05,1092,1329,8283,1,42065,42065
18611,2024-01-14,1069,1159,7911,1,31216,31216
18612,2024-06-13,1049,1701,5903,1,9978,9978
18613,2024-06-29,1052,1950,9532,9,47955,431595
18614,2024-07-11,1096,1495,8108,7,7401,51807
18615,2024-10-29,1037,1612,9324,3,33404,100212
18616,2024-07-17,1051,1803,7629,2,2103,4206
18617,2024-12-01,1092,1577,8487,2,12590,25180
18618,2024-09-02,1060,1420,8501,6,41696,250176
18619,2024-01-14,1073,1781,9432,6,40601,243606
18620,2024-03-19,1095,1045,6852,6,23669,142014
18621,2024-01-01,1024,1716,7997,2,9795,19590
18622,2024-10-01,1091,1439,7529,7,36098,252686
18623,2024-11-09,1028,1305,6762,3,23268,69804
18624,2024-05-14,1034,1828,7965,1,29328,29328
18625,2024-11-28,1046,1381,7021,3,40684,122052
18626,2024-04-24,1056,1400,6729,6,44818,268908
18627,2024-03-04,1031,1538,6503,7,19863,139041
18628,2024-09-30,1045,1893,5625,3,28761,86283
18629,2024-07-14,1035,1309,8094,8,42072,336576
18630,2024-11-01,1070,1540,5652,3,47536,142608
18631,2024-11-19,1009,1268,5283,6,12176,73056
18632,2024-03-31,1045,1432,8215,2,49935,99870
18633,2024-09-28,1097,1024,5955,9,41060,369540
18634,2024-03-18,1096,1343,9592,7,3085,21595
18635,2024-08-24,1025,1099,5151,8,9440,75520
18636,2024-11-07,1047,1406,5835,2,23768,47536
18637,2024-01-14,1047,1281,5095,4,13443,53772
18638,2024-06-18,1012,1559,6561,8,14631,117048
18639,2024-04-18,1029,1675,6450,9,35364,318276
18640,2024-11-21,1095,1389,5079,4,39971,159884
18641,2024-11-13,1096,1719,5000,6,21210,127260
18642,2024-02-12,1069,1073,5848,5,21448,107240
18643,2024-11-08,1099,1422,8599,6,48782,292692
18644,2024-12-23,1065,1056,6246,3,18244,54732
18645,2024-03-15,1006,1090,8940,5,47490,237450
18646,2024-11-02,1055,1193,5399,7,13641,95487
18647,2024-08-28,1029,1393,8693,4,29740,118960
18648,2024-11-18,1054,1495,8114,5,7401,37005
18649,2024-03-20,1089,1199,5674,6,26798,160788
18650,2024-06-20,1088,1008,9722,9,21305,191745
18651,2024-11-11,1032,1844,8873,9,47045,423405
18652,2024-09-15,1041,1243,9152,9,43676,393084
18653,2024-11-23,1005,1583,5596,1,12676,12676
18654,2024-04-23,1007,1794,9364,3,42419,127257
18655,2024-12-01,1072,1045,5710,2,23669,47338
18656,2024-04-20,1074,1830,9636,6,22619,135714
18657,2024-11-05,1087,1937,8222,9,18610,167490
18658,2024-01-02,1069,1212,5701,2,18238,36476
18659,2024-01-29,1039,1296,6617,7,31240,218680
18660,2024-09-28,1055,1417,8261,1,19285,19285
18661,2024-09-03,1079,1860,8972,4,6957,27828
18662,2024-08-08,1016,1157,7839,1,43351,43351
18663,2024-04-04,1087,1683,6788,1,19210,19210
18664,2024-08-21,1006,1463,7208,7,19693,137851
18665,2024-11-10,1039,1256,5777,5,45527,227635
18666,2024-08-30,1057,1940,9628,8,45392,363136
18667,2024-01-24,1061,1558,5285,2,17360,34720
18668,2024-12-04,1090,1732,7739,6,11948,71688
18669,2024-06-08,1073,1233,6420,9,15452,139068
18670,2024-11-25,1053,1157,5945,3,43351,130053
18671,2024-06-30,1008,1405,6669,6,18631,111786
18672,2024-08-28,1050,1014,7212,9,45125,406125
18673,2024-07-02,1009,1595,6355,3,37237,111711
18674,2024-12-17,1048,1677,7820,5,26853,134265
18675,2024-12-08,1029,1022,8651,6,13322,79932
18676,2024-12-18,1008,1926,7430,1,30655,30655
18677,2024-12-15,1045,1696,6699,8,12275,98200
18678,2024-04-03,1025,1208,6882,3,10999,32997
18679,2024-11-22,1063,1034,6869,8,47475,379800
18680,2024-07-26,1033,1705,9946,1,24856,24856
18681,2024-02-22,1098,1238,6149,4,28262,113048
18682,2024-04-03,1026,1180,5112,4,20722,82888
18683,2024-04-07,1083,1030,9832,8,11779,94232
18684,2024-04-27,1087,1409,5200,4,31604,126416
18685,2024-10-16,1026,1798,6615,4,15110,60440
18686,2024-11-12,1040,1199,8644,7,26798,187586
18687,2024-12-23,1082,1975,5979,8,47572,380576
18688,2024-03-01,1017,1907,5854,6,10960,65760
18689,2024-09-08,1049,1180,5549,4,20722,82888
18690,2024-09-04,1042,1695,9848,7,13120,91840
18691,2024-09-20,1040,1594,8135,9,5722,51498
18692,2024-02-23,1075,1445,7669,2,36864,73728
18693,2024-06-29,1017,1555,5049,3,46509,139527
18694,2024-05-27,1060,1057,7851,1,43305,43305
18695,2024-02-15,1071,1460,8333,7,21400,149800
18696,2024-04-27,1099,1960,6204,6,34439,206634
18697,2024-04-02,1052,1652,6522,8,43383,347064
18698,2024-01-31,1079,1316,7507,2,6510,13020
18699,2024-07-31,1052,1579,9410,5,14373,71865
18700,2024-06-02,1012,1178,5822,1,21358,21358
18701,2024-10-04,1025,1124,7453,9,4547,40923
18702,2024-11-08,1089,1701,8663,2,9978,19956
18703,2024-04-13,1055,1943,6687,7,35652,249564
18704,2024-06-02,1084,1350,8593,7,30692,214844
18705,2024-09-29,1060,1190,9745,4,40335,161340
18706,2024-12-10,1049,1071,9153,6,22516,135096
18707,2024-12-22,1020,1474,7521,2,19681,39362
18708,2024-06-03,1007,1327,8711,2,23073,46146
18709,2024-11-18,1096,1887,5146,9,23165,208485
18710,2024-02-25,1069,1818,6616,1,15797,15797
18711,2024-10-06,1063,1919,9703,6,46155,276930
18712,2024-01-25,1049,1085,5422,1,12202,12202
18713,2024-09-22,1001,1167,9965,6,6125,36750
18714,2024-10-18,1071,1668,9094,4,38344,153376
18715,2024-08-21,1069,1328,9096,5,11465,57325
18716,2024-07-28,1005,1656,8021,4,29309,117236
18717,2024-05-04,1021,1000,9203,5,16915,84575
18718,2024-06-21,1088,1875,8862,3,18669,56007
18719,2024-04-27,1045,1095,8474,6,27357,164142
18720,2024-11-09,1094,1211,7833,1,17560,17560
18721,2024-03-23,1060,1000,9789,2,16915,33830
18722,2024-03-22,1034,1920,8216,6,13189,79134
18723,2024-01-23,1061,1680,8929,9,33510,301590
18724,2024-05-15,1068,1730,6693,5,29338,146690
18725,2024-11-01,1085,1662,5993,2,48902,97804
18726,2024-03-29,1056,1273,9633,5,24724,123620
18727,2024-10-25,1024,1755,6990,6,46322,277932
18728,2024-12-17,1081,1094,9548,2,37898,75796
18729,2024-07-29,1072,1667,5020,7,49111,343777
18730,2024-03-22,1024,1371,9359,8,36716,293728
18731,2024-04-05,1092,1489,5668,8,3018,24144
18732,2024-02-15,1032,1084,9255,6,8403,50418
18733,2024-12-25,1007,1651,9543,4,7713,30852
18734,2024-09-27,1012,1740,5983,2,44595,89190
18735,2024-02-18,1060,1599,9772,1,40351,40351
18736,2024-05-28,1007,1498,8719,8,6814,54512
18737,2024-03-15,1026,1998,7489,5,15104,75520
18738,2024-08-08,1053,1560,5005,9,27518,247662
18739,2024-08-11,1002,1480,5355,8,13881,111048
18740,2024-01-06,1032,1242,5402,2,37781,75562
18741,2024-02-24,1094,1976,9072,9,47842,430578
18742,2024-12-04,1027,1506,8940,4,8031,32124
18743,2024-11-27,1084,1608,7449,3,9796,29388
18744,2024-01-15,1051,1015,6624,9,7710,69390
18745,2024-01-11,1028,1882,7983,2,11567,23134
18746,2024-06-15,1092,1767,5059,6,38045,228270
18747,2024-03-14,1060,1154,5577,7,48402,338814
18748,2024-11-02,1072,1488,6685,8,7777,62216
18749,2024-06-13,1060,1180,6901,3,20722,62166
18750,2024-07-03,1021,1859,6056,2,24110,48220
18751,2024-03-28,1071,1163,6299,2,2749,5498
18752,2024-08-30,1056,1390,6697,2,34271,68542
18753,2024-12-21,1044,1289,5866,7,7223,50561
18754,2024-03-05,1080,1885,6382,4,47126,188504
18755,2024-09-29,1086,1377,5948,7,46503,325521
18756,2024-07-09,1029,1832,8131,6,9042,54252
18757,2024-05-21,1078,1515,5065,4,43934,175736
18758,2024-02-07,1013,1117,6307,5,40642,203210
18759,2024-06-01,1088,1025,9562,8,26492,211936
18760,2024-02-06,1079,1147,6719,6,27479,164874
18761,2024-08-14,1047,1886,7058,3,5510,16530
18762,2024-12-07,1017,1434,5170,8,46514,372112
18763,2024-09-08,1031,1716,5763,7,9795,68565
18764,2024-05-14,1037,1098,5175,4,36609,146436
18765,2024-01-11,1052,1649,6721,2,38461,76922
18766,2024-07-20,1014,1775,7744,2,23882,47764
18767,2024-11-29,1036,1913,8725,2,32784,65568
18768,2024-08-25,1048,1144,5997,2,27045,54090
18769,2024-11-03,1032,1068,6879,8,5986,47888
18770,2024-03-09,1012,1285,9089,5,48772,243860
18771,2024-06-18,1070,1606,8253,7,26479,185353
18772,2024-03-11,1063,1934,9737,7,14066,98462
18773,2024-09-27,1018,1060,8113,2,20955,41910
18774,2024-05-28,1084,1371,7291,8,36716,293728
18775,2024-03-22,1055,1023,7661,6,44687,268122
18776,2024-01-01,1036,1592,7696,8,5973,47784
18777,2024-01-10,1057,1244,5032,3,10128,30384
18778,2024-05-26,1008,1225,7424,3,26242,78726
18779,2024-10-24,1003,1618,7371,3,24746,74238
18780,2024-04-03,1094,1034,5447,9,47475,427275
18781,2024-10-23,1070,1974,7912,6,11100,66600
18782,2024-08-20,1012,1117,8262,9,40642,365778
18783,2024-05-27,1062,1188,7439,2,1419,2838
18784,2024-05-03,1062,1458,5826,9,20521,184689
18785,2024-09-24,1060,1865,7407,3,10059,30177
18786,2024-09-04,1035,1839,9235,8,32093,256744
18787,2024-04-07,1007,1782,6679,3,4722,14166
18788,2024-04-15,1089,1291,9673,4,12383,49532
18789,2024-06-14,1026,1121,8182,9,36164,325476
18790,2024-04-22,1025,1310,7730,4,21703,86812
18791,2024-02-27,1044,1676,9205,6,48059,288354
18792,2024-12-31,1041,1982,7242,7,40953,286671
18793,2024-09-02,1013,1573,8054,2,12027,24054
18794,2024-09-23,1083,1831,7632,7,34894,244258
18795,2024-12-04,1091,1934,6008,4,14066,56264
18796,2024-06-24,1071,1217,7438,7,8286,58002
18797,2024-10-22,1051,1353,6524,3,23836,71508
18798,2024-04-23,1068,1714,9505,1,17492,17492
18799,2024-04-03,1052,1779,7511,9,7968,71712
18800,2024-09-06,1050,1327,6950,7,23073,161511
18801,2024-12-20,1076,1749,7711,2,33974,67948
18802,2024-03-08,1001,1135,8511,5,18375,91875
18803,2024-05-28,1047,1808,7110,4,48290,193160
18804,2024-01-05,1077,1068,8481,7,5986,41902
18805,2024-09-02,1048,1108,7074,2,28093,56186
18806,2024-06-12,1058,1969,7085,8,9959,79672
18807,2024-09-06,1066,1770,6520,7,23712,165984
18808,2024-05-14,1079,1554,6914,3,38592,115776
18809,2024-07-02,1008,1420,8802,6,41696,250176
18810,2024-10-13,1001,1597,5590,9,49267,443403
18811,2024-07-30,1074,1440,8059,1,36881,36881
18812,2024-01-25,1087,1280,5506,1,33453,33453
18813,2024-12-23,1042,1515,8864,9,43934,395406
18814,2024-07-02,1092,1953,8779,1,49515,49515
18815,2024-08-04,1013,1548,7645,1,34446,34446
18816,2024-12-02,1039,1135,9058,2,18375,36750
18817,2024-11-30,1054,1477,9104,3,21533,64599
18818,2024-06-10,1058,1008,8945,4,21305,85220
18819,2024-06-20,1085,1590,9885,4,33854,135416
18820,2024-12-28,1046,1896,5794,3,15350,46050
18821,2024-01-07,1033,1242,6340,8,37781,302248
18822,2024-04-12,1035,1363,9928,4,19633,78532
18823,2024-11-02,1032,1908,5141,9,19831,178479
18824,2024-06-01,1062,1451,9847,9,36487,328383
18825,2024-08-25,1017,1783,7537,4,11628,46512
18826,2024-06-18,1021,1504,7067,4,8482,33928
18827,2024-11-06,1088,1683,5864,3,19210,57630
18828,2024-10-20,1004,1750,7800,4,20139,80556
18829,2024-02-25,1031,1064,5848,5,47734,238670
18830,2024-04-01,1048,1013,9556,2,23574,47148
18831,2024-06-10,1035,1730,6983,6,29338,176028
18832,2024-06-05,1072,1125,8685,7,9279,64953
18833,2024-06-24,1013,1537,9965,2,17647,35294
18834,2024-03-12,1063,1878,9168,8,12486,99888
18835,2024-03-17,1031,1415,9443,4,40091,160364
18836,2024-02-15,1008,1999,6046,4,13099,52396
18837,2024-10-19,1086,1252,6311,7,2888,20216
18838,2024-09-03,1047,1385,9432,9,1868,16812
18839,2024-01-03,1051,1783,6701,7,11628,81396
18840,2024-11-29,1008,1219,8133,5,3847,19235
18841,2024-08-11,1084,1432,5554,2,49935,99870
18842,2024-09-05,1031,1857,8035,2,1230,2460
18843,2024-08-02,1009,1202,5565,6,24530,147180
18844,2024-03-17,1092,1534,5492,5,32498,162490
18845,2024-08-18,1097,1605,9525,9,6446,58014
18846,2024-02-19,1085,1499,9310,5,33517,167585
18847,2024-05-28,1068,1315,5325,2,22438,44876
18848,2024-04-16,1010,1222,7962,1,27819,27819
18849,2024-07-04,1057,1961,7115,6,41361,248166
18850,2024-10-13,1027,1659,9996,3,12249,36747
18851,2024-01-07,1087,1476,8519,6,47171,283026
18852,2024-11-08,1033,1329,8070,9,42065,378585
18853,2024-10-18,1052,1913,6788,6,32784,196704
18854,2024-12-07,1039,1893,5570,7,28761,201327
18855,2024-10-06,1063,1058,7652,1,28635,28635
18856,2024-01-24,1009,1158,7253,6,34991,209946
18857,2024-11-07,1025,1643,9614,6,2600,15600
18858,2024-07-31,1042,1255,8626,1,37214,37214
18859,2024-07-07,1070,1922,7985,2,37919,75838
18860,2024-03-17,1043,1379,8859,6,14314,85884
18861,2024-05-03,1070,1529,5238,3,47282,141846
18862,2024-10-10,1056,1702,8533,3,19011,57033
18863,2024-06-08,1047,1363,5993,2,19633,39266
18864,2024-11-28,1078,1222,7038,4,27819,111276
18865,2024-08-11,1061,1454,5680,1,35458,35458
18866,2024-09-02,1060,1530,6878,1,12245,12245
18867,2024-03-18,1066,1934,6767,8,14066,112528
18868,2024-04-05,1044,1321,7948,8,8702,69616
18869,2024-02-14,1060,1845,8744,9,10371,93339
18870,2024-03-09,1089,1867,7479,8,2470,19760
18871,2024-04-08,1070,1874,8070,2,36086,72172
18872,2024-03-08,1001,1630,6468,2,30824,61648
18873,2024-03-18,1073,1301,6714,2,48841,97682
18874,2024-05-25,1093,1219,9612,7,3847,26929
18875,2024-03-15,1046,1165,9591,3,12521,37563
18876,2024-12-04,1066,1962,9668,6,38048,228288
18877,2024-01-02,1028,1156,9748,5,1105,5525
18878,2024-06-05,1062,1759,9396,5,37811,189055
18879,2024-03-27,1024,1346,9855,4,47428,189712
18880,2024-09-06,1003,1952,9703,6,19810,118860
18881,2024-02-17,1046,1254,6068,3,30889,92667
18882,2024-09-10,1068,1687,9226,7,14018,98126
18883,2024-03-05,1062,1947,5420,5,875,4375
18884,2024-02-11,1005,1687,6024,6,14018,84108
18885,2024-05-13,1082,1188,6490,1,1419,1419
18886,2024-11-10,1017,1450,9054,9,40929,368361
18887,2024-03-21,1035,1175,9032,2,18560,37120
18888,2024-01-19,1075,1989,5029,5,30895,154475
18889,2024-12-29,1087,1081,9715,9,4617,41553
18890,2024-06-28,1056,1775,8523,5,23882,119410
18891,2024-11-12,1029,1841,9478,8,19616,156928
18892,2024-04-29,1013,1725,5980,3,30461,91383
18893,2024-11-30,1038,1087,5891,5,46213,231065
18894,2024-01-19,1001,1322,9180,9,2225,20025
18895,2024-12-18,1033,1380,6619,9,19148,172332
18896,2024-03-10,1057,1781,5600,8,40601,324808
18897,2024-07-07,1083,1767,5608,6,38045,228270
18898,2024-04-03,1099,1558,7365,3,17360,52080
18899,2024-05-29,1086,1023,7062,6,44687,268122
18900,2024-05-03,1034,1346,9192,9,47428,426852
18901,2024-05-12,1033,1445,9802,2,36864,73728
18902,2024-08-09,1084,1441,7703,5,13301,66505
18903,2024-03-07,1007,1761,7986,9,7024,63216
18904,2024-10-21,1042,1417,9991,8,19285,154280
18905,2024-08-18,1062,1798,7649,3,15110,45330
18906,2024-06-04,1061,1559,9444,2,14631,29262
18907,2024-05-29,1093,1474,5862,3,19681,59043
18908,2024-04-18,1019,1044,6530,7,13635,95445
18909,2024-11-02,1051,1156,6631,8,1105,8840
18910,2024-04-12,1083,1118,9679,7,24035,168245
18911,2024-03-21,1086,1924,8334,7,4448,31136
18912,2024-04-15,1083,1494,9230,8,9181,73448
18913,2024-11-02,1045,1621,6844,8,13880,111040
18914,2024-01-28,1086,1190,8769,5,40335,201675
18915,2024-09-06,1003,1559,8305,7,14631,102417
18916,2024-10-12,1061,1395,8474,9,48559,437031
18917,2024-01-08,1009,1461,9243,8,27047,216376
18918,2024-09-10,1039,1410,6891,9,7197,64773
18919,2024-02-10,1004,1942,7669,5,24447,122235
18920,2024-06-01,1095,1193,8230,4,13641,54564
18921,2024-02-28,1017,1036,6537,6,19956,119736
18922,2024-07-23,1060,1762,8284,6,49256,295536
18923,2024-10-16,1056,1125,7748,4,9279,37116
18924,2024-06-15,1062,1044,9072,5,13635,68175
18925,2024-11-22,1088,1184,5353,5,22270,111350
18926,2024-08-01,1080,1017,9922,6,38905,233430
18927,2024-08-12,1004,1510,9848,1,42356,42356
18928,2024-10-20,1098,1524,7756,2,28156,56312
18929,2024-04-18,1020,1328,8997,6,11465,68790
18930,2024-08-31,1099,1796,5114,5,49645,248225
18931,2024-10-04,1018,1311,7582,6,10683,64098
18932,2024-07-09,1022,1201,8656,8,18646,149168
18933,2024-06-03,1068,1019,7643,7,35500,248500
18934,2024-01-21,1032,1740,6349,1,44595,44595
18935,2024-06-11,1003,1924,7933,7,4448,31136
18936,2024-09-06,1096,1389,7212,2,39971,79942
18937,2024-02-16,1034,1744,9716,8,31855,254840
18938,2024-02-19,1058,1409,9204,9,31604,284436
18939,2024-05-17,1041,1188,9666,6,1419,8514
18940,2024-04-20,1089,1085,9945,7,12202,85414
18941,2024-10-10,1085,1629,5269,6,30242,181452
18942,2024-08-19,1074,1170,7130,4,34869,139476
18943,2024-10-19,1048,1686,7866,1,14321,14321
18944,2024-06-17,1089,1485,9460,5,26398,131990
18945,2024-07-07,1040,1793,8721,1,49083,49083
18946,2024-02-20,1076,1464,8760,8,22820,182560
18947,2024-01-08,1077,1128,9660,8,28413,227304
18948,2024-08-16,1048,1734,5095,1,12138,12138
18949,2024-08-20,1070,1200,8040,5,7898,39490
18950,2024-01-19,1079,1537,9672,4,17647,70588
18951,2024-01-30,1083,1575,5821,6,43374,260244
18952,2024-05-21,1045,1701,8704,3,9978,29934
18953,2024-10-18,1063,1497,7726,6,48099,288594
18954,2024-04-25,1049,1884,9425,7,6299,44093
18955,2024-04-16,1042,1376,8640,8,9663,77304
18956,2024-02-03,1026,1261,6988,9,34094,306846
18957,2024-06-26,1033,1760,5974,1,32575,32575
18958,2024-02-01,1085,1109,9704,2,24236,48472
18959,2024-10-24,1062,1317,7226,9,49439,444951
18960,2024-06-09,1066,1577,8158,4,12590,50360
18961,2024-09-26,1026,1681,7685,7,1693,11851
18962,2024-04-23,1006,1538,5731,6,19863,119178
18963,2024-04-03,1098,1832,9325,9,9042,81378
18964,2024-01-31,1022,1797,6290,8,12205,97640
18965,2024-05-31,1065,1081,9936,5,4617,23085
18966,2024-08-30,1087,1609,9052,1,45965,45965
18967,2024-09-21,1001,1724,6094,6,29112,174672
18968,2024-12-21,1035,1576,9934,3,8474,25422
18969,2024-11-21,1057,1174,5887,8,7467,59736
18970,2024-01-24,1080,1671,6866,1,8793,8793
18971,2024-08-05,1010,1362,5523,7,12628,88396
18972,2024-12-19,1006,1161,5090,1,29202,29202
18973,2024-03-05,1065,1430,8251,3,29449,88347
18974,2024-08-02,1078,1116,7951,5,7788,38940
18975,2024-04-09,1030,1781,6077,6,40601,243606
18976,2024-11-01,1045,1516,7660,8,47674,381392
18977,2024-09-06,1069,1886,7985,3,5510,16530
18978,2024-10-02,1052,1547,8777,8,40936,327488
18979,2024-11-10,1092,1637,5352,7,13576,95032
18980,2024-11-10,1067,1245,6574,4,44831,179324
18981,2024-03-30,1045,1863,8076,6,7895,47370
18982,2024-12-05,1036,1264,8079,4,44587,178348
18983,2024-09-07,1075,1108,8645,3,28093,84279
18984,2024-03-05,1026,1162,9066,2,28996,57992
18985,2024-08-23,1024,1920,6057,2,13189,26378
18986,2024-03-17,1011,1330,7088,6,16591,99546
18987,2024-02-27,1059,1557,7323,8,35485,283880
18988,2024-04-09,1016,1892,8686,8,21617,172936
18989,2024-10-26,1049,1104,5072,4,16595,66380
18990,2024-09-01,1075,1892,7643,9,21617,194553
18991,2024-02-21,1094,1268,9806,5,12176,60880
18992,2024-06-10,1008,1060,8149,4,20955,83820
18993,2024-07-09,1082,1541,8272,3,8122,24366
18994,2024-05-01,1028,1609,7708,3,45965,137895
18995,2024-09-24,1024,1543,7937,3,31348,94044
18996,2024-10-20,1014,1925,9813,6,43646,261876
18997,2024-09-02,1008,1849,6178,1,24995,24995
18998,2024-07-02,1012,1742,8020,8,589,4712
18999,2024-12-11,1046,1823,9060,4,25362,101448
19000,2024-06-16,1043,1194,5767,5,8150,40750
19001,2024-04-13,1002,1454,9724,3,35458,106374
19002,2024-03-29,1073,1870,9350,5,27483,137415
19003,2024-01-12,1017,1822,5974,3,1720,5160
19004,2024-03-29,1009,1609,6772,1,45965,45965
19005,2024-06-02,1035,1647,5504,9,40960,368640
19006,2024-02-05,1091,1426,5361,2,39924,79848
19007,2024-01-16,1056,1431,7285,6,31367,188202
19008,2024-07-24,1002,1953,9994,3,49515,148545
19009,2024-06-10,1019,1543,5912,8,31348,250784
19010,2024-07-18,1017,1359,5137,1,44846,44846
19011,2024-07-23,1048,1333,5984,8,7601,60808
19012,2024-06-05,1036,1324,7346,6,44675,268050
19013,2024-11-14,1019,1886,8584,7,5510,38570
19014,2024-10-25,1073,1262,7579,7,25428,177996
19015,2024-01-19,1097,1969,6214,4,9959,39836
19016,2024-05-17,1063,1787,6906,3,1417,4251
19017,2024-02-25,1021,1829,5719,4,7115,28460
19018,2024-07-06,1020,1660,9905,7,8770,61390
19019,2024-02-12,1096,1603,8682,7,11930,83510
19020,2024-10-30,1079,1924,5824,8,4448,35584
19021,2024-10-22,1034,1453,5045,6,11202,67212
19022,2024-10-16,1099,1549,7445,1,27258,27258
19023,2024-12-31,1000,1425,6534,7,7600,53200
19024,2024-04-22,1011,1616,8574,2,36027,72054
19025,2024-05-08,1012,1386,7229,7,45605,319235
19026,2024-10-01,1007,1164,6155,1,35248,35248
19027,2024-09-13,1030,1528,9451,5,5909,29545
19028,2024-03-28,1004,1672,5446,7,18307,128149
19029,2024-08-03,1043,1521,6891,4,28007,112028
19030,2024-12-24,1050,1548,7944,8,34446,275568
19031,2024-12-05,1099,1126,5571,6,29520,177120
19032,2024-10-10,1024,1416,8094,6,31717,190302
19033,2024-04-16,1044,1762,9621,2,49256,98512
19034,2024-10-27,1012,1283,5076,5,34605,173025
19035,2024-01-24,1034,1726,5385,6,43660,261960
19036,2024-08-19,1031,1169,5588,2,42589,85178
19037,2024-02-13,1071,1631,8661,2,42058,84116
19038,2024-03-18,1021,1365,5466,1,31461,31461
19039,2024-11-13,1005,1057,8141,3,43305,129915
19040,2024-05-22,1048,1687,6016,4,14018,56072
19041,2024-08-02,1010,1894,9057,4,20880,83520
19042,2024-01-04,1070,1497,8991,3,48099,144297
19043,2024-07-30,1014,1434,8733,6,46514,279084
19044,2024-10-13,1067,1365,9841,9,31461,283149
19045,2024-11-10,1039,1905,7927,7,12590,88130
19046,2024-07-17,1033,1903,9846,1,25151,25151
19047,2024-01-01,1085,1527,5515,7,6586,46102
19048,2024-11-20,1029,1746,6255,7,12256,85792
19049,2024-01-14,1018,1223,6445,2,12111,24222
19050,2024-08-09,1061,1061,9810,6,18640,111840
19051,2024-10-05,1061,1432,9583,7,49935,349545
19052,2024-04-17,1037,1876,8023,8,12843,102744
19053,2024-04-27,1029,1600,6097,8,5061,40488
19054,2024-04-28,1031,1868,8169,8,42952,343616
19055,2024-08-25,1082,1654,9598,1,28483,28483
19056,2024-12-19,1024,1527,9287,5,6586,32930
19057,2024-09-10,1086,1208,5721,1,10999,10999
19058,2024-02-14,1011,1026,9524,8,36901,295208
19059,2024-05-05,1008,1558,5376,1,17360,17360
19060,2024-05-14,1036,1153,8666,8,13885,111080
19061,2024-11-08,1016,1455,6298,9,22058,198522
19062,2024-03-04,1034,1424,8336,7,35271,246897
19063,2024-09-14,1093,1360,6241,4,46670,186680
19064,2024-01-06,1059,1650,7755,8,25976,207808
19065,2024-12-29,1003,1090,7875,6,47490,284940
19066,2024-11-12,1040,1520,9797,8,12581,100648
19067,2024-01-17,1067,1181,6245,3,18789,56367
19068,2024-10-08,1087,1522,9256,3,22022,66066
19069,2024-11-27,1002,1518,5252,2,39383,78766
19070,2024-02-10,1008,1539,6504,9,27190,244710
19071,2024-12-31,1010,1989,9382,2,30895,61790
19072,2024-12-20,1095,1061,9299,4,18640,74560
19073,2024-12-20,1060,1950,8274,4,47955,191820
19074,2024-11-05,1092,1675,7920,3,35364,106092
19075,2024-10-30,1097,1626,7988,6,27114,162684
19076,2024-12-16,1097,1072,5177,9,47140,424260
19077,2024-08-19,1020,1098,7774,7,36609,256263
19078,2024-03-30,1024,1702,7785,1,19011,19011
19079,2024-05-29,1084,1306,8875,1,36317,36317
19080,2024-03-12,1061,1204,5623,1,28131,28131
19081,2024-12-25,1083,1815,6557,5,38970,194850
19082,2024-11-03,1023,1579,9054,2,14373,28746
19083,2024-09-13,1068,1265,6339,6,24102,144612
19084,2024-02-14,1040,1377,5595,6,46503,279018
19085,2024-02-09,1056,1537,5383,7,17647,123529
19086,2024-07-10,1065,1894,7759,3,20880,62640
19087,2024-01-11,1008,1450,7587,5,40929,204645
19088,2024-12-17,1007,1753,7364,5,43548,217740
19089,2024-05-14,1095,1948,7387,1,25324,25324
19090,2024-06-27,1057,1938,9080,9,32588,293292
19091,2024-08-08,1070,1656,5223,7,29309,205163
19092,2024-08-09,1037,1880,9284,4,9382,37528
19093,2024-02-08,1019,1666,5506,9,1437,12933
19094,2024-02-13,1046,1277,7796,3,32925,98775
19095,2024-11-08,1078,1619,7171,4,17904,71616
19096,2024-10-23,1027,1547,7076,2,40936,81872
19097,2024-10-21,1094,1455,8375,3,22058,66174
19098,2024-05-27,1059,1800,9404,7,32977,230839
19099,2024-01-22,1021,1473,7842,3,38111,114333
19100,2024-06-05,1050,1862,5270,2,27024,54048
19101,2024-10-28,1023,1180,6375,1,20722,20722
19102,2024-01-03,1097,1906,5001,4,31220,124880
19103,2024-07-19,1072,1254,7731,8,30889,247112
19104,2024-11-07,1060,1348,9764,8,16446,131568
19105,2024-11-18,1001,1668,9911,8,38344,306752
19106,2024-12-10,1088,1933,5654,8,25457,203656
19107,2024-04-06,1075,1356,7186,3,10596,31788
19108,2024-04-18,1054,1122,8369,5,38948,194740
19109,2024-08-15,1003,1313,7633,9,45684,411156
19110,2024-08-29,1057,1270,6034,9,31057,279513
19111,2024-10-23,1012,1181,8325,4,18789,75156
19112,2024-01-29,1092,1754,7027,7,47803,334621
19113,2024-12-24,1095,1701,8721,9,9978,89802
19114,2024-04-18,1026,1056,7774,8,18244,145952
19115,2024-01-11,1029,1639,6476,6,49254,295524
19116,2024-04-04,1061,1078,5589,6,35876,215256
19117,2024-05-11,1064,1582,9863,7,1649,11543
19118,2024-04-02,1010,1057,5688,8,43305,346440
19119,2024-02-23,1086,1432,8988,3,49935,149805
19120,2024-08-29,1048,1948,6502,4,25324,101296
19121,2024-07-13,1016,1505,9119,7,26109,182763
19122,2024-09-14,1014,1796,9690,6,49645,297870
19123,2024-12-21,1026,1416,6585,3,31717,95151
19124,2024-11-29,1009,1557,8011,6,35485,212910
19125,2024-10-30,1079,1754,8963,2,47803,95606
19126,2024-03-08,1027,1565,9542,4,28460,113840
19127,2024-10-26,1001,1719,6589,6,21210,127260
19128,2024-07-08,1034,1865,8948,1,10059,10059
19129,2024-05-07,1014,1084,7278,3,8403,25209
19130,2024-12-15,1058,1518,5459,9,39383,354447
19131,2024-12-04,1074,1491,5822,3,27282,81846
19132,2024-01-19,1032,1284,8335,6,10530,63180
19133,2024-06-20,1054,1648,6794,5,36724,183620
19134,2024-03-02,1079,1048,8835,7,38918,272426
19135,2024-03-07,1074,1838,5414,9,29512,265608
19136,2024-07-29,1083,1845,5830,7,10371,72597
19137,2024-12-07,1051,1349,5753,4,35167,140668
19138,2024-06-23,1018,1855,8167,8,13215,105720
19139,2024-12-05,1038,1434,5514,1,46514,46514
19140,2024-01-07,1086,1481,8788,3,4017,12051
19141,2024-08-20,1059,1903,5929,7,25151,176057
19142,2024-07-17,1009,1310,6972,2,21703,43406
19143,2024-01-22,1071,1379,5944,8,14314,114512
19144,2024-08-16,1065,1704,9080,4,1705,6820
19145,2024-11-08,1055,1481,8742,4,4017,16068
19146,2024-12-15,1006,1595,9569,3,37237,111711
19147,2024-05-04,1089,1094,6095,8,37898,303184
19148,2024-03-13,1039,1974,5788,6,11100,66600
19149,2024-07-04,1018,1526,9490,9,28553,256977
19150,2024-10-09,1069,1690,6666,8,42528,340224
19151,2024-02-07,1096,1033,9931,4,37115,148460
19152,2024-09-04,1010,1580,7742,8,33224,265792
19153,2024-03-16,1051,1757,6480,9,18243,164187
19154,2024-05-20,1099,1213,9418,6,49284,295704
19155,2024-04-06,1011,1011,7531,6,23762,142572
19156,2024-05-22,1091,1684,8568,9,49669,447021
19157,2024-03-20,1061,1670,5022,9,34870,313830
19158,2024-09-12,1072,1821,9113,4,34667,138668
19159,2024-12-19,1022,1732,5951,6,11948,71688
19160,2024-10-30,1039,1149,6263,5,48477,242385
19161,2024-01-15,1069,1239,7897,5,34453,172265
19162,2024-12-20,1049,1071,5594,9,22516,202644
19163,2024-10-22,1063,1191,9175,8,39493,315944
19164,2024-10-12,1018,1827,5492,4,34247,136988
19165,2024-01-23,1083,1228,8028,1,15383,15383
19166,2024-09-21,1017,1283,9643,2,34605,69210
19167,2024-06-08,1026,1916,9380,3,8770,26310
19168,2024-10-17,1096,1458,6098,7,20521,143647
19169,2024-10-31,1092,1330,9760,6,16591,99546
19170,2024-04-05,1072,1470,7582,5,27356,136780
19171,2024-09-28,1043,1233,9587,2,15452,30904
19172,2024-10-14,1057,1332,5703,6,37014,222084
19173,2024-10-07,1061,1042,9043,6,19474,116844
19174,2024-12-15,1049,1410,6098,8,7197,57576
19175,2024-10-19,1090,1790,8913,8,23716,189728
19176,2024-02-06,1052,1754,5148,7,47803,334621
19177,2024-06-11,1060,1096,8425,9,32486,292374
19178,2024-10-27,1074,1372,8463,3,38223,114669
19179,2024-05-15,1049,1601,7259,8,33630,269040
19180,2024-08-28,1053,1234,6104,8,42706,341648
19181,2024-06-23,1041,1419,7470,5,44500,222500
19182,2024-10-18,1058,1096,9073,1,32486,32486
19183,2024-04-27,1007,1884,9933,8,6299,50392
19184,2024-12-03,1013,1293,7910,2,41030,82060
19185,2024-12-24,1012,1783,7246,4,11628,46512
19186,2024-09-13,1070,1585,6950,4,23888,95552
19187,2024-08-05,1078,1938,8456,3,32588,97764
19188,2024-07-21,1043,1251,7957,3,38765,116295
19189,2024-05-22,1042,1367,9503,3,39768,119304
19190,2024-09-11,1017,1040,9947,7,45320,317240
19191,2024-04-05,1035,1299,7632,2,34241,68482
19192,2024-07-25,1030,1947,7593,2,875,1750
19193,2024-12-13,1003,1784,8081,3,46867,140601
19194,2024-03-27,1076,1307,5846,6,20980,125880
19195,2024-05-10,1038,1298,7672,8,24719,197752
19196,2024-04-24,1093,1790,6034,3,23716,71148
19197,2024-10-14,1054,1000,9066,8,16915,135320
19198,2024-09-11,1018,1092,6916,5,47800,239000
19199,2024-05-27,1067,1280,9974,8,33453,267624
19200,2024-02-25,1064,1517,7407,6,10125,60750
19201,2024-11-29,1039,1457,8229,5,28063,140315
19202,2024-04-08,1095,1487,9822,4,11586,46344
19203,2024-12-25,1075,1821,6164,5,34667,173335
19204,2024-10-24,1075,1845,5884,1,10371,10371
19205,2024-11-24,1083,1406,7196,9,23768,213912
19206,2024-02-29,1074,1274,6469,9,16051,144459
19207,2024-07-02,1029,1951,6094,4,40345,161380
19208,2024-06-23,1094,1948,9026,1,25324,25324
19209,2024-05-31,1027,1926,8918,7,30655,214585
19210,2024-10-23,1048,1486,8651,6,16114,96684
19211,2024-01-04,1092,1102,7582,6,32715,196290
19212,2024-03-16,1040,1805,5687,6,2604,15624
19213,2024-01-01,1085,1402,6368,3,17755,53265
19214,2024-09-26,1048,1106,6550,4,6893,27572
19215,2024-12-18,1028,1384,8468,1,37254,37254
19216,2024-06-12,1000,1229,8841,1,42251,42251
19217,2024-10-24,1084,1204,6464,7,28131,196917
19218,2024-02-17,1030,1376,6391,4,9663,38652
19219,2024-01-18,1026,1177,5101,2,41282,82564
19220,2024-03-29,1034,1097,9872,8,23379,187032
19221,2024-11-27,1007,1569,7468,7,25852,180964
19222,2024-11-11,1039,1336,5836,2,7606,15212
19223,2024-06-04,1057,1927,5466,7,22546,157822
19224,2024-06-29,1071,1176,8349,7,43603,305221
19225,2024-01-09,1005,1609,7687,3,45965,137895
19226,2024-05-31,1014,1736,9465,9,18372,165348
19227,2024-05-27,1020,1747,7746,5,11873,59365
19228,2024-01-27,1036,1091,8965,8,20537,164296
19229,2024-04-10,1069,1939,6124,8,9982,79856
19230,2024-07-17,1053,1250,9879,1,34368,34368
19231,2024-03-23,1028,1924,5032,5,4448,22240
19232,2024-02-23,1057,1501,8280,5,43872,219360
19233,2024-12-07,1088,1356,5924,3,10596,31788
19234,2024-03-22,1086,1215,7422,5,4791,23955
19235,2024-05-22,1090,1431,8658,1,31367,31367
19236,2024-09-09,1086,1847,5358,1,21621,21621
19237,2024-04-06,1018,1716,5848,1,9795,9795
19238,2024-12-24,1091,1537,8547,6,17647,105882
19239,2024-02-09,1033,1134,7262,6,15538,93228
19240,2024-08-16,1057,1043,7840,1,39027,39027
19241,2024-07-15,1070,1653,9629,1,11287,11287
19242,2024-06-19,1012,1051,6204,5,48395,241975
19243,2024-11-15,1003,1671,6284,2,8793,17586
19244,2024-01-02,1010,1872,9690,3,44686,134058
19245,2024-10-12,1049,1714,8773,7,17492,122444
19246,2024-02-21,1020,1927,6421,3,22546,67638
19247,2024-12-22,1059,1074,7139,1,25817,25817
19248,2024-04-12,1020,1851,7338,1,29833,29833
19249,2024-02-02,1042,1184,9495,5,22270,111350
19250,2024-09-21,1044,1051,7340,9,48395,435555
19251,2024-01-11,1041,1929,7904,3,18907,56721
19252,2024-03-16,1025,1238,9206,5,28262,141310
19253,2024-02-23,1030,1625,5576,6,17722,106332
19254,2024-11-26,1048,1700,9597,7,3129,21903
19255,2024-04-06,1067,1061,5736,4,18640,74560
19256,2024-05-27,1002,1757,9235,7,18243,127701
19257,2024-01-05,1038,1725,5830,3,30461,91383
19258,2024-10-06,1047,1982,8187,4,40953,163812
19259,2024-10-13,1020,1988,9227,7,2006,14042
19260,2024-04-15,1017,1331,7908,3,5136,15408
19261,2024-02-13,1096,1870,6301,8,27483,219864
19262,2024-07-24,1034,1158,6273,7,34991,244937
19263,2024-10-06,1031,1412,9713,5,10207,51035
19264,2024-04-27,1054,1286,7874,2,17612,35224
19265,2024-09-24,1010,1523,8535,7,30324,212268
19266,2024-06-26,1057,1802,7539,2,28913,57826
19267,2024-12-06,1094,1312,9450,2,5511,11022
19268,2024-08-15,1093,1680,5246,4,33510,134040
19269,2024-10-07,1037,1026,5300,9,36901,332109
19270,2024-04-26,1045,1910,8209,4,44171,176684
19271,2024-05-21,1019,1477,7082,8,21533,172264
19272,2024-03-12,1025,1838,5434,6,29512,177072
19273,2024-01-29,1010,1931,7517,7,13149,92043
19274,2024-01-25,1065,1365,8914,2,31461,62922
19275,2024-03-27,1080,1407,5457,2,16665,33330
19276,2024-07-05,1087,1337,5333,6,41015,246090
19277,2024-04-09,1093,1407,9880,3,16665,49995
19278,2024-09-11,1036,1991,9787,6,22166,132996
19279,2024-06-26,1005,1075,5695,4,49962,199848
19280,2024-05-19,1053,1667,7610,4,49111,196444
19281,2024-03-22,1086,1074,9903,8,25817,206536
19282,2024-12-21,1046,1258,7332,9,18743,168687
19283,2024-01-19,1098,1356,5026,7,10596,74172
19284,2024-09-11,1046,1514,6914,9,38722,348498
19285,2024-02-22,1025,1284,7997,1,10530,10530
19286,2024-02-04,1024,1415,6195,6,40091,240546
19287,2024-06-03,1035,1053,5692,4,1814,7256
19288,2024-03-07,1020,1421,8035,2,31527,63054
19289,2024-08-17,1057,1222,6789,2,27819,55638
19290,2024-02-20,1042,1439,5698,6,36098,216588
19291,2024-12-26,1022,1832,9565,4,9042,36168
19292,2024-02-12,1064,1740,7828,5,44595,222975
19293,2024-02-04,1058,1660,6835,9,8770,78930
19294,2024-01-15,1060,1749,5955,8,33974,271792
19295,2024-05-23,1073,1552,8011,4,43077,172308
19296,2024-12-20,1088,1745,8334,2,33660,67320
19297,2024-03-09,1085,1531,9941,2,5012,10024
19298,2024-07-17,1071,1245,7310,3,44831,134493
19299,2024-03-25,1063,1571,9041,7,22260,155820
19300,2024-06-17,1032,1714,5706,7,17492,122444
19301,2024-07-11,1075,1954,9492,7,6284,43988
19302,2024-01-30,1047,1457,8404,3,28063,84189
19303,2024-05-26,1038,1182,9272,9,979,8811
19304,2024-03-28,1011,1258,7715,7,18743,131201
19305,2024-10-28,1075,1635,6295,9,5747,51723
19306,2024-11-11,1010,1885,9375,9,47126,424134
19307,2024-03-19,1047,1269,8380,7,48594,340158
19308,2024-08-14,1007,1812,7728,5,38891,194455
19309,2024-01-24,1050,1620,5474,8,12975,103800
19310,2024-06-25,1007,1350,6937,3,30692,92076
19311,2024-07-05,1079,1738,5519,6,49097,294582
19312,2024-09-26,1099,1187,8578,8,1166,9328
19313,2024-08-01,1081,1501,6199,3,43872,131616
19314,2024-10-21,1084,1176,5345,9,43603,392427
19315,2024-09-20,1067,1392,9040,2,38691,77382
19316,2024-06-24,1070,1437,6267,1,33745,33745
19317,2024-03-20,1097,1837,6279,6,8322,49932
19318,2024-08-25,1097,1348,9124,6,16446,98676
19319,2024-03-21,1035,1819,6634,4,42642,170568
19320,2024-07-15,1029,1493,5291,2,14518,29036
19321,2024-10-23,1089,1062,8175,3,36031,108093
19322,2024-10-17,1011,1756,8573,2,49731,99462
19323,2024-06-29,1074,1179,8249,4,38829,155316
19324,2024-02-23,1028,1533,5153,8,35917,287336
19325,2024-06-13,1002,1310,9206,2,21703,43406
19326,2024-01-18,1061,1624,7033,7,11657,81599
19327,2024-10-03,1010,1109,7670,4,24236,96944
19328,2024-09-12,1072,1514,6287,6,38722,232332
19329,2024-10-24,1089,1257,6268,1,42754,42754
19330,2024-11-16,1058,1698,5757,1,23817,23817
19331,2024-05-15,1071,1539,6650,7,27190,190330
19332,2024-07-30,1084,1420,5412,7,41696,291872
19333,2024-08-28,1071,1247,6204,7,27343,191401
19334,2024-04-23,1041,1452,5981,3,855,2565
19335,2024-12-22,1005,1008,6538,6,21305,127830
19336,2024-11-12,1054,1701,9580,8,9978,79824
19337,2024-07-15,1081,1287,8350,8,6041,48328
19338,2024-07-05,1005,1464,6291,8,22820,182560
19339,2024-09-22,1020,1074,8104,7,25817,180719
19340,2024-07-09,1043,1101,8624,4,34146,136584
19341,2024-09-19,1047,1510,6584,5,42356,211780
19342,2024-02-04,1086,1290,7519,6,15679,94074
19343,2024-12-12,1035,1558,7865,1,17360,17360
19344,2024-02-11,1081,1913,8865,2,32784,65568
19345,2024-07-31,1090,1547,5201,6,40936,245616
19346,2024-03-28,1044,1658,7347,3,13936,41808
19347,2024-10-11,1002,1122,6650,3,38948,116844
19348,2024-06-03,1058,1664,5150,4,28050,112200
19349,2024-10-20,1011,1429,6937,1,4967,4967
19350,2024-09-14,1083,1315,7375,5,22438,112190
19351,2024-01-25,1018,1120,9670,8,32482,259856
19352,2024-07-12,1022,1231,9229,8,28799,230392
19353,2024-10-20,1004,1606,9268,7,26479,185353
19354,2024-02-28,1050,1022,7939,7,13322,93254
19355,2024-04-15,1018,1889,6858,4,24253,97012
19356,2024-01-07,1011,1626,6113,9,27114,244026
19357,2024-06-25,1091,1461,6136,6,27047,162282
19358,2024-07-14,1056,1666,7762,2,1437,2874
19359,2024-12-29,1036,1674,5098,5,33184,165920
19360,2024-08-19,1033,1588,7117,7,626,4382
19361,2024-10-23,1079,1950,8763,8,47955,383640
19362,2024-07-20,1062,1291,7907,7,12383,86681
19363,2024-12-26,1003,1727,7466,3,37083,111249
19364,2024-08-07,1053,1608,9011,5,9796,48980
19365,2024-12-15,1053,1880,8785,9,9382,84438
19366,2024-10-06,1005,1198,6385,6,44598,267588
19367,2024-10-18,1006,1136,7806,4,9269,37076
19368,2024-12-01,1033,1369,6718,6,12505,75030
19369,2024-10-03,1067,1020,8070,1,23369,23369
19370,2024-10-09,1014,1159,9164,3,31216,93648
19371,2024-11-06,1012,1321,5182,4,8702,34808
19372,2024-03-25,1072,1299,7219,7,34241,239687
19373,2024-08-06,1036,1632,7743,2,20338,40676
19374,2024-08-14,1080,1472,6374,7,2624,18368
19375,2024-11-10,1037,1704,9446,8,1705,13640
19376,2024-11-25,1077,1458,5120,8,20521,164168
19377,2024-10-16,1030,1335,8177,7,3890,27230
19378,2024-02-21,1065,1726,9046,8,43660,349280
19379,2024-05-21,1082,1654,8365,8,28483,227864
19380,2024-02-28,1082,1666,8219,1,1437,1437
19381,2024-02-26,1059,1015,8308,1,7710,7710
19382,2024-04-29,1012,1301,7557,7,48841,341887
19383,2024-02-06,1020,1480,6436,8,13881,111048
19384,2024-07-04,1094,1358,9734,9,11710,105390
19385,2024-10-14,1043,1711,9755,5,33292,166460
19386,2024-10-02,1027,1943,8103,2,35652,71304
19387,2024-05-05,1056,1576,7279,7,8474,59318
19388,2024-07-31,1000,1018,8627,4,44894,179576
19389,2024-12-02,1098,1601,6609,5,33630,168150
19390,2024-07-07,1009,1548,6228,1,34446,34446
19391,2024-07-03,1007,1697,7961,4,32518,130072
19392,2024-04-18,1076,1438,7969,5,35923,179615
19393,2024-02-21,1062,1308,5439,9,49110,441990
19394,2024-12-09,1082,1046,6468,5,36237,181185
19395,2024-12-06,1066,1130,5931,5,25912,129560
19396,2024-11-30,1066,1087,7187,8,46213,369704
19397,2024-04-10,1026,1341,9418,4,46261,185044
19398,2024-11-11,1017,1061,7962,7,18640,130480
19399,2024-05-25,1034,1128,8878,5,28413,142065
19400,2024-07-23,1043,1038,6143,5,15850,79250
19401,2024-06-23,1097,1840,8198,6,38361,230166
19402,2024-08-18,1093,1160,8301,8,7558,60464
19403,2024-05-05,1007,1790,7489,7,23716,166012
19404,2024-09-24,1084,1673,5215,8,33346,266768
19405,2024-09-07,1045,1048,9970,3,38918,116754
19406,2024-12-23,1082,1636,6161,9,25955,233595
19407,2024-04-21,1042,1944,7507,5,38176,190880
19408,2024-02-09,1045,1738,6897,7,49097,343679
19409,2024-08-05,1039,1304,7916,1,28721,28721
19410,2024-08-23,1093,1393,6387,1,29740,29740
19411,2024-07-10,1055,1351,9465,7,33002,231014
19412,2024-10-01,1026,1833,7428,6,41918,251508
19413,2024-03-27,1019,1070,8758,3,34587,103761
19414,2024-08-27,1077,1983,6830,5,10376,51880
19415,2024-12-21,1056,1834,5832,5,5098,25490
19416,2024-06-03,1011,1758,9131,7,22329,156303
19417,2024-06-28,1022,1459,8030,2,45945,91890
19418,2024-03-20,1011,1038,5708,6,15850,95100
19419,2024-01-07,1043,1937,9605,7,18610,130270
19420,2024-09-07,1038,1099,9299,5,9440,47200
19421,2024-07-09,1041,1474,8279,1,19681,19681
19422,2024-03-17,1093,1512,6447,4,28420,113680
19423,2024-02-24,1047,1685,8634,2,18169,36338
19424,2024-07-22,1090,1675,6398,2,35364,70728
19425,2024-12-12,1087,1991,8856,1,22166,22166
19426,2024-06-07,1066,1986,5266,5,40631,203155
19427,2024-05-18,1093,1891,6069,1,40663,40663
19428,2024-08-17,1034,1683,8646,4,19210,76840
19429,2024-11-17,1096,1542,8098,5,45780,228900
19430,2024-03-07,1036,1096,6885,1,32486,32486
19431,2024-04-07,1039,1621,6058,3,13880,41640
19432,2024-04-23,1015,1697,5274,7,32518,227626
19433,2024-01-13,1047,1991,6850,2,22166,44332
19434,2024-05-26,1017,1387,6233,5,24362,121810
19435,2024-08-09,1017,1511,9580,9,13714,123426
19436,2024-01-21,1013,1052,6620,7,39764,278348
19437,2024-08-02,1095,1472,5973,2,2624,5248
19438,2024-05-23,1075,1614,5802,8,3468,27744
19439,2024-12-05,1041,1860,9982,2,6957,13914
19440,2024-04-21,1001,1184,8953,3,22270,66810
19441,2024-03-18,1052,1200,7616,4,7898,31592
19442,2024-06-02,1089,1077,7345,6,5098,30588
19443,2024-03-26,1086,1247,6493,8,27343,218744
19444,2024-12-26,1059,1433,8176,8,38607,308856
19445,2024-03-16,1034,1772,9943,8,19114,152912
19446,2024-01-31,1063,1819,7141,7,42642,298494
19447,2024-12-25,1032,1912,5443,2,5786,11572
19448,2024-11-19,1040,1031,9759,9,20744,186696
19449,2024-06-16,1062,1645,8840,5,7620,38100
19450,2024-10-09,1088,1452,6201,8,855,6840
19451,2024-12-14,1003,1604,6609,4,32867,131468
19452,2024-08-07,1020,1505,8559,8,26109,208872
19453,2024-09-28,1003,1380,9438,2,19148,38296
19454,2024-07-18,1094,1859,9373,4,24110,96440
19455,2024-04-22,1055,1956,7410,1,41902,41902
19456,2024-01-13,1078,1393,5448,6,29740,178440
19457,2024-02-29,1003,1406,6817,2,23768,47536
19458,2024-11-30,1003,1880,9304,4,9382,37528
19459,2024-07-06,1002,1180,5639,9,20722,186498
19460,2024-12-29,1054,1316,7787,5,6510,32550
19461,2024-10-14,1068,1658,9866,4,13936,55744
19462,2024-02-24,1082,1643,8593,9,2600,23400
19463,2024-08-30,1031,1941,6753,1,41670,41670
19464,2024-06-01,1057,1671,6861,3,8793,26379
19465,2024-06-17,1072,1851,9332,9,29833,268497
19466,2024-10-08,1066,1301,7181,2,48841,97682
19467,2024-04-18,1033,1573,9525,7,12027,84189
19468,2024-12-03,1062,1859,5347,1,24110,24110
19469,2024-02-05,1088,1309,5082,8,42072,336576
19470,2024-07-30,1009,1891,8236,4,40663,162652
19471,2024-12-18,1031,1867,5206,2,2470,4940
19472,2024-12-05,1004,1726,7024,8,43660,349280
19473,2024-05-10,1028,1834,7703,6,5098,30588
19474,2024-02-28,1006,1791,5606,8,39400,315200
19475,2024-06-10,1014,1577,5365,5,12590,62950
19476,2024-09-18,1001,1529,5284,1,47282,47282
19477,2024-06-07,1009,1752,8826,5,34734,173670
19478,2024-08-14,1010,1607,6078,5,48005,240025
19479,2024-06-08,1052,1559,6493,1,14631,14631
19480,2024-10-24,1055,1941,8382,3,41670,125010
19481,2024-11-08,1039,1559,9518,7,14631,102417
19482,2024-11-24,1057,1829,5645,7,7115,49805
19483,2024-02-15,1084,1239,8761,9,34453,310077
19484,2024-12-09,1075,1221,6570,5,9942,49710
19485,2024-11-07,1067,1741,8701,8,4007,32056
19486,2024-05-02,1091,1666,5511,8,1437,11496
19487,2024-08-01,1092,1573,7814,8,12027,96216
19488,2024-06-06,1076,1101,6550,9,34146,307314
19489,2024-06-12,1081,1380,6744,2,19148,38296
19490,2024-10-08,1026,1357,7684,6,23182,139092
19491,2024-02-19,1002,1333,5007,9,7601,68409
19492,2024-05-09,1098,1832,9047,1,9042,9042
19493,2024-12-27,1038,1307,6348,3,20980,62940
19494,2024-12-29,1021,1000,8007,5,16915,84575
19495,2024-09-19,1080,1945,7738,7,34368,240576
19496,2024-06-03,1091,1551,7711,4,38769,155076
19497,2024-12-01,1060,1583,9690,4,12676,50704
19498,2024-10-31,1037,1144,7567,7,27045,189315
19499,2024-02-15,1015,1000,5557,9,16915,152235
19500,2024-09-04,1068,1589,5732,8,48141,385128
19501,2024-08-08,1085,1490,5174,3,9043,27129
19502,2024-07-31,1016,1491,5147,4,27282,109128
19503,2024-11-16,1060,1716,5981,1,9795,9795
19504,2024-01-02,1074,1925,6436,6,43646,261876
19505,2024-07-24,1085,1716,5684,8,9795,78360
19506,2024-08-17,1043,1834,6536,1,5098,5098
19507,2024-11-30,1043,1502,7769,6,23939,143634
19508,2024-07-10,1099,1533,6078,7,35917,251419
19509,2024-11-15,1040,1802,6518,3,28913,86739
19510,2024-12-21,1054,1823,5971,5,25362,126810
19511,2024-09-09,1002,1381,5535,6,40684,244104
19512,2024-11-11,1090,1909,8191,7,11330,79310
19513,2024-03-29,1012,1231,6309,4,28799,115196
19514,2024-01-15,1076,1556,7258,6,10626,63756
19515,2024-06-13,1050,1853,6190,9,6923,62307
19516,2024-09-18,1053,1288,5039,5,48434,242170
19517,2024-02-14,1093,1395,7287,2,48559,97118
19518,2024-11-27,1017,1919,5308,9,46155,415395
19519,2024-06-28,1039,1708,9180,6,49961,299766
19520,2024-04-15,1096,1952,9849,5,19810,99050
19521,2024-11-17,1080,1904,7818,1,21367,21367
19522,2024-05-27,1009,1129,7248,6,35845,215070
19523,2024-07-08,1040,1314,7189,8,4786,38288
19524,2024-05-08,1043,1509,5517,7,31863,223041
19525,2024-12-13,1087,1862,8968,5,27024,135120
19526,2024-07-23,1092,1749,8530,5,33974,169870
19527,2024-01-30,1007,1796,7283,2,49645,99290
19528,2024-01-10,1035,1732,6653,8,11948,95584
19529,2024-04-18,1055,1501,5273,7,43872,307104
19530,2024-05-29,1013,1995,8193,1,43532,43532
19531,2024-10-11,1028,1822,9421,7,1720,12040
19532,2024-11-20,1006,1861,7798,4,42303,169212
19533,2024-05-18,1088,1149,8271,6,48477,290862
19534,2024-06-02,1041,1886,7704,7,5510,38570
19535,2024-05-26,1029,1724,6310,6,29112,174672
19536,2024-02-05,1091,1616,5605,6,36027,216162
19537,2024-07-02,1073,1688,9475,5,41027,205135
19538,2024-09-21,1046,1395,6757,4,48559,194236
19539,2024-05-14,1033,1710,6692,2,23031,46062
19540,2024-01-18,1061,1216,9751,1,32225,32225
19541,2024-05-16,1015,1903,5836,4,25151,100604
19542,2024-07-16,1073,1480,9177,1,13881,13881
19543,2024-02-14,1028,1527,7978,9,6586,59274
19544,2024-03-19,1014,1167,5441,1,6125,6125
19545,2024-03-27,1091,1172,9533,5,24196,120980
19546,2024-07-27,1050,1575,8096,2,43374,86748
19547,2024-08-11,1055,1702,9498,6,19011,114066
19548,2024-09-09,1087,1690,5953,8,42528,340224
19549,2024-06-08,1041,1236,9802,2,31314,62628
19550,2024-08-16,1019,1009,9969,7,39529,276703
19551,2024-07-13,1046,1075,9515,4,49962,199848
19552,2024-05-23,1063,1213,8264,4,49284,197136
19553,2024-05-09,1092,1120,9198,6,32482,194892
19554,2024-02-10,1001,1966,7618,8,47150,377200
19555,2024-06-27,1031,1172,5482,7,24196,169372
19556,2024-01-14,1053,1852,8828,6,32886,197316
19557,2024-08-19,1041,1999,9618,5,13099,65495
19558,2024-01-27,1029,1567,5301,6,16301,97806
19559,2024-12-02,1008,1229,8163,7,42251,295757
19560,2024-11-24,1018,1981,6507,9,34989,314901
19561,2024-01-10,1005,1584,7875,2,2958,5916
19562,2024-12-14,1071,1723,7161,2,1340,2680
19563,2024-03-25,1097,1012,7266,9,9686,87174
19564,2024-12-22,1057,1063,7728,6,22508,135048
19565,2024-01-02,1000,1626,9441,9,27114,244026
19566,2024-07-25,1012,1727,6059,8,37083,296664
19567,2024-03-29,1005,1669,8256,8,24381,195048
19568,2024-04-30,1098,1819,5049,5,42642,213210
19569,2024-01-30,1028,1625,9974,9,17722,159498
19570,2024-01-09,1065,1565,7293,2,28460,56920
19571,2024-05-08,1073,1824,6747,9,27731,249579
19572,2024-11-07,1030,1529,5169,9,47282,425538
19573,2024-11-07,1071,1536,7205,3,43994,131982
19574,2024-07-22,1040,1692,7812,9,7909,71181
19575,2024-11-12,1038,1787,6049,6,1417,8502
19576,2024-10-27,1056,1522,9869,3,22022,66066
19577,2024-05-17,1027,1679,6926,2,27192,54384
19578,2024-05-24,1030,1481,9990,5,4017,20085
19579,2024-06-22,1012,1918,9188,2,44740,89480
19580,2024-02-18,1070,1601,7539,8,33630,269040
19581,2024-08-30,1050,1086,5403,8,36079,288632
19582,2024-03-30,1064,1496,5458,7,9618,67326
19583,2024-04-09,1044,1425,5133,9,7600,68400
19584,2024-07-21,1052,1686,9819,5,14321,71605
19585,2024-07-26,1056,1055,9785,1,48490,48490
19586,2024-04-02,1025,1800,7586,2,32977,65954
19587,2024-08-24,1015,1728,9175,9,28415,255735
19588,2024-09-30,1011,1609,7991,2,45965,91930
19589,2024-09-23,1015,1793,7254,3,49083,147249
19590,2024-07-19,1097,1870,7388,5,27483,137415
19591,2024-09-06,1053,1324,9021,8,44675,357400
19592,2024-04-05,1090,1540,8225,7,47536,332752
19593,2024-08-13,1051,1477,6616,3,21533,64599
19594,2024-04-13,1088,1876,5447,5,12843,64215
19595,2024-05-23,1082,1315,9757,1,22438,22438
19596,2024-05-16,1070,1986,6817,9,40631,365679
19597,2024-03-08,1075,1932,9128,7,42299,296093
19598,2024-06-21,1023,1500,7619,3,28433,85299
19599,2024-01-02,1057,1664,8594,3,28050,84150
19600,2024-04-28,1038,1106,5769,2,6893,13786
19601,2024-12-10,1068,1969,5010,1,9959,9959
19602,2024-04-29,1000,1683,8762,4,19210,76840
19603,2024-10-04,1070,1417,8825,9,19285,173565
19604,2024-05-28,1089,1120,7750,5,32482,162410
19605,2024-11-25,1087,1011,5264,7,23762,166334
19606,2024-12-08,1060,1348,6767,7,16446,115122
19607,2024-08-06,1047,1550,7217,4,21581,86324
19608,2024-07-01,1061,1146,8241,7,28340,198380
19609,2024-01-04,1080,1658,6152,7,13936,97552
19610,2024-02-27,1003,1028,9207,7,18487,129409
19611,2024-07-16,1079,1705,9577,5,24856,124280
19612,2024-01-26,1099,1601,6634,5,33630,168150
19613,2024-04-22,1068,1492,5357,2,38143,76286
19614,2024-07-15,1068,1356,6186,5,10596,52980
19615,2024-08-16,1051,1879,8173,2,39677,79354
19616,2024-12-25,1045,1754,6906,2,47803,95606
19617,2024-04-07,1016,1225,8775,9,26242,236178
19618,2024-10-30,1084,1733,8033,3,22721,68163
19619,2024-07-18,1029,1331,9721,6,5136,30816
19620,2024-01-21,1048,1531,7465,7,5012,35084
19621,2024-07-04,1050,1952,5371,4,19810,79240
19622,2024-06-23,1032,1864,5381,6,47551,285306
19623,2024-10-05,1086,1776,5688,7,20535,143745
19624,2024-07-26,1057,1513,7829,6,27223,163338
19625,2024-03-31,1092,1155,6289,4,17655,70620
19626,2024-09-19,1038,1545,9509,4,27448,109792
19627,2024-10-31,1070,1276,6355,3,14759,44277
19628,2024-08-03,1036,1338,9007,5,3402,17010
19629,2024-09-09,1070,1717,8482,1,30572,30572
19630,2024-12-20,1014,1336,6984,7,7606,53242
19631,2024-01-31,1060,1439,5700,9,36098,324882
19632,2024-05-04,1092,1388,8675,3,34391,103173
19633,2024-12-14,1009,1340,9243,8,27410,219280
19634,2024-07-14,1019,1789,8735,5,34717,173585
19635,2024-10-17,1008,1698,5026,2,23817,47634
19636,2024-02-03,1069,1935,9297,1,11166,11166
19637,2024-08-18,1019,1083,9513,9,39293,353637
19638,2024-01-15,1063,1987,7409,5,23851,119255
19639,2024-11-29,1084,1190,6201,4,40335,161340
19640,2024-12-06,1006,1927,7583,1,22546,22546
19641,2024-11-22,1063,1300,9094,1,22583,22583
19642,2024-12-02,1047,1338,6343,9,3402,30618
19643,2024-06-18,1097,1731,5218,3,18512,55536
19644,2024-05-25,1046,1470,9900,6,27356,164136
19645,2024-07-24,1063,1032,9171,4,4566,18264
19646,2024-02-07,1066,1465,5609,9,12535,112815
19647,2024-11-15,1044,1290,8768,3,15679,47037
19648,2024-01-29,1016,1301,8850,9,48841,439569
19649,2024-01-10,1050,1638,8018,7,42321,296247
19650,2024-09-29,1042,1484,5742,3,36752,110256
19651,2024-04-24,1065,1873,9190,7,7298,51086
19652,2024-03-24,1075,1675,7269,1,35364,35364
19653,2024-03-21,1012,1363,5494,1,19633,19633
19654,2024-03-11,1099,1701,8330,3,9978,29934
19655,2024-02-25,1075,1082,6765,6,15855,95130
19656,2024-11-12,1026,1729,5706,6,14713,88278
19657,2024-12-24,1089,1867,8861,6,2470,14820
19658,2024-10-26,1046,1362,9750,2,12628,25256
19659,2024-08-09,1039,1025,8699,5,26492,132460
19660,2024-04-13,1068,1646,5266,3,48691,146073
19661,2024-08-20,1031,1342,6825,1,11709,11709
19662,2024-06-26,1099,1644,8421,7,37636,263452
19663,2024-03-14,1044,1372,7626,3,38223,114669
19664,2024-10-14,1079,1726,7351,6,43660,261960
19665,2024-12-11,1073,1995,7554,3,43532,130596
19666,2024-02-22,1036,1927,6792,1,22546,22546
19667,2024-09-13,1014,1846,6941,2,36452,72904
19668,2024-12-24,1074,1474,9985,7,19681,137767
19669,2024-04-27,1008,1080,9148,5,13975,69875
19670,2024-08-05,1081,1339,6193,6,20066,120396
19671,2024-01-30,1096,1952,6055,3,19810,59430
19672,2024-09-21,1054,1719,7021,9,21210,190890
19673,2024-04-17,1008,1623,8189,3,30533,91599
19674,2024-10-15,1063,1489,7285,4,3018,12072
19675,2024-10-08,1040,1122,6671,1,38948,38948
19676,2024-10-24,1014,1445,5462,2,36864,73728
19677,2024-07-20,1035,1923,6165,1,725,725
19678,2024-10-24,1035,1892,5365,5,21617,108085
19679,2024-04-05,1064,1734,6213,1,12138,12138
19680,2024-02-08,1027,1121,7460,4,36164,144656
19681,2024-11-12,1032,1079,9371,5,49659,248295
19682,2024-09-04,1064,1639,5300,8,49254,394032
19683,2024-10-29,1053,1333,6641,4,7601,30404
19684,2024-10-30,1005,1073,8647,2,21448,42896
19685,2024-08-27,1074,1449,9238,7,21065,147455
19686,2024-06-28,1047,1736,5225,9,18372,165348
19687,2024-06-09,1090,1296,8102,3,31240,93720
19688,2024-06-03,1068,1085,6884,8,12202,97616
19689,2024-06-05,1073,1833,7551,1,41918,41918
19690,2024-07-28,1027,1703,5714,9,43261,389349
19691,2024-12-20,1015,1774,5552,3,29223,87669
19692,2024-04-20,1025,1499,7887,7,33517,234619
19693,2024-10-10,1049,1936,7177,8,37368,298944
19694,2024-09-22,1053,1122,9709,4,38948,155792
19695,2024-12-27,1091,1638,7228,2,42321,84642
19696,2024-05-23,1077,1428,8783,1,35537,35537
19697,2024-04-09,1012,1939,7592,5,9982,49910
19698,2024-09-13,1064,1541,9567,8,8122,64976
19699,2024-04-27,1034,1933,7165,1,25457,25457
19700,2024-12-03,1078,1166,8864,6,5115,30690
19701,2024-07-31,1028,1658,7021,9,13936,125424
19702,2024-05-11,1030,1765,5384,8,5423,43384
19703,2024-04-24,1011,1430,6113,8,29449,235592
19704,2024-11-14,1068,1037,7452,5,24778,123890
19705,2024-10-17,1031,1400,8798,9,44818,403362
19706,2024-04-25,1009,1612,6891,7,33404,233828
19707,2024-10-27,1004,1969,6583,7,9959,69713
19708,2024-02-26,1026,1590,8588,5,33854,169270
19709,2024-05-31,1038,1964,5026,9,14688,132192
19710,2024-10-02,1020,1753,8611,4,43548,174192
19711,2024-06-14,1015,1101,5909,6,34146,204876
19712,2024-05-31,1028,1490,8085,4,9043,36172
19713,2024-07-30,1078,1866,6298,1,18556,18556
19714,2024-10-06,1070,1771,8456,1,3583,3583
19715,2024-11-21,1081,1674,5028,9,33184,298656
19716,2024-04-11,1082,1896,9342,2,15350,30700
19717,2024-09-09,1080,1464,9358,7,22820,159740
19718,2024-10-07,1013,1596,8155,4,6122,24488
19719,2024-03-21,1040,1621,6707,8,13880,111040
19720,2024-09-29,1073,1441,8401,1,13301,13301
19721,2024-02-27,1088,1405,8653,1,18631,18631
19722,2024-01-02,1040,1388,8980,5,34391,171955
19723,2024-12-04,1043,1187,9807,1,1166,1166
19724,2024-01-09,1072,1749,9689,1,33974,33974
19725,2024-07-09,1015,1035,7512,9,18947,170523
19726,2024-05-02,1023,1869,5068,6,45211,271266
19727,2024-04-13,1020,1904,6438,9,21367,192303
19728,2024-03-23,1058,1211,5874,3,17560,52680
19729,2024-04-18,1097,1365,9781,5,31461,157305
19730,2024-04-29,1038,1312,6297,6,5511,33066
19731,2024-08-15,1070,1873,9534,9,7298,65682
19732,2024-09-23,1006,1502,6902,8,23939,191512
19733,2024-04-15,1027,1876,8261,7,12843,89901
19734,2024-08-04,1050,1973,7317,6,37755,226530
19735,2024-05-07,1034,1595,9860,8,37237,297896
19736,2024-10-12,1057,1089,9434,4,47903,191612
19737,2024-12-03,1009,1643,7705,7,2600,18200
19738,2024-05-28,1037,1306,5444,1,36317,36317
19739,2024-05-30,1031,1934,7627,3,14066,42198
19740,2024-03-01,1061,1595,5807,6,37237,223422
19741,2024-06-06,1097,1105,7297,3,34535,103605
19742,2024-06-22,1087,1691,6529,7,40917,286419
19743,2024-09-30,1049,1202,8004,8,24530,196240
19744,2024-11-13,1040,1326,9261,8,19525,156200
19745,2024-08-31,1046,1310,9226,1,21703,21703
19746,2024-06-21,1001,1619,9621,4,17904,71616
19747,2024-11-12,1041,1030,5590,5,11779,58895
19748,2024-02-28,1003,1049,8099,9,41768,375912
19749,2024-04-19,1000,1903,9022,2,25151,50302
19750,2024-08-02,1021,1086,8363,2,36079,72158
19751,2024-11-02,1010,1879,5741,6,39677,238062
19752,2024-03-05,1010,1654,7626,1,28483,28483
19753,2024-09-08,1013,1064,5931,2,47734,95468
19754,2024-10-24,1090,1750,5806,2,20139,40278
19755,2024-05-27,1096,1777,6292,9,20426,183834
19756,2024-08-15,1091,1936,9551,8,37368,298944
19757,2024-10-25,1086,1599,6847,8,40351,322808
19758,2024-07-26,1072,1334,6971,6,26728,160368
19759,2024-07-15,1058,1880,5434,8,9382,75056
19760,2024-08-30,1017,1175,6356,6,18560,111360
19761,2024-07-09,1060,1660,6296,3,8770,26310
19762,2024-06-19,1023,1469,7813,5,18332,91660
19763,2024-08-29,1026,1023,8146,2,44687,89374
19764,2024-09-14,1034,1969,5572,9,9959,89631
19765,2024-05-30,1067,1662,9335,7,48902,342314
19766,2024-10-26,1021,1975,7081,1,47572,47572
19767,2024-08-24,1010,1324,6528,5,44675,223375
19768,2024-06-01,1070,1800,7988,4,32977,131908
19769,2024-10-17,1057,1035,9124,7,18947,132629
19770,2024-03-05,1097,1920,8851,8,13189,105512
19771,2024-09-06,1075,1231,8111,7,28799,201593
19772,2024-07-08,1003,1697,5552,4,32518,130072
19773,2024-06-07,1065,1601,6462,2,33630,67260
19774,2024-02-01,1064,1321,9939,5,8702,43510
19775,2024-11-17,1017,1225,6694,3,26242,78726
19776,2024-02-29,1058,1798,8539,1,15110,15110
19777,2024-06-27,1022,1359,9558,6,44846,269076
19778,2024-08-23,1097,1939,5313,3,9982,29946
19779,2024-07-05,1003,1190,8664,6,40335,242010
19780,2024-07-23,1052,1172,7813,4,24196,96784
19781,2024-04-24,1082,1594,5978,6,5722,34332
19782,2024-09-10,1039,1996,9566,5,35923,179615
19783,2024-03-08,1039,1632,5286,1,20338,20338
19784,2024-08-10,1050,1465,5170,7,12535,87745
19785,2024-11-15,1008,1887,7834,2,23165,46330
19786,2024-11-05,1022,1689,8419,1,15943,15943
19787,2024-11-27,1012,1834,8519,5,5098,25490
19788,2024-06-20,1000,1198,6368,6,44598,267588
19789,2024-07-28,1075,1854,7318,2,11498,22996
19790,2024-05-06,1009,1740,5237,9,44595,401355
19791,2024-06-06,1026,1128,9564,6,28413,170478
19792,2024-12-31,1018,1753,9305,2,43548,87096
19793,2024-03-28,1095,1838,6973,2,29512,59024
19794,2024-02-23,1021,1341,7735,3,46261,138783
19795,2024-02-17,1088,1962,8819,6,38048,228288
19796,2024-10-17,1010,1082,7437,8,15855,126840
19797,2024-11-19,1074,1861,6930,1,42303,42303
19798,2024-01-26,1089,1136,9580,2,9269,18538
19799,2024-11-23,1015,1610,5260,3,35962,107886
19800,2024-03-28,1028,1501,5112,3,43872,131616
19801,2024-04-16,1029,1162,8313,5,28996,144980
19802,2024-08-24,1010,1140,8603,7,18196,127372
19803,2024-11-07,1056,1665,9672,6,34829,208974
19804,2024-07-22,1064,1172,6980,7,24196,169372
19805,2024-03-09,1005,1178,7079,1,21358,21358
19806,2024-03-20,1076,1859,9495,7,24110,168770
19807,2024-12-17,1090,1152,9071,4,25319,101276
19808,2024-06-05,1034,1567,8312,5,16301,81505
19809,2024-05-05,1096,1806,5507,6,44863,269178
19810,2024-12-26,1058,1642,5162,3,4788,14364
19811,2024-11-10,1013,1458,7528,5,20521,102605
19812,2024-01-25,1042,1477,5564,3,21533,64599
19813,2024-01-27,1045,1564,7993,8,30569,244552
19814,2024-12-20,1021,1928,6724,7,31188,218316
19815,2024-01-22,1059,1573,5997,2,12027,24054
19816,2024-08-15,1084,1737,9827,7,37069,259483
19817,2024-10-29,1001,1104,9971,8,16595,132760
19818,2024-07-22,1068,1706,8482,5,46666,233330
19819,2024-11-06,1014,1836,6580,4,27761,111044
19820,2024-09-21,1049,1990,9441,1,10541,10541
19821,2024-02-23,1083,1899,8081,6,14367,86202
19822,2024-11-15,1089,1199,6714,1,26798,26798
19823,2024-12-30,1055,1314,9079,5,4786,23930
19824,2024-04-08,1062,1912,9089,8,5786,46288
19825,2024-03-23,1087,1405,5221,6,18631,111786
19826,2024-08-07,1034,1677,7627,7,26853,187971
19827,2024-01-08,1087,1727,5618,3,37083,111249
19828,2024-12-28,1025,1286,8321,9,17612,158508
19829,2024-04-21,1085,1816,7372,6,7498,44988
19830,2024-09-09,1026,1947,7115,2,875,1750
19831,2024-08-11,1018,1880,9860,4,9382,37528
19832,2024-07-31,1036,1365,9095,7,31461,220227
19833,2024-05-17,1035,1216,5850,5,32225,161125
19834,2024-12-27,1092,1549,8739,9,27258,245322
19835,2024-05-23,1039,1991,9438,5,22166,110830
19836,2024-01-11,1062,1764,6271,3,21632,64896
19837,2024-01-19,1038,1304,7369,8,28721,229768
19838,2024-02-21,1011,1729,7779,1,14713,14713
19839,2024-07-23,1043,1099,6001,8,9440,75520
19840,2024-05-22,1079,1410,6134,2,7197,14394
19841,2024-02-11,1047,1534,9957,4,32498,129992
19842,2024-12-21,1094,1339,5597,8,20066,160528
19843,2024-04-05,1078,1282,9220,8,45489,363912
19844,2024-12-04,1032,1592,5464,5,5973,29865
19845,2024-11-30,1078,1653,9375,6,11287,67722
19846,2024-06-14,1031,1130,5355,5,25912,129560
19847,2024-03-26,1021,1103,8029,6,47449,284694
19848,2024-10-31,1005,1538,6484,9,19863,178767
19849,2024-11-28,1029,1701,5089,3,9978,29934
19850,2024-03-24,1016,1251,6460,8,38765,310120
19851,2024-10-31,1001,1781,6508,7,40601,284207
19852,2024-11-30,1079,1731,9178,5,18512,92560
19853,2024-07-17,1054,1683,9824,1,19210,19210
19854,2024-05-29,1011,1024,7130,2,41060,82120
19855,2024-02-19,1011,1188,5628,7,1419,9933
19856,2024-12-05,1050,1999,5089,4,13099,52396
19857,2024-05-03,1047,1202,5486,7,24530,171710
19858,2024-01-19,1038,1507,6655,8,30197,241576
19859,2024-12-12,1080,1051,9335,3,48395,145185
19860,2024-03-12,1069,1651,6964,1,7713,7713
19861,2024-05-25,1089,1505,8581,9,26109,234981
19862,2024-09-22,1000,1992,7041,2,28885,57770
19863,2024-02-19,1015,1467,5907,4,29345,117380
19864,2024-02-18,1045,1757,5368,1,18243,18243
19865,2024-04-08,1062,1417,9345,1,19285,19285
19866,2024-01-23,1058,1790,6561,7,23716,166012
19867,2024-03-16,1046,1914,9623,2,30190,60380
19868,2024-04-22,1015,1119,6647,5,10267,51335
19869,2024-10-09,1045,1739,8131,7,6045,42315
19870,2024-01-06,1079,1491,6577,7,27282,190974
19871,2024-10-06,1038,1256,9640,4,45527,182108
19872,2024-03-26,1092,1457,5912,5,28063,140315
19873,2024-11-18,1049,1192,5324,7,41115,287805
19874,2024-03-10,1048,1637,5899,8,13576,108608
19875,2024-11-29,1025,1132,7112,3,12777,38331
19876,2024-10-24,1093,1184,9551,1,22270,22270
19877,2024-11-11,1032,1149,7322,9,48477,436293
19878,2024-12-04,1019,1426,5153,2,39924,79848
19879,2024-06-24,1076,1257,5547,6,42754,256524
19880,2024-08-18,1071,1456,5307,8,27967,223736
19881,2024-03-27,1095,1747,9224,7,11873,83111
19882,2024-04-17,1081,1390,5848,3,34271,102813
19883,2024-07-25,1040,1879,5099,5,39677,198385
19884,2024-08-09,1010,1276,7907,5,14759,73795
19885,2024-08-12,1054,1326,7815,2,19525,39050
19886,2024-06-30,1046,1570,9493,4,8016,32064
19887,2024-05-26,1077,1776,7732,8,20535,164280
19888,2024-07-19,1049,1119,8221,2,10267,20534
19889,2024-03-11,1096,1935,6315,6,11166,66996
19890,2024-01-24,1022,1584,8793,1,2958,2958
19891,2024-12-26,1060,1250,5111,2,34368,68736
19892,2024-12-01,1006,1114,9483,3,15305,45915
19893,2024-05-17,1014,1944,5179,2,38176,76352
19894,2024-05-28,1078,1395,7781,5,48559,242795
19895,2024-03-04,1008,1491,8341,8,27282,218256
19896,2024-05-20,1084,1611,6582,9,13489,121401
19897,2024-08-29,1036,1584,9692,1,2958,2958
19898,2024-09-03,1058,1137,8408,3,25216,75648
19899,2024-03-11,1027,1624,8698,6,11657,69942
19900,2024-09-04,1005,1585,8522,6,23888,143328
19901,2024-04-14,1009,1747,5275,7,11873,83111
19902,2024-02-21,1014,1784,5565,6,46867,281202
19903,2024-09-14,1087,1741,7209,2,4007,8014
19904,2024-04-28,1003,1259,7020,3,28140,84420
19905,2024-01-04,1098,1575,7949,2,43374,86748
19906,2024-02-21,1057,1655,7171,4,13830,55320
19907,2024-01-07,1014,1304,5489,9,28721,258489
19908,2024-01-01,1036,1495,9034,1,7401,7401
19909,2024-12-04,1001,1611,7906,9,13489,121401
19910,2024-07-04,1046,1154,5118,2,48402,96804
19911,2024-07-08,1027,1005,6631,1,37773,37773
19912,2024-12-15,1068,1615,6079,3,6923,20769
19913,2024-04-23,1086,1520,5484,1,12581,12581
19914,2024-07-12,1072,1825,6928,7,42104,294728
19915,2024-02-24,1070,1763,7553,2,1795,3590
19916,2024-04-26,1067,1543,9607,9,31348,282132
19917,2024-09-25,1018,1421,8520,2,31527,63054
19918,2024-10-10,1007,1029,8943,8,8975,71800
19919,2024-09-26,1030,1973,7413,6,37755,226530
19920,2024-09-28,1013,1300,5968,6,22583,135498
19921,2024-12-10,1028,1369,7968,4,12505,50020
19922,2024-04-07,1008,1924,8119,1,4448,4448
19923,2024-06-17,1069,1731,8983,8,18512,148096
19924,2024-06-05,1059,1149,6818,7,48477,339339
19925,2024-10-01,1091,1798,5773,6,15110,90660
19926,2024-05-27,1044,1720,7851,5,21576,107880
19927,2024-10-03,1073,1639,6495,2,49254,98508
19928,2024-05-27,1053,1528,6010,1,5909,5909
19929,2024-12-13,1044,1880,6318,7,9382,65674
19930,2024-10-29,1002,1124,5805,4,4547,18188
19931,2024-03-31,1075,1053,9393,2,1814,3628
19932,2024-02-13,1035,1590,7385,3,33854,101562
19933,2024-08-25,1010,1814,9035,2,22937,45874
19934,2024-04-23,1072,1159,6813,9,31216,280944
19935,2024-03-29,1005,1155,7658,4,17655,70620
19936,2024-01-02,1075,1394,8181,1,29500,29500
19937,2024-06-19,1040,1422,7860,5,48782,243910
19938,2024-03-28,1071,1912,5645,7,5786,40502
19939,2024-08-12,1040,1843,6603,1,12479,12479
19940,2024-05-26,1076,1882,9598,4,11567,46268
19941,2024-03-30,1061,1370,6376,9,43867,394803
19942,2024-06-17,1008,1166,7034,3,5115,15345
19943,2024-11-18,1083,1755,6892,8,46322,370576
19944,2024-03-31,1009,1712,7220,8,6005,48040
19945,2024-01-14,1040,1664,5225,9,28050,252450
19946,2024-05-27,1026,1793,9168,7,49083,343581
19947,2024-10-17,1052,1323,9969,5,7464,37320
19948,2024-02-26,1003,1189,8278,4,43361,173444
19949,2024-01-02,1009,1658,5304,6,13936,83616
19950,2024-03-06,1048,1524,8763,3,28156,84468
19951,2024-12-10,1018,1511,7899,8,13714,109712
19952,2024-03-27,1073,1284,9273,4,10530,42120
19953,2024-09-01,1049,1821,8257,2,34667,69334
19954,2024-08-24,1047,1238,7032,5,28262,141310
19955,2024-03-29,1022,1584,8017,8,2958,23664
19956,2024-12-12,1099,1681,8396,6,1693,10158
19957,2024-02-21,1008,1445,8241,9,36864,331776
19958,2024-07-21,1065,1743,7188,6,32539,195234
19959,2024-07-27,1018,1198,9717,3,44598,133794
19960,2024-05-22,1071,1198,5835,1,44598,44598
19961,2024-04-24,1089,1020,8443,8,23369,186952
19962,2024-10-13,1050,1264,8859,8,44587,356696
19963,2024-03-02,1099,1497,7722,7,48099,336693
19964,2024-02-03,1010,1684,7398,7,49669,347683
19965,2024-10-18,1002,1410,8150,4,7197,28788
19966,2024-04-30,1060,1815,7190,2,38970,77940
19967,2024-04-13,1093,1340,8099,7,27410,191870
19968,2024-02-13,1081,1196,5987,3,37451,112353
19969,2024-07-09,1016,1132,9363,1,12777,12777
19970,2024-11-28,1072,1839,6899,1,32093,32093
19971,2024-09-03,1029,1270,5728,8,31057,248456
19972,2024-01-18,1079,1588,6149,7,626,4382
19973,2024-10-27,1007,1608,6380,1,9796,9796
19974,2024-04-17,1040,1683,7974,4,19210,76840
19975,2024-01-26,1025,1378,5743,4,33182,132728
19976,2024-07-24,1004,1942,9891,4,24447,97788
19977,2024-12-22,1068,1543,5308,6,31348,188088
19978,2024-11-26,1023,1035,6819,4,18947,75788
19979,2024-04-05,1077,1688,9210,2,41027,82054
19980,2024-10-06,1068,1436,8491,1,10794,10794
19981,2024-08-10,1035,1406,5117,6,23768,142608
19982,2024-08-19,1088,1929,9562,6,18907,113442
19983,2024-12-26,1016,1145,5464,7,10942,76594
19984,2024-07-18,1069,1395,9648,7,48559,339913
19985,2024-02-08,1070,1854,6332,8,11498,91984
19986,2024-07-18,1045,1381,6982,4,40684,162736
19987,2024-06-07,1078,1129,5077,9,35845,322605
19988,2024-12-04,1069,1235,9528,1,18099,18099
19989,2024-06-15,1031,1666,8742,1,1437,1437
19990,2024-08-11,1059,1177,8027,1,41282,41282
19991,2024-10-03,1041,1414,7050,2,15075,30150
19992,2024-10-05,1039,1431,9390,2,31367,62734
19993,2024-02-23,1026,1853,8239,3,6923,20769
19994,2024-06-12,1004,1068,6949,8,5986,47888
19995,2024-05-22,1060,1144,8015,5,27045,135225
19996,2024-03-16,1060,1042,7964,1,19474,19474
19997,2024-08-17,1079,1454,7367,3,35458,106374
19998,2024-11-21,1051,1145,7994,5,10942,54710
19999,2024-03-05,1074,1766,7075,9,27620,248580
20000,2024-08-17,1088,1193,9787,5,13641,68205
