City,Date,Temperature_C,Humidity,Rain
Delhi,2024-01-01,25.6,77,0
Delhi,2024-01-02,19.0,78,0
Delhi,2024-01-03,18.1,42,0
Delhi,2024-01-04,20.2,75,0
Delhi,2024-01-05,15.0,77,0
Delhi,2024-01-06,18.7,89,0
Delhi,2024-01-07,15.6,51,0
Delhi,2024-01-08,19.4,43,0
Delhi,2024-01-09,17.9,42,0
Delhi,2024-01-10,23.5,52,1
Delhi,2024-01-11,17.9,55,0
Delhi,2024-01-12,28.5,55,0
Delhi,2024-01-13,20.3,87,0
Delhi,2024-01-14,13.9,73,0
Delhi,2024-01-15,10.3,41,0
Delhi,2024-01-16,18.4,49,0
Delhi,2024-01-17,33.8,78,0
Delhi,2024-01-18,18.6,48,0
Delhi,2024-01-19,17.1,59,1
Delhi,2024-01-20,16.7,40,0
Delhi,2024-01-21,23.8,52,0
Delhi,2024-01-22,18.9,70,0
Delhi,2024-01-23,26.8,49,1
Delhi,2024-01-24,23.7,83,0
Delhi,2024-01-25,20.1,45,0
Delhi,2024-01-26,16.1,52,0
Delhi,2024-01-27,22.0,41,0
Delhi,2024-01-28,14.0,48,0
Delhi,2024-01-29,22.3,42,1
Delhi,2024-01-30,10.0,48,0
Delhi,2024-01-31,26.4,84,0
Delhi,2024-02-01,16.4,70,1
Delhi,2024-02-02,24.6,70,0
Delhi,2024-02-03,12.5,58,1
Delhi,2024-02-04,24.7,79,0
Delhi,2024-02-05,21.1,88,0
Delhi,2024-02-06,27.2,63,1
Delhi,2024-02-07,21.5,64,0
Delhi,2024-02-08,18.4,67,0
Delhi,2024-02-09,20.5,64,0
Delhi,2024-02-10,17.1,80,1
Delhi,2024-02-11,24.4,42,1
Delhi,2024-02-12,16.7,54,0
Delhi,2024-02-13,23.5,61,0
Delhi,2024-02-14,18.9,61,0
Delhi,2024-02-15,27.3,44,0
Delhi,2024-02-16,22.4,85,0
Delhi,2024-02-17,30.5,85,0
Delhi,2024-02-18,24.1,41,0
Delhi,2024-02-19,25.9,45,0
Delhi,2024-02-20,26.9,49,1
Delhi,2024-02-21,17.3,51,0
Delhi,2024-02-22,10.7,46,0
Delhi,2024-02-23,18.7,44,1
Delhi,2024-02-24,19.7,67,0
Delhi,2024-02-25,10.3,43,0
Delhi,2024-02-26,24.5,79,0
Delhi,2024-02-27,24.5,74,1
Delhi,2024-02-28,21.6,58,0
Delhi,2024-02-29,20.5,53,0
Delhi,2024-03-01,11.6,72,1
Delhi,2024-03-02,20.0,64,0
Delhi,2024-03-03,4.5,49,0
Delhi,2024-03-04,21.3,41,0
Delhi,2024-03-05,27.7,41,0
Delhi,2024-03-06,24.1,82,0
Delhi,2024-03-07,16.1,49,0
Delhi,2024-03-08,23.2,55,0
Delhi,2024-03-09,16.8,89,0
Delhi,2024-03-10,24.1,64,0
Delhi,2024-03-11,21.6,89,0
Delhi,2024-03-12,19.9,68,0
Delhi,2024-03-13,18.1,44,0
Delhi,2024-03-14,23.8,49,0
Delhi,2024-03-15,10.5,89,1
Delhi,2024-03-16,11.4,74,0
Delhi,2024-03-17,10.1,84,0
Delhi,2024-03-18,17.9,77,0
Delhi,2024-03-19,19.1,76,0
Delhi,2024-03-20,15.3,53,0
Delhi,2024-03-21,17.9,58,0
Delhi,2024-03-22,23.0,62,1
Delhi,2024-03-23,14.5,88,0
Delhi,2024-03-24,23.0,78,1
Delhi,2024-03-25,28.3,64,0
Delhi,2024-03-26,26.1,44,0
Delhi,2024-03-27,23.0,85,0
Delhi,2024-03-28,22.4,44,0
Delhi,2024-03-29,18.5,61,0
Delhi,2024-03-30,8.8,57,0
Delhi,2024-03-31,25.3,55,0
Delhi,2024-04-01,19.3,49,0
Delhi,2024-04-02,23.6,48,0
Delhi,2024-04-03,19.7,56,0
Delhi,2024-04-04,8.6,47,1
Delhi,2024-04-05,22.5,41,0
Delhi,2024-04-06,22.0,45,0
Delhi,2024-04-07,13.4,87,0
Delhi,2024-04-08,14.3,74,0
Delhi,2024-04-09,21.6,56,0
Delhi,2024-04-10,21.6,50,0
Delhi,2024-04-11,29.8,87,0
Delhi,2024-04-12,22.3,80,0
Delhi,2024-04-13,23.9,73,0
Delhi,2024-04-14,23.5,45,0
Delhi,2024-04-15,19.7,82,0
Delhi,2024-04-16,16.0,60,1
Delhi,2024-04-17,20.5,43,0
Delhi,2024-04-18,26.7,69,0
Delhi,2024-04-19,16.1,85,0
Delhi,2024-04-20,28.9,79,0
Delhi,2024-04-21,19.2,49,0
Delhi,2024-04-22,20.6,61,0
Delhi,2024-04-23,8.2,70,0
Delhi,2024-04-24,19.3,69,0
Delhi,2024-04-25,22.2,79,1
Delhi,2024-04-26,24.9,48,0
Delhi,2024-04-27,27.9,54,0
Delhi,2024-04-28,19.7,47,1
Delhi,2024-04-29,17.3,85,0
Delhi,2024-04-30,17.0,56,1
Delhi,2024-05-01,30.2,63,0
Delhi,2024-05-02,26.2,53,1
Delhi,2024-05-03,25.2,85,0
Delhi,2024-05-04,18.5,54,0
Delhi,2024-05-05,28.2,69,0
Delhi,2024-05-06,21.2,87,0
Delhi,2024-05-07,23.4,55,0
Delhi,2024-05-08,14.4,54,0
Delhi,2024-05-09,24.1,48,0
Delhi,2024-05-10,16.0,56,0
Delhi,2024-05-11,14.0,41,1
Delhi,2024-05-12,13.0,71,1
Delhi,2024-05-13,19.0,47,0
Delhi,2024-05-14,24.4,76,0
Delhi,2024-05-15,18.5,56,0
Delhi,2024-05-16,22.6,73,0
Delhi,2024-05-17,11.7,51,0
Delhi,2024-05-18,23.8,84,0
Delhi,2024-05-19,11.4,43,0
Delhi,2024-05-20,21.4,87,0
Delhi,2024-05-21,22.5,81,1
Delhi,2024-05-22,21.5,44,0
Delhi,2024-05-23,21.9,75,1
Delhi,2024-05-24,22.7,84,0
Delhi,2024-05-25,11.1,43,0
Delhi,2024-05-26,17.8,76,0
Delhi,2024-05-27,10.8,70,1
Delhi,2024-05-28,19.9,66,1
Delhi,2024-05-29,24.7,85,0
Delhi,2024-05-30,19.0,80,0
Delhi,2024-05-31,22.4,82,0
Delhi,2024-06-01,17.3,53,0
Delhi,2024-06-02,22.1,41,0
Delhi,2024-06-03,16.2,63,1
Delhi,2024-06-04,15.1,69,1
Delhi,2024-06-05,15.7,53,1
Delhi,2024-06-06,19.9,88,0
Delhi,2024-06-07,16.1,78,0
Delhi,2024-06-08,20.6,71,0
Delhi,2024-06-09,13.6,51,0
Delhi,2024-06-10,14.2,65,0
Delhi,2024-06-11,15.9,47,0
Delhi,2024-06-12,11.1,68,0
Delhi,2024-06-13,21.0,40,0
Delhi,2024-06-14,21.3,68,0
Delhi,2024-06-15,19.5,85,0
Delhi,2024-06-16,9.1,76,0
Delhi,2024-06-17,20.0,76,1
Delhi,2024-06-18,17.2,63,0
Delhi,2024-06-19,14.9,48,0
Delhi,2024-06-20,19.0,81,0
Delhi,2024-06-21,16.1,71,0
Delhi,2024-06-22,15.6,87,0
Delhi,2024-06-23,18.2,43,0
Delhi,2024-06-24,17.9,75,0
Delhi,2024-06-25,12.3,75,0
Delhi,2024-06-26,17.0,63,0
Delhi,2024-06-27,26.4,84,0
Delhi,2024-06-28,9.0,49,0
Delhi,2024-06-29,19.8,65,0
Delhi,2024-06-30,19.7,48,0
Delhi,2024-07-01,25.5,67,0
Delhi,2024-07-02,10.0,55,0
Delhi,2024-07-03,16.2,89,0
Delhi,2024-07-04,18.4,89,0
Delhi,2024-07-05,18.8,67,0
Delhi,2024-07-06,18.9,57,0
Delhi,2024-07-07,21.1,73,0
Delhi,2024-07-08,22.2,60,0
Delhi,2024-07-09,27.6,41,0
Delhi,2024-07-10,18.4,61,0
Delhi,2024-07-11,20.1,76,0
Delhi,2024-07-12,23.8,76,0
Delhi,2024-07-13,18.1,77,0
Delhi,2024-07-14,21.9,62,0
Delhi,2024-07-15,21.5,61,0
Delhi,2024-07-16,24.0,61,1
Delhi,2024-07-17,20.9,48,0
Delhi,2024-07-18,29.1,89,0
Delhi,2024-07-19,21.4,76,0
Delhi,2024-07-20,15.9,75,0
Delhi,2024-07-21,17.6,41,1
Delhi,2024-07-22,19.9,82,0
Delhi,2024-07-23,8.3,85,0
Delhi,2024-07-24,22.1,85,0
Delhi,2024-07-25,12.7,53,1
Delhi,2024-07-26,17.6,77,1
Delhi,2024-07-27,29.6,45,0
Delhi,2024-07-28,19.5,57,1
Delhi,2024-07-29,26.2,87,0
Delhi,2024-07-30,26.5,73,1
Delhi,2024-07-31,22.1,67,0
Delhi,2024-08-01,18.4,73,0
Delhi,2024-08-02,26.0,67,0
Delhi,2024-08-03,17.7,80,0
Delhi,2024-08-04,14.1,78,0
Delhi,2024-08-05,21.1,58,0
Delhi,2024-08-06,21.1,53,0
Delhi,2024-08-07,14.2,64,0
Delhi,2024-08-08,26.7,60,1
Delhi,2024-08-09,23.3,64,0
Delhi,2024-08-10,17.8,65,1
Delhi,2024-08-11,25.7,80,0
Delhi,2024-08-12,17.6,62,0
Delhi,2024-08-13,21.1,67,0
Delhi,2024-08-14,24.5,77,0
Delhi,2024-08-15,21.4,60,0
Delhi,2024-08-16,20.5,85,0
Delhi,2024-08-17,16.3,44,1
Delhi,2024-08-18,23.2,68,0
Delhi,2024-08-19,22.5,57,0
Delhi,2024-08-20,19.7,50,0
Delhi,2024-08-21,20.7,66,0
Delhi,2024-08-22,20.0,59,0
Delhi,2024-08-23,22.0,78,0
Delhi,2024-08-24,18.0,88,0
Delhi,2024-08-25,20.6,69,0
Delhi,2024-08-26,27.1,47,0
Delhi,2024-08-27,19.3,81,0
Delhi,2024-08-28,16.5,64,1
Delhi,2024-08-29,14.2,84,0
Delhi,2024-08-30,13.6,88,0
Delhi,2024-08-31,15.0,74,0
Delhi,2024-09-01,20.6,59,0
Delhi,2024-09-02,8.2,40,0
Delhi,2024-09-03,19.4,88,0
Delhi,2024-09-04,24.3,68,1
Delhi,2024-09-05,15.1,70,0
Delhi,2024-09-06,19.4,63,0
Delhi,2024-09-07,22.4,60,0
Delhi,2024-09-08,19.6,54,1
Delhi,2024-09-09,15.2,48,0
Delhi,2024-09-10,19.7,50,0
Delhi,2024-09-11,29.9,43,0
Delhi,2024-09-12,28.7,66,0
Delhi,2024-09-13,18.0,64,0
Delhi,2024-09-14,19.1,71,0
Delhi,2024-09-15,22.3,65,0
Delhi,2024-09-16,25.5,60,0
Delhi,2024-09-17,24.7,48,1
Delhi,2024-09-18,22.1,86,0
Delhi,2024-09-19,12.8,48,0
Delhi,2024-09-20,31.0,51,0
Delhi,2024-09-21,21.5,42,0
Delhi,2024-09-22,21.2,49,0
Delhi,2024-09-23,25.8,48,0
Delhi,2024-09-24,26.8,66,0
Delhi,2024-09-25,29.1,40,0
Delhi,2024-09-26,21.6,50,0
Delhi,2024-09-27,23.5,86,0
Delhi,2024-09-28,23.6,81,0
Delhi,2024-09-29,25.0,60,0
Delhi,2024-09-30,14.4,77,0
Delhi,2024-10-01,6.1,62,0
Delhi,2024-10-02,19.6,77,0
Delhi,2024-10-03,18.2,63,0
Delhi,2024-10-04,24.7,56,0
Delhi,2024-10-05,23.6,61,0
Delhi,2024-10-06,19.8,88,0
Delhi,2024-10-07,25.0,70,0
Delhi,2024-10-08,17.5,75,0
Delhi,2024-10-09,28.4,54,0
Delhi,2024-10-10,18.3,72,0
Delhi,2024-10-11,21.0,54,0
Delhi,2024-10-12,13.0,84,0
Delhi,2024-10-13,19.4,81,0
Delhi,2024-10-14,18.2,57,0
Delhi,2024-10-15,18.1,58,0
Delhi,2024-10-16,21.1,62,0
Delhi,2024-10-17,13.8,69,0
Delhi,2024-10-18,22.0,79,0
Delhi,2024-10-19,20.5,71,0
Delhi,2024-10-20,20.6,52,1
Delhi,2024-10-21,24.6,44,0
Delhi,2024-10-22,15.6,63,0
Delhi,2024-10-23,30.7,74,1
Delhi,2024-10-24,24.8,44,1
Delhi,2024-10-25,29.0,73,1
Delhi,2024-10-26,25.8,50,0
Delhi,2024-10-27,22.6,84,1
Delhi,2024-10-28,17.4,43,1
Delhi,2024-10-29,21.4,73,0
Delhi,2024-10-30,19.1,69,0
Delhi,2024-10-31,13.2,83,0
Delhi,2024-11-01,27.8,62,1
Delhi,2024-11-02,16.1,76,0
Delhi,2024-11-03,17.7,78,0
Delhi,2024-11-04,16.4,60,0
Delhi,2024-11-05,17.0,89,0
Delhi,2024-11-06,17.2,47,0
Delhi,2024-11-07,22.7,62,1
Delhi,2024-11-08,18.6,60,1
Delhi,2024-11-09,27.3,73,1
Delhi,2024-11-10,22.5,44,1
Delhi,2024-11-11,11.1,61,0
Delhi,2024-11-12,23.3,61,0
Delhi,2024-11-13,18.3,54,0
Delhi,2024-11-14,24.1,56,0
Delhi,2024-11-15,24.2,84,0
Delhi,2024-11-16,20.2,41,0
Delhi,2024-11-17,18.5,71,0
Delhi,2024-11-18,21.8,46,0
Delhi,2024-11-19,20.1,77,0
Delhi,2024-11-20,13.3,70,1
Delhi,2024-11-21,16.1,82,0
Delhi,2024-11-22,28.0,74,0
Delhi,2024-11-23,14.3,60,0
Delhi,2024-11-24,14.6,65,1
Delhi,2024-11-25,12.4,70,0
Delhi,2024-11-26,19.7,52,0
Delhi,2024-11-27,13.9,65,0
Delhi,2024-11-28,23.2,81,0
Delhi,2024-11-29,32.1,43,0
Delhi,2024-11-30,20.5,66,0
Delhi,2024-12-01,18.7,81,0
Delhi,2024-12-02,24.7,60,0
Delhi,2024-12-03,12.4,69,0
Delhi,2024-12-04,20.5,79,0
Delhi,2024-12-05,22.9,70,1
Delhi,2024-12-06,8.9,56,0
Delhi,2024-12-07,22.4,71,1
Delhi,2024-12-08,15.9,52,0
Delhi,2024-12-09,14.9,76,0
Delhi,2024-12-10,21.9,71,0
Delhi,2024-12-11,20.6,70,0
Delhi,2024-12-12,20.0,61,0
Delhi,2024-12-13,23.3,48,0
Delhi,2024-12-14,26.0,44,0
Delhi,2024-12-15,20.6,48,0
Delhi,2024-12-16,31.3,49,0
Delhi,2024-12-17,14.3,78,0
Delhi,2024-12-18,17.7,65,0
Delhi,2024-12-19,19.0,67,0
Delhi,2024-12-20,25.6,54,0
Delhi,2024-12-21,18.5,44,0
Delhi,2024-12-22,25.7,42,0
Delhi,2024-12-23,24.0,76,0
Delhi,2024-12-24,18.3,53,0
Delhi,2024-12-25,21.7,47,1
Delhi,2024-12-26,13.6,85,0
Delhi,2024-12-27,19.6,79,0
Delhi,2024-12-28,20.5,43,0
Delhi,2024-12-29,19.3,88,1
Delhi,2024-12-30,16.0,65,0
Delhi,2024-12-31,10.9,77,0
Mumbai,2024-01-01,37.1,51,0
Mumbai,2024-01-02,26.4,62,0
Mumbai,2024-01-03,21.9,68,0
Mumbai,2024-01-04,25.4,60,0
Mumbai,2024-01-05,28.1,57,1
Mumbai,2024-01-06,26.6,77,0
Mumbai,2024-01-07,23.7,59,0
Mumbai,2024-01-08,39.6,50,0
Mumbai,2024-01-09,24.1,72,0
Mumbai,2024-01-10,26.9,75,0
Mumbai,2024-01-11,29.1,77,1
Mumbai,2024-01-12,41.7,45,0
Mumbai,2024-01-13,31.0,63,0
Mumbai,2024-01-14,31.9,82,0
Mumbai,2024-01-15,26.8,83,1
Mumbai,2024-01-16,22.2,53,0
Mumbai,2024-01-17,33.5,49,0
Mumbai,2024-01-18,36.7,81,0
Mumbai,2024-01-19,18.1,78,0
Mumbai,2024-01-20,26.9,69,0
Mumbai,2024-01-21,32.3,62,1
Mumbai,2024-01-22,18.8,80,0
Mumbai,2024-01-23,24.9,81,0
Mumbai,2024-01-24,30.3,44,1
Mumbai,2024-01-25,28.3,50,0
Mumbai,2024-01-26,30.9,61,1
Mumbai,2024-01-27,31.6,81,0
Mumbai,2024-01-28,28.7,77,0
Mumbai,2024-01-29,32.4,61,1
Mumbai,2024-01-30,26.5,41,1
Mumbai,2024-01-31,27.3,76,0
Mumbai,2024-02-01,27.8,85,1
Mumbai,2024-02-02,39.6,49,0
Mumbai,2024-02-03,30.2,88,0
Mumbai,2024-02-04,35.1,48,0
Mumbai,2024-02-05,28.1,70,1
Mumbai,2024-02-06,23.3,60,1
Mumbai,2024-02-07,22.5,67,0
Mumbai,2024-02-08,27.7,58,0
Mumbai,2024-02-09,30.8,60,0
Mumbai,2024-02-10,27.5,71,0
Mumbai,2024-02-11,36.9,74,0
Mumbai,2024-02-12,31.3,52,0
Mumbai,2024-02-13,22.7,49,0
Mumbai,2024-02-14,19.3,83,0
Mumbai,2024-02-15,31.6,45,0
Mumbai,2024-02-16,24.1,71,0
Mumbai,2024-02-17,27.0,64,0
Mumbai,2024-02-18,36.4,51,0
Mumbai,2024-02-19,31.6,85,0
Mumbai,2024-02-20,28.5,75,0
Mumbai,2024-02-21,43.7,83,0
Mumbai,2024-02-22,31.6,74,0
Mumbai,2024-02-23,24.7,75,1
Mumbai,2024-02-24,27.7,86,1
Mumbai,2024-02-25,31.8,67,0
Mumbai,2024-02-26,29.9,83,0
Mumbai,2024-02-27,36.1,55,0
Mumbai,2024-02-28,27.9,70,0
Mumbai,2024-02-29,25.7,79,0
Mumbai,2024-03-01,44.0,80,0
Mumbai,2024-03-02,32.5,82,0
Mumbai,2024-03-03,33.1,82,0
Mumbai,2024-03-04,32.5,73,0
Mumbai,2024-03-05,34.0,51,0
Mumbai,2024-03-06,31.3,56,0
Mumbai,2024-03-07,34.9,55,0
Mumbai,2024-03-08,33.5,77,0
Mumbai,2024-03-09,31.9,46,0
Mumbai,2024-03-10,28.1,88,1
Mumbai,2024-03-11,32.0,50,1
Mumbai,2024-03-12,17.7,56,0
Mumbai,2024-03-13,25.2,87,0
Mumbai,2024-03-14,35.7,66,0
Mumbai,2024-03-15,36.3,61,0
Mumbai,2024-03-16,35.6,53,0
Mumbai,2024-03-17,29.4,40,0
Mumbai,2024-03-18,22.8,72,0
Mumbai,2024-03-19,26.0,55,0
Mumbai,2024-03-20,37.1,68,0
Mumbai,2024-03-21,34.2,69,0
Mumbai,2024-03-22,33.2,57,1
Mumbai,2024-03-23,21.5,71,0
Mumbai,2024-03-24,28.4,61,0
Mumbai,2024-03-25,23.8,70,0
Mumbai,2024-03-26,26.7,77,0
Mumbai,2024-03-27,37.1,48,0
Mumbai,2024-03-28,29.4,68,0
Mumbai,2024-03-29,28.5,56,0
Mumbai,2024-03-30,33.3,84,1
Mumbai,2024-03-31,26.7,89,0
Mumbai,2024-04-01,33.1,82,0
Mumbai,2024-04-02,26.9,82,0
Mumbai,2024-04-03,33.7,54,0
Mumbai,2024-04-04,27.7,84,1
Mumbai,2024-04-05,26.9,86,0
Mumbai,2024-04-06,30.6,87,1
Mumbai,2024-04-07,23.4,52,0
Mumbai,2024-04-08,33.9,73,0
Mumbai,2024-04-09,26.1,82,0
Mumbai,2024-04-10,36.6,86,0
Mumbai,2024-04-11,34.3,58,0
Mumbai,2024-04-12,29.1,82,0
Mumbai,2024-04-13,34.2,56,0
Mumbai,2024-04-14,30.0,85,0
Mumbai,2024-04-15,26.0,68,0
Mumbai,2024-04-16,34.7,75,1
Mumbai,2024-04-17,31.4,63,0
Mumbai,2024-04-18,25.0,49,0
Mumbai,2024-04-19,36.3,67,0
Mumbai,2024-04-20,30.3,40,0
Mumbai,2024-04-21,20.2,75,1
Mumbai,2024-04-22,45.3,87,1
Mumbai,2024-04-23,25.4,47,1
Mumbai,2024-04-24,31.0,45,0
Mumbai,2024-04-25,27.6,51,0
Mumbai,2024-04-26,29.0,87,0
Mumbai,2024-04-27,30.2,74,0
Mumbai,2024-04-28,27.4,63,0
Mumbai,2024-04-29,32.8,47,0
Mumbai,2024-04-30,26.1,49,0
Mumbai,2024-05-01,29.3,43,0
Mumbai,2024-05-02,28.7,82,1
Mumbai,2024-05-03,32.5,43,1
Mumbai,2024-05-04,32.3,86,0
Mumbai,2024-05-05,23.3,41,0
Mumbai,2024-05-06,26.5,69,0
Mumbai,2024-05-07,29.0,56,0
Mumbai,2024-05-08,34.1,63,0
Mumbai,2024-05-09,28.7,64,0
Mumbai,2024-05-10,27.3,77,0
Mumbai,2024-05-11,34.1,69,1
Mumbai,2024-05-12,20.2,66,0
Mumbai,2024-05-13,24.4,78,0
Mumbai,2024-05-14,26.3,83,0
Mumbai,2024-05-15,30.5,82,0
Mumbai,2024-05-16,33.5,54,1
Mumbai,2024-05-17,30.5,86,0
Mumbai,2024-05-18,32.1,87,0
Mumbai,2024-05-19,37.5,41,0
Mumbai,2024-05-20,34.3,49,1
Mumbai,2024-05-21,31.8,51,0
Mumbai,2024-05-22,31.8,59,0
Mumbai,2024-05-23,35.1,86,0
Mumbai,2024-05-24,38.0,52,1
Mumbai,2024-05-25,37.1,47,0
Mumbai,2024-05-26,21.9,88,1
Mumbai,2024-05-27,33.2,74,1
Mumbai,2024-05-28,32.3,71,0
Mumbai,2024-05-29,30.8,85,0
Mumbai,2024-05-30,20.2,74,1
Mumbai,2024-05-31,27.1,81,0
Mumbai,2024-06-01,29.6,57,1
Mumbai,2024-06-02,34.9,65,1
Mumbai,2024-06-03,29.1,41,0
Mumbai,2024-06-04,29.5,48,0
Mumbai,2024-06-05,29.1,82,0
Mumbai,2024-06-06,23.8,73,0
Mumbai,2024-06-07,38.8,73,0
Mumbai,2024-06-08,30.6,81,1
Mumbai,2024-06-09,29.1,71,1
Mumbai,2024-06-10,29.2,60,0
Mumbai,2024-06-11,36.3,89,1
Mumbai,2024-06-12,32.8,54,1
Mumbai,2024-06-13,33.5,77,0
Mumbai,2024-06-14,27.8,44,1
Mumbai,2024-06-15,36.9,84,0
Mumbai,2024-06-16,32.8,41,0
Mumbai,2024-06-17,31.8,71,0
Mumbai,2024-06-18,39.7,60,0
Mumbai,2024-06-19,46.6,48,0
Mumbai,2024-06-20,33.7,53,0
Mumbai,2024-06-21,31.4,55,0
Mumbai,2024-06-22,26.4,73,0
Mumbai,2024-06-23,27.7,65,0
Mumbai,2024-06-24,33.9,84,0
Mumbai,2024-06-25,29.7,60,0
Mumbai,2024-06-26,26.1,71,0
Mumbai,2024-06-27,31.9,89,0
Mumbai,2024-06-28,20.3,82,0
Mumbai,2024-06-29,33.6,78,0
Mumbai,2024-06-30,31.6,75,0
Mumbai,2024-07-01,19.8,50,1
Mumbai,2024-07-02,24.7,42,1
Mumbai,2024-07-03,41.6,77,0
Mumbai,2024-07-04,31.1,75,0
Mumbai,2024-07-05,37.9,71,0
Mumbai,2024-07-06,24.3,72,0
Mumbai,2024-07-07,34.2,44,1
Mumbai,2024-07-08,27.8,79,0
Mumbai,2024-07-09,15.9,82,0
Mumbai,2024-07-10,34.2,88,0
Mumbai,2024-07-11,31.5,86,0
Mumbai,2024-07-12,43.1,43,0
Mumbai,2024-07-13,25.4,85,0
Mumbai,2024-07-14,32.8,83,0
Mumbai,2024-07-15,25.0,67,1
Mumbai,2024-07-16,32.2,71,0
Mumbai,2024-07-17,39.3,81,0
Mumbai,2024-07-18,20.9,83,0
Mumbai,2024-07-19,33.5,70,0
Mumbai,2024-07-20,31.5,64,0
Mumbai,2024-07-21,28.0,72,0
Mumbai,2024-07-22,34.9,74,1
Mumbai,2024-07-23,22.5,68,0
Mumbai,2024-07-24,32.0,76,0
Mumbai,2024-07-25,29.6,49,0
Mumbai,2024-07-26,34.2,59,1
Mumbai,2024-07-27,33.3,67,0
Mumbai,2024-07-28,33.1,42,1
Mumbai,2024-07-29,29.5,57,0
Mumbai,2024-07-30,32.8,62,1
Mumbai,2024-07-31,40.9,68,0
Mumbai,2024-08-01,28.1,56,0
Mumbai,2024-08-02,25.1,69,0
Mumbai,2024-08-03,25.7,59,0
Mumbai,2024-08-04,33.8,63,0
Mumbai,2024-08-05,32.7,82,0
Mumbai,2024-08-06,24.4,65,0
Mumbai,2024-08-07,38.3,74,0
Mumbai,2024-08-08,31.7,40,0
Mumbai,2024-08-09,27.4,77,0
Mumbai,2024-08-10,24.4,75,0
Mumbai,2024-08-11,31.2,55,0
Mumbai,2024-08-12,26.4,87,0
Mumbai,2024-08-13,33.5,72,1
Mumbai,2024-08-14,28.7,60,0
Mumbai,2024-08-15,30.6,66,0
Mumbai,2024-08-16,33.7,66,0
Mumbai,2024-08-17,29.5,88,0
Mumbai,2024-08-18,30.5,58,0
Mumbai,2024-08-19,32.9,78,0
Mumbai,2024-08-20,23.6,51,0
Mumbai,2024-08-21,26.9,46,0
Mumbai,2024-08-22,29.4,57,0
Mumbai,2024-08-23,26.4,64,1
Mumbai,2024-08-24,28.5,74,0
Mumbai,2024-08-25,28.4,46,1
Mumbai,2024-08-26,18.9,46,1
Mumbai,2024-08-27,37.6,52,0
Mumbai,2024-08-28,35.2,58,0
Mumbai,2024-08-29,32.8,77,0
Mumbai,2024-08-30,30.3,54,0
Mumbai,2024-08-31,30.9,74,0
Mumbai,2024-09-01,25.2,63,0
Mumbai,2024-09-02,26.9,88,0
Mumbai,2024-09-03,27.0,68,0
Mumbai,2024-09-04,19.6,53,0
Mumbai,2024-09-05,25.4,89,0
Mumbai,2024-09-06,30.4,57,0
Mumbai,2024-09-07,20.8,78,0
Mumbai,2024-09-08,23.7,76,0
Mumbai,2024-09-09,38.4,52,1
Mumbai,2024-09-10,28.9,56,0
Mumbai,2024-09-11,26.5,42,0
Mumbai,2024-09-12,31.0,70,0
Mumbai,2024-09-13,31.6,67,0
Mumbai,2024-09-14,35.0,77,0
Mumbai,2024-09-15,30.8,74,1
Mumbai,2024-09-16,33.7,50,0
Mumbai,2024-09-17,34.1,79,0
Mumbai,2024-09-18,31.1,82,0
Mumbai,2024-09-19,27.2,52,0
Mumbai,2024-09-20,31.4,62,0
Mumbai,2024-09-21,32.1,69,0
Mumbai,2024-09-22,38.5,85,0
Mumbai,2024-09-23,30.2,58,0
Mumbai,2024-09-24,22.3,42,0
Mumbai,2024-09-25,28.6,77,0
Mumbai,2024-09-26,32.1,78,0
Mumbai,2024-09-27,38.7,80,0
Mumbai,2024-09-28,30.3,71,1
Mumbai,2024-09-29,28.2,43,1
Mumbai,2024-09-30,18.2,50,0
Mumbai,2024-10-01,35.5,78,0
Mumbai,2024-10-02,32.8,66,0
Mumbai,2024-10-03,28.6,86,1
Mumbai,2024-10-04,16.3,41,0
Mumbai,2024-10-05,27.3,54,0
Mumbai,2024-10-06,22.6,81,1
Mumbai,2024-10-07,28.0,69,0
Mumbai,2024-10-08,37.9,59,0
Mumbai,2024-10-09,41.8,79,0
Mumbai,2024-10-10,30.2,47,1
Mumbai,2024-10-11,36.7,55,0
Mumbai,2024-10-12,28.8,70,0
Mumbai,2024-10-13,28.8,52,0
Mumbai,2024-10-14,31.0,54,0
Mumbai,2024-10-15,33.3,82,0
Mumbai,2024-10-16,37.8,49,0
Mumbai,2024-10-17,38.8,46,0
Mumbai,2024-10-18,37.7,40,0
Mumbai,2024-10-19,29.9,42,0
Mumbai,2024-10-20,38.9,82,0
Mumbai,2024-10-21,31.5,45,1
Mumbai,2024-10-22,27.9,72,0
Mumbai,2024-10-23,26.5,62,0
Mumbai,2024-10-24,34.3,55,0
Mumbai,2024-10-25,26.5,76,0
Mumbai,2024-10-26,25.8,81,0
Mumbai,2024-10-27,37.6,89,0
Mumbai,2024-10-28,34.6,48,0
Mumbai,2024-10-29,39.0,86,0
Mumbai,2024-10-30,27.3,78,0
Mumbai,2024-10-31,34.5,56,0
Mumbai,2024-11-01,36.4,45,0
Mumbai,2024-11-02,25.4,56,1
Mumbai,2024-11-03,26.2,49,0
Mumbai,2024-11-04,30.1,66,0
Mumbai,2024-11-05,29.9,68,0
Mumbai,2024-11-06,24.1,40,0
Mumbai,2024-11-07,33.1,43,1
Mumbai,2024-11-08,24.3,61,1
Mumbai,2024-11-09,34.5,61,0
Mumbai,2024-11-10,25.6,45,0
Mumbai,2024-11-11,28.0,41,0
Mumbai,2024-11-12,36.0,41,0
Mumbai,2024-11-13,26.7,88,0
Mumbai,2024-11-14,33.9,60,1
Mumbai,2024-11-15,26.0,60,0
Mumbai,2024-11-16,24.2,79,0
Mumbai,2024-11-17,29.8,77,0
Mumbai,2024-11-18,31.6,73,0
Mumbai,2024-11-19,30.3,63,0
Mumbai,2024-11-20,26.3,64,0
Mumbai,2024-11-21,30.0,65,0
Mumbai,2024-11-22,32.9,74,0
Mumbai,2024-11-23,41.7,80,0
Mumbai,2024-11-24,28.4,71,0
Mumbai,2024-11-25,24.9,75,0
Mumbai,2024-11-26,31.9,77,0
Mumbai,2024-11-27,33.1,48,0
Mumbai,2024-11-28,28.0,78,0
Mumbai,2024-11-29,30.9,65,1
Mumbai,2024-11-30,17.4,58,0
Mumbai,2024-12-01,27.5,56,1
Mumbai,2024-12-02,33.2,87,0
Mumbai,2024-12-03,31.6,55,0
Mumbai,2024-12-04,27.5,63,0
Mumbai,2024-12-05,39.4,59,1
Mumbai,2024-12-06,25.4,49,0
Mumbai,2024-12-07,30.5,64,1
Mumbai,2024-12-08,26.8,87,0
Mumbai,2024-12-09,29.2,87,0
Mumbai,2024-12-10,41.5,77,0
Mumbai,2024-12-11,26.3,85,0
Mumbai,2024-12-12,36.3,85,0
Mumbai,2024-12-13,27.0,50,1
Mumbai,2024-12-14,34.1,86,0
Mumbai,2024-12-15,28.5,54,0
Mumbai,2024-12-16,26.0,42,1
Mumbai,2024-12-17,32.3,55,0
Mumbai,2024-12-18,35.9,57,1
Mumbai,2024-12-19,30.4,62,0
Mumbai,2024-12-20,36.0,62,0
Mumbai,2024-12-21,27.7,69,0
Mumbai,2024-12-22,30.6,71,1
Mumbai,2024-12-23,30.5,46,0
Mumbai,2024-12-24,37.8,51,0
Mumbai,2024-12-25,38.9,80,0
Mumbai,2024-12-26,23.1,89,0
Mumbai,2024-12-27,33.8,82,0
Mumbai,2024-12-28,33.7,83,0
Mumbai,2024-12-29,30.4,57,0
Mumbai,2024-12-30,35.8,49,0
Mumbai,2024-12-31,28.5,50,0
Bengaluru,2024-01-01,24.4,56,0
Bengaluru,2024-01-02,25.6,87,1
Bengaluru,2024-01-03,20.0,58,0
Bengaluru,2024-01-04,8.1,80,1
Bengaluru,2024-01-05,23.9,61,0
Bengaluru,2024-01-06,13.8,52,1
Bengaluru,2024-01-07,32.9,88,0
Bengaluru,2024-01-08,20.1,44,1
Bengaluru,2024-01-09,28.3,41,0
Bengaluru,2024-01-10,15.6,81,0
Bengaluru,2024-01-11,29.5,81,0
Bengaluru,2024-01-12,33.6,63,0
Bengaluru,2024-01-13,15.1,48,1
Bengaluru,2024-01-14,21.7,48,1
Bengaluru,2024-01-15,21.1,74,0
Bengaluru,2024-01-16,21.8,57,0
Bengaluru,2024-01-17,21.6,74,0
Bengaluru,2024-01-18,19.8,55,1
Bengaluru,2024-01-19,16.5,46,0
Bengaluru,2024-01-20,26.8,66,0
Bengaluru,2024-01-21,24.0,44,0
Bengaluru,2024-01-22,18.9,43,0
Bengaluru,2024-01-23,20.6,75,1
Bengaluru,2024-01-24,19.6,74,0
Bengaluru,2024-01-25,16.8,51,0
Bengaluru,2024-01-26,22.8,72,0
Bengaluru,2024-01-27,8.2,66,0
Bengaluru,2024-01-28,16.9,42,0
Bengaluru,2024-01-29,17.6,42,0
Bengaluru,2024-01-30,27.6,77,1
Bengaluru,2024-01-31,24.0,52,0
Bengaluru,2024-02-01,21.4,49,0
Bengaluru,2024-02-02,25.5,59,1
Bengaluru,2024-02-03,15.7,55,0
Bengaluru,2024-02-04,20.9,76,0
Bengaluru,2024-02-05,29.4,55,0
Bengaluru,2024-02-06,19.3,51,0
Bengaluru,2024-02-07,20.9,58,1
Bengaluru,2024-02-08,21.9,84,0
Bengaluru,2024-02-09,12.0,41,0
Bengaluru,2024-02-10,16.5,60,1
Bengaluru,2024-02-11,27.5,64,0
Bengaluru,2024-02-12,27.0,64,0
Bengaluru,2024-02-13,22.2,77,0
Bengaluru,2024-02-14,18.5,74,0
Bengaluru,2024-02-15,20.4,62,0
Bengaluru,2024-02-16,19.7,59,1
Bengaluru,2024-02-17,22.5,50,1
Bengaluru,2024-02-18,34.7,84,0
Bengaluru,2024-02-19,23.8,40,1
Bengaluru,2024-02-20,19.5,42,0
Bengaluru,2024-02-21,25.6,82,0
Bengaluru,2024-02-22,21.3,44,0
Bengaluru,2024-02-23,11.9,86,0
Bengaluru,2024-02-24,23.1,78,0
Bengaluru,2024-02-25,21.4,79,0
Bengaluru,2024-02-26,17.3,68,0
Bengaluru,2024-02-27,25.7,77,1
Bengaluru,2024-02-28,21.7,88,0
Bengaluru,2024-02-29,17.8,70,0
Bengaluru,2024-03-01,21.3,45,0
Bengaluru,2024-03-02,15.0,70,0
Bengaluru,2024-03-03,16.3,60,0
Bengaluru,2024-03-04,18.8,89,1
Bengaluru,2024-03-05,23.1,69,1
Bengaluru,2024-03-06,17.7,43,0
Bengaluru,2024-03-07,25.9,47,1
Bengaluru,2024-03-08,17.3,67,0
Bengaluru,2024-03-09,22.7,76,0
Bengaluru,2024-03-10,18.9,78,0
Bengaluru,2024-03-11,26.9,50,0
Bengaluru,2024-03-12,21.2,40,0
Bengaluru,2024-03-13,17.3,80,0
Bengaluru,2024-03-14,20.2,62,0
Bengaluru,2024-03-15,30.3,59,0
Bengaluru,2024-03-16,21.4,45,0
Bengaluru,2024-03-17,24.4,82,0
Bengaluru,2024-03-18,26.0,67,0
Bengaluru,2024-03-19,16.2,44,0
Bengaluru,2024-03-20,25.6,45,0
Bengaluru,2024-03-21,20.2,70,0
Bengaluru,2024-03-22,11.5,48,0
Bengaluru,2024-03-23,24.6,55,1
Bengaluru,2024-03-24,23.6,58,0
Bengaluru,2024-03-25,24.2,85,0
Bengaluru,2024-03-26,20.9,60,1
Bengaluru,2024-03-27,20.3,60,0
Bengaluru,2024-03-28,16.4,63,0
Bengaluru,2024-03-29,27.5,40,0
Bengaluru,2024-03-30,17.1,74,0
Bengaluru,2024-03-31,18.0,59,0
Bengaluru,2024-04-01,19.3,55,0
Bengaluru,2024-04-02,20.6,61,0
Bengaluru,2024-04-03,25.7,58,0
Bengaluru,2024-04-04,20.8,73,0
Bengaluru,2024-04-05,18.9,81,0
Bengaluru,2024-04-06,16.6,79,1
Bengaluru,2024-04-07,17.3,53,0
Bengaluru,2024-04-08,15.8,51,0
Bengaluru,2024-04-09,26.0,88,1
Bengaluru,2024-04-10,20.4,71,0
Bengaluru,2024-04-11,19.9,72,0
Bengaluru,2024-04-12,26.1,56,0
Bengaluru,2024-04-13,22.9,83,0
Bengaluru,2024-04-14,17.4,72,0
Bengaluru,2024-04-15,30.2,75,0
Bengaluru,2024-04-16,18.6,79,0
Bengaluru,2024-04-17,15.6,79,0
Bengaluru,2024-04-18,14.1,86,0
Bengaluru,2024-04-19,19.4,51,0
Bengaluru,2024-04-20,20.6,47,1
Bengaluru,2024-04-21,22.2,71,0
Bengaluru,2024-04-22,14.4,56,1
Bengaluru,2024-04-23,14.3,61,0
Bengaluru,2024-04-24,22.2,64,0
Bengaluru,2024-04-25,13.1,89,0
Bengaluru,2024-04-26,17.1,73,0
Bengaluru,2024-04-27,18.7,60,0
Bengaluru,2024-04-28,8.2,80,0
Bengaluru,2024-04-29,22.9,49,0
Bengaluru,2024-04-30,25.8,49,0
Bengaluru,2024-05-01,16.4,59,0
Bengaluru,2024-05-02,7.6,70,0
Bengaluru,2024-05-03,19.5,82,1
Bengaluru,2024-05-04,18.6,50,1
Bengaluru,2024-05-05,16.2,69,0
Bengaluru,2024-05-06,22.1,54,0
Bengaluru,2024-05-07,17.2,72,0
Bengaluru,2024-05-08,24.8,81,0
Bengaluru,2024-05-09,21.7,49,0
Bengaluru,2024-05-10,29.8,50,0
Bengaluru,2024-05-11,27.8,60,0
Bengaluru,2024-05-12,20.2,60,0
Bengaluru,2024-05-13,24.4,44,0
Bengaluru,2024-05-14,24.6,51,0
Bengaluru,2024-05-15,21.9,89,0
Bengaluru,2024-05-16,17.9,54,1
Bengaluru,2024-05-17,25.1,56,1
Bengaluru,2024-05-18,17.3,56,0
Bengaluru,2024-05-19,25.3,62,0
Bengaluru,2024-05-20,20.9,47,0
Bengaluru,2024-05-21,17.4,65,0
Bengaluru,2024-05-22,18.6,87,0
Bengaluru,2024-05-23,21.1,86,0
Bengaluru,2024-05-24,26.1,56,0
Bengaluru,2024-05-25,25.5,44,0
Bengaluru,2024-05-26,22.2,85,1
Bengaluru,2024-05-27,19.2,56,0
Bengaluru,2024-05-28,21.5,43,1
Bengaluru,2024-05-29,23.2,48,0
Bengaluru,2024-05-30,17.1,41,1
Bengaluru,2024-05-31,26.7,65,0
Bengaluru,2024-06-01,11.2,62,0
Bengaluru,2024-06-02,16.4,65,1
Bengaluru,2024-06-03,23.3,55,0
Bengaluru,2024-06-04,17.0,87,0
Bengaluru,2024-06-05,26.6,63,0
Bengaluru,2024-06-06,25.0,63,0
Bengaluru,2024-06-07,16.6,77,0
Bengaluru,2024-06-08,22.9,71,0
Bengaluru,2024-06-09,23.3,86,0
Bengaluru,2024-06-10,24.9,74,0
Bengaluru,2024-06-11,21.2,62,0
Bengaluru,2024-06-12,19.2,68,1
Bengaluru,2024-06-13,25.7,63,1
Bengaluru,2024-06-14,26.5,68,0
Bengaluru,2024-06-15,24.7,81,0
Bengaluru,2024-06-16,21.5,80,0
Bengaluru,2024-06-17,14.7,85,0
Bengaluru,2024-06-18,22.5,68,0
Bengaluru,2024-06-19,17.0,46,1
Bengaluru,2024-06-20,24.3,50,1
Bengaluru,2024-06-21,20.8,58,0
Bengaluru,2024-06-22,17.4,76,0
Bengaluru,2024-06-23,24.4,65,0
Bengaluru,2024-06-24,22.7,50,0
Bengaluru,2024-06-25,21.3,80,0
Bengaluru,2024-06-26,30.3,82,0
Bengaluru,2024-06-27,30.3,63,0
Bengaluru,2024-06-28,19.4,69,0
Bengaluru,2024-06-29,17.5,79,1
Bengaluru,2024-06-30,20.6,43,0
Bengaluru,2024-07-01,23.4,79,0
Bengaluru,2024-07-02,23.3,42,0
Bengaluru,2024-07-03,11.8,50,0
Bengaluru,2024-07-04,13.1,74,0
Bengaluru,2024-07-05,25.9,66,0
Bengaluru,2024-07-06,25.5,40,0
Bengaluru,2024-07-07,13.1,56,0
Bengaluru,2024-07-08,28.1,70,0
Bengaluru,2024-07-09,24.0,42,1
Bengaluru,2024-07-10,22.3,72,1
Bengaluru,2024-07-11,17.7,55,0
Bengaluru,2024-07-12,14.4,87,1
Bengaluru,2024-07-13,19.3,87,0
Bengaluru,2024-07-14,16.6,76,0
Bengaluru,2024-07-15,15.6,79,0
Bengaluru,2024-07-16,15.3,86,0
Bengaluru,2024-07-17,25.7,44,1
Bengaluru,2024-07-18,21.4,79,0
Bengaluru,2024-07-19,17.3,73,0
Bengaluru,2024-07-20,24.1,87,0
Bengaluru,2024-07-21,20.6,78,1
Bengaluru,2024-07-22,25.3,45,1
Bengaluru,2024-07-23,30.1,62,0
Bengaluru,2024-07-24,26.4,67,0
Bengaluru,2024-07-25,14.0,44,0
Bengaluru,2024-07-26,21.4,79,0
Bengaluru,2024-07-27,24.4,60,0
Bengaluru,2024-07-28,25.3,80,0
Bengaluru,2024-07-29,22.6,47,0
Bengaluru,2024-07-30,19.9,76,0
Bengaluru,2024-07-31,19.6,63,0
Bengaluru,2024-08-01,20.4,41,0
Bengaluru,2024-08-02,25.4,77,0
Bengaluru,2024-08-03,20.4,56,0
Bengaluru,2024-08-04,26.3,68,0
Bengaluru,2024-08-05,17.5,78,0
Bengaluru,2024-08-06,24.4,59,0
Bengaluru,2024-08-07,26.3,84,1
Bengaluru,2024-08-08,17.8,88,0
Bengaluru,2024-08-09,16.3,45,0
Bengaluru,2024-08-10,19.9,85,0
Bengaluru,2024-08-11,23.1,72,0
Bengaluru,2024-08-12,17.9,42,0
Bengaluru,2024-08-13,19.3,67,0
Bengaluru,2024-08-14,19.9,72,0
Bengaluru,2024-08-15,24.6,86,0
Bengaluru,2024-08-16,29.1,52,0
Bengaluru,2024-08-17,31.0,58,0
Bengaluru,2024-08-18,31.2,80,0
Bengaluru,2024-08-19,18.4,80,0
Bengaluru,2024-08-20,15.2,51,0
Bengaluru,2024-08-21,18.4,89,0
Bengaluru,2024-08-22,26.3,52,0
Bengaluru,2024-08-23,24.0,45,0
Bengaluru,2024-08-24,16.3,83,0
Bengaluru,2024-08-25,28.1,63,1
Bengaluru,2024-08-26,24.2,67,0
Bengaluru,2024-08-27,15.8,87,0
Bengaluru,2024-08-28,28.6,43,0
Bengaluru,2024-08-29,23.9,71,0
Bengaluru,2024-08-30,14.4,41,0
Bengaluru,2024-08-31,19.8,46,0
Bengaluru,2024-09-01,16.9,69,0
Bengaluru,2024-09-02,27.0,67,0
Bengaluru,2024-09-03,22.0,62,0
Bengaluru,2024-09-04,18.5,61,0
Bengaluru,2024-09-05,18.8,44,0
Bengaluru,2024-09-06,17.0,68,0
Bengaluru,2024-09-07,18.5,77,1
Bengaluru,2024-09-08,19.8,71,0
Bengaluru,2024-09-09,22.0,47,0
Bengaluru,2024-09-10,31.7,54,0
Bengaluru,2024-09-11,30.0,82,0
Bengaluru,2024-09-12,15.0,74,0
Bengaluru,2024-09-13,18.9,78,0
Bengaluru,2024-09-14,16.3,59,1
Bengaluru,2024-09-15,19.0,77,0
Bengaluru,2024-09-16,19.9,75,0
Bengaluru,2024-09-17,20.2,60,1
Bengaluru,2024-09-18,21.7,63,0
Bengaluru,2024-09-19,27.2,46,0
Bengaluru,2024-09-20,20.3,46,0
Bengaluru,2024-09-21,23.2,61,0
Bengaluru,2024-09-22,17.8,66,0
Bengaluru,2024-09-23,19.9,49,0
Bengaluru,2024-09-24,26.1,44,1
Bengaluru,2024-09-25,11.8,56,0
Bengaluru,2024-09-26,20.1,89,0
Bengaluru,2024-09-27,18.6,83,0
Bengaluru,2024-09-28,17.9,68,0
Bengaluru,2024-09-29,16.7,83,0
Bengaluru,2024-09-30,15.6,59,0
Bengaluru,2024-10-01,26.4,88,0
Bengaluru,2024-10-02,24.5,56,0
Bengaluru,2024-10-03,23.3,78,0
Bengaluru,2024-10-04,20.4,41,0
Bengaluru,2024-10-05,32.1,70,0
Bengaluru,2024-10-06,25.3,48,0
Bengaluru,2024-10-07,26.9,64,0
Bengaluru,2024-10-08,21.1,61,0
Bengaluru,2024-10-09,16.4,84,1
Bengaluru,2024-10-10,16.4,65,0
Bengaluru,2024-10-11,21.9,52,0
Bengaluru,2024-10-12,18.1,52,0
Bengaluru,2024-10-13,31.3,56,0
Bengaluru,2024-10-14,19.9,52,0
Bengaluru,2024-10-15,22.5,53,0
Bengaluru,2024-10-16,18.7,63,1
Bengaluru,2024-10-17,30.3,83,0
Bengaluru,2024-10-18,26.4,86,0
Bengaluru,2024-10-19,21.7,77,0
Bengaluru,2024-10-20,29.7,81,1
Bengaluru,2024-10-21,19.9,75,0
Bengaluru,2024-10-22,21.1,76,0
Bengaluru,2024-10-23,11.1,60,1
Bengaluru,2024-10-24,21.0,55,0
Bengaluru,2024-10-25,16.7,73,0
Bengaluru,2024-10-26,15.5,45,0
Bengaluru,2024-10-27,16.0,66,0
Bengaluru,2024-10-28,23.3,59,0
Bengaluru,2024-10-29,14.3,87,0
Bengaluru,2024-10-30,26.2,41,1
Bengaluru,2024-10-31,20.6,77,1
Bengaluru,2024-11-01,21.6,56,0
Bengaluru,2024-11-02,25.2,51,1
Bengaluru,2024-11-03,28.5,70,0
Bengaluru,2024-11-04,20.3,56,0
Bengaluru,2024-11-05,25.3,89,0
Bengaluru,2024-11-06,18.5,89,0
Bengaluru,2024-11-07,23.2,55,0
Bengaluru,2024-11-08,27.6,61,0
Bengaluru,2024-11-09,12.9,64,0
Bengaluru,2024-11-10,17.4,84,0
Bengaluru,2024-11-11,23.2,52,0
Bengaluru,2024-11-12,27.5,60,0
Bengaluru,2024-11-13,23.2,62,0
Bengaluru,2024-11-14,22.1,67,0
Bengaluru,2024-11-15,21.5,67,1
Bengaluru,2024-11-16,23.7,80,1
Bengaluru,2024-11-17,19.8,48,0
Bengaluru,2024-11-18,29.4,46,0
Bengaluru,2024-11-19,27.3,77,0
Bengaluru,2024-11-20,27.8,75,0
Bengaluru,2024-11-21,13.8,82,0
Bengaluru,2024-11-22,18.0,85,0
Bengaluru,2024-11-23,25.6,84,0
Bengaluru,2024-11-24,21.1,49,0
Bengaluru,2024-11-25,15.1,89,1
Bengaluru,2024-11-26,29.3,55,1
Bengaluru,2024-11-27,16.0,42,0
Bengaluru,2024-11-28,23.9,56,1
Bengaluru,2024-11-29,24.7,59,0
Bengaluru,2024-11-30,16.7,84,0
Bengaluru,2024-12-01,21.4,86,0
Bengaluru,2024-12-02,18.8,47,0
Bengaluru,2024-12-03,26.7,80,0
Bengaluru,2024-12-04,24.3,66,0
Bengaluru,2024-12-05,23.3,64,1
Bengaluru,2024-12-06,23.7,72,1
Bengaluru,2024-12-07,26.3,53,0
Bengaluru,2024-12-08,19.6,71,1
Bengaluru,2024-12-09,15.6,51,0
Bengaluru,2024-12-10,16.2,72,1
Bengaluru,2024-12-11,15.3,83,0
Bengaluru,2024-12-12,15.9,45,1
Bengaluru,2024-12-13,25.7,47,0
Bengaluru,2024-12-14,19.6,49,0
Bengaluru,2024-12-15,19.4,85,0
Bengaluru,2024-12-16,24.4,73,0
Bengaluru,2024-12-17,19.8,82,1
Bengaluru,2024-12-18,16.8,80,0
Bengaluru,2024-12-19,22.6,78,1
Bengaluru,2024-12-20,25.1,78,0
Bengaluru,2024-12-21,25.0,63,0
Bengaluru,2024-12-22,16.7,61,0
Bengaluru,2024-12-23,19.0,64,0
Bengaluru,2024-12-24,19.0,80,0
Bengaluru,2024-12-25,30.5,82,0
Bengaluru,2024-12-26,17.7,89,1
Bengaluru,2024-12-27,22.7,79,0
Bengaluru,2024-12-28,26.9,67,0
Bengaluru,2024-12-29,25.0,54,1
Bengaluru,2024-12-30,27.0,51,0
Bengaluru,2024-12-31,18.3,83,0
Chennai,2024-01-01,15.6,41,0
Chennai,2024-01-02,25.8,43,0
Chennai,2024-01-03,20.8,46,0
Chennai,2024-01-04,8.8,56,0
Chennai,2024-01-05,25.0,86,0
Chennai,2024-01-06,21.3,68,0
Chennai,2024-01-07,23.6,66,0
Chennai,2024-01-08,27.8,61,1
Chennai,2024-01-09,23.6,69,0
Chennai,2024-01-10,14.3,51,0
Chennai,2024-01-11,18.3,77,0
Chennai,2024-01-12,22.6,49,0
Chennai,2024-01-13,19.8,85,0
Chennai,2024-01-14,23.6,84,0
Chennai,2024-01-15,25.2,70,0
Chennai,2024-01-16,25.2,79,1
Chennai,2024-01-17,28.0,89,1
Chennai,2024-01-18,17.7,42,0
Chennai,2024-01-19,24.2,52,1
Chennai,2024-01-20,18.2,68,1
Chennai,2024-01-21,19.7,43,0
Chennai,2024-01-22,14.7,54,0
Chennai,2024-01-23,21.7,59,1
Chennai,2024-01-24,15.0,64,0
Chennai,2024-01-25,21.6,56,0
Chennai,2024-01-26,15.8,89,0
Chennai,2024-01-27,20.6,51,1
Chennai,2024-01-28,22.3,56,0
Chennai,2024-01-29,18.7,50,0
Chennai,2024-01-30,22.6,84,0
Chennai,2024-01-31,17.4,86,1
Chennai,2024-02-01,28.0,74,1
Chennai,2024-02-02,22.6,40,0
Chennai,2024-02-03,18.2,74,0
Chennai,2024-02-04,21.8,72,0
Chennai,2024-02-05,30.9,75,0
Chennai,2024-02-06,15.0,40,0
Chennai,2024-02-07,16.8,69,0
Chennai,2024-02-08,27.1,50,0
Chennai,2024-02-09,15.8,64,0
Chennai,2024-02-10,20.2,88,1
Chennai,2024-02-11,18.4,76,0
Chennai,2024-02-12,19.0,68,0
Chennai,2024-02-13,16.2,47,1
Chennai,2024-02-14,21.1,75,1
Chennai,2024-02-15,13.4,57,0
Chennai,2024-02-16,21.0,55,1
Chennai,2024-02-17,24.9,44,0
Chennai,2024-02-18,21.4,59,0
Chennai,2024-02-19,8.8,67,0
Chennai,2024-02-20,23.6,40,0
Chennai,2024-02-21,17.7,75,1
Chennai,2024-02-22,17.4,86,0
Chennai,2024-02-23,24.4,80,0
Chennai,2024-02-24,19.0,56,0
Chennai,2024-02-25,13.4,64,1
Chennai,2024-02-26,18.1,87,0
Chennai,2024-02-27,15.6,43,0
Chennai,2024-02-28,20.1,86,1
Chennai,2024-02-29,27.3,60,1
Chennai,2024-03-01,23.6,47,0
Chennai,2024-03-02,22.6,74,1
Chennai,2024-03-03,19.3,56,1
Chennai,2024-03-04,15.7,69,0
Chennai,2024-03-05,22.0,57,0
Chennai,2024-03-06,16.2,51,0
Chennai,2024-03-07,21.1,53,1
Chennai,2024-03-08,23.1,69,0
Chennai,2024-03-09,24.7,63,1
Chennai,2024-03-10,18.1,42,0
Chennai,2024-03-11,23.2,46,1
Chennai,2024-03-12,26.9,82,1
Chennai,2024-03-13,12.2,68,0
Chennai,2024-03-14,12.3,65,0
Chennai,2024-03-15,5.5,68,0
Chennai,2024-03-16,22.7,48,0
Chennai,2024-03-17,25.0,42,0
Chennai,2024-03-18,22.5,60,0
Chennai,2024-03-19,25.5,85,0
Chennai,2024-03-20,21.5,49,0
Chennai,2024-03-21,30.8,52,1
Chennai,2024-03-22,25.2,60,0
Chennai,2024-03-23,25.5,43,0
Chennai,2024-03-24,26.9,50,0
Chennai,2024-03-25,18.4,41,0
Chennai,2024-03-26,21.2,87,0
Chennai,2024-03-27,24.3,82,0
Chennai,2024-03-28,12.4,58,0
Chennai,2024-03-29,10.1,45,0
Chennai,2024-03-30,26.8,75,0
Chennai,2024-03-31,16.6,57,0
Chennai,2024-04-01,18.5,89,0
Chennai,2024-04-02,23.3,57,1
Chennai,2024-04-03,14.1,79,0
Chennai,2024-04-04,16.4,61,0
Chennai,2024-04-05,27.6,49,0
Chennai,2024-04-06,34.0,70,0
Chennai,2024-04-07,23.0,74,0
Chennai,2024-04-08,24.4,58,0
Chennai,2024-04-09,23.7,54,0
Chennai,2024-04-10,16.0,54,0
Chennai,2024-04-11,20.9,54,0
Chennai,2024-04-12,12.7,40,0
Chennai,2024-04-13,21.4,85,1
Chennai,2024-04-14,23.1,52,0
Chennai,2024-04-15,30.5,85,0
Chennai,2024-04-16,20.9,66,0
Chennai,2024-04-17,21.8,77,0
Chennai,2024-04-18,17.3,78,0
Chennai,2024-04-19,14.6,42,0
Chennai,2024-04-20,14.3,55,1
Chennai,2024-04-21,29.8,89,0
Chennai,2024-04-22,24.5,57,0
Chennai,2024-04-23,17.2,41,1
Chennai,2024-04-24,25.1,78,0
Chennai,2024-04-25,21.1,62,0
Chennai,2024-04-26,19.9,68,0
Chennai,2024-04-27,13.1,61,0
Chennai,2024-04-28,15.4,65,0
Chennai,2024-04-29,21.3,54,0
Chennai,2024-04-30,25.6,60,0
Chennai,2024-05-01,19.0,77,0
Chennai,2024-05-02,18.6,60,0
Chennai,2024-05-03,14.0,72,0
Chennai,2024-05-04,12.7,66,0
Chennai,2024-05-05,21.0,71,0
Chennai,2024-05-06,22.6,77,0
Chennai,2024-05-07,25.2,67,0
Chennai,2024-05-08,10.2,76,0
Chennai,2024-05-09,22.7,80,0
Chennai,2024-05-10,15.2,46,1
Chennai,2024-05-11,24.3,88,0
Chennai,2024-05-12,24.8,44,1
Chennai,2024-05-13,23.0,50,0
Chennai,2024-05-14,26.2,84,0
Chennai,2024-05-15,10.3,74,0
Chennai,2024-05-16,15.5,66,0
Chennai,2024-05-17,15.0,56,0
Chennai,2024-05-18,17.6,85,0
Chennai,2024-05-19,20.0,66,0
Chennai,2024-05-20,18.8,87,0
Chennai,2024-05-21,13.7,72,1
Chennai,2024-05-22,20.6,43,1
Chennai,2024-05-23,20.5,42,0
Chennai,2024-05-24,25.2,55,1
Chennai,2024-05-25,14.9,45,1
Chennai,2024-05-26,19.0,76,0
Chennai,2024-05-27,31.8,83,0
Chennai,2024-05-28,24.5,88,0
Chennai,2024-05-29,18.5,84,0
Chennai,2024-05-30,25.7,40,1
Chennai,2024-05-31,15.8,56,0
Chennai,2024-06-01,16.9,70,0
Chennai,2024-06-02,17.3,87,0
Chennai,2024-06-03,22.1,75,0
Chennai,2024-06-04,31.7,78,0
Chennai,2024-06-05,26.2,55,0
Chennai,2024-06-06,26.8,49,0
Chennai,2024-06-07,23.5,51,0
Chennai,2024-06-08,20.4,71,1
Chennai,2024-06-09,17.4,65,1
Chennai,2024-06-10,24.4,77,1
Chennai,2024-06-11,21.8,52,0
Chennai,2024-06-12,22.0,88,0
Chennai,2024-06-13,19.2,83,0
Chennai,2024-06-14,18.6,83,0
Chennai,2024-06-15,20.4,57,0
Chennai,2024-06-16,22.6,87,0
Chennai,2024-06-17,21.0,85,0
Chennai,2024-06-18,25.0,85,0
Chennai,2024-06-19,17.8,78,1
Chennai,2024-06-20,18.3,79,0
Chennai,2024-06-21,21.9,65,0
Chennai,2024-06-22,27.4,70,0
Chennai,2024-06-23,17.9,53,0
Chennai,2024-06-24,21.0,68,1
Chennai,2024-06-25,24.5,50,0
Chennai,2024-06-26,21.8,58,0
Chennai,2024-06-27,24.4,76,0
Chennai,2024-06-28,14.6,48,1
Chennai,2024-06-29,13.7,64,0
Chennai,2024-06-30,24.8,87,0
Chennai,2024-07-01,24.0,72,0
Chennai,2024-07-02,30.3,54,0
Chennai,2024-07-03,31.9,87,0
Chennai,2024-07-04,26.1,54,0
Chennai,2024-07-05,31.1,87,1
Chennai,2024-07-06,22.6,68,0
Chennai,2024-07-07,19.2,61,0
Chennai,2024-07-08,18.6,72,0
Chennai,2024-07-09,22.1,43,0
Chennai,2024-07-10,19.6,63,1
Chennai,2024-07-11,23.3,51,0
Chennai,2024-07-12,22.3,66,0
Chennai,2024-07-13,23.0,71,0
Chennai,2024-07-14,9.6,46,0
Chennai,2024-07-15,18.3,73,1
Chennai,2024-07-16,24.9,47,0
Chennai,2024-07-17,24.2,77,0
Chennai,2024-07-18,23.8,58,0
Chennai,2024-07-19,12.4,78,0
Chennai,2024-07-20,22.6,82,0
Chennai,2024-07-21,23.4,86,0
Chennai,2024-07-22,11.1,43,0
Chennai,2024-07-23,22.8,66,0
Chennai,2024-07-24,23.1,78,1
Chennai,2024-07-25,21.4,77,0
Chennai,2024-07-26,17.7,68,0
Chennai,2024-07-27,27.7,44,0
Chennai,2024-07-28,19.9,87,1
Chennai,2024-07-29,20.4,64,0
Chennai,2024-07-30,25.7,49,1
Chennai,2024-07-31,23.2,73,0
Chennai,2024-08-01,24.0,43,0
Chennai,2024-08-02,21.6,88,0
Chennai,2024-08-03,23.6,41,0
Chennai,2024-08-04,26.5,83,0
Chennai,2024-08-05,19.1,63,0
Chennai,2024-08-06,32.0,83,1
Chennai,2024-08-07,24.2,68,0
Chennai,2024-08-08,27.2,40,0
Chennai,2024-08-09,23.3,77,0
Chennai,2024-08-10,25.8,72,0
Chennai,2024-08-11,20.2,69,0
Chennai,2024-08-12,23.7,63,0
Chennai,2024-08-13,30.4,75,0
Chennai,2024-08-14,20.4,58,0
Chennai,2024-08-15,18.8,87,0
Chennai,2024-08-16,16.2,55,1
Chennai,2024-08-17,17.2,76,0
Chennai,2024-08-18,10.5,50,0
Chennai,2024-08-19,13.9,66,1
Chennai,2024-08-20,29.4,86,0
Chennai,2024-08-21,27.2,54,0
Chennai,2024-08-22,21.4,80,0
Chennai,2024-08-23,21.6,41,1
Chennai,2024-08-24,21.0,52,0
Chennai,2024-08-25,14.6,50,0
Chennai,2024-08-26,18.9,47,0
Chennai,2024-08-27,24.2,73,0
Chennai,2024-08-28,25.4,46,0
Chennai,2024-08-29,16.5,84,1
Chennai,2024-08-30,22.1,60,1
Chennai,2024-08-31,25.4,66,0
Chennai,2024-09-01,23.0,77,0
Chennai,2024-09-02,28.0,82,1
Chennai,2024-09-03,15.8,68,0
Chennai,2024-09-04,21.9,56,0
Chennai,2024-09-05,24.4,86,0
Chennai,2024-09-06,19.0,47,0
Chennai,2024-09-07,25.6,46,0
Chennai,2024-09-08,15.1,77,0
Chennai,2024-09-09,32.3,56,0
Chennai,2024-09-10,21.8,74,0
Chennai,2024-09-11,26.7,78,0
Chennai,2024-09-12,23.7,73,0
Chennai,2024-09-13,12.0,44,0
Chennai,2024-09-14,22.4,43,0
Chennai,2024-09-15,19.1,89,0
Chennai,2024-09-16,23.0,53,1
Chennai,2024-09-17,24.3,43,1
Chennai,2024-09-18,12.6,66,0
Chennai,2024-09-19,17.4,75,0
Chennai,2024-09-20,26.2,82,0
Chennai,2024-09-21,9.0,88,0
Chennai,2024-09-22,22.2,77,0
Chennai,2024-09-23,20.1,43,1
Chennai,2024-09-24,21.2,51,0
Chennai,2024-09-25,21.5,56,0
Chennai,2024-09-26,22.0,87,0
Chennai,2024-09-27,23.5,85,0
Chennai,2024-09-28,23.4,41,0
Chennai,2024-09-29,27.7,52,0
Chennai,2024-09-30,11.1,40,0
Chennai,2024-10-01,17.4,42,0
Chennai,2024-10-02,25.4,73,0
Chennai,2024-10-03,25.1,50,0
Chennai,2024-10-04,11.5,43,0
Chennai,2024-10-05,12.7,59,1
Chennai,2024-10-06,18.0,56,1
Chennai,2024-10-07,21.4,53,1
Chennai,2024-10-08,25.0,58,1
Chennai,2024-10-09,20.9,81,0
Chennai,2024-10-10,20.0,80,0
Chennai,2024-10-11,19.7,82,0
Chennai,2024-10-12,18.0,46,0
Chennai,2024-10-13,20.6,55,0
Chennai,2024-10-14,21.5,47,1
Chennai,2024-10-15,18.7,86,0
Chennai,2024-10-16,18.2,79,1
Chennai,2024-10-17,20.9,45,0
Chennai,2024-10-18,25.9,40,0
Chennai,2024-10-19,20.4,62,0
Chennai,2024-10-20,19.2,52,0
Chennai,2024-10-21,19.2,65,0
Chennai,2024-10-22,19.9,71,0
Chennai,2024-10-23,18.7,52,1
Chennai,2024-10-24,24.7,84,0
Chennai,2024-10-25,16.7,82,1
Chennai,2024-10-26,20.0,70,0
Chennai,2024-10-27,18.4,78,0
Chennai,2024-10-28,19.9,50,1
Chennai,2024-10-29,16.9,71,0
Chennai,2024-10-30,19.2,71,0
Chennai,2024-10-31,21.2,57,0
Chennai,2024-11-01,14.4,87,1
Chennai,2024-11-02,21.7,76,0
Chennai,2024-11-03,25.2,53,1
Chennai,2024-11-04,22.8,50,1
Chennai,2024-11-05,15.6,51,0
Chennai,2024-11-06,13.2,85,0
Chennai,2024-11-07,14.7,46,0
Chennai,2024-11-08,17.3,72,0
Chennai,2024-11-09,19.2,70,1
Chennai,2024-11-10,27.8,43,0
Chennai,2024-11-11,28.7,74,0
Chennai,2024-11-12,16.1,83,0
Chennai,2024-11-13,24.2,86,0
Chennai,2024-11-14,24.8,83,1
Chennai,2024-11-15,24.7,69,0
Chennai,2024-11-16,18.4,78,0
Chennai,2024-11-17,22.4,49,0
Chennai,2024-11-18,21.6,50,0
Chennai,2024-11-19,24.8,84,1
Chennai,2024-11-20,19.1,42,0
Chennai,2024-11-21,13.6,43,0
Chennai,2024-11-22,24.7,74,0
Chennai,2024-11-23,20.5,82,0
Chennai,2024-11-24,20.4,78,0
Chennai,2024-11-25,23.7,44,0
Chennai,2024-11-26,12.5,73,0
Chennai,2024-11-27,20.3,81,0
Chennai,2024-11-28,24.3,45,0
Chennai,2024-11-29,16.6,85,0
Chennai,2024-11-30,16.5,80,0
Chennai,2024-12-01,17.1,63,0
Chennai,2024-12-02,23.2,70,0
Chennai,2024-12-03,19.5,59,1
Chennai,2024-12-04,15.3,73,0
Chennai,2024-12-05,14.8,85,0
Chennai,2024-12-06,28.3,71,0
Chennai,2024-12-07,32.8,85,1
Chennai,2024-12-08,19.0,62,0
Chennai,2024-12-09,18.6,84,0
Chennai,2024-12-10,21.4,40,0
Chennai,2024-12-11,31.6,68,1
Chennai,2024-12-12,14.8,68,0
Chennai,2024-12-13,20.6,45,0
Chennai,2024-12-14,27.8,41,0
Chennai,2024-12-15,17.4,44,1
Chennai,2024-12-16,23.9,45,0
Chennai,2024-12-17,23.9,50,0
Chennai,2024-12-18,33.4,44,0
Chennai,2024-12-19,22.5,55,0
Chennai,2024-12-20,29.3,78,0
Chennai,2024-12-21,23.4,66,1
Chennai,2024-12-22,11.6,73,0
Chennai,2024-12-23,15.9,41,0
Chennai,2024-12-24,17.8,62,1
Chennai,2024-12-25,19.4,88,0
Chennai,2024-12-26,20.0,73,1
Chennai,2024-12-27,25.3,53,0
Chennai,2024-12-28,11.2,68,1
Chennai,2024-12-29,14.7,61,0
Chennai,2024-12-30,16.5,68,1
Chennai,2024-12-31,28.2,62,0
Kolkata,2024-01-01,36.0,47,0
Kolkata,2024-01-02,20.8,61,0
Kolkata,2024-01-03,32.0,54,0
Kolkata,2024-01-04,23.3,48,0
Kolkata,2024-01-05,23.8,87,0
Kolkata,2024-01-06,25.5,78,0
Kolkata,2024-01-07,28.1,61,1
Kolkata,2024-01-08,39.0,74,0
Kolkata,2024-01-09,27.0,43,0
Kolkata,2024-01-10,34.5,44,0
Kolkata,2024-01-11,37.0,51,0
Kolkata,2024-01-12,25.7,63,0
Kolkata,2024-01-13,32.0,58,0
Kolkata,2024-01-14,21.6,46,0
Kolkata,2024-01-15,30.2,53,0
Kolkata,2024-01-16,29.3,53,0
Kolkata,2024-01-17,19.3,57,0
Kolkata,2024-01-18,32.0,52,0
Kolkata,2024-01-19,24.6,46,0
Kolkata,2024-01-20,27.9,89,1
Kolkata,2024-01-21,23.4,86,0
Kolkata,2024-01-22,35.1,81,0
Kolkata,2024-01-23,32.6,56,0
Kolkata,2024-01-24,34.8,48,0
Kolkata,2024-01-25,18.8,56,0
Kolkata,2024-01-26,23.0,48,0
Kolkata,2024-01-27,22.7,71,0
Kolkata,2024-01-28,20.0,70,0
Kolkata,2024-01-29,30.7,76,1
Kolkata,2024-01-30,32.3,72,1
Kolkata,2024-01-31,25.8,85,0
Kolkata,2024-02-01,27.7,51,0
Kolkata,2024-02-02,21.7,41,0
Kolkata,2024-02-03,23.7,60,1
Kolkata,2024-02-04,24.1,70,0
Kolkata,2024-02-05,22.3,65,0
Kolkata,2024-02-06,25.7,71,1
Kolkata,2024-02-07,35.5,53,0
Kolkata,2024-02-08,17.0,68,0
Kolkata,2024-02-09,31.2,74,1
Kolkata,2024-02-10,30.2,53,0
Kolkata,2024-02-11,25.1,61,0
Kolkata,2024-02-12,20.5,78,0
Kolkata,2024-02-13,38.1,72,0
Kolkata,2024-02-14,24.3,58,0
Kolkata,2024-02-15,47.9,74,0
Kolkata,2024-02-16,33.4,60,0
Kolkata,2024-02-17,21.6,64,1
Kolkata,2024-02-18,29.2,43,0
Kolkata,2024-02-19,37.4,48,0
Kolkata,2024-02-20,29.2,44,0
Kolkata,2024-02-21,27.9,68,0
Kolkata,2024-02-22,27.5,58,0
Kolkata,2024-02-23,31.9,89,0
Kolkata,2024-02-24,34.7,47,0
Kolkata,2024-02-25,26.4,72,1
Kolkata,2024-02-26,24.1,41,0
Kolkata,2024-02-27,36.9,69,0
Kolkata,2024-02-28,21.1,53,1
Kolkata,2024-02-29,29.9,50,0
Kolkata,2024-03-01,24.5,46,0
Kolkata,2024-03-02,26.6,42,1
Kolkata,2024-03-03,27.1,75,0
Kolkata,2024-03-04,18.3,68,0
Kolkata,2024-03-05,21.8,68,1
Kolkata,2024-03-06,39.0,89,0
Kolkata,2024-03-07,25.9,66,0
Kolkata,2024-03-08,29.6,56,0
Kolkata,2024-03-09,33.2,51,0
Kolkata,2024-03-10,20.0,50,0
Kolkata,2024-03-11,24.8,82,0
Kolkata,2024-03-12,35.8,54,0
Kolkata,2024-03-13,34.9,50,0
Kolkata,2024-03-14,28.2,55,0
Kolkata,2024-03-15,32.2,42,0
Kolkata,2024-03-16,28.9,54,0
Kolkata,2024-03-17,30.9,56,0
Kolkata,2024-03-18,23.2,89,0
Kolkata,2024-03-19,34.6,53,0
Kolkata,2024-03-20,30.2,57,0
Kolkata,2024-03-21,24.7,67,0
Kolkata,2024-03-22,33.6,40,0
Kolkata,2024-03-23,19.8,58,0
Kolkata,2024-03-24,25.5,61,0
Kolkata,2024-03-25,24.3,88,0
Kolkata,2024-03-26,29.4,75,0
Kolkata,2024-03-27,31.1,40,1
Kolkata,2024-03-28,27.4,50,0
Kolkata,2024-03-29,28.1,43,0
Kolkata,2024-03-30,29.5,86,0
Kolkata,2024-03-31,27.2,83,1
Kolkata,2024-04-01,26.0,56,0
Kolkata,2024-04-02,29.3,66,0
Kolkata,2024-04-03,24.2,74,0
Kolkata,2024-04-04,27.7,84,0
Kolkata,2024-04-05,35.3,78,0
Kolkata,2024-04-06,26.5,82,0
Kolkata,2024-04-07,30.9,76,0
Kolkata,2024-04-08,35.5,84,0
Kolkata,2024-04-09,31.1,52,0
Kolkata,2024-04-10,31.8,61,0
Kolkata,2024-04-11,24.3,60,1
Kolkata,2024-04-12,29.3,47,0
Kolkata,2024-04-13,31.3,75,0
Kolkata,2024-04-14,22.0,47,1
Kolkata,2024-04-15,24.0,66,1
Kolkata,2024-04-16,32.7,83,1
Kolkata,2024-04-17,28.3,56,0
Kolkata,2024-04-18,28.6,73,1
Kolkata,2024-04-19,33.9,48,0
Kolkata,2024-04-20,19.7,52,0
Kolkata,2024-04-21,24.6,66,0
Kolkata,2024-04-22,33.7,42,1
Kolkata,2024-04-23,28.9,85,1
Kolkata,2024-04-24,22.7,43,0
Kolkata,2024-04-25,27.9,71,1
Kolkata,2024-04-26,29.2,45,0
Kolkata,2024-04-27,24.1,55,0
Kolkata,2024-04-28,25.1,53,0
Kolkata,2024-04-29,32.7,80,0
Kolkata,2024-04-30,27.5,40,0
Kolkata,2024-05-01,31.8,68,0
Kolkata,2024-05-02,23.2,58,0
Kolkata,2024-05-03,23.0,67,0
Kolkata,2024-05-04,32.6,77,0
Kolkata,2024-05-05,23.2,80,0
Kolkata,2024-05-06,30.8,58,0
Kolkata,2024-05-07,26.4,61,0
Kolkata,2024-05-08,33.2,72,0
Kolkata,2024-05-09,34.0,80,1
Kolkata,2024-05-10,24.0,43,0
Kolkata,2024-05-11,26.0,46,0
Kolkata,2024-05-12,31.0,59,0
Kolkata,2024-05-13,36.4,65,0
Kolkata,2024-05-14,26.3,47,1
Kolkata,2024-05-15,27.0,55,0
Kolkata,2024-05-16,36.8,57,0
Kolkata,2024-05-17,31.3,87,1
Kolkata,2024-05-18,33.7,50,0
Kolkata,2024-05-19,22.1,41,0
Kolkata,2024-05-20,34.2,69,0
Kolkata,2024-05-21,23.5,68,0
Kolkata,2024-05-22,22.9,76,0
Kolkata,2024-05-23,33.8,62,0
Kolkata,2024-05-24,27.3,68,0
Kolkata,2024-05-25,18.7,62,0
Kolkata,2024-05-26,33.9,73,1
Kolkata,2024-05-27,19.0,67,0
Kolkata,2024-05-28,26.7,40,0
Kolkata,2024-05-29,29.6,40,1
Kolkata,2024-05-30,28.3,77,0
Kolkata,2024-05-31,27.4,65,0
Kolkata,2024-06-01,26.2,76,1
Kolkata,2024-06-02,39.4,63,0
Kolkata,2024-06-03,25.6,47,0
Kolkata,2024-06-04,28.5,59,0
Kolkata,2024-06-05,33.1,44,0
Kolkata,2024-06-06,28.1,76,0
Kolkata,2024-06-07,35.1,47,0
Kolkata,2024-06-08,41.9,68,0
Kolkata,2024-06-09,26.8,72,0
Kolkata,2024-06-10,31.3,43,1
Kolkata,2024-06-11,31.7,47,0
Kolkata,2024-06-12,25.9,89,0
Kolkata,2024-06-13,34.4,49,0
Kolkata,2024-06-14,35.6,81,0
Kolkata,2024-06-15,34.1,47,0
Kolkata,2024-06-16,28.9,58,0
Kolkata,2024-06-17,22.2,50,0
Kolkata,2024-06-18,32.8,66,0
Kolkata,2024-06-19,24.9,69,0
Kolkata,2024-06-20,23.8,84,0
Kolkata,2024-06-21,26.1,41,0
Kolkata,2024-06-22,35.2,82,0
Kolkata,2024-06-23,31.4,68,0
Kolkata,2024-06-24,22.5,53,0
Kolkata,2024-06-25,29.6,41,0
Kolkata,2024-06-26,25.9,70,0
Kolkata,2024-06-27,29.5,44,0
Kolkata,2024-06-28,33.5,67,1
Kolkata,2024-06-29,33.8,81,0
Kolkata,2024-06-30,27.2,60,0
Kolkata,2024-07-01,37.1,63,0
Kolkata,2024-07-02,35.1,73,0
Kolkata,2024-07-03,24.2,66,0
Kolkata,2024-07-04,29.4,58,1
Kolkata,2024-07-05,27.6,74,0
Kolkata,2024-07-06,16.8,54,0
Kolkata,2024-07-07,33.8,60,0
Kolkata,2024-07-08,37.4,78,0
Kolkata,2024-07-09,19.7,66,0
Kolkata,2024-07-10,21.1,62,0
Kolkata,2024-07-11,38.1,47,0
Kolkata,2024-07-12,35.6,41,1
Kolkata,2024-07-13,37.4,58,0
Kolkata,2024-07-14,23.5,71,0
Kolkata,2024-07-15,32.1,69,1
Kolkata,2024-07-16,26.6,65,0
Kolkata,2024-07-17,31.1,43,0
Kolkata,2024-07-18,30.5,64,0
Kolkata,2024-07-19,27.4,41,0
Kolkata,2024-07-20,27.3,46,0
Kolkata,2024-07-21,21.1,47,1
Kolkata,2024-07-22,29.8,67,1
Kolkata,2024-07-23,34.7,80,0
Kolkata,2024-07-24,26.9,77,0
Kolkata,2024-07-25,29.5,57,0
Kolkata,2024-07-26,32.1,48,1
Kolkata,2024-07-27,30.0,68,1
Kolkata,2024-07-28,32.4,81,0
Kolkata,2024-07-29,28.4,52,0
Kolkata,2024-07-30,28.1,49,1
Kolkata,2024-07-31,30.5,87,0
Kolkata,2024-08-01,25.1,44,0
Kolkata,2024-08-02,35.4,66,0
Kolkata,2024-08-03,27.0,66,1
Kolkata,2024-08-04,29.7,50,0
Kolkata,2024-08-05,29.8,59,0
Kolkata,2024-08-06,32.4,63,1
Kolkata,2024-08-07,23.3,85,0
Kolkata,2024-08-08,33.9,69,0
Kolkata,2024-08-09,22.5,86,0
Kolkata,2024-08-10,22.8,51,0
Kolkata,2024-08-11,26.1,57,0
Kolkata,2024-08-12,24.7,54,1
Kolkata,2024-08-13,24.2,88,0
Kolkata,2024-08-14,25.4,62,1
Kolkata,2024-08-15,31.0,55,0
Kolkata,2024-08-16,33.1,52,0
Kolkata,2024-08-17,27.8,75,0
Kolkata,2024-08-18,31.7,70,0
Kolkata,2024-08-19,36.2,58,1
Kolkata,2024-08-20,25.6,40,1
Kolkata,2024-08-21,35.3,42,0
Kolkata,2024-08-22,29.3,57,1
Kolkata,2024-08-23,26.5,59,1
Kolkata,2024-08-24,25.5,62,1
Kolkata,2024-08-25,28.5,86,0
Kolkata,2024-08-26,20.0,45,0
Kolkata,2024-08-27,30.3,84,0
Kolkata,2024-08-28,35.4,84,0
Kolkata,2024-08-29,28.2,79,0
Kolkata,2024-08-30,23.7,82,1
Kolkata,2024-08-31,23.1,53,0
Kolkata,2024-09-01,24.4,45,0
Kolkata,2024-09-02,22.9,57,0
Kolkata,2024-09-03,40.0,45,0
Kolkata,2024-09-04,21.2,70,0
Kolkata,2024-09-05,25.2,49,0
Kolkata,2024-09-06,27.7,78,0
Kolkata,2024-09-07,32.9,61,0
Kolkata,2024-09-08,29.7,53,0
Kolkata,2024-09-09,24.0,58,0
Kolkata,2024-09-10,28.2,68,0
Kolkata,2024-09-11,25.3,79,1
Kolkata,2024-09-12,32.4,49,0
Kolkata,2024-09-13,24.1,81,0
Kolkata,2024-09-14,29.7,61,0
Kolkata,2024-09-15,22.9,77,0
Kolkata,2024-09-16,32.7,50,0
Kolkata,2024-09-17,27.2,78,0
Kolkata,2024-09-18,24.3,51,0
Kolkata,2024-09-19,30.3,51,0
Kolkata,2024-09-20,28.9,45,1
Kolkata,2024-09-21,38.0,89,1
Kolkata,2024-09-22,23.2,76,0
Kolkata,2024-09-23,24.8,59,1
Kolkata,2024-09-24,16.9,83,0
Kolkata,2024-09-25,33.7,58,0
Kolkata,2024-09-26,21.4,55,0
Kolkata,2024-09-27,32.4,40,0
Kolkata,2024-09-28,32.1,85,0
Kolkata,2024-09-29,30.4,73,0
Kolkata,2024-09-30,30.9,54,1
Kolkata,2024-10-01,30.4,64,1
Kolkata,2024-10-02,28.2,44,0
Kolkata,2024-10-03,23.7,41,0
Kolkata,2024-10-04,18.6,59,0
Kolkata,2024-10-05,35.2,65,0
Kolkata,2024-10-06,33.3,88,0
Kolkata,2024-10-07,31.2,50,0
Kolkata,2024-10-08,33.6,49,0
Kolkata,2024-10-09,25.7,86,0
Kolkata,2024-10-10,34.1,43,0
Kolkata,2024-10-11,27.3,53,0
Kolkata,2024-10-12,27.9,60,0
Kolkata,2024-10-13,32.2,83,0
Kolkata,2024-10-14,32.3,48,0
Kolkata,2024-10-15,30.5,72,1
Kolkata,2024-10-16,32.1,58,0
Kolkata,2024-10-17,36.9,83,1
Kolkata,2024-10-18,23.0,76,0
Kolkata,2024-10-19,15.9,55,0
Kolkata,2024-10-20,38.6,41,0
Kolkata,2024-10-21,31.5,58,1
Kolkata,2024-10-22,24.6,50,0
Kolkata,2024-10-23,29.0,69,1
Kolkata,2024-10-24,29.8,63,0
Kolkata,2024-10-25,29.3,53,0
Kolkata,2024-10-26,33.3,89,0
Kolkata,2024-10-27,24.7,50,0
Kolkata,2024-10-28,31.8,51,0
Kolkata,2024-10-29,36.2,58,1
Kolkata,2024-10-30,33.5,56,1
Kolkata,2024-10-31,24.7,51,0
Kolkata,2024-11-01,37.4,68,0
Kolkata,2024-11-02,25.4,53,0
Kolkata,2024-11-03,26.1,62,1
Kolkata,2024-11-04,36.2,62,0
Kolkata,2024-11-05,30.0,83,0
Kolkata,2024-11-06,22.9,72,0
Kolkata,2024-11-07,22.0,52,0
Kolkata,2024-11-08,29.2,70,1
Kolkata,2024-11-09,28.2,41,0
Kolkata,2024-11-10,28.8,84,0
Kolkata,2024-11-11,39.3,74,0
Kolkata,2024-11-12,23.3,66,0
Kolkata,2024-11-13,25.6,88,0
Kolkata,2024-11-14,28.8,46,0
Kolkata,2024-11-15,25.1,59,1
Kolkata,2024-11-16,31.2,66,0
Kolkata,2024-11-17,26.5,54,1
Kolkata,2024-11-18,26.8,48,1
Kolkata,2024-11-19,33.3,54,0
Kolkata,2024-11-20,30.2,76,0
Kolkata,2024-11-21,27.7,61,0
Kolkata,2024-11-22,30.2,40,0
Kolkata,2024-11-23,32.8,75,0
Kolkata,2024-11-24,28.8,89,0
Kolkata,2024-11-25,30.9,49,0
Kolkata,2024-11-26,37.0,52,0
Kolkata,2024-11-27,33.3,43,0
Kolkata,2024-11-28,33.4,66,0
Kolkata,2024-11-29,31.3,51,0
Kolkata,2024-11-30,31.6,52,1
Kolkata,2024-12-01,19.9,68,0
Kolkata,2024-12-02,31.2,54,0
Kolkata,2024-12-03,27.0,71,0
Kolkata,2024-12-04,33.6,68,0
Kolkata,2024-12-05,36.5,73,0
Kolkata,2024-12-06,33.3,86,0
Kolkata,2024-12-07,32.0,48,0
Kolkata,2024-12-08,31.6,65,0
Kolkata,2024-12-09,25.3,64,0
Kolkata,2024-12-10,28.5,43,0
Kolkata,2024-12-11,34.2,87,0
Kolkata,2024-12-12,36.8,78,0
Kolkata,2024-12-13,20.7,40,0
Kolkata,2024-12-14,24.5,46,0
Kolkata,2024-12-15,27.4,47,0
Kolkata,2024-12-16,26.3,50,0
Kolkata,2024-12-17,16.7,75,0
Kolkata,2024-12-18,33.6,47,0
Kolkata,2024-12-19,26.4,77,0
Kolkata,2024-12-20,33.0,71,0
Kolkata,2024-12-21,29.6,50,0
Kolkata,2024-12-22,33.2,52,0
Kolkata,2024-12-23,28.0,86,0
Kolkata,2024-12-24,38.1,46,0
Kolkata,2024-12-25,20.5,68,0
Kolkata,2024-12-26,23.4,78,0
Kolkata,2024-12-27,23.4,81,1
Kolkata,2024-12-28,33.5,61,0
Kolkata,2024-12-29,21.9,61,1
Kolkata,2024-12-30,32.2,43,0
Kolkata,2024-12-31,29.0,61,1
Hyderabad,2024-01-01,19.2,70,0
Hyderabad,2024-01-02,30.3,53,0
Hyderabad,2024-01-03,27.8,45,1
Hyderabad,2024-01-04,29.5,70,1
Hyderabad,2024-01-05,24.7,84,0
Hyderabad,2024-01-06,24.9,40,0
Hyderabad,2024-01-07,20.5,40,0
Hyderabad,2024-01-08,17.6,75,0
Hyderabad,2024-01-09,14.0,49,0
Hyderabad,2024-01-10,29.3,42,0
Hyderabad,2024-01-11,23.8,42,0
Hyderabad,2024-01-12,29.4,87,0
Hyderabad,2024-01-13,22.4,47,1
Hyderabad,2024-01-14,20.2,67,0
Hyderabad,2024-01-15,31.9,47,1
Hyderabad,2024-01-16,21.0,57,1
Hyderabad,2024-01-17,27.0,82,0
Hyderabad,2024-01-18,28.4,41,0
Hyderabad,2024-01-19,19.3,66,0
Hyderabad,2024-01-20,20.3,75,0
Hyderabad,2024-01-21,18.0,70,1
Hyderabad,2024-01-22,22.9,73,0
Hyderabad,2024-01-23,18.2,77,0
Hyderabad,2024-01-24,21.3,52,0
Hyderabad,2024-01-25,5.6,72,0
Hyderabad,2024-01-26,16.7,45,1
Hyderabad,2024-01-27,15.8,43,1
Hyderabad,2024-01-28,18.6,74,0
Hyderabad,2024-01-29,34.9,89,0
Hyderabad,2024-01-30,24.1,48,0
Hyderabad,2024-01-31,23.5,73,0
Hyderabad,2024-02-01,20.9,49,0
Hyderabad,2024-02-02,16.9,48,0
Hyderabad,2024-02-03,16.5,51,0
Hyderabad,2024-02-04,21.1,84,1
Hyderabad,2024-02-05,26.5,51,1
Hyderabad,2024-02-06,18.4,89,0
Hyderabad,2024-02-07,31.7,70,1
Hyderabad,2024-02-08,26.6,67,0
Hyderabad,2024-02-09,22.4,89,0
Hyderabad,2024-02-10,29.8,54,0
Hyderabad,2024-02-11,28.6,58,1
Hyderabad,2024-02-12,23.2,67,0
Hyderabad,2024-02-13,28.4,43,0
Hyderabad,2024-02-14,22.1,43,0
Hyderabad,2024-02-15,23.2,71,0
Hyderabad,2024-02-16,19.5,53,0
Hyderabad,2024-02-17,31.8,40,0
Hyderabad,2024-02-18,21.8,69,1
Hyderabad,2024-02-19,27.7,75,0
Hyderabad,2024-02-20,23.4,84,1
Hyderabad,2024-02-21,22.0,46,0
Hyderabad,2024-02-22,23.8,80,0
Hyderabad,2024-02-23,17.2,64,1
Hyderabad,2024-02-24,15.6,66,0
Hyderabad,2024-02-25,30.5,82,0
Hyderabad,2024-02-26,18.2,88,0
Hyderabad,2024-02-27,23.1,47,0
Hyderabad,2024-02-28,19.4,76,1
Hyderabad,2024-02-29,13.5,71,1
Hyderabad,2024-03-01,33.6,59,0
Hyderabad,2024-03-02,20.4,46,1
Hyderabad,2024-03-03,13.6,79,0
Hyderabad,2024-03-04,21.3,44,0
Hyderabad,2024-03-05,23.4,55,1
Hyderabad,2024-03-06,33.5,50,0
Hyderabad,2024-03-07,23.7,45,0
Hyderabad,2024-03-08,23.1,41,0
Hyderabad,2024-03-09,19.5,80,1
Hyderabad,2024-03-10,18.3,65,0
Hyderabad,2024-03-11,24.8,40,1
Hyderabad,2024-03-12,34.4,72,0
Hyderabad,2024-03-13,21.5,75,0
Hyderabad,2024-03-14,20.3,70,1
Hyderabad,2024-03-15,22.5,51,0
Hyderabad,2024-03-16,27.4,58,0
Hyderabad,2024-03-17,17.6,85,1
Hyderabad,2024-03-18,27.2,67,0
Hyderabad,2024-03-19,25.4,44,0
Hyderabad,2024-03-20,31.4,67,1
Hyderabad,2024-03-21,26.9,81,0
Hyderabad,2024-03-22,30.1,72,0
Hyderabad,2024-03-23,34.5,76,0
Hyderabad,2024-03-24,35.1,56,0
Hyderabad,2024-03-25,28.2,78,1
Hyderabad,2024-03-26,14.3,62,0
Hyderabad,2024-03-27,20.3,82,1
Hyderabad,2024-03-28,26.0,76,0
Hyderabad,2024-03-29,20.6,66,0
Hyderabad,2024-03-30,18.1,80,0
Hyderabad,2024-03-31,19.9,77,0
Hyderabad,2024-04-01,18.3,45,0
Hyderabad,2024-04-02,28.2,44,0
Hyderabad,2024-04-03,20.8,43,0
Hyderabad,2024-04-04,18.9,44,0
Hyderabad,2024-04-05,20.0,88,1
Hyderabad,2024-04-06,27.0,40,0
Hyderabad,2024-04-07,18.0,58,1
Hyderabad,2024-04-08,24.8,46,0
Hyderabad,2024-04-09,25.6,64,1
Hyderabad,2024-04-10,23.2,87,0
Hyderabad,2024-04-11,20.9,41,0
Hyderabad,2024-04-12,24.0,59,0
Hyderabad,2024-04-13,28.2,62,1
Hyderabad,2024-04-14,21.2,43,1
Hyderabad,2024-04-15,22.0,64,0
Hyderabad,2024-04-16,32.2,79,0
Hyderabad,2024-04-17,28.4,44,0
Hyderabad,2024-04-18,21.0,87,0
Hyderabad,2024-04-19,20.1,77,0
Hyderabad,2024-04-20,20.5,66,0
Hyderabad,2024-04-21,23.9,78,0
Hyderabad,2024-04-22,25.4,74,0
Hyderabad,2024-04-23,21.9,56,0
Hyderabad,2024-04-24,22.5,84,0
Hyderabad,2024-04-25,28.4,63,0
Hyderabad,2024-04-26,22.3,66,1
Hyderabad,2024-04-27,15.9,41,0
Hyderabad,2024-04-28,30.0,47,0
Hyderabad,2024-04-29,28.2,58,0
Hyderabad,2024-04-30,24.4,44,0
Hyderabad,2024-05-01,33.4,48,1
Hyderabad,2024-05-02,20.1,61,0
Hyderabad,2024-05-03,18.8,86,0
Hyderabad,2024-05-04,26.2,58,0
Hyderabad,2024-05-05,27.5,66,0
Hyderabad,2024-05-06,28.5,82,0
Hyderabad,2024-05-07,19.9,45,1
Hyderabad,2024-05-08,18.7,46,0
Hyderabad,2024-05-09,16.9,50,0
Hyderabad,2024-05-10,29.3,57,0
Hyderabad,2024-05-11,21.0,56,0
Hyderabad,2024-05-12,23.2,79,0
Hyderabad,2024-05-13,16.1,66,0
Hyderabad,2024-05-14,27.7,46,1
Hyderabad,2024-05-15,17.8,83,0
Hyderabad,2024-05-16,24.0,56,0
Hyderabad,2024-05-17,15.4,40,1
Hyderabad,2024-05-18,20.0,41,0
Hyderabad,2024-05-19,25.0,89,0
Hyderabad,2024-05-20,27.1,47,0
Hyderabad,2024-05-21,21.0,44,0
Hyderabad,2024-05-22,17.9,53,1
Hyderabad,2024-05-23,14.1,79,0
Hyderabad,2024-05-24,14.6,70,0
Hyderabad,2024-05-25,19.2,73,0
Hyderabad,2024-05-26,24.2,84,0
Hyderabad,2024-05-27,26.7,66,0
Hyderabad,2024-05-28,19.2,50,1
Hyderabad,2024-05-29,27.5,67,0
Hyderabad,2024-05-30,24.0,66,0
Hyderabad,2024-05-31,17.5,82,0
Hyderabad,2024-06-01,21.9,80,0
Hyderabad,2024-06-02,18.2,40,0
Hyderabad,2024-06-03,19.0,65,0
Hyderabad,2024-06-04,25.7,87,0
Hyderabad,2024-06-05,26.1,66,0
Hyderabad,2024-06-06,22.1,42,0
Hyderabad,2024-06-07,22.7,86,0
Hyderabad,2024-06-08,25.8,49,0
Hyderabad,2024-06-09,27.1,53,0
Hyderabad,2024-06-10,31.3,65,0
Hyderabad,2024-06-11,22.7,83,0
Hyderabad,2024-06-12,22.8,89,0
Hyderabad,2024-06-13,33.8,43,0
Hyderabad,2024-06-14,12.2,85,0
Hyderabad,2024-06-15,22.9,50,1
Hyderabad,2024-06-16,12.0,88,0
Hyderabad,2024-06-17,20.9,61,0
Hyderabad,2024-06-18,21.1,79,0
Hyderabad,2024-06-19,16.9,73,1
Hyderabad,2024-06-20,23.3,45,0
Hyderabad,2024-06-21,26.1,44,1
Hyderabad,2024-06-22,22.1,50,0
Hyderabad,2024-06-23,24.3,53,1
Hyderabad,2024-06-24,20.6,41,0
Hyderabad,2024-06-25,25.4,60,0
Hyderabad,2024-06-26,17.3,68,0
Hyderabad,2024-06-27,34.1,50,0
Hyderabad,2024-06-28,28.7,58,0
Hyderabad,2024-06-29,26.9,76,1
Hyderabad,2024-06-30,30.7,65,0
Hyderabad,2024-07-01,19.9,88,0
Hyderabad,2024-07-02,30.3,42,0
Hyderabad,2024-07-03,17.5,55,0
Hyderabad,2024-07-04,16.9,47,0
Hyderabad,2024-07-05,18.6,62,0
Hyderabad,2024-07-06,14.2,87,0
Hyderabad,2024-07-07,25.4,50,0
Hyderabad,2024-07-08,25.3,43,0
Hyderabad,2024-07-09,24.1,49,1
Hyderabad,2024-07-10,29.5,49,0
Hyderabad,2024-07-11,30.0,57,0
Hyderabad,2024-07-12,26.1,80,0
Hyderabad,2024-07-13,22.5,87,1
Hyderabad,2024-07-14,24.6,59,1
Hyderabad,2024-07-15,28.3,71,0
Hyderabad,2024-07-16,25.6,52,0
Hyderabad,2024-07-17,23.6,65,0
Hyderabad,2024-07-18,25.3,45,0
Hyderabad,2024-07-19,23.1,57,0
Hyderabad,2024-07-20,21.5,70,0
Hyderabad,2024-07-21,26.3,43,0
Hyderabad,2024-07-22,19.8,72,0
Hyderabad,2024-07-23,28.3,67,1
Hyderabad,2024-07-24,25.3,81,0
Hyderabad,2024-07-25,26.0,72,1
Hyderabad,2024-07-26,18.0,62,0
Hyderabad,2024-07-27,25.3,65,0
Hyderabad,2024-07-28,19.6,65,0
Hyderabad,2024-07-29,13.4,69,0
Hyderabad,2024-07-30,26.3,80,0
Hyderabad,2024-07-31,20.9,85,0
Hyderabad,2024-08-01,19.7,49,0
Hyderabad,2024-08-02,22.6,63,0
Hyderabad,2024-08-03,27.2,75,0
Hyderabad,2024-08-04,25.1,68,1
Hyderabad,2024-08-05,30.2,70,0
Hyderabad,2024-08-06,21.8,58,0
Hyderabad,2024-08-07,23.2,49,0
Hyderabad,2024-08-08,27.3,52,0
Hyderabad,2024-08-09,23.2,62,0
Hyderabad,2024-08-10,24.2,72,0
Hyderabad,2024-08-11,31.8,68,1
Hyderabad,2024-08-12,25.2,53,1
Hyderabad,2024-08-13,26.3,63,0
Hyderabad,2024-08-14,29.7,77,0
Hyderabad,2024-08-15,24.6,80,0
Hyderabad,2024-08-16,21.2,84,0
Hyderabad,2024-08-17,20.8,68,0
Hyderabad,2024-08-18,35.2,45,0
Hyderabad,2024-08-19,21.3,85,1
Hyderabad,2024-08-20,24.3,41,1
Hyderabad,2024-08-21,28.0,70,0
Hyderabad,2024-08-22,24.6,87,1
Hyderabad,2024-08-23,14.5,55,0
Hyderabad,2024-08-24,24.4,40,1
Hyderabad,2024-08-25,17.0,53,0
Hyderabad,2024-08-26,19.8,85,0
Hyderabad,2024-08-27,16.6,84,0
Hyderabad,2024-08-28,16.2,54,0
Hyderabad,2024-08-29,23.8,53,0
Hyderabad,2024-08-30,24.7,57,0
Hyderabad,2024-08-31,18.3,44,1
Hyderabad,2024-09-01,25.1,43,0
Hyderabad,2024-09-02,30.4,60,0
Hyderabad,2024-09-03,29.9,67,0
Hyderabad,2024-09-04,19.0,71,0
Hyderabad,2024-09-05,16.3,67,1
Hyderabad,2024-09-06,15.9,49,0
Hyderabad,2024-09-07,16.7,60,1
Hyderabad,2024-09-08,24.5,88,0
Hyderabad,2024-09-09,20.3,87,0
Hyderabad,2024-09-10,23.7,57,0
Hyderabad,2024-09-11,26.6,84,1
Hyderabad,2024-09-12,27.5,79,0
Hyderabad,2024-09-13,24.4,82,0
Hyderabad,2024-09-14,22.2,56,0
Hyderabad,2024-09-15,25.7,74,0
Hyderabad,2024-09-16,21.3,84,0
Hyderabad,2024-09-17,20.9,62,0
Hyderabad,2024-09-18,17.5,60,0
Hyderabad,2024-09-19,22.0,49,0
Hyderabad,2024-09-20,22.3,45,0
Hyderabad,2024-09-21,17.4,63,0
Hyderabad,2024-09-22,21.3,60,0
Hyderabad,2024-09-23,23.4,54,0
Hyderabad,2024-09-24,11.8,67,1
Hyderabad,2024-09-25,25.2,43,1
Hyderabad,2024-09-26,16.0,80,1
Hyderabad,2024-09-27,27.4,88,0
Hyderabad,2024-09-28,25.9,87,0
Hyderabad,2024-09-29,15.0,59,0
Hyderabad,2024-09-30,25.3,78,0
Hyderabad,2024-10-01,24.4,81,0
Hyderabad,2024-10-02,20.3,80,0
Hyderabad,2024-10-03,27.3,48,0
Hyderabad,2024-10-04,17.1,46,0
Hyderabad,2024-10-05,16.2,57,0
Hyderabad,2024-10-06,26.4,53,0
Hyderabad,2024-10-07,26.4,75,0
Hyderabad,2024-10-08,22.6,68,0
Hyderabad,2024-10-09,18.8,55,1
Hyderabad,2024-10-10,23.8,73,1
Hyderabad,2024-10-11,17.6,57,0
Hyderabad,2024-10-12,23.9,79,0
Hyderabad,2024-10-13,25.4,81,0
Hyderabad,2024-10-14,20.6,89,1
Hyderabad,2024-10-15,26.8,80,1
Hyderabad,2024-10-16,24.5,41,0
Hyderabad,2024-10-17,28.2,76,0
Hyderabad,2024-10-18,28.5,65,0
Hyderabad,2024-10-19,23.7,62,0
Hyderabad,2024-10-20,24.2,60,0
Hyderabad,2024-10-21,24.7,62,0
Hyderabad,2024-10-22,25.1,89,1
Hyderabad,2024-10-23,22.9,64,0
Hyderabad,2024-10-24,21.2,80,0
Hyderabad,2024-10-25,32.7,64,0
Hyderabad,2024-10-26,28.1,54,0
Hyderabad,2024-10-27,28.8,68,0
Hyderabad,2024-10-28,25.4,63,0
Hyderabad,2024-10-29,30.6,64,1
Hyderabad,2024-10-30,29.5,75,0
Hyderabad,2024-10-31,20.3,54,0
Hyderabad,2024-11-01,20.1,70,0
Hyderabad,2024-11-02,22.7,76,0
Hyderabad,2024-11-03,23.8,75,0
Hyderabad,2024-11-04,16.7,59,0
Hyderabad,2024-11-05,33.5,56,0
Hyderabad,2024-11-06,27.4,79,0
Hyderabad,2024-11-07,21.6,40,0
Hyderabad,2024-11-08,21.8,64,0
Hyderabad,2024-11-09,23.9,49,0
Hyderabad,2024-11-10,23.6,86,0
Hyderabad,2024-11-11,29.1,87,0
Hyderabad,2024-11-12,21.9,52,0
Hyderabad,2024-11-13,25.0,62,0
Hyderabad,2024-11-14,23.7,69,1
Hyderabad,2024-11-15,21.4,48,0
Hyderabad,2024-11-16,16.6,84,0
Hyderabad,2024-11-17,23.2,80,0
Hyderabad,2024-11-18,20.5,78,0
Hyderabad,2024-11-19,28.2,43,1
Hyderabad,2024-11-20,29.9,57,0
Hyderabad,2024-11-21,19.8,50,0
Hyderabad,2024-11-22,20.2,83,1
Hyderabad,2024-11-23,23.6,84,0
Hyderabad,2024-11-24,31.6,64,0
Hyderabad,2024-11-25,21.2,44,1
Hyderabad,2024-11-26,25.2,42,1
Hyderabad,2024-11-27,22.8,70,0
Hyderabad,2024-11-28,21.4,64,0
Hyderabad,2024-11-29,31.8,80,0
Hyderabad,2024-11-30,26.5,61,0
Hyderabad,2024-12-01,24.2,52,1
Hyderabad,2024-12-02,27.9,55,0
Hyderabad,2024-12-03,15.4,68,0
Hyderabad,2024-12-04,17.6,47,0
Hyderabad,2024-12-05,35.6,61,0
Hyderabad,2024-12-06,14.1,75,1
Hyderabad,2024-12-07,25.2,41,0
Hyderabad,2024-12-08,21.6,80,0
Hyderabad,2024-12-09,20.6,64,0
Hyderabad,2024-12-10,17.3,85,0
Hyderabad,2024-12-11,25.3,56,0
Hyderabad,2024-12-12,25.2,56,1
Hyderabad,2024-12-13,13.5,76,0
Hyderabad,2024-12-14,23.2,40,0
Hyderabad,2024-12-15,32.8,70,0
Hyderabad,2024-12-16,29.3,60,0
Hyderabad,2024-12-17,14.6,52,0
Hyderabad,2024-12-18,23.1,45,0
Hyderabad,2024-12-19,24.8,63,0
Hyderabad,2024-12-20,33.4,74,0
Hyderabad,2024-12-21,29.7,70,0
Hyderabad,2024-12-22,19.0,40,0
Hyderabad,2024-12-23,24.8,60,0
Hyderabad,2024-12-24,19.4,68,0
Hyderabad,2024-12-25,31.3,73,0
Hyderabad,2024-12-26,28.9,65,1
Hyderabad,2024-12-27,16.0,62,0
Hyderabad,2024-12-28,20.4,78,0
Hyderabad,2024-12-29,28.4,76,0
Hyderabad,2024-12-30,29.3,63,0
Hyderabad,2024-12-31,32.8,55,0
Pune,2024-01-01,25.1,71,0
Pune,2024-01-02,25.5,54,0
Pune,2024-01-03,31.7,41,1
Pune,2024-01-04,19.0,58,0
Pune,2024-01-05,19.7,59,0
Pune,2024-01-06,23.9,55,1
Pune,2024-01-07,29.1,84,0
Pune,2024-01-08,21.5,76,0
Pune,2024-01-09,21.8,69,0
Pune,2024-01-10,28.5,43,1
Pune,2024-01-11,15.3,85,0
Pune,2024-01-12,27.4,66,0
Pune,2024-01-13,23.6,82,0
Pune,2024-01-14,31.9,89,0
Pune,2024-01-15,27.0,53,0
Pune,2024-01-16,23.1,76,0
Pune,2024-01-17,22.6,81,0
Pune,2024-01-18,17.9,59,0
Pune,2024-01-19,18.4,85,0
Pune,2024-01-20,22.6,56,0
Pune,2024-01-21,23.5,71,0
Pune,2024-01-22,17.1,82,0
Pune,2024-01-23,22.0,82,0
Pune,2024-01-24,17.4,68,0
Pune,2024-01-25,25.0,81,0
Pune,2024-01-26,27.5,62,1
Pune,2024-01-27,7.2,50,0
Pune,2024-01-28,25.5,57,0
Pune,2024-01-29,20.2,88,0
Pune,2024-01-30,19.6,76,0
Pune,2024-01-31,21.2,56,0
Pune,2024-02-01,15.2,67,0
Pune,2024-02-02,29.0,84,1
Pune,2024-02-03,23.8,62,0
Pune,2024-02-04,22.2,78,0
Pune,2024-02-05,23.6,50,0
Pune,2024-02-06,20.8,54,1
Pune,2024-02-07,17.7,54,0
Pune,2024-02-08,17.3,44,0
Pune,2024-02-09,19.5,52,0
Pune,2024-02-10,19.4,55,0
Pune,2024-02-11,18.5,59,0
Pune,2024-02-12,21.3,71,1
Pune,2024-02-13,18.1,52,0
Pune,2024-02-14,31.9,55,0
Pune,2024-02-15,18.7,57,0
Pune,2024-02-16,17.5,53,0
Pune,2024-02-17,25.2,75,0
Pune,2024-02-18,22.6,84,0
Pune,2024-02-19,25.5,67,1
Pune,2024-02-20,29.9,63,0
Pune,2024-02-21,30.2,84,0
Pune,2024-02-22,27.1,50,0
Pune,2024-02-23,24.5,51,1
Pune,2024-02-24,36.9,76,0
Pune,2024-02-25,20.4,40,1
Pune,2024-02-26,13.4,74,0
Pune,2024-02-27,22.6,71,0
Pune,2024-02-28,19.2,71,0
Pune,2024-02-29,27.6,81,0
Pune,2024-03-01,16.5,70,0
Pune,2024-03-02,10.5,44,0
Pune,2024-03-03,25.8,75,1
Pune,2024-03-04,25.3,76,1
Pune,2024-03-05,26.1,64,0
Pune,2024-03-06,31.6,89,0
Pune,2024-03-07,21.6,88,1
Pune,2024-03-08,29.9,64,1
Pune,2024-03-09,20.7,78,1
Pune,2024-03-10,9.8,48,0
Pune,2024-03-11,12.2,83,0
Pune,2024-03-12,27.0,65,0
Pune,2024-03-13,22.6,56,0
Pune,2024-03-14,29.0,54,0
Pune,2024-03-15,29.6,69,0
Pune,2024-03-16,14.0,41,1
Pune,2024-03-17,24.7,83,1
Pune,2024-03-18,20.7,41,0
Pune,2024-03-19,15.2,69,0
Pune,2024-03-20,22.7,46,0
Pune,2024-03-21,16.2,59,0
Pune,2024-03-22,25.0,44,0
Pune,2024-03-23,17.6,78,0
Pune,2024-03-24,34.7,41,0
Pune,2024-03-25,22.6,87,0
Pune,2024-03-26,27.1,48,0
Pune,2024-03-27,26.4,50,1
Pune,2024-03-28,14.5,51,1
Pune,2024-03-29,19.3,81,1
Pune,2024-03-30,21.9,75,0
Pune,2024-03-31,18.4,66,0
Pune,2024-04-01,22.1,52,0
Pune,2024-04-02,22.9,78,0
Pune,2024-04-03,27.4,87,1
Pune,2024-04-04,14.9,86,1
Pune,2024-04-05,20.4,55,1
Pune,2024-04-06,30.5,59,0
Pune,2024-04-07,26.8,55,0
Pune,2024-04-08,25.0,69,0
Pune,2024-04-09,19.7,63,0
Pune,2024-04-10,17.9,51,0
Pune,2024-04-11,25.4,83,1
Pune,2024-04-12,23.7,41,1
Pune,2024-04-13,22.7,45,0
Pune,2024-04-14,22.3,59,0
Pune,2024-04-15,23.4,42,0
Pune,2024-04-16,28.6,48,0
Pune,2024-04-17,21.3,77,0
Pune,2024-04-18,16.3,66,0
Pune,2024-04-19,17.8,71,0
Pune,2024-04-20,27.8,66,0
Pune,2024-04-21,28.0,58,1
Pune,2024-04-22,31.2,44,0
Pune,2024-04-23,26.6,75,0
Pune,2024-04-24,30.7,72,1
Pune,2024-04-25,29.1,63,0
Pune,2024-04-26,30.5,46,0
Pune,2024-04-27,19.4,69,0
Pune,2024-04-28,17.4,68,0
Pune,2024-04-29,25.1,58,0
Pune,2024-04-30,20.6,60,0
Pune,2024-05-01,15.9,45,0
Pune,2024-05-02,15.3,66,0
Pune,2024-05-03,22.7,41,0
Pune,2024-05-04,21.1,65,1
Pune,2024-05-05,22.3,64,0
Pune,2024-05-06,25.4,78,1
Pune,2024-05-07,26.9,55,0
Pune,2024-05-08,16.6,50,0
Pune,2024-05-09,21.7,81,0
Pune,2024-05-10,19.4,83,0
Pune,2024-05-11,19.6,69,0
Pune,2024-05-12,24.5,63,0
Pune,2024-05-13,27.9,48,1
Pune,2024-05-14,22.2,61,0
Pune,2024-05-15,19.8,76,0
Pune,2024-05-16,28.0,62,0
Pune,2024-05-17,19.4,72,1
Pune,2024-05-18,27.2,68,0
Pune,2024-05-19,18.7,61,0
Pune,2024-05-20,25.6,84,0
Pune,2024-05-21,24.9,86,0
Pune,2024-05-22,13.9,53,0
Pune,2024-05-23,17.6,60,0
Pune,2024-05-24,27.1,59,1
Pune,2024-05-25,24.4,84,0
Pune,2024-05-26,20.1,48,1
Pune,2024-05-27,27.1,69,0
Pune,2024-05-28,22.3,52,0
Pune,2024-05-29,32.1,42,0
Pune,2024-05-30,14.1,84,1
Pune,2024-05-31,19.3,76,0
Pune,2024-06-01,19.8,88,0
Pune,2024-06-02,23.1,83,0
Pune,2024-06-03,17.2,65,0
Pune,2024-06-04,24.5,48,1
Pune,2024-06-05,28.4,57,0
Pune,2024-06-06,25.6,82,1
Pune,2024-06-07,24.8,52,0
Pune,2024-06-08,26.1,85,0
Pune,2024-06-09,23.5,85,1
Pune,2024-06-10,14.6,77,0
Pune,2024-06-11,22.8,74,1
Pune,2024-06-12,28.0,59,1
Pune,2024-06-13,26.6,71,0
Pune,2024-06-14,25.2,61,1
Pune,2024-06-15,24.3,58,0
Pune,2024-06-16,25.8,57,0
Pune,2024-06-17,16.2,51,0
Pune,2024-06-18,17.2,50,0
Pune,2024-06-19,26.6,87,0
Pune,2024-06-20,19.9,48,0
Pune,2024-06-21,18.5,78,0
Pune,2024-06-22,24.5,59,0
Pune,2024-06-23,20.5,50,0
Pune,2024-06-24,31.4,69,0
Pune,2024-06-25,28.2,68,0
Pune,2024-06-26,32.4,52,0
Pune,2024-06-27,19.0,52,1
Pune,2024-06-28,13.9,63,1
Pune,2024-06-29,16.1,66,0
Pune,2024-06-30,14.9,61,0
Pune,2024-07-01,21.3,48,1
Pune,2024-07-02,21.4,88,1
Pune,2024-07-03,24.2,85,0
Pune,2024-07-04,25.0,60,0
Pune,2024-07-05,30.0,62,1
Pune,2024-07-06,25.1,55,0
Pune,2024-07-07,22.8,61,0
Pune,2024-07-08,19.0,81,1
Pune,2024-07-09,22.9,67,1
Pune,2024-07-10,27.2,75,0
Pune,2024-07-11,25.6,86,1
Pune,2024-07-12,21.2,54,1
Pune,2024-07-13,20.0,46,0
Pune,2024-07-14,20.2,67,0
Pune,2024-07-15,5.3,53,0
Pune,2024-07-16,30.2,72,0
Pune,2024-07-17,23.3,55,0
Pune,2024-07-18,24.2,42,1
Pune,2024-07-19,18.0,76,0
Pune,2024-07-20,21.7,41,0
Pune,2024-07-21,30.3,81,0
Pune,2024-07-22,23.7,83,1
Pune,2024-07-23,26.1,73,0
Pune,2024-07-24,36.7,47,0
Pune,2024-07-25,23.7,61,0
Pune,2024-07-26,20.3,81,0
Pune,2024-07-27,30.4,70,0
Pune,2024-07-28,37.5,79,0
Pune,2024-07-29,16.4,56,1
Pune,2024-07-30,24.9,81,1
Pune,2024-07-31,27.3,80,0
Pune,2024-08-01,30.6,63,1
Pune,2024-08-02,14.7,73,0
Pune,2024-08-03,25.5,59,0
Pune,2024-08-04,24.8,86,1
Pune,2024-08-05,21.7,43,0
Pune,2024-08-06,20.3,48,0
Pune,2024-08-07,24.3,56,0
Pune,2024-08-08,25.3,77,0
Pune,2024-08-09,25.4,57,0
Pune,2024-08-10,29.2,59,0
Pune,2024-08-11,16.3,65,1
Pune,2024-08-12,29.1,49,0
Pune,2024-08-13,25.0,58,0
Pune,2024-08-14,19.7,77,0
Pune,2024-08-15,23.6,47,0
Pune,2024-08-16,28.9,67,1
Pune,2024-08-17,29.7,46,0
Pune,2024-08-18,24.4,85,0
Pune,2024-08-19,26.3,51,0
Pune,2024-08-20,31.4,68,1
Pune,2024-08-21,20.0,53,0
Pune,2024-08-22,19.0,84,0
Pune,2024-08-23,14.1,76,0
Pune,2024-08-24,30.6,51,0
Pune,2024-08-25,28.5,65,0
Pune,2024-08-26,12.6,71,1
Pune,2024-08-27,19.0,87,0
Pune,2024-08-28,28.1,67,0
Pune,2024-08-29,19.0,41,0
Pune,2024-08-30,27.2,72,0
Pune,2024-08-31,30.2,53,0
Pune,2024-09-01,21.2,59,0
Pune,2024-09-02,21.0,66,0
Pune,2024-09-03,26.2,84,0
Pune,2024-09-04,23.6,86,0
Pune,2024-09-05,29.2,82,1
Pune,2024-09-06,17.8,55,0
Pune,2024-09-07,21.8,88,1
Pune,2024-09-08,15.6,80,1
Pune,2024-09-09,27.4,58,0
Pune,2024-09-10,19.7,89,1
Pune,2024-09-11,23.1,65,1
Pune,2024-09-12,31.5,44,1
Pune,2024-09-13,18.1,76,0
Pune,2024-09-14,33.0,75,1
Pune,2024-09-15,24.7,60,0
Pune,2024-09-16,26.1,45,1
Pune,2024-09-17,15.4,58,1
Pune,2024-09-18,21.2,76,0
Pune,2024-09-19,18.3,42,0
Pune,2024-09-20,17.1,42,1
Pune,2024-09-21,35.7,59,0
Pune,2024-09-22,25.4,78,0
Pune,2024-09-23,20.2,50,0
Pune,2024-09-24,14.8,69,0
Pune,2024-09-25,28.3,52,0
Pune,2024-09-26,26.5,86,0
Pune,2024-09-27,26.9,57,0
Pune,2024-09-28,28.5,68,0
Pune,2024-09-29,21.9,44,0
Pune,2024-09-30,15.5,86,0
Pune,2024-10-01,23.1,81,0
Pune,2024-10-02,15.7,82,0
Pune,2024-10-03,15.0,85,1
Pune,2024-10-04,23.2,87,0
Pune,2024-10-05,19.0,79,1
Pune,2024-10-06,16.4,71,0
Pune,2024-10-07,23.0,76,0
Pune,2024-10-08,19.1,72,0
Pune,2024-10-09,22.1,69,0
Pune,2024-10-10,25.8,78,1
Pune,2024-10-11,19.4,46,0
Pune,2024-10-12,21.2,76,0
Pune,2024-10-13,26.4,40,0
Pune,2024-10-14,17.3,66,0
Pune,2024-10-15,19.1,41,0
Pune,2024-10-16,16.7,87,0
Pune,2024-10-17,22.4,42,1
Pune,2024-10-18,17.9,73,0
Pune,2024-10-19,29.3,73,0
Pune,2024-10-20,24.4,42,1
Pune,2024-10-21,27.5,77,0
Pune,2024-10-22,27.5,58,0
Pune,2024-10-23,16.3,87,0
Pune,2024-10-24,18.6,79,1
Pune,2024-10-25,27.0,78,0
Pune,2024-10-26,20.8,63,1
Pune,2024-10-27,27.8,77,0
Pune,2024-10-28,25.9,40,0
Pune,2024-10-29,21.1,76,0
Pune,2024-10-30,24.4,62,1
Pune,2024-10-31,22.5,69,0
Pune,2024-11-01,20.3,71,0
Pune,2024-11-02,17.4,54,0
Pune,2024-11-03,30.0,69,0
Pune,2024-11-04,17.9,55,0
Pune,2024-11-05,23.4,63,0
Pune,2024-11-06,23.3,68,0
Pune,2024-11-07,15.5,75,0
Pune,2024-11-08,20.8,57,0
Pune,2024-11-09,19.1,73,0
Pune,2024-11-10,20.5,82,0
Pune,2024-11-11,23.5,62,0
Pune,2024-11-12,23.8,79,0
Pune,2024-11-13,18.8,84,0
Pune,2024-11-14,14.0,44,0
Pune,2024-11-15,18.5,67,0
Pune,2024-11-16,34.1,54,0
Pune,2024-11-17,23.6,71,0
Pune,2024-11-18,19.0,88,1
Pune,2024-11-19,23.3,81,1
Pune,2024-11-20,28.7,86,0
Pune,2024-11-21,28.9,60,0
Pune,2024-11-22,30.7,68,0
Pune,2024-11-23,23.0,67,0
Pune,2024-11-24,15.0,43,1
Pune,2024-11-25,21.7,43,0
Pune,2024-11-26,18.1,67,0
Pune,2024-11-27,13.7,88,1
Pune,2024-11-28,19.0,88,0
Pune,2024-11-29,26.3,51,0
Pune,2024-11-30,19.4,60,0
Pune,2024-12-01,20.0,67,0
Pune,2024-12-02,21.7,48,1
Pune,2024-12-03,30.5,88,1
Pune,2024-12-04,13.7,51,0
Pune,2024-12-05,23.1,43,0
Pune,2024-12-06,10.7,60,0
Pune,2024-12-07,13.5,68,0
Pune,2024-12-08,27.5,44,0
Pune,2024-12-09,23.1,64,0
Pune,2024-12-10,24.1,48,0
Pune,2024-12-11,23.1,43,0
Pune,2024-12-12,16.0,53,0
Pune,2024-12-13,27.4,48,0
Pune,2024-12-14,22.6,74,0
Pune,2024-12-15,18.2,87,0
Pune,2024-12-16,24.6,54,1
Pune,2024-12-17,27.7,79,0
Pune,2024-12-18,19.2,76,0
Pune,2024-12-19,22.7,61,0
Pune,2024-12-20,27.0,58,0
Pune,2024-12-21,15.3,52,0
Pune,2024-12-22,18.7,41,0
Pune,2024-12-23,23.6,50,0
Pune,2024-12-24,22.5,67,0
Pune,2024-12-25,22.8,63,0
Pune,2024-12-26,30.0,52,0
Pune,2024-12-27,17.2,83,0
Pune,2024-12-28,28.4,62,0
Pune,2024-12-29,27.6,75,0
Pune,2024-12-30,35.5,77,1
Pune,2024-12-31,21.3,58,0
Ahmedabad,2024-01-01,28.4,47,0
Ahmedabad,2024-01-02,33.0,52,0
Ahmedabad,2024-01-03,25.5,71,0
Ahmedabad,2024-01-04,36.9,54,0
Ahmedabad,2024-01-05,33.6,78,1
Ahmedabad,2024-01-06,28.1,45,0
Ahmedabad,2024-01-07,35.7,69,0
Ahmedabad,2024-01-08,30.6,57,1
Ahmedabad,2024-01-09,35.4,45,1
Ahmedabad,2024-01-10,26.4,59,0
Ahmedabad,2024-01-11,28.3,89,0
Ahmedabad,2024-01-12,27.9,74,1
Ahmedabad,2024-01-13,31.1,51,0
Ahmedabad,2024-01-14,29.9,65,0
Ahmedabad,2024-01-15,29.5,79,0
Ahmedabad,2024-01-16,26.4,74,1
Ahmedabad,2024-01-17,39.2,41,0
Ahmedabad,2024-01-18,22.8,84,0
Ahmedabad,2024-01-19,29.2,63,1
Ahmedabad,2024-01-20,36.0,87,0
Ahmedabad,2024-01-21,28.0,69,1
Ahmedabad,2024-01-22,28.3,57,0
Ahmedabad,2024-01-23,28.0,83,1
Ahmedabad,2024-01-24,27.9,81,0
Ahmedabad,2024-01-25,30.0,64,0
Ahmedabad,2024-01-26,34.9,57,0
Ahmedabad,2024-01-27,29.4,79,0
Ahmedabad,2024-01-28,30.7,45,0
Ahmedabad,2024-01-29,35.8,60,0
Ahmedabad,2024-01-30,29.1,51,0
Ahmedabad,2024-01-31,24.1,43,1
Ahmedabad,2024-02-01,34.9,44,1
Ahmedabad,2024-02-02,24.3,76,0
Ahmedabad,2024-02-03,30.2,84,0
Ahmedabad,2024-02-04,28.7,56,0
Ahmedabad,2024-02-05,35.9,73,1
Ahmedabad,2024-02-06,35.3,60,0
Ahmedabad,2024-02-07,34.4,72,1
Ahmedabad,2024-02-08,30.9,71,0
Ahmedabad,2024-02-09,30.5,74,0
Ahmedabad,2024-02-10,29.8,61,0
Ahmedabad,2024-02-11,33.3,68,0
Ahmedabad,2024-02-12,22.9,66,0
Ahmedabad,2024-02-13,33.2,54,1
Ahmedabad,2024-02-14,30.3,54,0
Ahmedabad,2024-02-15,39.1,66,0
Ahmedabad,2024-02-16,30.1,65,0
Ahmedabad,2024-02-17,28.8,80,0
Ahmedabad,2024-02-18,35.5,74,0
Ahmedabad,2024-02-19,40.9,80,0
Ahmedabad,2024-02-20,26.6,78,0
Ahmedabad,2024-02-21,25.5,62,0
Ahmedabad,2024-02-22,36.5,83,0
Ahmedabad,2024-02-23,24.6,44,0
Ahmedabad,2024-02-24,19.4,69,1
Ahmedabad,2024-02-25,33.6,65,0
Ahmedabad,2024-02-26,28.0,55,0
Ahmedabad,2024-02-27,34.1,83,1
Ahmedabad,2024-02-28,30.1,48,0
Ahmedabad,2024-02-29,30.5,84,0
Ahmedabad,2024-03-01,28.5,66,1
Ahmedabad,2024-03-02,32.4,83,1
Ahmedabad,2024-03-03,24.5,46,0
Ahmedabad,2024-03-04,23.9,72,1
Ahmedabad,2024-03-05,44.9,70,0
Ahmedabad,2024-03-06,32.7,50,0
Ahmedabad,2024-03-07,27.5,80,0
Ahmedabad,2024-03-08,31.5,41,0
Ahmedabad,2024-03-09,37.9,80,0
Ahmedabad,2024-03-10,30.5,69,0
Ahmedabad,2024-03-11,28.7,50,0
Ahmedabad,2024-03-12,35.4,57,0
Ahmedabad,2024-03-13,21.1,66,0
Ahmedabad,2024-03-14,31.9,87,0
Ahmedabad,2024-03-15,24.0,63,0
Ahmedabad,2024-03-16,33.3,68,1
Ahmedabad,2024-03-17,31.9,80,0
Ahmedabad,2024-03-18,30.4,62,0
Ahmedabad,2024-03-19,38.9,48,0
Ahmedabad,2024-03-20,37.4,52,0
Ahmedabad,2024-03-21,43.5,89,0
Ahmedabad,2024-03-22,41.1,73,0
Ahmedabad,2024-03-23,30.6,43,0
Ahmedabad,2024-03-24,28.9,58,0
Ahmedabad,2024-03-25,29.1,58,0
Ahmedabad,2024-03-26,30.0,67,0
Ahmedabad,2024-03-27,33.9,50,0
Ahmedabad,2024-03-28,30.2,78,0
Ahmedabad,2024-03-29,32.6,50,1
Ahmedabad,2024-03-30,19.6,52,0
Ahmedabad,2024-03-31,29.6,62,1
Ahmedabad,2024-04-01,25.1,61,0
Ahmedabad,2024-04-02,19.6,68,0
Ahmedabad,2024-04-03,37.6,66,1
Ahmedabad,2024-04-04,21.4,77,0
Ahmedabad,2024-04-05,30.7,77,0
Ahmedabad,2024-04-06,35.2,59,0
Ahmedabad,2024-04-07,36.5,52,0
Ahmedabad,2024-04-08,38.5,50,0
Ahmedabad,2024-04-09,35.0,44,0
Ahmedabad,2024-04-10,31.4,67,0
Ahmedabad,2024-04-11,35.9,75,0
Ahmedabad,2024-04-12,18.7,71,1
Ahmedabad,2024-04-13,35.5,56,1
Ahmedabad,2024-04-14,40.4,47,0
Ahmedabad,2024-04-15,30.5,80,1
Ahmedabad,2024-04-16,25.1,64,0
Ahmedabad,2024-04-17,29.5,75,0
Ahmedabad,2024-04-18,33.1,58,0
Ahmedabad,2024-04-19,28.6,86,0
Ahmedabad,2024-04-20,33.3,85,1
Ahmedabad,2024-04-21,26.3,89,0
Ahmedabad,2024-04-22,28.9,62,0
Ahmedabad,2024-04-23,34.0,75,0
Ahmedabad,2024-04-24,34.8,58,0
Ahmedabad,2024-04-25,30.8,72,0
Ahmedabad,2024-04-26,41.0,57,0
Ahmedabad,2024-04-27,29.3,72,0
Ahmedabad,2024-04-28,27.9,73,1
Ahmedabad,2024-04-29,37.1,58,1
Ahmedabad,2024-04-30,39.0,64,0
Ahmedabad,2024-05-01,30.4,76,1
Ahmedabad,2024-05-02,32.3,53,1
Ahmedabad,2024-05-03,33.0,65,0
Ahmedabad,2024-05-04,30.2,62,0
Ahmedabad,2024-05-05,29.7,44,0
Ahmedabad,2024-05-06,33.9,81,1
Ahmedabad,2024-05-07,27.6,81,0
Ahmedabad,2024-05-08,34.8,63,0
Ahmedabad,2024-05-09,28.3,51,0
Ahmedabad,2024-05-10,37.3,89,0
Ahmedabad,2024-05-11,32.7,77,1
Ahmedabad,2024-05-12,30.2,54,0
Ahmedabad,2024-05-13,33.5,49,0
Ahmedabad,2024-05-14,23.9,55,0
Ahmedabad,2024-05-15,33.3,42,0
Ahmedabad,2024-05-16,33.2,80,0
Ahmedabad,2024-05-17,25.8,51,0
Ahmedabad,2024-05-18,34.3,65,1
Ahmedabad,2024-05-19,24.1,86,0
Ahmedabad,2024-05-20,27.5,63,0
Ahmedabad,2024-05-21,39.6,82,0
Ahmedabad,2024-05-22,35.6,52,0
Ahmedabad,2024-05-23,26.7,58,0
Ahmedabad,2024-05-24,25.6,77,0
Ahmedabad,2024-05-25,37.3,64,0
Ahmedabad,2024-05-26,33.7,40,0
Ahmedabad,2024-05-27,40.3,73,0
Ahmedabad,2024-05-28,47.2,83,0
Ahmedabad,2024-05-29,28.5,77,0
Ahmedabad,2024-05-30,35.6,83,1
Ahmedabad,2024-05-31,34.8,75,0
Ahmedabad,2024-06-01,37.5,75,0
Ahmedabad,2024-06-02,36.3,65,0
Ahmedabad,2024-06-03,19.7,68,0
Ahmedabad,2024-06-04,33.9,86,0
Ahmedabad,2024-06-05,36.5,72,0
Ahmedabad,2024-06-06,35.7,67,0
Ahmedabad,2024-06-07,31.6,81,1
Ahmedabad,2024-06-08,28.2,73,0
Ahmedabad,2024-06-09,31.0,52,0
Ahmedabad,2024-06-10,31.4,45,0
Ahmedabad,2024-06-11,34.1,52,0
Ahmedabad,2024-06-12,27.4,67,0
Ahmedabad,2024-06-13,33.3,76,0
Ahmedabad,2024-06-14,37.7,82,0
Ahmedabad,2024-06-15,27.8,46,1
Ahmedabad,2024-06-16,31.6,58,0
Ahmedabad,2024-06-17,32.7,66,0
Ahmedabad,2024-06-18,26.0,74,0
Ahmedabad,2024-06-19,36.0,45,1
Ahmedabad,2024-06-20,32.4,51,0
Ahmedabad,2024-06-21,24.0,79,0
Ahmedabad,2024-06-22,31.6,49,1
Ahmedabad,2024-06-23,34.3,40,0
Ahmedabad,2024-06-24,34.7,44,0
Ahmedabad,2024-06-25,25.6,53,0
Ahmedabad,2024-06-26,31.8,52,0
Ahmedabad,2024-06-27,32.4,67,0
Ahmedabad,2024-06-28,38.7,75,0
Ahmedabad,2024-06-29,37.5,72,0
Ahmedabad,2024-06-30,25.2,71,0
Ahmedabad,2024-07-01,40.6,52,1
Ahmedabad,2024-07-02,35.2,56,0
Ahmedabad,2024-07-03,21.9,49,0
Ahmedabad,2024-07-04,39.4,42,1
Ahmedabad,2024-07-05,29.6,52,0
Ahmedabad,2024-07-06,35.1,79,0
Ahmedabad,2024-07-07,30.8,52,0
Ahmedabad,2024-07-08,37.2,85,1
Ahmedabad,2024-07-09,24.0,52,0
Ahmedabad,2024-07-10,24.7,64,0
Ahmedabad,2024-07-11,28.0,80,0
Ahmedabad,2024-07-12,33.3,74,1
Ahmedabad,2024-07-13,24.6,69,0
Ahmedabad,2024-07-14,30.2,79,1
Ahmedabad,2024-07-15,28.1,75,0
Ahmedabad,2024-07-16,34.0,80,0
Ahmedabad,2024-07-17,28.8,80,0
Ahmedabad,2024-07-18,30.0,51,0
Ahmedabad,2024-07-19,22.5,44,1
Ahmedabad,2024-07-20,20.8,85,0
Ahmedabad,2024-07-21,46.9,81,1
Ahmedabad,2024-07-22,38.1,87,0
Ahmedabad,2024-07-23,34.7,56,0
Ahmedabad,2024-07-24,33.4,85,0
Ahmedabad,2024-07-25,28.0,77,0
Ahmedabad,2024-07-26,31.4,59,1
Ahmedabad,2024-07-27,36.5,54,0
Ahmedabad,2024-07-28,29.2,47,1
Ahmedabad,2024-07-29,37.8,77,0
Ahmedabad,2024-07-30,34.4,44,1
Ahmedabad,2024-07-31,31.7,41,0
Ahmedabad,2024-08-01,40.9,40,0
Ahmedabad,2024-08-02,35.0,44,0
Ahmedabad,2024-08-03,30.7,57,0
Ahmedabad,2024-08-04,27.8,70,0
Ahmedabad,2024-08-05,39.3,70,0
Ahmedabad,2024-08-06,31.7,59,0
Ahmedabad,2024-08-07,27.4,65,1
Ahmedabad,2024-08-08,28.1,64,1
Ahmedabad,2024-08-09,28.2,89,0
Ahmedabad,2024-08-10,33.9,87,0
Ahmedabad,2024-08-11,36.1,76,0
Ahmedabad,2024-08-12,41.7,74,0
Ahmedabad,2024-08-13,29.3,65,0
Ahmedabad,2024-08-14,26.6,55,0
Ahmedabad,2024-08-15,29.9,72,0
Ahmedabad,2024-08-16,28.8,75,0
Ahmedabad,2024-08-17,27.3,82,1
Ahmedabad,2024-08-18,34.7,86,0
Ahmedabad,2024-08-19,34.8,62,1
Ahmedabad,2024-08-20,23.5,71,0
Ahmedabad,2024-08-21,27.8,51,0
Ahmedabad,2024-08-22,35.6,77,1
Ahmedabad,2024-08-23,31.6,56,0
Ahmedabad,2024-08-24,33.4,89,0
Ahmedabad,2024-08-25,43.1,47,1
Ahmedabad,2024-08-26,42.2,54,0
Ahmedabad,2024-08-27,26.6,46,0
Ahmedabad,2024-08-28,30.5,71,0
Ahmedabad,2024-08-29,35.6,42,0
Ahmedabad,2024-08-30,32.0,54,0
Ahmedabad,2024-08-31,28.3,63,0
Ahmedabad,2024-09-01,29.0,47,0
Ahmedabad,2024-09-02,26.3,61,1
Ahmedabad,2024-09-03,35.1,68,0
Ahmedabad,2024-09-04,32.0,71,0
Ahmedabad,2024-09-05,27.8,85,0
Ahmedabad,2024-09-06,33.4,58,0
Ahmedabad,2024-09-07,21.5,88,1
Ahmedabad,2024-09-08,21.5,61,1
Ahmedabad,2024-09-09,31.3,74,0
Ahmedabad,2024-09-10,35.4,73,0
Ahmedabad,2024-09-11,26.2,60,0
Ahmedabad,2024-09-12,40.9,72,0
Ahmedabad,2024-09-13,32.5,81,0
Ahmedabad,2024-09-14,34.5,76,1
Ahmedabad,2024-09-15,28.4,52,0
Ahmedabad,2024-09-16,29.0,72,1
Ahmedabad,2024-09-17,33.3,43,0
Ahmedabad,2024-09-18,31.9,57,1
Ahmedabad,2024-09-19,27.8,47,1
Ahmedabad,2024-09-20,37.7,42,1
Ahmedabad,2024-09-21,38.4,56,0
Ahmedabad,2024-09-22,32.3,70,0
Ahmedabad,2024-09-23,30.1,88,0
Ahmedabad,2024-09-24,31.6,69,0
Ahmedabad,2024-09-25,32.3,66,0
Ahmedabad,2024-09-26,37.8,86,0
Ahmedabad,2024-09-27,39.6,41,0
Ahmedabad,2024-09-28,31.8,59,0
Ahmedabad,2024-09-29,23.6,47,0
Ahmedabad,2024-09-30,29.1,85,0
Ahmedabad,2024-10-01,23.6,52,0
Ahmedabad,2024-10-02,36.9,76,0
Ahmedabad,2024-10-03,28.5,54,0
Ahmedabad,2024-10-04,31.8,75,0
Ahmedabad,2024-10-05,34.2,58,0
Ahmedabad,2024-10-06,32.2,81,1
Ahmedabad,2024-10-07,34.5,59,0
Ahmedabad,2024-10-08,33.5,84,1
Ahmedabad,2024-10-09,31.4,88,1
Ahmedabad,2024-10-10,33.1,42,1
Ahmedabad,2024-10-11,31.4,56,0
Ahmedabad,2024-10-12,31.7,61,1
Ahmedabad,2024-10-13,33.7,42,1
Ahmedabad,2024-10-14,32.8,81,0
Ahmedabad,2024-10-15,29.0,52,0
Ahmedabad,2024-10-16,27.0,60,0
Ahmedabad,2024-10-17,30.4,67,0
Ahmedabad,2024-10-18,35.7,43,0
Ahmedabad,2024-10-19,26.1,85,1
Ahmedabad,2024-10-20,23.3,62,0
Ahmedabad,2024-10-21,29.9,87,1
Ahmedabad,2024-10-22,38.6,84,0
Ahmedabad,2024-10-23,26.9,74,0
Ahmedabad,2024-10-24,28.4,83,1
Ahmedabad,2024-10-25,37.8,46,0
Ahmedabad,2024-10-26,33.5,47,0
Ahmedabad,2024-10-27,32.2,41,0
Ahmedabad,2024-10-28,41.3,41,0
Ahmedabad,2024-10-29,36.1,77,0
Ahmedabad,2024-10-30,32.7,45,0
Ahmedabad,2024-10-31,36.1,71,0
Ahmedabad,2024-11-01,34.1,53,0
Ahmedabad,2024-11-02,34.7,67,0
Ahmedabad,2024-11-03,41.1,58,0
Ahmedabad,2024-11-04,41.3,41,0
Ahmedabad,2024-11-05,34.9,58,0
Ahmedabad,2024-11-06,29.1,74,0
Ahmedabad,2024-11-07,41.9,78,0
Ahmedabad,2024-11-08,40.0,85,0
Ahmedabad,2024-11-09,28.7,68,1
Ahmedabad,2024-11-10,39.5,56,0
Ahmedabad,2024-11-11,30.5,47,1
Ahmedabad,2024-11-12,36.0,80,0
Ahmedabad,2024-11-13,23.8,60,1
Ahmedabad,2024-11-14,29.8,55,0
Ahmedabad,2024-11-15,27.9,70,0
Ahmedabad,2024-11-16,40.2,58,0
Ahmedabad,2024-11-17,32.2,52,0
Ahmedabad,2024-11-18,29.1,78,0
Ahmedabad,2024-11-19,38.8,58,0
Ahmedabad,2024-11-20,32.2,74,0
Ahmedabad,2024-11-21,44.7,84,0
Ahmedabad,2024-11-22,24.6,82,1
Ahmedabad,2024-11-23,27.0,83,0
Ahmedabad,2024-11-24,28.1,74,0
Ahmedabad,2024-11-25,27.6,66,0
Ahmedabad,2024-11-26,35.1,83,0
Ahmedabad,2024-11-27,28.0,78,1
Ahmedabad,2024-11-28,30.1,71,0
Ahmedabad,2024-11-29,31.1,89,1
Ahmedabad,2024-11-30,42.2,62,0
Ahmedabad,2024-12-01,33.3,50,0
Ahmedabad,2024-12-02,37.1,88,1
Ahmedabad,2024-12-03,34.9,89,0
Ahmedabad,2024-12-04,37.6,69,0
Ahmedabad,2024-12-05,33.8,71,0
Ahmedabad,2024-12-06,31.1,83,0
Ahmedabad,2024-12-07,28.8,62,0
Ahmedabad,2024-12-08,36.6,52,0
Ahmedabad,2024-12-09,37.7,74,0
Ahmedabad,2024-12-10,30.4,64,0
Ahmedabad,2024-12-11,36.0,87,0
Ahmedabad,2024-12-12,30.6,41,0
Ahmedabad,2024-12-13,38.5,48,1
Ahmedabad,2024-12-14,39.5,68,0
Ahmedabad,2024-12-15,24.2,52,1
Ahmedabad,2024-12-16,34.2,79,0
Ahmedabad,2024-12-17,33.0,54,0
Ahmedabad,2024-12-18,28.0,86,0
Ahmedabad,2024-12-19,34.7,86,1
Ahmedabad,2024-12-20,52.7,84,0
Ahmedabad,2024-12-21,27.9,70,0
Ahmedabad,2024-12-22,20.1,41,0
Ahmedabad,2024-12-23,25.2,57,0
Ahmedabad,2024-12-24,29.5,60,0
Ahmedabad,2024-12-25,35.1,46,0
Ahmedabad,2024-12-26,32.7,68,0
Ahmedabad,2024-12-27,28.1,77,0
Ahmedabad,2024-12-28,29.4,78,0
Ahmedabad,2024-12-29,30.9,71,0
Ahmedabad,2024-12-30,39.3,67,0
Ahmedabad,2024-12-31,33.3,66,0
Jaipur,2024-01-01,28.6,43,0
Jaipur,2024-01-02,31.6,81,0
Jaipur,2024-01-03,31.6,80,0
Jaipur,2024-01-04,23.7,76,0
Jaipur,2024-01-05,26.1,60,0
Jaipur,2024-01-06,37.5,59,0
Jaipur,2024-01-07,23.6,79,1
Jaipur,2024-01-08,32.3,88,0
Jaipur,2024-01-09,22.7,45,1
Jaipur,2024-01-10,33.4,63,0
Jaipur,2024-01-11,34.5,50,0
Jaipur,2024-01-12,30.7,85,0
Jaipur,2024-01-13,23.5,40,0
Jaipur,2024-01-14,31.8,71,0
Jaipur,2024-01-15,24.0,83,0
Jaipur,2024-01-16,25.7,53,0
Jaipur,2024-01-17,19.3,57,0
Jaipur,2024-01-18,23.3,49,0
Jaipur,2024-01-19,33.3,62,1
Jaipur,2024-01-20,29.7,72,0
Jaipur,2024-01-21,37.6,69,0
Jaipur,2024-01-22,26.2,62,0
Jaipur,2024-01-23,23.4,89,0
Jaipur,2024-01-24,34.8,72,0
Jaipur,2024-01-25,25.6,47,0
Jaipur,2024-01-26,25.8,45,1
Jaipur,2024-01-27,33.4,60,1
Jaipur,2024-01-28,17.1,48,0
Jaipur,2024-01-29,34.7,79,0
Jaipur,2024-01-30,24.9,48,0
Jaipur,2024-01-31,28.9,41,1
Jaipur,2024-02-01,25.5,60,1
Jaipur,2024-02-02,29.0,72,0
Jaipur,2024-02-03,29.5,50,0
Jaipur,2024-02-04,14.9,83,0
Jaipur,2024-02-05,31.8,68,0
Jaipur,2024-02-06,20.1,88,0
Jaipur,2024-02-07,29.5,72,0
Jaipur,2024-02-08,21.6,88,1
Jaipur,2024-02-09,24.9,46,0
Jaipur,2024-02-10,27.8,47,0
Jaipur,2024-02-11,34.0,82,0
Jaipur,2024-02-12,27.8,71,0
Jaipur,2024-02-13,29.0,76,0
Jaipur,2024-02-14,29.9,46,0
Jaipur,2024-02-15,26.1,79,0
Jaipur,2024-02-16,25.6,50,1
Jaipur,2024-02-17,31.5,62,1
Jaipur,2024-02-18,30.3,52,0
Jaipur,2024-02-19,28.7,55,0
Jaipur,2024-02-20,34.6,55,0
Jaipur,2024-02-21,24.1,52,0
Jaipur,2024-02-22,32.7,89,0
Jaipur,2024-02-23,32.8,48,0
Jaipur,2024-02-24,32.0,42,0
Jaipur,2024-02-25,22.1,78,0
Jaipur,2024-02-26,35.8,81,1
Jaipur,2024-02-27,25.5,77,0
Jaipur,2024-02-28,30.2,61,0
Jaipur,2024-02-29,28.1,58,0
Jaipur,2024-03-01,30.4,57,1
Jaipur,2024-03-02,21.9,58,0
Jaipur,2024-03-03,35.6,47,0
Jaipur,2024-03-04,36.4,82,0
Jaipur,2024-03-05,34.5,65,0
Jaipur,2024-03-06,28.7,61,0
Jaipur,2024-03-07,25.3,62,0
Jaipur,2024-03-08,29.3,81,0
Jaipur,2024-03-09,26.6,85,1
Jaipur,2024-03-10,30.3,76,0
Jaipur,2024-03-11,27.3,58,0
Jaipur,2024-03-12,23.3,47,0
Jaipur,2024-03-13,21.6,65,0
Jaipur,2024-03-14,31.5,56,0
Jaipur,2024-03-15,28.8,40,1
Jaipur,2024-03-16,21.1,76,0
Jaipur,2024-03-17,31.3,63,1
Jaipur,2024-03-18,27.5,88,1
Jaipur,2024-03-19,25.8,83,0
Jaipur,2024-03-20,31.9,64,0
Jaipur,2024-03-21,24.9,89,0
Jaipur,2024-03-22,25.2,87,0
Jaipur,2024-03-23,35.3,48,0
Jaipur,2024-03-24,22.1,70,0
Jaipur,2024-03-25,33.2,88,0
Jaipur,2024-03-26,31.4,81,0
Jaipur,2024-03-27,24.7,89,1
Jaipur,2024-03-28,28.3,41,0
Jaipur,2024-03-29,25.6,60,1
Jaipur,2024-03-30,29.2,89,0
Jaipur,2024-03-31,29.6,63,0
Jaipur,2024-04-01,31.4,81,0
Jaipur,2024-04-02,24.3,70,1
Jaipur,2024-04-03,33.2,81,0
Jaipur,2024-04-04,30.2,44,1
Jaipur,2024-04-05,27.9,71,0
Jaipur,2024-04-06,32.9,66,0
Jaipur,2024-04-07,26.9,64,0
Jaipur,2024-04-08,23.3,57,0
Jaipur,2024-04-09,34.0,43,0
Jaipur,2024-04-10,31.9,51,0
Jaipur,2024-04-11,32.9,48,0
Jaipur,2024-04-12,37.8,71,0
Jaipur,2024-04-13,29.9,61,0
Jaipur,2024-04-14,37.0,64,0
Jaipur,2024-04-15,29.9,74,1
Jaipur,2024-04-16,28.5,51,1
Jaipur,2024-04-17,31.2,81,0
Jaipur,2024-04-18,25.7,40,1
Jaipur,2024-04-19,30.2,71,0
Jaipur,2024-04-20,27.4,49,0
Jaipur,2024-04-21,28.6,78,0
Jaipur,2024-04-22,34.4,78,0
Jaipur,2024-04-23,27.5,44,0
Jaipur,2024-04-24,36.8,56,0
Jaipur,2024-04-25,26.9,66,0
Jaipur,2024-04-26,25.9,79,0
Jaipur,2024-04-27,28.0,53,0
Jaipur,2024-04-28,21.3,40,0
Jaipur,2024-04-29,20.3,58,0
Jaipur,2024-04-30,35.7,53,0
Jaipur,2024-05-01,27.1,63,0
Jaipur,2024-05-02,29.8,55,0
Jaipur,2024-05-03,26.3,44,0
Jaipur,2024-05-04,25.6,52,0
Jaipur,2024-05-05,27.6,81,0
Jaipur,2024-05-06,28.3,57,0
Jaipur,2024-05-07,28.5,67,1
Jaipur,2024-05-08,28.4,65,0
Jaipur,2024-05-09,39.4,52,1
Jaipur,2024-05-10,35.5,69,0
Jaipur,2024-05-11,22.3,83,1
Jaipur,2024-05-12,31.2,40,0
Jaipur,2024-05-13,36.8,65,0
Jaipur,2024-05-14,28.6,68,0
Jaipur,2024-05-15,28.0,86,0
Jaipur,2024-05-16,30.1,47,0
Jaipur,2024-05-17,28.5,44,0
Jaipur,2024-05-18,35.0,47,0
Jaipur,2024-05-19,31.8,43,0
Jaipur,2024-05-20,26.4,60,1
Jaipur,2024-05-21,38.9,85,0
Jaipur,2024-05-22,22.9,58,0
Jaipur,2024-05-23,30.4,66,0
Jaipur,2024-05-24,24.2,68,0
Jaipur,2024-05-25,33.2,83,1
Jaipur,2024-05-26,32.7,42,0
Jaipur,2024-05-27,32.3,45,0
Jaipur,2024-05-28,34.8,89,0
Jaipur,2024-05-29,30.4,48,0
Jaipur,2024-05-30,29.9,52,0
Jaipur,2024-05-31,30.7,62,1
Jaipur,2024-06-01,23.8,46,1
Jaipur,2024-06-02,32.8,69,0
Jaipur,2024-06-03,32.9,57,0
Jaipur,2024-06-04,32.6,45,0
Jaipur,2024-06-05,31.8,77,0
Jaipur,2024-06-06,33.3,68,0
Jaipur,2024-06-07,39.2,47,0
Jaipur,2024-06-08,21.9,49,1
Jaipur,2024-06-09,28.6,50,1
Jaipur,2024-06-10,28.3,46,0
Jaipur,2024-06-11,21.5,50,0
Jaipur,2024-06-12,26.3,45,1
Jaipur,2024-06-13,28.7,88,0
Jaipur,2024-06-14,29.2,58,0
Jaipur,2024-06-15,35.1,64,0
Jaipur,2024-06-16,25.4,80,0
Jaipur,2024-06-17,25.2,42,1
Jaipur,2024-06-18,28.4,73,1
Jaipur,2024-06-19,32.3,72,0
Jaipur,2024-06-20,30.5,77,0
Jaipur,2024-06-21,27.7,77,1
Jaipur,2024-06-22,27.5,53,0
Jaipur,2024-06-23,27.5,59,0
Jaipur,2024-06-24,26.0,80,0
Jaipur,2024-06-25,35.1,43,0
Jaipur,2024-06-26,18.4,55,0
Jaipur,2024-06-27,30.5,49,1
Jaipur,2024-06-28,32.0,45,0
Jaipur,2024-06-29,32.0,60,0
Jaipur,2024-06-30,33.6,64,0
Jaipur,2024-07-01,37.5,82,1
Jaipur,2024-07-02,26.8,54,0
Jaipur,2024-07-03,28.5,59,0
Jaipur,2024-07-04,29.8,54,1
Jaipur,2024-07-05,27.0,62,1
Jaipur,2024-07-06,32.1,63,0
Jaipur,2024-07-07,31.4,61,0
Jaipur,2024-07-08,23.5,42,0
Jaipur,2024-07-09,26.0,80,0
Jaipur,2024-07-10,28.0,62,1
Jaipur,2024-07-11,28.7,81,0
Jaipur,2024-07-12,37.4,83,1
Jaipur,2024-07-13,36.1,79,0
Jaipur,2024-07-14,22.7,72,0
Jaipur,2024-07-15,22.0,71,0
Jaipur,2024-07-16,34.9,47,1
Jaipur,2024-07-17,34.5,86,1
Jaipur,2024-07-18,26.4,64,0
Jaipur,2024-07-19,34.8,53,0
Jaipur,2024-07-20,28.4,63,0
Jaipur,2024-07-21,27.0,42,0
Jaipur,2024-07-22,21.1,46,0
Jaipur,2024-07-23,34.6,63,0
Jaipur,2024-07-24,26.6,82,0
Jaipur,2024-07-25,26.8,64,0
Jaipur,2024-07-26,35.5,79,0
Jaipur,2024-07-27,22.3,56,0
Jaipur,2024-07-28,33.8,60,0
Jaipur,2024-07-29,29.7,49,0
Jaipur,2024-07-30,32.4,51,1
Jaipur,2024-07-31,20.9,55,1
Jaipur,2024-08-01,20.6,65,0
Jaipur,2024-08-02,23.0,71,0
Jaipur,2024-08-03,18.6,51,0
Jaipur,2024-08-04,29.0,86,0
Jaipur,2024-08-05,26.0,80,0
Jaipur,2024-08-06,33.0,49,0
Jaipur,2024-08-07,24.0,62,1
Jaipur,2024-08-08,20.2,85,1
Jaipur,2024-08-09,25.4,70,0
Jaipur,2024-08-10,30.6,64,0
Jaipur,2024-08-11,24.9,66,0
Jaipur,2024-08-12,25.8,73,0
Jaipur,2024-08-13,18.0,61,0
Jaipur,2024-08-14,29.7,89,0
Jaipur,2024-08-15,31.2,65,0
Jaipur,2024-08-16,29.9,85,1
Jaipur,2024-08-17,35.2,42,0
Jaipur,2024-08-18,32.4,71,0
Jaipur,2024-08-19,21.9,83,1
Jaipur,2024-08-20,30.0,89,0
Jaipur,2024-08-21,34.6,45,1
Jaipur,2024-08-22,24.5,74,0
Jaipur,2024-08-23,34.6,74,0
Jaipur,2024-08-24,22.2,87,0
Jaipur,2024-08-25,29.0,56,0
Jaipur,2024-08-26,26.5,53,0
Jaipur,2024-08-27,25.2,72,0
Jaipur,2024-08-28,26.3,87,0
Jaipur,2024-08-29,30.5,42,1
Jaipur,2024-08-30,26.9,65,0
Jaipur,2024-08-31,26.9,48,0
Jaipur,2024-09-01,33.1,41,0
Jaipur,2024-09-02,25.9,43,0
Jaipur,2024-09-03,27.6,52,0
Jaipur,2024-09-04,33.7,83,0
Jaipur,2024-09-05,24.2,63,1
Jaipur,2024-09-06,36.2,78,1
Jaipur,2024-09-07,41.3,52,0
Jaipur,2024-09-08,30.3,53,0
Jaipur,2024-09-09,21.9,54,0
Jaipur,2024-09-10,29.8,77,0
Jaipur,2024-09-11,37.2,86,0
Jaipur,2024-09-12,17.7,52,0
Jaipur,2024-09-13,29.8,80,1
Jaipur,2024-09-14,32.4,47,0
Jaipur,2024-09-15,35.2,77,0
Jaipur,2024-09-16,30.3,85,0
Jaipur,2024-09-17,31.2,71,0
Jaipur,2024-09-18,32.1,57,0
Jaipur,2024-09-19,37.4,52,0
Jaipur,2024-09-20,30.5,70,0
Jaipur,2024-09-21,25.9,87,1
Jaipur,2024-09-22,25.3,40,0
Jaipur,2024-09-23,25.3,76,1
Jaipur,2024-09-24,28.6,54,0
Jaipur,2024-09-25,29.4,78,1
Jaipur,2024-09-26,28.0,80,0
Jaipur,2024-09-27,27.0,57,0
Jaipur,2024-09-28,28.6,63,1
Jaipur,2024-09-29,43.7,43,1
Jaipur,2024-09-30,38.2,49,0
Jaipur,2024-10-01,33.6,41,0
Jaipur,2024-10-02,25.4,88,0
Jaipur,2024-10-03,19.7,83,0
Jaipur,2024-10-04,27.3,68,0
Jaipur,2024-10-05,35.2,80,1
Jaipur,2024-10-06,23.8,72,0
Jaipur,2024-10-07,30.7,40,0
Jaipur,2024-10-08,27.6,67,0
Jaipur,2024-10-09,35.0,61,0
Jaipur,2024-10-10,31.3,51,1
Jaipur,2024-10-11,23.7,63,1
Jaipur,2024-10-12,35.8,41,0
Jaipur,2024-10-13,23.0,63,0
Jaipur,2024-10-14,29.3,86,1
Jaipur,2024-10-15,35.3,53,0
Jaipur,2024-10-16,37.5,70,0
Jaipur,2024-10-17,20.0,42,0
Jaipur,2024-10-18,18.9,82,0
Jaipur,2024-10-19,25.0,69,0
Jaipur,2024-10-20,25.5,63,0
Jaipur,2024-10-21,33.7,45,1
Jaipur,2024-10-22,28.0,81,1
Jaipur,2024-10-23,30.3,86,0
Jaipur,2024-10-24,26.7,50,0
Jaipur,2024-10-25,23.4,80,0
Jaipur,2024-10-26,22.3,71,1
Jaipur,2024-10-27,27.7,66,0
Jaipur,2024-10-28,20.1,88,1
Jaipur,2024-10-29,32.8,64,0
Jaipur,2024-10-30,39.8,56,1
Jaipur,2024-10-31,34.2,65,0
Jaipur,2024-11-01,22.6,44,0
Jaipur,2024-11-02,29.0,77,0
Jaipur,2024-11-03,30.2,47,0
Jaipur,2024-11-04,32.7,47,0
Jaipur,2024-11-05,34.0,79,0
Jaipur,2024-11-06,33.7,48,0
Jaipur,2024-11-07,29.9,72,1
Jaipur,2024-11-08,42.9,48,0
Jaipur,2024-11-09,33.9,54,1
Jaipur,2024-11-10,24.0,75,1
Jaipur,2024-11-11,37.0,78,0
Jaipur,2024-11-12,24.8,45,0
Jaipur,2024-11-13,32.9,65,0
Jaipur,2024-11-14,33.2,48,0
Jaipur,2024-11-15,31.7,77,0
Jaipur,2024-11-16,39.5,44,0
Jaipur,2024-11-17,29.9,50,0
Jaipur,2024-11-18,24.2,82,0
Jaipur,2024-11-19,27.0,56,0
Jaipur,2024-11-20,36.9,83,0
Jaipur,2024-11-21,32.3,58,0
Jaipur,2024-11-22,27.7,81,0
Jaipur,2024-11-23,24.0,77,0
Jaipur,2024-11-24,27.8,41,0
Jaipur,2024-11-25,29.3,49,0
Jaipur,2024-11-26,38.1,63,0
Jaipur,2024-11-27,29.7,49,0
Jaipur,2024-11-28,24.6,58,0
Jaipur,2024-11-29,30.4,65,0
Jaipur,2024-11-30,36.3,43,0
Jaipur,2024-12-01,24.4,87,0
Jaipur,2024-12-02,29.2,78,0
Jaipur,2024-12-03,27.0,78,0
Jaipur,2024-12-04,30.7,64,0
Jaipur,2024-12-05,21.2,62,1
Jaipur,2024-12-06,32.9,65,0
Jaipur,2024-12-07,26.2,78,0
Jaipur,2024-12-08,29.6,83,1
Jaipur,2024-12-09,22.8,49,1
Jaipur,2024-12-10,25.8,43,0
Jaipur,2024-12-11,24.2,65,0
Jaipur,2024-12-12,36.6,87,0
Jaipur,2024-12-13,32.7,70,1
Jaipur,2024-12-14,27.7,62,0
Jaipur,2024-12-15,33.5,67,0
Jaipur,2024-12-16,23.7,82,0
Jaipur,2024-12-17,24.8,65,0
Jaipur,2024-12-18,29.5,67,0
Jaipur,2024-12-19,25.4,56,0
Jaipur,2024-12-20,29.2,77,0
Jaipur,2024-12-21,39.6,87,0
Jaipur,2024-12-22,34.4,52,1
Jaipur,2024-12-23,27.3,56,0
Jaipur,2024-12-24,28.3,44,0
Jaipur,2024-12-25,27.3,50,0
Jaipur,2024-12-26,29.7,62,1
Jaipur,2024-12-27,25.9,76,0
Jaipur,2024-12-28,36.8,71,0
Jaipur,2024-12-29,25.9,89,1
Jaipur,2024-12-30,26.5,57,0
Jaipur,2024-12-31,30.0,42,1
Lucknow,2024-01-01,21.2,40,0
Lucknow,2024-01-02,30.1,52,0
Lucknow,2024-01-03,29.5,85,0
Lucknow,2024-01-04,20.7,67,0
Lucknow,2024-01-05,15.8,51,0
Lucknow,2024-01-06,22.4,78,0
Lucknow,2024-01-07,15.6,74,0
Lucknow,2024-01-08,18.9,52,0
Lucknow,2024-01-09,24.7,52,0
Lucknow,2024-01-10,14.2,67,1
Lucknow,2024-01-11,19.6,80,0
Lucknow,2024-01-12,28.6,61,0
Lucknow,2024-01-13,24.3,84,0
Lucknow,2024-01-14,29.8,84,1
Lucknow,2024-01-15,21.5,62,1
Lucknow,2024-01-16,29.8,75,0
Lucknow,2024-01-17,18.4,62,1
Lucknow,2024-01-18,21.0,72,0
Lucknow,2024-01-19,22.9,86,0
Lucknow,2024-01-20,25.3,47,0
Lucknow,2024-01-21,24.9,63,0
Lucknow,2024-01-22,25.7,48,1
Lucknow,2024-01-23,29.6,51,1
Lucknow,2024-01-24,26.7,88,0
Lucknow,2024-01-25,19.0,44,0
Lucknow,2024-01-26,23.9,72,0
Lucknow,2024-01-27,19.4,66,0
Lucknow,2024-01-28,22.8,78,0
Lucknow,2024-01-29,23.2,68,0
Lucknow,2024-01-30,29.1,84,1
Lucknow,2024-01-31,25.6,89,0
Lucknow,2024-02-01,26.2,67,0
Lucknow,2024-02-02,27.4,40,0
Lucknow,2024-02-03,23.8,71,0
Lucknow,2024-02-04,23.4,44,1
Lucknow,2024-02-05,18.3,81,1
Lucknow,2024-02-06,28.6,62,0
Lucknow,2024-02-07,30.6,64,0
Lucknow,2024-02-08,25.7,50,1
Lucknow,2024-02-09,34.2,85,1
Lucknow,2024-02-10,18.4,42,0
Lucknow,2024-02-11,27.3,86,0
Lucknow,2024-02-12,32.6,80,0
Lucknow,2024-02-13,19.9,44,1
Lucknow,2024-02-14,26.8,62,0
Lucknow,2024-02-15,27.9,66,0
Lucknow,2024-02-16,18.0,46,0
Lucknow,2024-02-17,19.8,66,0
Lucknow,2024-02-18,22.9,43,0
Lucknow,2024-02-19,23.0,57,0
Lucknow,2024-02-20,27.1,86,0
Lucknow,2024-02-21,19.8,51,0
Lucknow,2024-02-22,23.7,80,0
Lucknow,2024-02-23,25.0,71,0
Lucknow,2024-02-24,26.9,55,0
Lucknow,2024-02-25,18.9,42,0
Lucknow,2024-02-26,30.0,85,0
Lucknow,2024-02-27,24.8,65,0
Lucknow,2024-02-28,24.9,58,1
Lucknow,2024-02-29,23.7,67,0
Lucknow,2024-03-01,21.0,77,0
Lucknow,2024-03-02,24.5,85,0
Lucknow,2024-03-03,25.8,89,0
Lucknow,2024-03-04,23.1,52,0
Lucknow,2024-03-05,27.6,79,0
Lucknow,2024-03-06,30.5,55,0
Lucknow,2024-03-07,17.8,80,0
Lucknow,2024-03-08,22.0,62,0
Lucknow,2024-03-09,22.3,74,0
Lucknow,2024-03-10,15.5,57,1
Lucknow,2024-03-11,30.8,52,0
Lucknow,2024-03-12,31.4,53,0
Lucknow,2024-03-13,19.8,89,0
Lucknow,2024-03-14,23.1,63,0
Lucknow,2024-03-15,20.3,44,0
Lucknow,2024-03-16,20.4,76,1
Lucknow,2024-03-17,18.6,85,0
Lucknow,2024-03-18,26.0,78,0
Lucknow,2024-03-19,20.6,78,0
Lucknow,2024-03-20,17.1,61,0
Lucknow,2024-03-21,26.9,68,1
Lucknow,2024-03-22,19.2,73,0
Lucknow,2024-03-23,20.6,87,1
Lucknow,2024-03-24,19.4,59,1
Lucknow,2024-03-25,26.6,45,0
Lucknow,2024-03-26,21.9,45,0
Lucknow,2024-03-27,18.9,80,0
Lucknow,2024-03-28,28.4,83,0
Lucknow,2024-03-29,20.7,51,0
Lucknow,2024-03-30,16.1,60,0
Lucknow,2024-03-31,26.9,47,0
Lucknow,2024-04-01,23.3,71,0
Lucknow,2024-04-02,20.7,86,0
Lucknow,2024-04-03,26.6,52,0
Lucknow,2024-04-04,20.5,44,0
Lucknow,2024-04-05,26.4,76,0
Lucknow,2024-04-06,28.1,55,0
Lucknow,2024-04-07,26.8,50,0
Lucknow,2024-04-08,17.6,68,0
Lucknow,2024-04-09,25.6,81,0
Lucknow,2024-04-10,18.3,87,0
Lucknow,2024-04-11,10.9,66,0
Lucknow,2024-04-12,21.3,83,0
Lucknow,2024-04-13,23.6,62,1
Lucknow,2024-04-14,23.3,76,1
Lucknow,2024-04-15,28.6,46,0
Lucknow,2024-04-16,27.0,79,0
Lucknow,2024-04-17,34.8,86,0
Lucknow,2024-04-18,29.3,76,0
Lucknow,2024-04-19,19.5,70,0
Lucknow,2024-04-20,25.6,66,1
Lucknow,2024-04-21,27.6,77,0
Lucknow,2024-04-22,14.4,87,0
Lucknow,2024-04-23,27.0,76,0
Lucknow,2024-04-24,30.2,82,0
Lucknow,2024-04-25,21.7,67,0
Lucknow,2024-04-26,21.6,40,0
Lucknow,2024-04-27,30.2,62,0
Lucknow,2024-04-28,27.7,43,0
Lucknow,2024-04-29,26.9,75,1
Lucknow,2024-04-30,19.3,76,0
Lucknow,2024-05-01,26.9,61,0
Lucknow,2024-05-02,26.1,76,0
Lucknow,2024-05-03,15.8,74,0
Lucknow,2024-05-04,28.0,57,0
Lucknow,2024-05-05,26.2,68,0
Lucknow,2024-05-06,31.7,85,0
Lucknow,2024-05-07,18.0,55,1
Lucknow,2024-05-08,21.6,61,0
Lucknow,2024-05-09,31.0,82,0
Lucknow,2024-05-10,22.7,65,0
Lucknow,2024-05-11,24.4,64,1
Lucknow,2024-05-12,17.4,69,0
Lucknow,2024-05-13,26.3,79,1
Lucknow,2024-05-14,23.2,61,0
Lucknow,2024-05-15,21.6,41,0
Lucknow,2024-05-16,10.6,82,0
Lucknow,2024-05-17,18.6,78,0
Lucknow,2024-05-18,28.4,71,0
Lucknow,2024-05-19,23.0,72,0
Lucknow,2024-05-20,20.3,46,1
Lucknow,2024-05-21,17.3,75,0
Lucknow,2024-05-22,27.9,82,0
Lucknow,2024-05-23,29.5,68,0
Lucknow,2024-05-24,27.5,57,0
Lucknow,2024-05-25,28.1,64,0
Lucknow,2024-05-26,25.2,88,0
Lucknow,2024-05-27,19.5,72,0
Lucknow,2024-05-28,28.5,73,0
Lucknow,2024-05-29,16.1,58,0
Lucknow,2024-05-30,27.4,43,0
Lucknow,2024-05-31,22.3,69,0
Lucknow,2024-06-01,33.4,59,0
Lucknow,2024-06-02,20.8,66,0
Lucknow,2024-06-03,27.5,88,1
Lucknow,2024-06-04,18.6,64,0
Lucknow,2024-06-05,20.2,64,0
Lucknow,2024-06-06,23.4,50,0
Lucknow,2024-06-07,19.3,59,0
Lucknow,2024-06-08,21.6,80,0
Lucknow,2024-06-09,31.7,53,0
Lucknow,2024-06-10,18.8,87,0
Lucknow,2024-06-11,22.1,40,0
Lucknow,2024-06-12,21.6,61,1
Lucknow,2024-06-13,30.3,77,0
Lucknow,2024-06-14,21.7,81,0
Lucknow,2024-06-15,24.4,48,0
Lucknow,2024-06-16,22.9,82,1
Lucknow,2024-06-17,17.8,50,0
Lucknow,2024-06-18,26.8,59,1
Lucknow,2024-06-19,32.7,88,0
Lucknow,2024-06-20,27.9,58,0
Lucknow,2024-06-21,35.3,57,0
Lucknow,2024-06-22,25.6,82,0
Lucknow,2024-06-23,21.9,65,0
Lucknow,2024-06-24,21.5,41,0
Lucknow,2024-06-25,15.9,84,0
Lucknow,2024-06-26,25.7,80,1
Lucknow,2024-06-27,30.7,61,0
Lucknow,2024-06-28,17.4,75,0
Lucknow,2024-06-29,27.6,78,0
Lucknow,2024-06-30,21.1,45,0
Lucknow,2024-07-01,24.5,57,1
Lucknow,2024-07-02,35.2,88,0
Lucknow,2024-07-03,29.5,41,0
Lucknow,2024-07-04,21.6,73,1
Lucknow,2024-07-05,24.8,59,1
Lucknow,2024-07-06,20.7,89,1
Lucknow,2024-07-07,25.7,68,0
Lucknow,2024-07-08,20.1,40,0
Lucknow,2024-07-09,21.0,71,0
Lucknow,2024-07-10,22.7,63,0
Lucknow,2024-07-11,29.1,62,0
Lucknow,2024-07-12,24.4,60,0
Lucknow,2024-07-13,23.4,75,0
Lucknow,2024-07-14,23.7,66,1
Lucknow,2024-07-15,28.4,86,0
Lucknow,2024-07-16,19.3,80,0
Lucknow,2024-07-17,27.6,82,0
Lucknow,2024-07-18,27.9,73,0
Lucknow,2024-07-19,19.1,51,0
Lucknow,2024-07-20,23.7,86,0
Lucknow,2024-07-21,22.5,68,0
Lucknow,2024-07-22,23.0,75,0
Lucknow,2024-07-23,24.3,53,0
Lucknow,2024-07-24,21.7,82,0
Lucknow,2024-07-25,24.9,49,0
Lucknow,2024-07-26,19.7,46,0
Lucknow,2024-07-27,22.0,58,0
Lucknow,2024-07-28,15.8,66,0
Lucknow,2024-07-29,23.7,81,0
Lucknow,2024-07-30,29.9,58,1
Lucknow,2024-07-31,15.9,72,0
Lucknow,2024-08-01,25.2,67,0
Lucknow,2024-08-02,26.0,85,0
Lucknow,2024-08-03,14.5,79,0
Lucknow,2024-08-04,23.5,41,0
Lucknow,2024-08-05,17.5,50,0
Lucknow,2024-08-06,28.2,54,0
Lucknow,2024-08-07,21.2,67,1
Lucknow,2024-08-08,28.0,48,0
Lucknow,2024-08-09,21.7,87,0
Lucknow,2024-08-10,32.6,65,0
Lucknow,2024-08-11,22.6,50,0
Lucknow,2024-08-12,18.8,74,0
Lucknow,2024-08-13,22.1,62,1
Lucknow,2024-08-14,19.8,70,0
Lucknow,2024-08-15,20.9,42,0
Lucknow,2024-08-16,31.4,70,0
Lucknow,2024-08-17,29.1,51,0
Lucknow,2024-08-18,22.7,69,0
Lucknow,2024-08-19,18.4,49,0
Lucknow,2024-08-20,22.0,84,1
Lucknow,2024-08-21,18.7,85,0
Lucknow,2024-08-22,29.1,43,0
Lucknow,2024-08-23,20.6,49,0
Lucknow,2024-08-24,24.1,52,0
Lucknow,2024-08-25,24.6,56,0
Lucknow,2024-08-26,25.3,63,0
Lucknow,2024-08-27,22.4,60,0
Lucknow,2024-08-28,13.7,74,1
Lucknow,2024-08-29,21.0,78,0
Lucknow,2024-08-30,30.6,40,1
Lucknow,2024-08-31,26.6,73,0
Lucknow,2024-09-01,29.6,42,0
Lucknow,2024-09-02,34.4,64,0
Lucknow,2024-09-03,27.6,73,0
Lucknow,2024-09-04,24.5,65,1
Lucknow,2024-09-05,26.9,81,1
Lucknow,2024-09-06,23.8,78,1
Lucknow,2024-09-07,27.8,84,0
Lucknow,2024-09-08,24.9,53,0
Lucknow,2024-09-09,32.0,81,0
Lucknow,2024-09-10,20.7,60,0
Lucknow,2024-09-11,32.5,78,1
Lucknow,2024-09-12,26.6,77,0
Lucknow,2024-09-13,32.8,69,0
Lucknow,2024-09-14,19.0,78,0
Lucknow,2024-09-15,29.4,44,0
Lucknow,2024-09-16,25.2,81,0
Lucknow,2024-09-17,26.8,44,1
Lucknow,2024-09-18,22.9,63,0
Lucknow,2024-09-19,24.1,54,0
Lucknow,2024-09-20,30.0,43,0
Lucknow,2024-09-21,18.1,83,0
Lucknow,2024-09-22,17.5,79,0
Lucknow,2024-09-23,25.4,74,1
Lucknow,2024-09-24,18.6,48,1
Lucknow,2024-09-25,24.0,67,1
Lucknow,2024-09-26,23.3,45,0
Lucknow,2024-09-27,23.2,85,0
Lucknow,2024-09-28,24.0,66,0
Lucknow,2024-09-29,23.3,82,0
Lucknow,2024-09-30,25.0,49,1
Lucknow,2024-10-01,21.5,66,0
Lucknow,2024-10-02,17.8,75,0
Lucknow,2024-10-03,19.9,85,1
Lucknow,2024-10-04,20.2,49,0
Lucknow,2024-10-05,26.3,67,0
Lucknow,2024-10-06,26.4,71,0
Lucknow,2024-10-07,25.2,89,1
Lucknow,2024-10-08,27.2,42,0
Lucknow,2024-10-09,22.6,85,0
Lucknow,2024-10-10,30.0,61,0
Lucknow,2024-10-11,34.9,86,0
Lucknow,2024-10-12,32.2,82,1
Lucknow,2024-10-13,25.6,51,0
Lucknow,2024-10-14,26.6,77,0
Lucknow,2024-10-15,30.6,54,0
Lucknow,2024-10-16,14.3,48,0
Lucknow,2024-10-17,25.3,57,0
Lucknow,2024-10-18,15.0,78,1
Lucknow,2024-10-19,19.3,76,0
Lucknow,2024-10-20,24.6,53,0
Lucknow,2024-10-21,21.0,75,0
Lucknow,2024-10-22,15.5,46,0
Lucknow,2024-10-23,28.1,63,0
Lucknow,2024-10-24,21.5,51,0
Lucknow,2024-10-25,31.3,60,1
Lucknow,2024-10-26,19.7,42,1
Lucknow,2024-10-27,24.1,61,0
Lucknow,2024-10-28,22.9,40,0
Lucknow,2024-10-29,22.4,57,0
Lucknow,2024-10-30,23.0,57,0
Lucknow,2024-10-31,30.9,65,1
Lucknow,2024-11-01,12.9,51,1
Lucknow,2024-11-02,25.4,51,0
Lucknow,2024-11-03,19.0,58,0
Lucknow,2024-11-04,17.6,67,0
Lucknow,2024-11-05,24.8,58,1
Lucknow,2024-11-06,26.3,87,1
Lucknow,2024-11-07,27.5,86,1
Lucknow,2024-11-08,23.7,59,0
Lucknow,2024-11-09,20.7,81,0
Lucknow,2024-11-10,17.6,43,0
Lucknow,2024-11-11,18.4,66,0
Lucknow,2024-11-12,26.2,65,1
Lucknow,2024-11-13,27.2,52,0
Lucknow,2024-11-14,24.4,66,0
Lucknow,2024-11-15,23.3,55,0
Lucknow,2024-11-16,19.1,72,0
Lucknow,2024-11-17,18.7,66,0
Lucknow,2024-11-18,22.5,57,0
Lucknow,2024-11-19,30.9,50,1
Lucknow,2024-11-20,27.3,61,0
Lucknow,2024-11-21,26.2,77,1
Lucknow,2024-11-22,22.3,71,0
Lucknow,2024-11-23,22.8,64,0
Lucknow,2024-11-24,29.2,54,0
Lucknow,2024-11-25,28.1,89,1
Lucknow,2024-11-26,12.5,87,0
Lucknow,2024-11-27,23.2,62,0
Lucknow,2024-11-28,23.3,40,1
Lucknow,2024-11-29,20.7,86,0
Lucknow,2024-11-30,18.5,57,0
Lucknow,2024-12-01,27.6,76,1
Lucknow,2024-12-02,24.1,49,0
Lucknow,2024-12-03,28.3,72,0
Lucknow,2024-12-04,19.4,75,0
Lucknow,2024-12-05,17.7,49,0
Lucknow,2024-12-06,22.3,53,0
Lucknow,2024-12-07,26.2,64,0
Lucknow,2024-12-08,26.6,77,0
Lucknow,2024-12-09,27.0,69,0
Lucknow,2024-12-10,20.1,43,0
Lucknow,2024-12-11,21.9,75,0
Lucknow,2024-12-12,27.9,47,0
Lucknow,2024-12-13,21.8,59,0
Lucknow,2024-12-14,29.2,44,1
Lucknow,2024-12-15,21.1,72,0
Lucknow,2024-12-16,24.2,62,0
Lucknow,2024-12-17,23.9,63,0
Lucknow,2024-12-18,13.1,71,0
Lucknow,2024-12-19,27.2,88,0
Lucknow,2024-12-20,25.1,88,0
Lucknow,2024-12-21,24.3,65,1
Lucknow,2024-12-22,31.1,58,0
Lucknow,2024-12-23,20.5,89,1
Lucknow,2024-12-24,22.8,73,0
Lucknow,2024-12-25,23.7,87,0
Lucknow,2024-12-26,26.7,63,0
Lucknow,2024-12-27,26.6,43,0
Lucknow,2024-12-28,33.5,55,0
Lucknow,2024-12-29,19.3,48,0
Lucknow,2024-12-30,32.3,82,0
Lucknow,2024-12-31,15.4,65,1
Indore,2024-01-01,30.2,77,0
Indore,2024-01-02,16.6,45,0
Indore,2024-01-03,34.8,87,1
Indore,2024-01-04,30.8,44,0
Indore,2024-01-05,25.7,68,0
Indore,2024-01-06,27.7,89,1
Indore,2024-01-07,23.6,51,0
Indore,2024-01-08,22.4,84,0
Indore,2024-01-09,29.4,76,1
Indore,2024-01-10,19.4,54,0
Indore,2024-01-11,25.5,80,0
Indore,2024-01-12,27.3,48,0
Indore,2024-01-13,29.1,85,0
Indore,2024-01-14,14.1,50,0
Indore,2024-01-15,29.6,68,0
Indore,2024-01-16,28.8,46,0
Indore,2024-01-17,25.5,57,0
Indore,2024-01-18,23.6,70,0
Indore,2024-01-19,33.1,70,0
Indore,2024-01-20,34.7,51,0
Indore,2024-01-21,23.4,42,1
Indore,2024-01-22,30.6,67,0
Indore,2024-01-23,27.8,56,0
Indore,2024-01-24,31.0,65,0
Indore,2024-01-25,30.0,58,0
Indore,2024-01-26,22.3,50,0
Indore,2024-01-27,26.4,56,1
Indore,2024-01-28,23.3,78,0
Indore,2024-01-29,27.5,50,1
Indore,2024-01-30,28.1,50,0
Indore,2024-01-31,28.0,41,0
Indore,2024-02-01,27.7,75,0
Indore,2024-02-02,34.2,68,1
Indore,2024-02-03,34.8,86,0
Indore,2024-02-04,35.3,51,0
Indore,2024-02-05,27.4,46,0
Indore,2024-02-06,32.9,44,0
Indore,2024-02-07,29.0,86,1
Indore,2024-02-08,17.4,61,0
Indore,2024-02-09,24.1,49,0
Indore,2024-02-10,36.5,66,0
Indore,2024-02-11,26.9,79,0
Indore,2024-02-12,22.2,47,0
Indore,2024-02-13,32.3,86,0
Indore,2024-02-14,24.5,64,1
Indore,2024-02-15,27.9,89,0
Indore,2024-02-16,27.5,74,0
Indore,2024-02-17,32.2,64,0
Indore,2024-02-18,24.7,47,0
Indore,2024-02-19,30.7,86,0
Indore,2024-02-20,26.0,54,0
Indore,2024-02-21,29.4,47,0
Indore,2024-02-22,26.5,89,0
Indore,2024-02-23,26.7,51,1
Indore,2024-02-24,38.3,79,0
Indore,2024-02-25,24.8,44,0
Indore,2024-02-26,25.1,43,0
Indore,2024-02-27,31.3,64,0
Indore,2024-02-28,28.5,59,0
Indore,2024-02-29,18.3,62,0
Indore,2024-03-01,33.0,83,0
Indore,2024-03-02,33.8,66,1
Indore,2024-03-03,24.1,68,0
Indore,2024-03-04,15.1,41,0
Indore,2024-03-05,31.2,80,0
Indore,2024-03-06,18.0,56,0
Indore,2024-03-07,32.2,44,0
Indore,2024-03-08,21.2,55,0
Indore,2024-03-09,23.0,54,0
Indore,2024-03-10,27.7,77,0
Indore,2024-03-11,30.7,50,0
Indore,2024-03-12,22.2,49,0
Indore,2024-03-13,27.7,85,0
Indore,2024-03-14,17.7,62,0
Indore,2024-03-15,18.6,67,0
Indore,2024-03-16,30.9,63,0
Indore,2024-03-17,17.4,82,0
Indore,2024-03-18,24.5,46,1
Indore,2024-03-19,32.3,64,0
Indore,2024-03-20,18.8,84,0
Indore,2024-03-21,23.9,40,0
Indore,2024-03-22,33.4,60,1
Indore,2024-03-23,25.5,81,0
Indore,2024-03-24,25.5,79,0
Indore,2024-03-25,26.6,48,0
Indore,2024-03-26,27.6,69,0
Indore,2024-03-27,32.3,64,1
Indore,2024-03-28,34.4,74,0
Indore,2024-03-29,27.5,79,0
Indore,2024-03-30,21.8,73,0
Indore,2024-03-31,31.0,79,0
Indore,2024-04-01,29.8,71,0
Indore,2024-04-02,18.2,87,1
Indore,2024-04-03,34.4,46,1
Indore,2024-04-04,27.6,82,0
Indore,2024-04-05,21.5,41,0
Indore,2024-04-06,28.7,87,0
Indore,2024-04-07,22.0,51,0
Indore,2024-04-08,23.3,82,0
Indore,2024-04-09,25.9,66,0
Indore,2024-04-10,25.7,40,0
Indore,2024-04-11,32.8,86,0
Indore,2024-04-12,27.9,70,0
Indore,2024-04-13,16.4,62,1
Indore,2024-04-14,12.8,70,0
Indore,2024-04-15,26.6,66,0
Indore,2024-04-16,29.2,83,0
Indore,2024-04-17,26.5,84,0
Indore,2024-04-18,27.2,54,0
Indore,2024-04-19,32.0,41,0
Indore,2024-04-20,22.3,47,0
Indore,2024-04-21,22.7,78,0
Indore,2024-04-22,16.2,76,1
Indore,2024-04-23,22.7,53,0
Indore,2024-04-24,22.7,53,0
Indore,2024-04-25,26.0,66,1
Indore,2024-04-26,33.0,71,0
Indore,2024-04-27,29.1,84,0
Indore,2024-04-28,30.3,76,0
Indore,2024-04-29,28.0,57,1
Indore,2024-04-30,23.0,68,1
Indore,2024-05-01,28.6,48,1
Indore,2024-05-02,18.4,81,0
Indore,2024-05-03,33.0,72,0
Indore,2024-05-04,32.8,56,0
Indore,2024-05-05,22.1,60,0
Indore,2024-05-06,26.9,61,0
Indore,2024-05-07,27.4,43,0
Indore,2024-05-08,32.0,54,0
Indore,2024-05-09,25.7,80,0
Indore,2024-05-10,26.3,79,0
Indore,2024-05-11,25.2,43,0
Indore,2024-05-12,25.7,45,0
Indore,2024-05-13,25.0,79,1
Indore,2024-05-14,22.8,71,1
Indore,2024-05-15,13.2,55,1
Indore,2024-05-16,30.2,84,0
Indore,2024-05-17,22.7,83,0
Indore,2024-05-18,20.8,85,0
Indore,2024-05-19,34.7,80,0
Indore,2024-05-20,28.4,41,0
Indore,2024-05-21,27.5,84,0
Indore,2024-05-22,32.6,81,0
Indore,2024-05-23,25.3,41,0
Indore,2024-05-24,19.8,45,0
Indore,2024-05-25,32.6,85,0
Indore,2024-05-26,23.2,89,0
Indore,2024-05-27,20.9,74,0
Indore,2024-05-28,20.8,49,0
Indore,2024-05-29,21.9,70,0
Indore,2024-05-30,25.8,72,1
Indore,2024-05-31,23.0,68,0
Indore,2024-06-01,31.3,68,1
Indore,2024-06-02,31.5,58,1
Indore,2024-06-03,28.2,54,0
Indore,2024-06-04,19.3,58,0
Indore,2024-06-05,21.7,79,1
Indore,2024-06-06,34.4,60,0
Indore,2024-06-07,22.1,80,0
Indore,2024-06-08,30.0,65,0
Indore,2024-06-09,33.8,76,0
Indore,2024-06-10,26.0,43,0
Indore,2024-06-11,21.7,82,0
Indore,2024-06-12,27.7,69,0
Indore,2024-06-13,27.5,79,0
Indore,2024-06-14,23.0,73,0
Indore,2024-06-15,23.5,52,0
Indore,2024-06-16,29.4,41,0
Indore,2024-06-17,32.2,86,1
Indore,2024-06-18,21.5,76,0
Indore,2024-06-19,36.7,71,0
Indore,2024-06-20,23.9,83,0
Indore,2024-06-21,13.5,67,1
Indore,2024-06-22,25.6,59,0
Indore,2024-06-23,29.6,63,0
Indore,2024-06-24,26.8,76,0
Indore,2024-06-25,24.8,70,0
Indore,2024-06-26,23.1,77,0
Indore,2024-06-27,39.6,48,0
Indore,2024-06-28,33.0,77,0
Indore,2024-06-29,33.0,63,0
Indore,2024-06-30,28.4,49,0
Indore,2024-07-01,26.2,64,0
Indore,2024-07-02,15.9,86,0
Indore,2024-07-03,25.9,47,0
Indore,2024-07-04,29.5,62,0
Indore,2024-07-05,28.0,45,0
Indore,2024-07-06,15.8,59,0
Indore,2024-07-07,30.7,57,1
Indore,2024-07-08,24.4,57,1
Indore,2024-07-09,25.4,42,0
Indore,2024-07-10,37.2,74,0
Indore,2024-07-11,29.6,59,0
Indore,2024-07-12,22.7,44,1
Indore,2024-07-13,35.4,82,0
Indore,2024-07-14,32.4,73,1
Indore,2024-07-15,26.8,77,0
Indore,2024-07-16,38.1,57,0
Indore,2024-07-17,25.7,40,0
Indore,2024-07-18,27.5,86,0
Indore,2024-07-19,18.6,45,0
Indore,2024-07-20,29.6,63,1
Indore,2024-07-21,33.9,62,0
Indore,2024-07-22,26.2,73,0
Indore,2024-07-23,19.0,83,0
Indore,2024-07-24,25.1,70,0
Indore,2024-07-25,26.7,53,0
Indore,2024-07-26,25.5,52,1
Indore,2024-07-27,32.4,54,1
Indore,2024-07-28,34.8,47,0
Indore,2024-07-29,30.4,41,0
Indore,2024-07-30,23.2,68,0
Indore,2024-07-31,30.1,68,1
Indore,2024-08-01,28.2,63,0
Indore,2024-08-02,27.4,75,0
Indore,2024-08-03,33.9,52,0
Indore,2024-08-04,27.4,56,0
Indore,2024-08-05,29.1,63,1
Indore,2024-08-06,28.8,55,0
Indore,2024-08-07,24.0,69,0
Indore,2024-08-08,28.0,65,0
Indore,2024-08-09,27.3,47,0
Indore,2024-08-10,31.9,88,0
Indore,2024-08-11,36.9,81,0
Indore,2024-08-12,33.0,64,1
Indore,2024-08-13,40.2,82,0
Indore,2024-08-14,34.6,64,0
Indore,2024-08-15,27.2,73,0
Indore,2024-08-16,28.7,57,0
Indore,2024-08-17,18.7,50,0
Indore,2024-08-18,26.4,76,1
Indore,2024-08-19,29.6,40,1
Indore,2024-08-20,30.0,42,0
Indore,2024-08-21,29.4,52,1
Indore,2024-08-22,28.8,84,0
Indore,2024-08-23,25.4,59,0
Indore,2024-08-24,21.9,43,0
Indore,2024-08-25,27.9,89,0
Indore,2024-08-26,31.8,79,0
Indore,2024-08-27,26.7,48,0
Indore,2024-08-28,25.7,60,0
Indore,2024-08-29,18.8,48,0
Indore,2024-08-30,29.9,83,1
Indore,2024-08-31,29.5,84,0
Indore,2024-09-01,23.4,82,0
Indore,2024-09-02,26.8,85,0
Indore,2024-09-03,17.8,69,0
Indore,2024-09-04,25.4,41,1
Indore,2024-09-05,31.2,64,0
Indore,2024-09-06,22.2,54,0
Indore,2024-09-07,33.3,42,0
Indore,2024-09-08,30.0,79,0
Indore,2024-09-09,23.5,82,0
Indore,2024-09-10,30.6,71,0
Indore,2024-09-11,33.8,53,0
Indore,2024-09-12,21.6,70,0
Indore,2024-09-13,24.9,44,0
Indore,2024-09-14,37.2,74,0
Indore,2024-09-15,28.9,65,0
Indore,2024-09-16,35.7,50,1
Indore,2024-09-17,23.4,59,0
Indore,2024-09-18,30.5,65,1
Indore,2024-09-19,35.2,61,0
Indore,2024-09-20,31.3,65,1
Indore,2024-09-21,32.9,76,0
Indore,2024-09-22,35.3,68,0
Indore,2024-09-23,24.6,41,1
Indore,2024-09-24,26.6,59,0
Indore,2024-09-25,26.3,78,0
Indore,2024-09-26,32.5,73,0
Indore,2024-09-27,28.7,40,0
Indore,2024-09-28,27.7,80,0
Indore,2024-09-29,23.8,84,0
Indore,2024-09-30,33.0,41,0
Indore,2024-10-01,21.5,55,0
Indore,2024-10-02,30.9,51,0
Indore,2024-10-03,28.0,76,0
Indore,2024-10-04,27.9,80,1
Indore,2024-10-05,32.0,41,0
Indore,2024-10-06,24.2,87,1
Indore,2024-10-07,28.1,86,1
Indore,2024-10-08,29.4,82,0
Indore,2024-10-09,28.1,87,1
Indore,2024-10-10,16.5,41,1
Indore,2024-10-11,24.5,87,0
Indore,2024-10-12,27.4,47,0
Indore,2024-10-13,19.8,40,0
Indore,2024-10-14,29.4,43,0
Indore,2024-10-15,23.2,74,1
Indore,2024-10-16,28.6,53,0
Indore,2024-10-17,20.2,49,0
Indore,2024-10-18,25.8,55,1
Indore,2024-10-19,32.3,80,0
Indore,2024-10-20,22.4,45,0
Indore,2024-10-21,28.8,63,0
Indore,2024-10-22,24.9,73,0
Indore,2024-10-23,32.8,88,0
Indore,2024-10-24,36.3,57,0
Indore,2024-10-25,22.8,62,0
Indore,2024-10-26,30.6,54,0
Indore,2024-10-27,27.1,64,1
Indore,2024-10-28,30.6,70,1
Indore,2024-10-29,31.1,63,0
Indore,2024-10-30,33.1,58,0
Indore,2024-10-31,28.0,50,0
Indore,2024-11-01,30.9,58,0
Indore,2024-11-02,29.6,65,0
Indore,2024-11-03,27.6,87,1
Indore,2024-11-04,28.0,58,0
Indore,2024-11-05,34.3,68,0
Indore,2024-11-06,26.3,76,0
Indore,2024-11-07,25.7,67,0
Indore,2024-11-08,33.5,64,0
Indore,2024-11-09,30.3,79,0
Indore,2024-11-10,25.8,60,0
Indore,2024-11-11,32.3,63,1
Indore,2024-11-12,35.0,47,0
Indore,2024-11-13,21.8,65,0
Indore,2024-11-14,23.5,78,1
Indore,2024-11-15,22.1,53,1
Indore,2024-11-16,37.0,67,0
Indore,2024-11-17,29.1,47,0
Indore,2024-11-18,26.8,51,0
Indore,2024-11-19,26.9,67,0
Indore,2024-11-20,24.7,58,1
Indore,2024-11-21,30.2,69,0
Indore,2024-11-22,22.4,69,0
Indore,2024-11-23,15.2,71,0
Indore,2024-11-24,22.0,42,0
Indore,2024-11-25,20.2,49,0
Indore,2024-11-26,24.3,62,0
Indore,2024-11-27,30.9,59,0
Indore,2024-11-28,29.1,81,1
Indore,2024-11-29,27.4,60,0
Indore,2024-11-30,24.9,49,0
Indore,2024-12-01,28.6,88,1
Indore,2024-12-02,25.2,77,0
Indore,2024-12-03,26.1,85,0
Indore,2024-12-04,31.8,47,0
Indore,2024-12-05,27.8,50,0
Indore,2024-12-06,29.7,47,0
Indore,2024-12-07,32.4,42,1
Indore,2024-12-08,29.0,69,0
Indore,2024-12-09,23.7,67,1
Indore,2024-12-10,35.5,64,0
Indore,2024-12-11,22.8,65,0
Indore,2024-12-12,27.7,53,0
Indore,2024-12-13,26.5,55,1
Indore,2024-12-14,31.2,56,1
Indore,2024-12-15,19.7,52,0
Indore,2024-12-16,23.2,85,0
Indore,2024-12-17,20.8,73,0
Indore,2024-12-18,26.0,56,1
Indore,2024-12-19,39.9,69,0
Indore,2024-12-20,27.1,75,0
Indore,2024-12-21,23.6,56,0
Indore,2024-12-22,27.8,66,0
Indore,2024-12-23,26.0,70,0
Indore,2024-12-24,32.6,60,0
Indore,2024-12-25,31.2,69,0
Indore,2024-12-26,32.8,67,0
Indore,2024-12-27,33.0,67,0
Indore,2024-12-28,20.7,71,1
Indore,2024-12-29,27.4,52,0
Indore,2024-12-30,25.3,80,0
Indore,2024-12-31,25.6,84,1
Bhopal,2024-01-01,44.8,88,0
Bhopal,2024-01-02,30.6,64,0
Bhopal,2024-01-03,34.8,65,0
Bhopal,2024-01-04,28.5,66,0
Bhopal,2024-01-05,24.7,74,0
Bhopal,2024-01-06,40.6,82,0
Bhopal,2024-01-07,30.2,81,0
Bhopal,2024-01-08,42.2,65,0
Bhopal,2024-01-09,41.8,84,0
Bhopal,2024-01-10,37.1,77,0
Bhopal,2024-01-11,31.5,87,1
Bhopal,2024-01-12,36.2,56,0
Bhopal,2024-01-13,28.4,49,0
Bhopal,2024-01-14,33.3,47,0
Bhopal,2024-01-15,34.5,53,1
Bhopal,2024-01-16,24.4,72,1
Bhopal,2024-01-17,38.9,74,0
Bhopal,2024-01-18,42.3,85,0
Bhopal,2024-01-19,37.8,55,0
Bhopal,2024-01-20,35.7,79,0
Bhopal,2024-01-21,31.4,61,0
Bhopal,2024-01-22,34.0,72,1
Bhopal,2024-01-23,41.1,84,0
Bhopal,2024-01-24,32.1,68,0
Bhopal,2024-01-25,30.9,48,1
Bhopal,2024-01-26,31.6,78,0
Bhopal,2024-01-27,24.9,65,0
Bhopal,2024-01-28,33.0,48,0
Bhopal,2024-01-29,32.2,74,0
Bhopal,2024-01-30,31.4,85,0
Bhopal,2024-01-31,36.7,56,0
Bhopal,2024-02-01,35.1,66,1
Bhopal,2024-02-02,43.3,53,0
Bhopal,2024-02-03,21.8,62,1
Bhopal,2024-02-04,40.1,51,0
Bhopal,2024-02-05,31.9,69,0
Bhopal,2024-02-06,34.9,80,1
Bhopal,2024-02-07,30.2,55,0
Bhopal,2024-02-08,29.2,59,0
Bhopal,2024-02-09,38.8,44,0
Bhopal,2024-02-10,35.4,52,1
Bhopal,2024-02-11,30.0,62,1
Bhopal,2024-02-12,36.9,41,0
Bhopal,2024-02-13,28.4,53,1
Bhopal,2024-02-14,31.4,52,0
Bhopal,2024-02-15,37.9,40,0
Bhopal,2024-02-16,37.0,73,0
Bhopal,2024-02-17,28.2,41,0
Bhopal,2024-02-18,33.0,60,0
Bhopal,2024-02-19,29.5,70,0
Bhopal,2024-02-20,41.9,71,0
Bhopal,2024-02-21,40.1,52,0
Bhopal,2024-02-22,35.4,87,0
Bhopal,2024-02-23,40.9,83,0
Bhopal,2024-02-24,40.2,82,1
Bhopal,2024-02-25,36.2,74,0
Bhopal,2024-02-26,35.7,83,0
Bhopal,2024-02-27,25.2,55,1
Bhopal,2024-02-28,38.0,85,0
Bhopal,2024-02-29,39.8,50,0
Bhopal,2024-03-01,28.8,85,0
Bhopal,2024-03-02,32.3,61,0
Bhopal,2024-03-03,37.5,44,0
Bhopal,2024-03-04,34.2,85,0
Bhopal,2024-03-05,28.6,66,0
Bhopal,2024-03-06,35.3,54,1
Bhopal,2024-03-07,33.1,64,1
Bhopal,2024-03-08,30.5,79,1
Bhopal,2024-03-09,26.0,82,1
Bhopal,2024-03-10,34.3,68,0
Bhopal,2024-03-11,29.0,42,0
Bhopal,2024-03-12,44.3,89,0
Bhopal,2024-03-13,29.4,84,0
Bhopal,2024-03-14,26.3,79,1
Bhopal,2024-03-15,38.1,51,0
Bhopal,2024-03-16,33.0,45,0
Bhopal,2024-03-17,38.2,51,0
Bhopal,2024-03-18,34.0,47,1
Bhopal,2024-03-19,38.1,47,0
Bhopal,2024-03-20,24.7,40,0
Bhopal,2024-03-21,34.6,76,0
Bhopal,2024-03-22,41.6,78,1
Bhopal,2024-03-23,35.5,70,0
Bhopal,2024-03-24,24.0,65,0
Bhopal,2024-03-25,40.4,50,0
Bhopal,2024-03-26,37.2,57,0
Bhopal,2024-03-27,36.0,44,0
Bhopal,2024-03-28,29.9,57,0
Bhopal,2024-03-29,37.2,49,1
Bhopal,2024-03-30,40.1,53,0
Bhopal,2024-03-31,36.6,48,0
Bhopal,2024-04-01,30.4,44,1
Bhopal,2024-04-02,34.7,56,0
Bhopal,2024-04-03,36.8,72,0
Bhopal,2024-04-04,52.1,62,0
Bhopal,2024-04-05,40.0,86,0
Bhopal,2024-04-06,32.6,52,0
Bhopal,2024-04-07,31.1,88,1
Bhopal,2024-04-08,35.6,50,0
Bhopal,2024-04-09,30.1,73,0
Bhopal,2024-04-10,30.7,68,0
Bhopal,2024-04-11,42.2,76,1
Bhopal,2024-04-12,30.6,44,0
Bhopal,2024-04-13,33.3,58,0
Bhopal,2024-04-14,45.7,76,0
Bhopal,2024-04-15,37.0,55,0
Bhopal,2024-04-16,31.0,67,1
Bhopal,2024-04-17,32.1,78,0
Bhopal,2024-04-18,32.4,74,0
Bhopal,2024-04-19,37.6,89,0
Bhopal,2024-04-20,34.5,52,1
Bhopal,2024-04-21,29.1,63,0
Bhopal,2024-04-22,36.9,71,0
Bhopal,2024-04-23,32.9,87,0
Bhopal,2024-04-24,25.6,44,1
Bhopal,2024-04-25,26.0,48,0
Bhopal,2024-04-26,42.7,46,0
Bhopal,2024-04-27,40.4,80,0
Bhopal,2024-04-28,36.6,59,0
Bhopal,2024-04-29,34.6,68,0
Bhopal,2024-04-30,37.5,62,0
Bhopal,2024-05-01,41.8,55,0
Bhopal,2024-05-02,35.1,76,0
Bhopal,2024-05-03,26.6,66,0
Bhopal,2024-05-04,42.8,72,0
Bhopal,2024-05-05,36.4,53,0
Bhopal,2024-05-06,32.5,57,0
Bhopal,2024-05-07,33.6,73,0
Bhopal,2024-05-08,40.8,62,0
Bhopal,2024-05-09,40.8,86,0
Bhopal,2024-05-10,30.6,60,1
Bhopal,2024-05-11,26.3,61,0
Bhopal,2024-05-12,43.2,87,0
Bhopal,2024-05-13,31.7,88,0
Bhopal,2024-05-14,30.4,45,0
Bhopal,2024-05-15,34.6,67,0
Bhopal,2024-05-16,34.9,60,1
Bhopal,2024-05-17,21.9,65,0
Bhopal,2024-05-18,43.4,80,0
Bhopal,2024-05-19,35.1,46,0
Bhopal,2024-05-20,40.5,48,0
Bhopal,2024-05-21,32.3,69,1
Bhopal,2024-05-22,33.7,74,0
Bhopal,2024-05-23,36.8,65,0
Bhopal,2024-05-24,43.2,87,0
Bhopal,2024-05-25,36.5,87,0
Bhopal,2024-05-26,42.1,40,0
Bhopal,2024-05-27,32.4,58,0
Bhopal,2024-05-28,29.5,81,0
Bhopal,2024-05-29,41.2,56,0
Bhopal,2024-05-30,32.5,40,0
Bhopal,2024-05-31,35.1,63,0
Bhopal,2024-06-01,39.1,54,0
Bhopal,2024-06-02,30.8,70,0
Bhopal,2024-06-03,31.7,77,0
Bhopal,2024-06-04,29.5,78,0
Bhopal,2024-06-05,41.6,75,0
Bhopal,2024-06-06,28.1,43,0
Bhopal,2024-06-07,32.3,50,0
Bhopal,2024-06-08,31.4,79,0
Bhopal,2024-06-09,34.0,57,1
Bhopal,2024-06-10,25.5,67,0
Bhopal,2024-06-11,27.9,42,1
Bhopal,2024-06-12,28.6,86,0
Bhopal,2024-06-13,30.4,60,0
Bhopal,2024-06-14,24.6,76,0
Bhopal,2024-06-15,33.1,66,0
Bhopal,2024-06-16,30.1,49,0
Bhopal,2024-06-17,39.6,54,0
Bhopal,2024-06-18,28.3,73,0
Bhopal,2024-06-19,25.0,42,0
Bhopal,2024-06-20,27.9,78,0
Bhopal,2024-06-21,37.9,89,0
Bhopal,2024-06-22,34.1,43,1
Bhopal,2024-06-23,29.0,84,0
Bhopal,2024-06-24,29.9,46,0
Bhopal,2024-06-25,25.4,62,0
Bhopal,2024-06-26,38.3,71,0
Bhopal,2024-06-27,29.8,41,0
Bhopal,2024-06-28,31.0,64,1
Bhopal,2024-06-29,29.7,63,0
Bhopal,2024-06-30,38.2,54,0
Bhopal,2024-07-01,32.5,61,1
Bhopal,2024-07-02,35.4,57,0
Bhopal,2024-07-03,38.4,81,0
Bhopal,2024-07-04,36.5,44,0
Bhopal,2024-07-05,34.2,73,1
Bhopal,2024-07-06,34.9,88,1
Bhopal,2024-07-07,41.0,42,0
Bhopal,2024-07-08,36.3,74,0
Bhopal,2024-07-09,28.4,81,0
Bhopal,2024-07-10,29.1,48,0
Bhopal,2024-07-11,34.8,51,0
Bhopal,2024-07-12,41.4,58,1
Bhopal,2024-07-13,31.1,46,1
Bhopal,2024-07-14,43.4,59,1
Bhopal,2024-07-15,33.8,86,0
Bhopal,2024-07-16,43.0,78,1
Bhopal,2024-07-17,23.1,64,0
Bhopal,2024-07-18,27.2,76,0
Bhopal,2024-07-19,33.9,53,0
Bhopal,2024-07-20,40.8,65,0
Bhopal,2024-07-21,51.9,56,1
Bhopal,2024-07-22,39.3,69,0
Bhopal,2024-07-23,34.8,70,1
Bhopal,2024-07-24,37.6,45,0
Bhopal,2024-07-25,39.8,86,0
Bhopal,2024-07-26,39.3,68,0
Bhopal,2024-07-27,38.5,81,0
Bhopal,2024-07-28,30.0,52,1
Bhopal,2024-07-29,31.6,44,0
Bhopal,2024-07-30,33.9,47,1
Bhopal,2024-07-31,37.7,65,0
Bhopal,2024-08-01,34.7,55,0
Bhopal,2024-08-02,33.6,41,0
Bhopal,2024-08-03,32.4,65,0
Bhopal,2024-08-04,30.4,78,0
Bhopal,2024-08-05,38.3,60,0
Bhopal,2024-08-06,33.5,41,1
Bhopal,2024-08-07,34.6,68,0
Bhopal,2024-08-08,31.8,44,0
Bhopal,2024-08-09,38.5,74,0
Bhopal,2024-08-10,36.5,45,0
Bhopal,2024-08-11,35.4,42,0
Bhopal,2024-08-12,34.5,45,0
Bhopal,2024-08-13,27.1,85,0
Bhopal,2024-08-14,28.7,89,0
Bhopal,2024-08-15,32.1,80,0
Bhopal,2024-08-16,36.3,85,0
Bhopal,2024-08-17,30.1,63,0
Bhopal,2024-08-18,39.5,70,1
Bhopal,2024-08-19,37.5,41,0
Bhopal,2024-08-20,37.3,73,0
Bhopal,2024-08-21,42.7,76,0
Bhopal,2024-08-22,36.3,77,0
Bhopal,2024-08-23,40.2,68,0
Bhopal,2024-08-24,31.6,47,1
Bhopal,2024-08-25,20.7,71,0
Bhopal,2024-08-26,33.2,79,0
Bhopal,2024-08-27,29.2,57,0
Bhopal,2024-08-28,30.0,41,0
Bhopal,2024-08-29,42.4,50,0
Bhopal,2024-08-30,31.5,79,0
Bhopal,2024-08-31,32.7,49,0
Bhopal,2024-09-01,33.1,65,0
Bhopal,2024-09-02,31.6,65,0
Bhopal,2024-09-03,38.7,41,1
Bhopal,2024-09-04,26.9,61,0
Bhopal,2024-09-05,32.2,78,0
Bhopal,2024-09-06,32.0,68,0
Bhopal,2024-09-07,34.9,57,0
Bhopal,2024-09-08,29.2,63,0
Bhopal,2024-09-09,39.9,52,0
Bhopal,2024-09-10,38.1,56,0
Bhopal,2024-09-11,32.6,54,1
Bhopal,2024-09-12,39.5,60,0
Bhopal,2024-09-13,34.4,74,0
Bhopal,2024-09-14,39.0,53,0
Bhopal,2024-09-15,36.5,83,0
Bhopal,2024-09-16,27.2,52,1
Bhopal,2024-09-17,36.9,59,1
Bhopal,2024-09-18,28.7,51,0
Bhopal,2024-09-19,34.3,52,1
Bhopal,2024-09-20,32.7,79,0
Bhopal,2024-09-21,23.6,53,0
Bhopal,2024-09-22,33.3,71,0
Bhopal,2024-09-23,42.9,72,1
Bhopal,2024-09-24,35.1,72,0
Bhopal,2024-09-25,31.2,54,0
Bhopal,2024-09-26,47.8,67,1
Bhopal,2024-09-27,29.3,81,0
Bhopal,2024-09-28,38.2,54,1
Bhopal,2024-09-29,32.9,55,0
Bhopal,2024-09-30,38.1,55,0
Bhopal,2024-10-01,40.3,81,0
Bhopal,2024-10-02,31.4,85,0
Bhopal,2024-10-03,40.3,43,0
Bhopal,2024-10-04,35.3,57,0
Bhopal,2024-10-05,27.1,44,0
Bhopal,2024-10-06,35.8,74,0
Bhopal,2024-10-07,31.8,62,1
Bhopal,2024-10-08,36.9,65,0
Bhopal,2024-10-09,29.1,86,0
Bhopal,2024-10-10,31.5,83,0
Bhopal,2024-10-11,38.3,77,0
Bhopal,2024-10-12,34.2,84,0
Bhopal,2024-10-13,42.7,84,0
Bhopal,2024-10-14,27.1,51,0
Bhopal,2024-10-15,38.6,88,0
Bhopal,2024-10-16,33.4,69,0
Bhopal,2024-10-17,33.2,63,0
Bhopal,2024-10-18,42.4,87,0
Bhopal,2024-10-19,34.4,44,0
Bhopal,2024-10-20,34.7,81,0
Bhopal,2024-10-21,28.4,70,1
Bhopal,2024-10-22,31.6,84,0
Bhopal,2024-10-23,34.2,53,1
Bhopal,2024-10-24,36.6,53,0
Bhopal,2024-10-25,36.4,79,0
Bhopal,2024-10-26,32.6,73,0
Bhopal,2024-10-27,42.2,46,0
Bhopal,2024-10-28,37.0,55,0
Bhopal,2024-10-29,35.4,58,0
Bhopal,2024-10-30,31.3,60,0
Bhopal,2024-10-31,37.1,77,0
Bhopal,2024-11-01,31.3,72,0
Bhopal,2024-11-02,41.8,70,0
Bhopal,2024-11-03,37.0,58,1
Bhopal,2024-11-04,34.8,70,0
Bhopal,2024-11-05,42.0,69,0
Bhopal,2024-11-06,27.1,62,0
Bhopal,2024-11-07,38.4,88,1
Bhopal,2024-11-08,38.0,78,0
Bhopal,2024-11-09,34.7,73,0
Bhopal,2024-11-10,43.3,82,0
Bhopal,2024-11-11,31.3,64,0
Bhopal,2024-11-12,32.3,78,1
Bhopal,2024-11-13,34.3,47,0
Bhopal,2024-11-14,43.8,65,0
Bhopal,2024-11-15,39.2,80,0
Bhopal,2024-11-16,40.0,48,1
Bhopal,2024-11-17,28.3,81,0
Bhopal,2024-11-18,35.1,49,0
Bhopal,2024-11-19,33.4,49,0
Bhopal,2024-11-20,33.0,77,0
Bhopal,2024-11-21,24.8,62,0
Bhopal,2024-11-22,32.7,74,0
Bhopal,2024-11-23,35.0,59,0
Bhopal,2024-11-24,25.1,59,0
Bhopal,2024-11-25,38.1,69,0
Bhopal,2024-11-26,27.6,79,0
Bhopal,2024-11-27,32.5,42,1
Bhopal,2024-11-28,32.0,44,1
Bhopal,2024-11-29,34.4,60,0
Bhopal,2024-11-30,39.0,86,0
Bhopal,2024-12-01,29.3,67,0
Bhopal,2024-12-02,31.3,78,0
Bhopal,2024-12-03,32.0,86,0
Bhopal,2024-12-04,37.9,59,0
Bhopal,2024-12-05,31.4,48,0
Bhopal,2024-12-06,29.8,70,1
Bhopal,2024-12-07,31.9,78,1
Bhopal,2024-12-08,38.7,51,0
Bhopal,2024-12-09,36.3,89,0
Bhopal,2024-12-10,38.4,65,1
Bhopal,2024-12-11,33.0,72,0
Bhopal,2024-12-12,36.6,41,0
Bhopal,2024-12-13,40.6,80,0
Bhopal,2024-12-14,35.2,73,0
Bhopal,2024-12-15,33.9,88,0
Bhopal,2024-12-16,45.8,59,0
Bhopal,2024-12-17,40.4,49,1
Bhopal,2024-12-18,32.5,52,0
Bhopal,2024-12-19,34.0,49,0
Bhopal,2024-12-20,32.4,59,0
Bhopal,2024-12-21,25.4,49,0
Bhopal,2024-12-22,33.3,72,0
Bhopal,2024-12-23,34.9,43,0
Bhopal,2024-12-24,27.4,51,1
Bhopal,2024-12-25,38.1,56,0
Bhopal,2024-12-26,32.6,41,0
Bhopal,2024-12-27,33.9,85,0
Bhopal,2024-12-28,29.6,78,1
Bhopal,2024-12-29,37.1,69,0
Bhopal,2024-12-30,35.4,42,0
Bhopal,2024-12-31,32.0,45,0
Surat,2024-01-01,23.0,47,0
Surat,2024-01-02,31.0,44,1
Surat,2024-01-03,14.7,76,0
Surat,2024-01-04,19.3,53,1
Surat,2024-01-05,17.3,47,0
Surat,2024-01-06,10.0,67,0
Surat,2024-01-07,19.3,66,0
Surat,2024-01-08,21.0,48,1
Surat,2024-01-09,25.1,76,1
Surat,2024-01-10,14.6,67,0
Surat,2024-01-11,17.9,45,0
Surat,2024-01-12,13.6,86,0
Surat,2024-01-13,21.6,46,0
Surat,2024-01-14,15.9,41,1
Surat,2024-01-15,9.9,66,0
Surat,2024-01-16,24.9,51,0
Surat,2024-01-17,20.4,57,0
Surat,2024-01-18,25.0,41,0
Surat,2024-01-19,27.2,48,0
Surat,2024-01-20,24.5,72,0
Surat,2024-01-21,18.0,50,0
Surat,2024-01-22,26.3,84,1
Surat,2024-01-23,16.3,55,1
Surat,2024-01-24,12.0,57,0
Surat,2024-01-25,11.1,75,0
Surat,2024-01-26,26.5,78,0
Surat,2024-01-27,24.5,72,1
Surat,2024-01-28,24.6,78,1
Surat,2024-01-29,18.9,60,0
Surat,2024-01-30,12.2,78,1
Surat,2024-01-31,15.6,55,1
Surat,2024-02-01,18.1,57,0
Surat,2024-02-02,13.0,54,0
Surat,2024-02-03,21.6,43,0
Surat,2024-02-04,18.5,42,0
Surat,2024-02-05,19.7,87,0
Surat,2024-02-06,14.0,62,0
Surat,2024-02-07,28.4,84,0
Surat,2024-02-08,22.1,59,0
Surat,2024-02-09,19.2,66,0
Surat,2024-02-10,16.3,80,1
Surat,2024-02-11,23.9,78,0
Surat,2024-02-12,25.2,43,0
Surat,2024-02-13,23.6,69,0
Surat,2024-02-14,14.6,43,0
Surat,2024-02-15,10.1,80,0
Surat,2024-02-16,18.9,81,1
Surat,2024-02-17,13.9,74,0
Surat,2024-02-18,20.6,63,1
Surat,2024-02-19,23.6,54,1
Surat,2024-02-20,22.8,84,0
Surat,2024-02-21,19.7,89,0
Surat,2024-02-22,18.6,87,0
Surat,2024-02-23,16.5,65,0
Surat,2024-02-24,27.5,42,1
Surat,2024-02-25,19.7,48,0
Surat,2024-02-26,16.9,65,0
Surat,2024-02-27,19.1,52,0
Surat,2024-02-28,26.1,80,0
Surat,2024-02-29,24.5,42,0
Surat,2024-03-01,15.6,72,1
Surat,2024-03-02,24.1,51,0
Surat,2024-03-03,19.1,57,0
Surat,2024-03-04,15.6,79,0
Surat,2024-03-05,19.9,62,0
Surat,2024-03-06,26.3,78,0
Surat,2024-03-07,19.9,44,0
Surat,2024-03-08,17.2,65,0
Surat,2024-03-09,24.8,87,0
Surat,2024-03-10,18.0,41,0
Surat,2024-03-11,17.7,52,1
Surat,2024-03-12,15.4,81,0
Surat,2024-03-13,14.7,81,0
Surat,2024-03-14,13.4,67,0
Surat,2024-03-15,11.1,51,0
Surat,2024-03-16,23.5,64,0
Surat,2024-03-17,24.2,63,1
Surat,2024-03-18,14.8,84,0
Surat,2024-03-19,7.4,52,0
Surat,2024-03-20,14.0,51,1
Surat,2024-03-21,16.9,63,0
Surat,2024-03-22,14.2,77,0
Surat,2024-03-23,18.7,45,0
Surat,2024-03-24,27.9,43,0
Surat,2024-03-25,25.0,66,0
Surat,2024-03-26,16.2,82,0
Surat,2024-03-27,12.4,43,1
Surat,2024-03-28,31.0,59,0
Surat,2024-03-29,18.8,71,0
Surat,2024-03-30,15.5,69,1
Surat,2024-03-31,30.1,75,0
Surat,2024-04-01,21.3,61,0
Surat,2024-04-02,11.7,52,0
Surat,2024-04-03,27.8,65,0
Surat,2024-04-04,17.4,78,0
Surat,2024-04-05,16.1,86,0
Surat,2024-04-06,30.3,80,0
Surat,2024-04-07,21.0,49,1
Surat,2024-04-08,20.6,40,0
Surat,2024-04-09,15.0,41,0
Surat,2024-04-10,16.0,75,1
Surat,2024-04-11,25.5,83,0
Surat,2024-04-12,19.4,51,0
Surat,2024-04-13,17.2,59,0
Surat,2024-04-14,13.2,83,0
Surat,2024-04-15,20.1,55,0
Surat,2024-04-16,21.3,85,0
Surat,2024-04-17,25.4,41,0
Surat,2024-04-18,13.6,65,0
Surat,2024-04-19,21.0,73,1
Surat,2024-04-20,19.6,68,0
Surat,2024-04-21,34.7,44,0
Surat,2024-04-22,24.4,42,1
Surat,2024-04-23,18.5,75,1
Surat,2024-04-24,19.1,54,1
Surat,2024-04-25,12.4,69,0
Surat,2024-04-26,11.6,74,0
Surat,2024-04-27,17.8,43,1
Surat,2024-04-28,18.5,85,0
Surat,2024-04-29,25.9,80,1
Surat,2024-04-30,15.7,41,0
Surat,2024-05-01,21.4,56,0
Surat,2024-05-02,13.9,44,0
Surat,2024-05-03,23.8,43,1
Surat,2024-05-04,15.4,45,0
Surat,2024-05-05,22.0,44,0
Surat,2024-05-06,22.1,71,0
Surat,2024-05-07,27.5,54,1
Surat,2024-05-08,22.6,45,0
Surat,2024-05-09,18.5,49,0
Surat,2024-05-10,26.7,89,0
Surat,2024-05-11,18.1,45,1
Surat,2024-05-12,26.7,75,0
Surat,2024-05-13,18.3,72,1
Surat,2024-05-14,22.6,72,0
Surat,2024-05-15,13.2,44,1
Surat,2024-05-16,20.5,84,0
Surat,2024-05-17,19.5,67,1
Surat,2024-05-18,21.0,78,1
Surat,2024-05-19,16.5,63,0
Surat,2024-05-20,17.7,86,1
Surat,2024-05-21,27.9,75,0
Surat,2024-05-22,20.8,78,0
Surat,2024-05-23,16.2,43,0
Surat,2024-05-24,22.9,49,0
Surat,2024-05-25,17.5,58,0
Surat,2024-05-26,20.1,88,0
Surat,2024-05-27,27.2,88,1
Surat,2024-05-28,21.8,54,0
Surat,2024-05-29,13.3,87,0
Surat,2024-05-30,14.6,69,0
Surat,2024-05-31,26.1,83,0
Surat,2024-06-01,20.8,53,0
Surat,2024-06-02,13.6,51,0
Surat,2024-06-03,15.3,87,0
Surat,2024-06-04,22.2,54,0
Surat,2024-06-05,17.5,67,0
Surat,2024-06-06,15.5,61,0
Surat,2024-06-07,20.8,59,1
Surat,2024-06-08,16.5,86,1
Surat,2024-06-09,13.5,46,1
Surat,2024-06-10,20.9,59,0
Surat,2024-06-11,17.3,66,0
Surat,2024-06-12,23.1,75,0
Surat,2024-06-13,21.9,60,1
Surat,2024-06-14,16.6,41,0
Surat,2024-06-15,23.7,54,1
Surat,2024-06-16,25.4,52,0
Surat,2024-06-17,11.8,82,0
Surat,2024-06-18,18.0,66,0
Surat,2024-06-19,20.8,80,0
Surat,2024-06-20,16.2,70,0
Surat,2024-06-21,23.1,75,0
Surat,2024-06-22,30.6,65,1
Surat,2024-06-23,19.8,88,0
Surat,2024-06-24,21.3,79,0
Surat,2024-06-25,11.0,88,1
Surat,2024-06-26,22.7,58,0
Surat,2024-06-27,18.7,69,0
Surat,2024-06-28,16.6,80,0
Surat,2024-06-29,20.9,67,0
Surat,2024-06-30,19.4,78,1
Surat,2024-07-01,15.4,56,0
Surat,2024-07-02,13.9,78,0
Surat,2024-07-03,18.6,88,0
Surat,2024-07-04,17.4,56,0
Surat,2024-07-05,13.3,89,1
Surat,2024-07-06,22.8,45,0
Surat,2024-07-07,19.5,67,0
Surat,2024-07-08,22.7,50,0
Surat,2024-07-09,24.2,64,0
Surat,2024-07-10,15.1,76,0
Surat,2024-07-11,21.8,52,0
Surat,2024-07-12,19.3,51,0
Surat,2024-07-13,23.4,84,0
Surat,2024-07-14,12.0,64,0
Surat,2024-07-15,22.2,56,0
Surat,2024-07-16,11.9,61,1
Surat,2024-07-17,8.5,62,1
Surat,2024-07-18,15.6,59,0
Surat,2024-07-19,17.6,71,0
Surat,2024-07-20,10.8,84,0
Surat,2024-07-21,22.2,66,0
Surat,2024-07-22,12.6,41,0
Surat,2024-07-23,23.5,88,0
Surat,2024-07-24,16.3,42,0
Surat,2024-07-25,18.1,41,0
Surat,2024-07-26,20.6,80,0
Surat,2024-07-27,18.3,51,0
Surat,2024-07-28,24.0,71,0
Surat,2024-07-29,24.3,62,0
Surat,2024-07-30,19.7,42,0
Surat,2024-07-31,13.9,87,0
Surat,2024-08-01,13.6,89,0
Surat,2024-08-02,19.2,80,0
Surat,2024-08-03,19.5,43,0
Surat,2024-08-04,15.5,88,0
Surat,2024-08-05,14.2,54,0
Surat,2024-08-06,27.0,85,0
Surat,2024-08-07,28.3,63,1
Surat,2024-08-08,29.7,52,0
Surat,2024-08-09,20.3,83,0
Surat,2024-08-10,18.8,89,1
Surat,2024-08-11,22.2,84,0
Surat,2024-08-12,28.7,46,0
Surat,2024-08-13,15.9,62,0
Surat,2024-08-14,23.2,78,0
Surat,2024-08-15,15.1,80,0
Surat,2024-08-16,21.9,57,0
Surat,2024-08-17,24.1,82,1
Surat,2024-08-18,20.8,83,0
Surat,2024-08-19,22.1,63,0
Surat,2024-08-20,22.0,73,0
Surat,2024-08-21,22.4,89,0
Surat,2024-08-22,23.6,67,0
Surat,2024-08-23,17.5,56,0
Surat,2024-08-24,8.9,82,1
Surat,2024-08-25,19.9,40,0
Surat,2024-08-26,17.4,57,0
Surat,2024-08-27,22.9,85,0
Surat,2024-08-28,21.9,77,0
Surat,2024-08-29,16.5,72,0
Surat,2024-08-30,21.6,44,0
Surat,2024-08-31,13.8,86,0
Surat,2024-09-01,14.3,43,0
Surat,2024-09-02,23.7,44,0
Surat,2024-09-03,26.2,55,0
Surat,2024-09-04,17.3,51,0
Surat,2024-09-05,20.1,69,0
Surat,2024-09-06,19.9,83,0
Surat,2024-09-07,21.0,74,0
Surat,2024-09-08,22.8,47,1
Surat,2024-09-09,23.5,70,0
Surat,2024-09-10,12.8,61,0
Surat,2024-09-11,20.8,89,0
Surat,2024-09-12,16.5,64,0
Surat,2024-09-13,18.5,65,0
Surat,2024-09-14,19.7,79,0
Surat,2024-09-15,21.8,63,0
Surat,2024-09-16,16.5,42,0
Surat,2024-09-17,14.7,75,0
Surat,2024-09-18,17.3,40,0
Surat,2024-09-19,14.0,88,0
Surat,2024-09-20,27.1,65,0
Surat,2024-09-21,19.5,76,0
Surat,2024-09-22,16.1,49,1
Surat,2024-09-23,17.8,51,0
Surat,2024-09-24,18.2,58,0
Surat,2024-09-25,20.0,49,0
Surat,2024-09-26,16.6,67,0
Surat,2024-09-27,15.6,78,0
Surat,2024-09-28,23.4,62,0
Surat,2024-09-29,29.7,42,1
Surat,2024-09-30,18.2,68,0
Surat,2024-10-01,30.4,41,0
Surat,2024-10-02,16.0,70,0
Surat,2024-10-03,21.6,73,0
Surat,2024-10-04,21.8,89,0
Surat,2024-10-05,21.3,70,0
Surat,2024-10-06,21.6,63,0
Surat,2024-10-07,24.9,67,0
Surat,2024-10-08,17.0,55,0
Surat,2024-10-09,18.1,52,0
Surat,2024-10-10,15.3,75,0
Surat,2024-10-11,14.1,77,1
Surat,2024-10-12,23.0,71,0
Surat,2024-10-13,15.8,73,0
Surat,2024-10-14,18.4,44,1
Surat,2024-10-15,15.7,48,0
Surat,2024-10-16,20.2,44,0
Surat,2024-10-17,19.4,61,1
Surat,2024-10-18,22.8,62,0
Surat,2024-10-19,18.7,70,0
Surat,2024-10-20,12.7,66,0
Surat,2024-10-21,15.9,82,0
Surat,2024-10-22,14.5,57,0
Surat,2024-10-23,21.1,64,0
Surat,2024-10-24,21.0,48,0
Surat,2024-10-25,18.2,82,1
Surat,2024-10-26,19.6,47,0
Surat,2024-10-27,25.5,41,0
Surat,2024-10-28,17.5,41,0
Surat,2024-10-29,23.0,44,0
Surat,2024-10-30,19.2,41,0
Surat,2024-10-31,20.8,77,0
Surat,2024-11-01,20.8,88,0
Surat,2024-11-02,27.9,70,1
Surat,2024-11-03,13.7,54,0
Surat,2024-11-04,29.0,80,1
Surat,2024-11-05,18.9,57,1
Surat,2024-11-06,24.6,69,0
Surat,2024-11-07,14.5,53,0
Surat,2024-11-08,15.0,65,0
Surat,2024-11-09,12.4,65,1
Surat,2024-11-10,26.2,82,0
Surat,2024-11-11,19.3,55,0
Surat,2024-11-12,15.8,89,0
Surat,2024-11-13,13.0,43,0
Surat,2024-11-14,17.3,68,0
Surat,2024-11-15,9.3,65,0
Surat,2024-11-16,15.0,54,0
Surat,2024-11-17,18.6,85,0
Surat,2024-11-18,14.5,41,0
Surat,2024-11-19,20.5,77,0
Surat,2024-11-20,23.1,69,0
Surat,2024-11-21,25.2,84,0
Surat,2024-11-22,17.0,88,0
Surat,2024-11-23,25.3,55,0
Surat,2024-11-24,25.2,42,0
Surat,2024-11-25,14.8,48,0
Surat,2024-11-26,15.7,49,0
Surat,2024-11-27,18.3,41,0
Surat,2024-11-28,22.7,88,1
Surat,2024-11-29,19.6,63,0
Surat,2024-11-30,12.3,48,0
Surat,2024-12-01,17.7,40,0
Surat,2024-12-02,24.1,42,0
Surat,2024-12-03,22.2,49,0
Surat,2024-12-04,16.9,82,0
Surat,2024-12-05,20.0,43,0
Surat,2024-12-06,31.6,56,0
Surat,2024-12-07,16.2,53,0
Surat,2024-12-08,17.9,42,0
Surat,2024-12-09,17.7,54,0
Surat,2024-12-10,18.5,61,0
Surat,2024-12-11,23.9,85,0
Surat,2024-12-12,13.1,77,1
Surat,2024-12-13,27.2,80,0
Surat,2024-12-14,27.2,45,0
Surat,2024-12-15,19.5,84,0
Surat,2024-12-16,12.8,40,0
Surat,2024-12-17,20.7,59,0
Surat,2024-12-18,24.2,72,0
Surat,2024-12-19,13.2,71,0
Surat,2024-12-20,18.9,53,0
Surat,2024-12-21,19.8,89,0
Surat,2024-12-22,25.7,72,0
Surat,2024-12-23,26.8,59,1
Surat,2024-12-24,22.1,54,1
Surat,2024-12-25,14.1,46,0
Surat,2024-12-26,16.4,59,0
Surat,2024-12-27,20.5,45,1
Surat,2024-12-28,20.3,66,0
Surat,2024-12-29,19.2,83,0
Surat,2024-12-30,18.5,50,0
Surat,2024-12-31,15.4,66,0
Nagpur,2024-01-01,29.3,60,1
Nagpur,2024-01-02,33.1,45,0
Nagpur,2024-01-03,35.4,65,0
Nagpur,2024-01-04,31.0,78,0
Nagpur,2024-01-05,31.0,57,0
Nagpur,2024-01-06,29.0,63,0
Nagpur,2024-01-07,31.8,89,0
Nagpur,2024-01-08,33.2,55,0
Nagpur,2024-01-09,41.5,50,0
Nagpur,2024-01-10,32.3,50,0
Nagpur,2024-01-11,21.1,70,0
Nagpur,2024-01-12,27.3,69,1
Nagpur,2024-01-13,34.3,68,0
Nagpur,2024-01-14,29.6,67,1
Nagpur,2024-01-15,36.2,45,0
Nagpur,2024-01-16,39.3,65,0
Nagpur,2024-01-17,41.3,44,0
Nagpur,2024-01-18,31.1,70,0
Nagpur,2024-01-19,31.3,84,1
Nagpur,2024-01-20,37.4,47,0
Nagpur,2024-01-21,30.6,84,0
Nagpur,2024-01-22,28.2,87,0
Nagpur,2024-01-23,28.8,51,0
Nagpur,2024-01-24,31.6,41,1
Nagpur,2024-01-25,26.5,50,1
Nagpur,2024-01-26,32.7,67,1
Nagpur,2024-01-27,42.0,62,0
Nagpur,2024-01-28,38.3,47,0
Nagpur,2024-01-29,27.1,69,0
Nagpur,2024-01-30,25.7,79,0
Nagpur,2024-01-31,34.5,85,0
Nagpur,2024-02-01,33.9,65,0
Nagpur,2024-02-02,28.6,85,1
Nagpur,2024-02-03,25.5,55,0
Nagpur,2024-02-04,29.2,55,0
Nagpur,2024-02-05,22.4,83,0
Nagpur,2024-02-06,33.0,82,0
Nagpur,2024-02-07,39.0,82,1
Nagpur,2024-02-08,34.4,86,0
Nagpur,2024-02-09,32.3,71,0
Nagpur,2024-02-10,24.6,59,0
Nagpur,2024-02-11,29.5,52,0
Nagpur,2024-02-12,39.0,62,0
Nagpur,2024-02-13,45.3,41,0
Nagpur,2024-02-14,27.2,65,1
Nagpur,2024-02-15,30.6,60,0
Nagpur,2024-02-16,33.8,52,1
Nagpur,2024-02-17,29.9,89,0
Nagpur,2024-02-18,40.3,40,0
Nagpur,2024-02-19,23.3,87,0
Nagpur,2024-02-20,25.2,82,1
Nagpur,2024-02-21,32.8,78,0
Nagpur,2024-02-22,27.5,87,0
Nagpur,2024-02-23,32.7,72,0
Nagpur,2024-02-24,26.4,73,0
Nagpur,2024-02-25,28.9,45,0
Nagpur,2024-02-26,37.7,41,1
Nagpur,2024-02-27,30.9,47,0
Nagpur,2024-02-28,30.9,53,0
Nagpur,2024-02-29,26.4,66,1
Nagpur,2024-03-01,24.7,76,0
Nagpur,2024-03-02,31.0,59,0
Nagpur,2024-03-03,22.0,85,0
Nagpur,2024-03-04,26.8,49,0
Nagpur,2024-03-05,35.6,72,0
Nagpur,2024-03-06,35.8,47,0
Nagpur,2024-03-07,29.7,87,0
Nagpur,2024-03-08,25.4,64,1
Nagpur,2024-03-09,26.3,67,0
Nagpur,2024-03-10,24.9,69,1
Nagpur,2024-03-11,38.6,44,0
Nagpur,2024-03-12,33.3,44,1
Nagpur,2024-03-13,40.1,88,1
Nagpur,2024-03-14,35.5,66,0
Nagpur,2024-03-15,29.4,63,0
Nagpur,2024-03-16,41.8,88,0
Nagpur,2024-03-17,33.6,50,0
Nagpur,2024-03-18,31.2,69,0
Nagpur,2024-03-19,29.6,54,1
Nagpur,2024-03-20,33.2,72,0
Nagpur,2024-03-21,36.8,86,1
Nagpur,2024-03-22,30.9,78,0
Nagpur,2024-03-23,33.5,44,0
Nagpur,2024-03-24,24.1,46,0
Nagpur,2024-03-25,33.7,59,0
Nagpur,2024-03-26,34.2,51,0
Nagpur,2024-03-27,33.6,50,0
Nagpur,2024-03-28,22.0,58,1
Nagpur,2024-03-29,29.0,84,0
Nagpur,2024-03-30,27.7,42,1
Nagpur,2024-03-31,31.1,76,0
Nagpur,2024-04-01,31.8,59,1
Nagpur,2024-04-02,31.5,44,0
Nagpur,2024-04-03,33.6,50,0
Nagpur,2024-04-04,38.1,76,0
Nagpur,2024-04-05,22.5,86,0
Nagpur,2024-04-06,34.4,88,0
Nagpur,2024-04-07,32.0,77,0
Nagpur,2024-04-08,25.5,80,0
Nagpur,2024-04-09,32.8,86,0
Nagpur,2024-04-10,33.1,71,0
Nagpur,2024-04-11,28.1,69,0
Nagpur,2024-04-12,34.9,82,0
Nagpur,2024-04-13,35.0,53,0
Nagpur,2024-04-14,31.7,61,0
Nagpur,2024-04-15,39.3,75,0
Nagpur,2024-04-16,24.4,82,0
Nagpur,2024-04-17,25.1,47,0
Nagpur,2024-04-18,19.4,68,1
Nagpur,2024-04-19,36.0,87,0
Nagpur,2024-04-20,24.7,61,1
Nagpur,2024-04-21,21.7,73,1
Nagpur,2024-04-22,33.7,70,0
Nagpur,2024-04-23,33.4,44,0
Nagpur,2024-04-24,27.2,59,0
Nagpur,2024-04-25,28.6,79,0
Nagpur,2024-04-26,30.1,68,1
Nagpur,2024-04-27,35.1,55,0
Nagpur,2024-04-28,34.4,70,0
Nagpur,2024-04-29,30.9,85,0
Nagpur,2024-04-30,30.1,87,0
Nagpur,2024-05-01,29.9,55,0
Nagpur,2024-05-02,32.9,65,0
Nagpur,2024-05-03,31.8,46,0
Nagpur,2024-05-04,33.6,80,1
Nagpur,2024-05-05,37.1,77,0
Nagpur,2024-05-06,28.3,64,0
Nagpur,2024-05-07,34.8,64,0
Nagpur,2024-05-08,28.3,77,0
Nagpur,2024-05-09,28.8,77,0
Nagpur,2024-05-10,36.6,54,0
Nagpur,2024-05-11,33.6,81,0
Nagpur,2024-05-12,36.6,79,0
Nagpur,2024-05-13,36.4,82,0
Nagpur,2024-05-14,36.8,40,0
Nagpur,2024-05-15,32.4,76,0
Nagpur,2024-05-16,31.4,63,0
Nagpur,2024-05-17,23.7,69,1
Nagpur,2024-05-18,34.4,76,0
Nagpur,2024-05-19,29.5,54,0
Nagpur,2024-05-20,32.3,48,0
Nagpur,2024-05-21,33.5,52,1
Nagpur,2024-05-22,27.4,44,0
Nagpur,2024-05-23,34.0,80,1
Nagpur,2024-05-24,28.0,81,1
Nagpur,2024-05-25,31.4,59,1
Nagpur,2024-05-26,27.0,67,0
Nagpur,2024-05-27,33.9,74,0
Nagpur,2024-05-28,41.1,45,0
Nagpur,2024-05-29,26.3,50,0
Nagpur,2024-05-30,33.8,47,1
Nagpur,2024-05-31,40.9,42,0
Nagpur,2024-06-01,28.0,83,0
Nagpur,2024-06-02,30.6,66,0
Nagpur,2024-06-03,35.7,58,0
Nagpur,2024-06-04,28.4,83,0
Nagpur,2024-06-05,32.4,76,0
Nagpur,2024-06-06,41.5,79,0
Nagpur,2024-06-07,33.7,66,0
Nagpur,2024-06-08,31.4,78,0
Nagpur,2024-06-09,30.0,45,0
Nagpur,2024-06-10,27.7,40,0
Nagpur,2024-06-11,36.8,63,0
Nagpur,2024-06-12,27.2,48,0
Nagpur,2024-06-13,27.7,74,0
Nagpur,2024-06-14,31.1,85,1
Nagpur,2024-06-15,24.9,79,0
Nagpur,2024-06-16,30.2,85,0
Nagpur,2024-06-17,30.6,65,0
Nagpur,2024-06-18,31.8,64,0
Nagpur,2024-06-19,30.0,88,0
Nagpur,2024-06-20,34.4,66,0
Nagpur,2024-06-21,27.1,62,0
Nagpur,2024-06-22,29.1,83,0
Nagpur,2024-06-23,30.6,58,0
Nagpur,2024-06-24,32.0,46,0
Nagpur,2024-06-25,25.3,62,0
Nagpur,2024-06-26,26.2,54,0
Nagpur,2024-06-27,36.0,85,0
Nagpur,2024-06-28,33.6,88,0
Nagpur,2024-06-29,23.3,53,0
Nagpur,2024-06-30,21.8,74,0
Nagpur,2024-07-01,30.4,45,0
Nagpur,2024-07-02,30.3,66,0
Nagpur,2024-07-03,29.8,78,0
Nagpur,2024-07-04,26.5,68,0
Nagpur,2024-07-05,24.5,74,0
Nagpur,2024-07-06,22.9,82,0
Nagpur,2024-07-07,35.0,43,0
Nagpur,2024-07-08,30.2,53,0
Nagpur,2024-07-09,29.4,87,0
Nagpur,2024-07-10,28.8,68,1
Nagpur,2024-07-11,32.3,56,0
Nagpur,2024-07-12,29.0,75,0
Nagpur,2024-07-13,28.6,48,0
Nagpur,2024-07-14,34.3,58,1
Nagpur,2024-07-15,33.3,60,0
Nagpur,2024-07-16,30.5,53,0
Nagpur,2024-07-17,33.5,61,0
Nagpur,2024-07-18,30.9,59,0
Nagpur,2024-07-19,39.3,66,0
Nagpur,2024-07-20,35.0,88,0
Nagpur,2024-07-21,20.5,54,0
Nagpur,2024-07-22,30.7,87,0
Nagpur,2024-07-23,27.0,77,0
Nagpur,2024-07-24,32.0,46,0
Nagpur,2024-07-25,36.1,64,1
Nagpur,2024-07-26,31.7,76,0
Nagpur,2024-07-27,15.8,55,0
Nagpur,2024-07-28,27.1,85,0
Nagpur,2024-07-29,36.3,49,1
Nagpur,2024-07-30,27.8,40,0
Nagpur,2024-07-31,33.0,63,0
Nagpur,2024-08-01,30.0,79,0
Nagpur,2024-08-02,35.0,44,1
Nagpur,2024-08-03,30.0,48,0
Nagpur,2024-08-04,32.4,45,1
Nagpur,2024-08-05,36.9,45,0
Nagpur,2024-08-06,27.3,50,0
Nagpur,2024-08-07,30.8,82,0
Nagpur,2024-08-08,35.4,50,0
Nagpur,2024-08-09,36.5,68,0
Nagpur,2024-08-10,31.2,74,1
Nagpur,2024-08-11,50.7,84,0
Nagpur,2024-08-12,36.4,61,0
Nagpur,2024-08-13,25.4,71,0
Nagpur,2024-08-14,38.1,72,0
Nagpur,2024-08-15,29.3,85,1
Nagpur,2024-08-16,26.3,86,0
Nagpur,2024-08-17,29.6,80,0
Nagpur,2024-08-18,28.3,45,1
Nagpur,2024-08-19,24.3,86,0
Nagpur,2024-08-20,39.0,40,0
Nagpur,2024-08-21,37.7,70,0
Nagpur,2024-08-22,38.6,44,0
Nagpur,2024-08-23,30.1,83,0
Nagpur,2024-08-24,36.4,51,0
Nagpur,2024-08-25,21.2,52,0
Nagpur,2024-08-26,32.1,52,0
Nagpur,2024-08-27,26.7,76,0
Nagpur,2024-08-28,28.1,57,0
Nagpur,2024-08-29,29.9,54,0
Nagpur,2024-08-30,26.9,70,1
Nagpur,2024-08-31,38.2,77,1
Nagpur,2024-09-01,24.7,46,1
Nagpur,2024-09-02,35.9,56,0
Nagpur,2024-09-03,36.5,55,0
Nagpur,2024-09-04,34.7,60,1
Nagpur,2024-09-05,26.2,46,0
Nagpur,2024-09-06,28.4,50,1
Nagpur,2024-09-07,26.3,82,0
Nagpur,2024-09-08,28.7,43,0
Nagpur,2024-09-09,31.0,43,1
Nagpur,2024-09-10,38.9,52,0
Nagpur,2024-09-11,35.0,50,0
Nagpur,2024-09-12,31.8,88,0
Nagpur,2024-09-13,37.6,86,0
Nagpur,2024-09-14,32.7,87,0
Nagpur,2024-09-15,35.1,54,1
Nagpur,2024-09-16,24.1,41,0
Nagpur,2024-09-17,38.2,57,1
Nagpur,2024-09-18,32.8,76,0
Nagpur,2024-09-19,24.4,68,0
Nagpur,2024-09-20,36.5,76,0
Nagpur,2024-09-21,31.4,54,0
Nagpur,2024-09-22,29.8,83,0
Nagpur,2024-09-23,39.9,73,1
Nagpur,2024-09-24,32.9,63,0
Nagpur,2024-09-25,32.8,52,0
Nagpur,2024-09-26,35.2,74,0
Nagpur,2024-09-27,28.9,74,0
Nagpur,2024-09-28,18.7,76,0
Nagpur,2024-09-29,28.2,57,0
Nagpur,2024-09-30,32.2,50,0
Nagpur,2024-10-01,26.8,44,0
Nagpur,2024-10-02,29.9,63,1
Nagpur,2024-10-03,32.3,83,0
Nagpur,2024-10-04,32.5,72,0
Nagpur,2024-10-05,30.0,44,0
Nagpur,2024-10-06,30.2,49,1
Nagpur,2024-10-07,29.9,87,1
Nagpur,2024-10-08,33.0,44,0
Nagpur,2024-10-09,36.6,44,1
Nagpur,2024-10-10,30.9,80,0
Nagpur,2024-10-11,26.1,73,0
Nagpur,2024-10-12,36.3,71,1
Nagpur,2024-10-13,29.1,43,0
Nagpur,2024-10-14,27.6,44,1
Nagpur,2024-10-15,33.8,53,0
Nagpur,2024-10-16,33.9,57,0
Nagpur,2024-10-17,29.8,57,0
Nagpur,2024-10-18,30.9,71,0
Nagpur,2024-10-19,27.2,82,0
Nagpur,2024-10-20,40.2,53,1
Nagpur,2024-10-21,35.4,44,0
Nagpur,2024-10-22,23.2,75,0
Nagpur,2024-10-23,25.5,80,0
Nagpur,2024-10-24,27.8,83,1
Nagpur,2024-10-25,24.2,54,0
Nagpur,2024-10-26,39.3,43,0
Nagpur,2024-10-27,39.1,86,0
Nagpur,2024-10-28,30.3,77,1
Nagpur,2024-10-29,30.4,85,0
Nagpur,2024-10-30,36.1,53,0
Nagpur,2024-10-31,36.8,63,0
Nagpur,2024-11-01,29.9,46,1
Nagpur,2024-11-02,27.5,46,0
Nagpur,2024-11-03,30.6,59,0
Nagpur,2024-11-04,27.4,40,0
Nagpur,2024-11-05,23.0,64,0
Nagpur,2024-11-06,39.4,72,0
Nagpur,2024-11-07,24.1,58,0
Nagpur,2024-11-08,31.2,89,0
Nagpur,2024-11-09,29.0,56,0
Nagpur,2024-11-10,22.8,63,0
Nagpur,2024-11-11,30.8,59,0
Nagpur,2024-11-12,30.4,72,1
Nagpur,2024-11-13,32.8,49,1
Nagpur,2024-11-14,27.1,86,0
Nagpur,2024-11-15,28.7,45,0
Nagpur,2024-11-16,30.2,80,0
Nagpur,2024-11-17,27.9,55,0
Nagpur,2024-11-18,40.3,46,0
Nagpur,2024-11-19,26.9,55,0
Nagpur,2024-11-20,26.7,71,0
Nagpur,2024-11-21,25.4,66,0
Nagpur,2024-11-22,31.2,47,0
Nagpur,2024-11-23,28.5,55,0
Nagpur,2024-11-24,23.0,44,0
Nagpur,2024-11-25,35.5,46,0
Nagpur,2024-11-26,29.5,88,0
Nagpur,2024-11-27,29.5,85,0
Nagpur,2024-11-28,27.0,87,0
Nagpur,2024-11-29,33.8,87,0
Nagpur,2024-11-30,29.3,61,0
Nagpur,2024-12-01,37.2,76,1
Nagpur,2024-12-02,27.5,46,0
Nagpur,2024-12-03,25.7,80,0
Nagpur,2024-12-04,34.3,81,1
Nagpur,2024-12-05,24.2,56,0
Nagpur,2024-12-06,31.2,85,0
Nagpur,2024-12-07,28.3,53,1
Nagpur,2024-12-08,38.1,47,0
Nagpur,2024-12-09,29.0,82,1
Nagpur,2024-12-10,32.5,69,1
Nagpur,2024-12-11,30.4,87,0
Nagpur,2024-12-12,24.1,74,0
Nagpur,2024-12-13,36.2,61,1
Nagpur,2024-12-14,22.4,51,1
Nagpur,2024-12-15,41.9,58,0
Nagpur,2024-12-16,25.9,77,0
Nagpur,2024-12-17,23.5,65,0
Nagpur,2024-12-18,37.1,84,0
Nagpur,2024-12-19,36.4,49,0
Nagpur,2024-12-20,34.4,80,0
Nagpur,2024-12-21,26.4,51,0
Nagpur,2024-12-22,34.7,53,0
Nagpur,2024-12-23,29.5,59,0
Nagpur,2024-12-24,39.4,48,0
Nagpur,2024-12-25,31.7,49,0
Nagpur,2024-12-26,26.4,72,0
Nagpur,2024-12-27,34.5,71,0
Nagpur,2024-12-28,24.2,76,0
Nagpur,2024-12-29,26.3,74,1
Nagpur,2024-12-30,32.1,76,1
Nagpur,2024-12-31,33.8,54,0
Patna,2024-01-01,29.7,63,0
Patna,2024-01-02,29.7,53,1
Patna,2024-01-03,30.2,78,0
Patna,2024-01-04,30.2,57,0
Patna,2024-01-05,30.6,48,0
Patna,2024-01-06,21.0,40,0
Patna,2024-01-07,33.7,88,0
Patna,2024-01-08,30.7,54,0
Patna,2024-01-09,26.5,82,0
Patna,2024-01-10,26.9,49,0
Patna,2024-01-11,27.7,60,0
Patna,2024-01-12,34.3,74,0
Patna,2024-01-13,31.8,44,0
Patna,2024-01-14,26.5,76,0
Patna,2024-01-15,32.0,46,0
Patna,2024-01-16,27.6,46,0
Patna,2024-01-17,32.0,42,0
Patna,2024-01-18,32.7,73,1
Patna,2024-01-19,22.0,71,0
Patna,2024-01-20,28.9,86,0
Patna,2024-01-21,35.0,41,0
Patna,2024-01-22,28.7,53,0
Patna,2024-01-23,36.8,88,0
Patna,2024-01-24,28.1,40,0
Patna,2024-01-25,38.4,68,0
Patna,2024-01-26,26.9,77,0
Patna,2024-01-27,29.6,45,0
Patna,2024-01-28,24.8,45,0
Patna,2024-01-29,23.6,87,0
Patna,2024-01-30,39.9,80,0
Patna,2024-01-31,27.0,63,0
Patna,2024-02-01,21.8,45,0
Patna,2024-02-02,26.3,45,1
Patna,2024-02-03,20.4,67,0
Patna,2024-02-04,23.5,74,0
Patna,2024-02-05,23.0,76,0
Patna,2024-02-06,27.3,88,0
Patna,2024-02-07,26.6,42,0
Patna,2024-02-08,20.9,81,0
Patna,2024-02-09,34.6,51,0
Patna,2024-02-10,29.9,84,0
Patna,2024-02-11,26.7,89,0
Patna,2024-02-12,28.0,62,1
Patna,2024-02-13,25.1,58,0
Patna,2024-02-14,27.8,49,0
Patna,2024-02-15,32.4,53,0
Patna,2024-02-16,38.3,76,0
Patna,2024-02-17,24.1,78,1
Patna,2024-02-18,26.2,80,1
Patna,2024-02-19,32.0,44,0
Patna,2024-02-20,21.6,83,1
Patna,2024-02-21,23.3,87,1
Patna,2024-02-22,36.6,56,0
Patna,2024-02-23,27.9,70,0
Patna,2024-02-24,21.1,81,0
Patna,2024-02-25,26.7,89,1
Patna,2024-02-26,29.2,58,0
Patna,2024-02-27,29.9,47,0
Patna,2024-02-28,29.6,46,0
Patna,2024-02-29,27.0,42,0
Patna,2024-03-01,30.9,53,0
Patna,2024-03-02,32.4,48,0
Patna,2024-03-03,36.2,47,0
Patna,2024-03-04,27.4,81,0
Patna,2024-03-05,25.8,63,0
Patna,2024-03-06,25.1,75,1
Patna,2024-03-07,41.5,66,1
Patna,2024-03-08,27.2,51,1
Patna,2024-03-09,32.3,78,0
Patna,2024-03-10,27.8,60,0
Patna,2024-03-11,33.3,41,0
Patna,2024-03-12,30.2,78,0
Patna,2024-03-13,23.5,50,1
Patna,2024-03-14,24.3,62,1
Patna,2024-03-15,28.7,69,1
Patna,2024-03-16,19.3,56,0
Patna,2024-03-17,27.3,50,0
Patna,2024-03-18,28.8,57,0
Patna,2024-03-19,32.0,47,0
Patna,2024-03-20,26.1,47,0
Patna,2024-03-21,29.4,79,0
Patna,2024-03-22,23.6,65,1
Patna,2024-03-23,36.5,61,0
Patna,2024-03-24,33.4,67,0
Patna,2024-03-25,30.8,78,0
Patna,2024-03-26,31.2,85,1
Patna,2024-03-27,18.4,50,0
Patna,2024-03-28,34.8,53,0
Patna,2024-03-29,31.2,50,0
Patna,2024-03-30,23.2,86,0
Patna,2024-03-31,31.0,56,0
Patna,2024-04-01,29.3,42,0
Patna,2024-04-02,29.3,57,0
Patna,2024-04-03,31.1,71,0
Patna,2024-04-04,30.0,81,0
Patna,2024-04-05,27.1,46,0
Patna,2024-04-06,27.5,41,0
Patna,2024-04-07,30.6,87,1
Patna,2024-04-08,31.5,53,1
Patna,2024-04-09,31.1,79,0
Patna,2024-04-10,29.6,69,1
Patna,2024-04-11,30.9,49,0
Patna,2024-04-12,33.7,80,0
Patna,2024-04-13,28.6,48,1
Patna,2024-04-14,33.5,63,0
Patna,2024-04-15,24.3,84,0
Patna,2024-04-16,26.2,79,0
Patna,2024-04-17,30.2,47,0
Patna,2024-04-18,34.5,59,0
Patna,2024-04-19,30.6,73,0
Patna,2024-04-20,40.9,41,0
Patna,2024-04-21,32.2,59,0
Patna,2024-04-22,28.2,83,0
Patna,2024-04-23,26.0,74,0
Patna,2024-04-24,25.7,58,0
Patna,2024-04-25,31.5,57,0
Patna,2024-04-26,21.6,73,1
Patna,2024-04-27,30.2,43,0
Patna,2024-04-28,30.7,77,0
Patna,2024-04-29,28.8,52,0
Patna,2024-04-30,25.7,56,0
Patna,2024-05-01,17.4,42,0
Patna,2024-05-02,36.3,47,1
Patna,2024-05-03,21.8,41,0
Patna,2024-05-04,21.0,74,0
Patna,2024-05-05,25.0,71,0
Patna,2024-05-06,22.5,70,0
Patna,2024-05-07,35.3,60,0
Patna,2024-05-08,30.2,60,1
Patna,2024-05-09,24.2,48,0
Patna,2024-05-10,24.6,40,0
Patna,2024-05-11,30.8,59,0
Patna,2024-05-12,30.8,71,0
Patna,2024-05-13,26.6,43,0
Patna,2024-05-14,30.6,57,0
Patna,2024-05-15,29.5,76,0
Patna,2024-05-16,22.0,45,0
Patna,2024-05-17,27.0,51,0
Patna,2024-05-18,22.4,85,0
Patna,2024-05-19,30.2,84,0
Patna,2024-05-20,30.6,58,0
Patna,2024-05-21,29.4,88,1
Patna,2024-05-22,32.9,76,0
Patna,2024-05-23,32.8,71,0
Patna,2024-05-24,30.5,74,0
Patna,2024-05-25,21.1,57,0
Patna,2024-05-26,28.1,50,0
Patna,2024-05-27,31.3,80,1
Patna,2024-05-28,23.3,60,1
Patna,2024-05-29,32.2,41,0
Patna,2024-05-30,24.9,47,0
Patna,2024-05-31,20.2,81,0
Patna,2024-06-01,30.1,40,0
Patna,2024-06-02,24.9,66,0
Patna,2024-06-03,26.3,75,0
Patna,2024-06-04,15.3,81,0
Patna,2024-06-05,38.1,54,0
Patna,2024-06-06,15.5,81,0
Patna,2024-06-07,25.5,53,0
Patna,2024-06-08,24.8,83,0
Patna,2024-06-09,31.5,41,0
Patna,2024-06-10,22.6,84,0
Patna,2024-06-11,34.4,49,0
Patna,2024-06-12,22.2,52,0
Patna,2024-06-13,24.8,63,0
Patna,2024-06-14,22.2,86,1
Patna,2024-06-15,25.4,70,0
Patna,2024-06-16,32.1,64,1
Patna,2024-06-17,22.9,64,0
Patna,2024-06-18,28.1,74,0
Patna,2024-06-19,38.0,86,1
Patna,2024-06-20,26.7,89,0
Patna,2024-06-21,29.2,63,0
Patna,2024-06-22,29.2,69,1
Patna,2024-06-23,23.0,73,0
Patna,2024-06-24,28.9,45,1
Patna,2024-06-25,34.7,70,0
Patna,2024-06-26,30.7,43,0
Patna,2024-06-27,22.6,44,0
Patna,2024-06-28,25.7,63,0
Patna,2024-06-29,24.0,40,1
Patna,2024-06-30,25.5,79,1
Patna,2024-07-01,45.0,48,0
Patna,2024-07-02,22.5,60,0
Patna,2024-07-03,31.0,53,1
Patna,2024-07-04,28.3,68,0
Patna,2024-07-05,26.4,85,0
Patna,2024-07-06,28.6,53,0
Patna,2024-07-07,32.0,66,1
Patna,2024-07-08,14.5,41,0
Patna,2024-07-09,28.0,47,0
Patna,2024-07-10,25.3,75,0
Patna,2024-07-11,17.5,58,0
Patna,2024-07-12,27.1,80,0
Patna,2024-07-13,28.4,54,0
Patna,2024-07-14,28.3,62,0
Patna,2024-07-15,37.4,69,1
Patna,2024-07-16,29.9,69,0
Patna,2024-07-17,27.0,43,0
Patna,2024-07-18,28.6,70,0
Patna,2024-07-19,35.0,72,0
Patna,2024-07-20,21.2,51,0
Patna,2024-07-21,30.2,57,0
Patna,2024-07-22,29.5,63,0
Patna,2024-07-23,23.8,51,1
Patna,2024-07-24,19.4,66,1
Patna,2024-07-25,23.4,70,1
Patna,2024-07-26,29.3,77,0
Patna,2024-07-27,23.9,44,0
Patna,2024-07-28,21.5,54,1
Patna,2024-07-29,19.8,65,0
Patna,2024-07-30,23.0,63,0
Patna,2024-07-31,23.3,43,0
Patna,2024-08-01,29.6,49,0
Patna,2024-08-02,27.3,50,0
Patna,2024-08-03,25.9,85,0
Patna,2024-08-04,30.2,58,1
Patna,2024-08-05,30.7,79,0
Patna,2024-08-06,36.5,53,0
Patna,2024-08-07,21.8,55,0
Patna,2024-08-08,22.7,81,0
Patna,2024-08-09,23.3,56,0
Patna,2024-08-10,31.0,54,1
Patna,2024-08-11,26.9,56,0
Patna,2024-08-12,24.3,62,0
Patna,2024-08-13,31.7,62,0
Patna,2024-08-14,26.9,66,0
Patna,2024-08-15,26.0,60,0
Patna,2024-08-16,15.0,76,0
Patna,2024-08-17,21.3,51,0
Patna,2024-08-18,31.1,59,1
Patna,2024-08-19,28.6,66,0
Patna,2024-08-20,34.9,74,0
Patna,2024-08-21,19.5,88,0
Patna,2024-08-22,35.2,76,0
Patna,2024-08-23,39.1,69,0
Patna,2024-08-24,32.3,49,0
Patna,2024-08-25,27.8,65,0
Patna,2024-08-26,35.4,50,0
Patna,2024-08-27,23.0,56,0
Patna,2024-08-28,28.8,48,0
Patna,2024-08-29,22.4,57,0
Patna,2024-08-30,17.9,80,0
Patna,2024-08-31,29.1,72,0
Patna,2024-09-01,33.5,67,0
Patna,2024-09-02,25.2,65,0
Patna,2024-09-03,39.1,63,1
Patna,2024-09-04,20.2,45,0
Patna,2024-09-05,35.9,46,0
Patna,2024-09-06,31.2,55,0
Patna,2024-09-07,28.2,75,0
Patna,2024-09-08,35.0,85,0
Patna,2024-09-09,35.1,57,0
Patna,2024-09-10,21.6,51,0
Patna,2024-09-11,30.2,63,0
Patna,2024-09-12,35.7,53,1
Patna,2024-09-13,37.6,41,0
Patna,2024-09-14,30.4,55,0
Patna,2024-09-15,30.8,61,0
Patna,2024-09-16,24.2,62,0
Patna,2024-09-17,29.5,40,0
Patna,2024-09-18,24.2,82,0
Patna,2024-09-19,26.1,77,0
Patna,2024-09-20,27.9,67,0
Patna,2024-09-21,20.4,56,0
Patna,2024-09-22,29.7,61,0
Patna,2024-09-23,27.3,83,0
Patna,2024-09-24,28.1,43,0
Patna,2024-09-25,26.9,89,1
Patna,2024-09-26,29.2,52,0
Patna,2024-09-27,33.4,82,0
Patna,2024-09-28,23.1,65,0
Patna,2024-09-29,26.2,55,0
Patna,2024-09-30,30.7,52,0
Patna,2024-10-01,25.6,57,1
Patna,2024-10-02,30.8,59,0
Patna,2024-10-03,29.1,52,0
Patna,2024-10-04,23.6,64,0
Patna,2024-10-05,23.5,84,0
Patna,2024-10-06,27.8,75,0
Patna,2024-10-07,24.1,73,0
Patna,2024-10-08,28.1,56,0
Patna,2024-10-09,36.2,44,0
Patna,2024-10-10,26.3,56,0
Patna,2024-10-11,31.7,65,0
Patna,2024-10-12,30.4,83,0
Patna,2024-10-13,31.5,87,0
Patna,2024-10-14,34.4,43,0
Patna,2024-10-15,31.6,50,0
Patna,2024-10-16,22.7,69,1
Patna,2024-10-17,27.4,83,0
Patna,2024-10-18,31.4,84,0
Patna,2024-10-19,27.1,78,0
Patna,2024-10-20,30.5,67,0
Patna,2024-10-21,20.4,81,0
Patna,2024-10-22,34.0,52,1
Patna,2024-10-23,38.6,66,0
Patna,2024-10-24,30.0,46,0
Patna,2024-10-25,34.1,81,0
Patna,2024-10-26,21.7,81,0
Patna,2024-10-27,26.3,67,0
Patna,2024-10-28,31.0,83,0
Patna,2024-10-29,15.1,51,0
Patna,2024-10-30,29.1,48,0
Patna,2024-10-31,22.1,75,0
Patna,2024-11-01,20.3,74,0
Patna,2024-11-02,34.1,78,0
Patna,2024-11-03,24.3,74,0
Patna,2024-11-04,35.7,74,0
Patna,2024-11-05,28.7,46,0
Patna,2024-11-06,27.3,66,0
Patna,2024-11-07,25.3,45,0
Patna,2024-11-08,31.6,62,0
Patna,2024-11-09,38.9,86,1
Patna,2024-11-10,31.9,47,0
Patna,2024-11-11,24.3,67,1
Patna,2024-11-12,29.4,41,0
Patna,2024-11-13,24.8,80,0
Patna,2024-11-14,29.7,50,0
Patna,2024-11-15,25.3,74,0
Patna,2024-11-16,20.7,82,0
Patna,2024-11-17,23.3,53,0
Patna,2024-11-18,19.3,69,1
Patna,2024-11-19,19.8,81,0
Patna,2024-11-20,27.9,62,1
Patna,2024-11-21,25.6,83,1
Patna,2024-11-22,29.2,42,0
Patna,2024-11-23,25.4,45,0
Patna,2024-11-24,32.9,71,0
Patna,2024-11-25,23.5,80,0
Patna,2024-11-26,33.5,87,1
Patna,2024-11-27,33.5,80,0
Patna,2024-11-28,23.8,60,1
Patna,2024-11-29,31.8,78,0
Patna,2024-11-30,28.2,45,1
Patna,2024-12-01,27.9,45,0
Patna,2024-12-02,28.6,79,1
Patna,2024-12-03,19.4,60,0
Patna,2024-12-04,18.8,75,0
Patna,2024-12-05,34.7,82,0
Patna,2024-12-06,32.3,50,0
Patna,2024-12-07,28.9,72,0
Patna,2024-12-08,24.0,62,0
Patna,2024-12-09,33.3,59,0
Patna,2024-12-10,22.5,64,0
Patna,2024-12-11,27.2,40,0
Patna,2024-12-12,26.3,63,0
Patna,2024-12-13,34.6,64,1
Patna,2024-12-14,18.4,75,1
Patna,2024-12-15,28.6,73,1
Patna,2024-12-16,29.2,55,1
Patna,2024-12-17,23.8,40,0
Patna,2024-12-18,25.2,56,0
Patna,2024-12-19,21.0,84,0
Patna,2024-12-20,29.3,72,1
Patna,2024-12-21,37.8,80,0
Patna,2024-12-22,23.0,48,0
Patna,2024-12-23,20.9,55,0
Patna,2024-12-24,28.7,80,0
Patna,2024-12-25,28.3,40,0
Patna,2024-12-26,35.1,55,1
Patna,2024-12-27,26.7,71,0
Patna,2024-12-28,23.7,87,0
Patna,2024-12-29,33.5,77,0
Patna,2024-12-30,35.8,71,0
Patna,2024-12-31,25.1,80,0
Chandigarh,2024-01-01,21.2,41,0
Chandigarh,2024-01-02,16.3,85,1
Chandigarh,2024-01-03,24.0,47,0
Chandigarh,2024-01-04,28.0,78,0
Chandigarh,2024-01-05,28.0,65,0
Chandigarh,2024-01-06,29.1,50,0
Chandigarh,2024-01-07,19.8,54,0
Chandigarh,2024-01-08,29.9,75,0
Chandigarh,2024-01-09,16.1,68,0
Chandigarh,2024-01-10,19.3,53,0
Chandigarh,2024-01-11,23.1,56,1
Chandigarh,2024-01-12,29.3,65,0
Chandigarh,2024-01-13,30.0,59,0
Chandigarh,2024-01-14,19.9,65,1
Chandigarh,2024-01-15,19.7,85,0
Chandigarh,2024-01-16,27.0,51,0
Chandigarh,2024-01-17,29.3,62,0
Chandigarh,2024-01-18,35.2,56,0
Chandigarh,2024-01-19,18.3,68,0
Chandigarh,2024-01-20,13.4,77,0
Chandigarh,2024-01-21,28.3,65,0
Chandigarh,2024-01-22,30.1,75,0
Chandigarh,2024-01-23,16.0,82,0
Chandigarh,2024-01-24,21.0,68,0
Chandigarh,2024-01-25,25.0,56,0
Chandigarh,2024-01-26,32.2,49,1
Chandigarh,2024-01-27,30.1,54,0
Chandigarh,2024-01-28,24.5,58,0
Chandigarh,2024-01-29,22.7,50,0
Chandigarh,2024-01-30,17.2,78,1
Chandigarh,2024-01-31,24.3,64,0
Chandigarh,2024-02-01,19.4,59,0
Chandigarh,2024-02-02,22.5,45,0
Chandigarh,2024-02-03,21.9,50,0
Chandigarh,2024-02-04,26.8,69,1
Chandigarh,2024-02-05,16.8,54,0
Chandigarh,2024-02-06,22.1,40,0
Chandigarh,2024-02-07,21.7,70,0
Chandigarh,2024-02-08,31.9,85,1
Chandigarh,2024-02-09,10.8,53,0
Chandigarh,2024-02-10,29.8,45,1
Chandigarh,2024-02-11,21.1,88,0
Chandigarh,2024-02-12,24.9,60,1
Chandigarh,2024-02-13,27.4,69,0
Chandigarh,2024-02-14,33.5,43,0
Chandigarh,2024-02-15,26.7,52,0
Chandigarh,2024-02-16,31.8,45,0
Chandigarh,2024-02-17,25.4,62,0
Chandigarh,2024-02-18,15.6,81,0
Chandigarh,2024-02-19,16.0,65,0
Chandigarh,2024-02-20,20.0,46,0
Chandigarh,2024-02-21,22.6,42,0
Chandigarh,2024-02-22,26.6,66,1
Chandigarh,2024-02-23,15.4,88,0
Chandigarh,2024-02-24,17.6,89,0
Chandigarh,2024-02-25,20.9,42,0
Chandigarh,2024-02-26,22.1,76,0
Chandigarh,2024-02-27,24.2,77,1
Chandigarh,2024-02-28,21.2,87,0
Chandigarh,2024-02-29,24.5,59,0
Chandigarh,2024-03-01,17.3,61,1
Chandigarh,2024-03-02,17.0,63,0
Chandigarh,2024-03-03,31.6,65,0
Chandigarh,2024-03-04,19.7,55,1
Chandigarh,2024-03-05,23.1,70,0
Chandigarh,2024-03-06,26.0,46,0
Chandigarh,2024-03-07,25.6,61,0
Chandigarh,2024-03-08,26.5,50,0
Chandigarh,2024-03-09,25.2,68,0
Chandigarh,2024-03-10,24.6,52,1
Chandigarh,2024-03-11,19.0,59,0
Chandigarh,2024-03-12,19.4,45,0
Chandigarh,2024-03-13,14.7,89,0
Chandigarh,2024-03-14,18.9,79,1
Chandigarh,2024-03-15,32.4,43,0
Chandigarh,2024-03-16,26.0,60,0
Chandigarh,2024-03-17,13.9,47,1
Chandigarh,2024-03-18,21.8,54,0
Chandigarh,2024-03-19,28.6,60,0
Chandigarh,2024-03-20,18.9,71,0
Chandigarh,2024-03-21,18.4,73,0
Chandigarh,2024-03-22,31.5,40,0
Chandigarh,2024-03-23,25.2,62,0
Chandigarh,2024-03-24,26.0,80,0
Chandigarh,2024-03-25,28.4,72,0
Chandigarh,2024-03-26,20.0,56,0
Chandigarh,2024-03-27,31.5,88,0
Chandigarh,2024-03-28,30.0,43,0
Chandigarh,2024-03-29,20.8,69,1
Chandigarh,2024-03-30,24.5,51,0
Chandigarh,2024-03-31,19.8,46,1
Chandigarh,2024-04-01,29.2,84,1
Chandigarh,2024-04-02,25.0,53,0
Chandigarh,2024-04-03,25.6,47,1
Chandigarh,2024-04-04,18.1,78,0
Chandigarh,2024-04-05,22.8,57,0
Chandigarh,2024-04-06,22.6,81,1
Chandigarh,2024-04-07,16.1,88,0
Chandigarh,2024-04-08,17.7,71,0
Chandigarh,2024-04-09,19.6,73,0
Chandigarh,2024-04-10,19.3,74,0
Chandigarh,2024-04-11,31.1,57,0
Chandigarh,2024-04-12,24.1,59,0
Chandigarh,2024-04-13,24.9,45,0
Chandigarh,2024-04-14,28.1,58,0
Chandigarh,2024-04-15,27.6,60,0
Chandigarh,2024-04-16,19.7,67,0
Chandigarh,2024-04-17,24.4,88,1
Chandigarh,2024-04-18,27.6,69,0
Chandigarh,2024-04-19,16.6,48,0
Chandigarh,2024-04-20,20.5,43,1
Chandigarh,2024-04-21,23.7,51,0
Chandigarh,2024-04-22,13.8,44,0
Chandigarh,2024-04-23,24.5,63,1
Chandigarh,2024-04-24,18.8,80,0
Chandigarh,2024-04-25,21.9,86,0
Chandigarh,2024-04-26,13.5,66,0
Chandigarh,2024-04-27,24.4,53,0
Chandigarh,2024-04-28,15.7,41,0
Chandigarh,2024-04-29,28.1,59,0
Chandigarh,2024-04-30,26.5,44,0
Chandigarh,2024-05-01,23.7,53,0
Chandigarh,2024-05-02,24.6,79,0
Chandigarh,2024-05-03,25.9,89,0
Chandigarh,2024-05-04,29.6,85,0
Chandigarh,2024-05-05,18.6,83,0
Chandigarh,2024-05-06,22.6,62,0
Chandigarh,2024-05-07,22.8,61,0
Chandigarh,2024-05-08,22.5,72,0
Chandigarh,2024-05-09,33.8,67,0
Chandigarh,2024-05-10,36.5,42,0
Chandigarh,2024-05-11,26.9,71,1
Chandigarh,2024-05-12,17.5,44,1
Chandigarh,2024-05-13,22.9,47,1
Chandigarh,2024-05-14,24.0,56,0
Chandigarh,2024-05-15,23.6,81,0
Chandigarh,2024-05-16,18.3,70,0
Chandigarh,2024-05-17,23.3,83,0
Chandigarh,2024-05-18,17.3,40,0
Chandigarh,2024-05-19,37.5,71,1
Chandigarh,2024-05-20,29.6,49,1
Chandigarh,2024-05-21,22.6,76,0
Chandigarh,2024-05-22,23.9,64,0
Chandigarh,2024-05-23,24.4,76,0
Chandigarh,2024-05-24,23.1,83,0
Chandigarh,2024-05-25,20.6,69,0
Chandigarh,2024-05-26,13.3,53,0
Chandigarh,2024-05-27,20.9,45,0
Chandigarh,2024-05-28,18.8,87,0
Chandigarh,2024-05-29,20.4,48,0
Chandigarh,2024-05-30,25.7,87,0
Chandigarh,2024-05-31,26.9,81,0
Chandigarh,2024-06-01,22.1,53,0
Chandigarh,2024-06-02,25.7,85,0
Chandigarh,2024-06-03,24.2,74,0
Chandigarh,2024-06-04,19.5,59,0
Chandigarh,2024-06-05,21.6,73,0
Chandigarh,2024-06-06,24.9,88,0
Chandigarh,2024-06-07,17.3,41,0
Chandigarh,2024-06-08,21.3,79,0
Chandigarh,2024-06-09,20.0,72,0
Chandigarh,2024-06-10,24.5,70,1
Chandigarh,2024-06-11,30.0,42,0
Chandigarh,2024-06-12,26.4,75,0
Chandigarh,2024-06-13,15.0,64,0
Chandigarh,2024-06-14,26.3,63,0
Chandigarh,2024-06-15,30.3,61,0
Chandigarh,2024-06-16,33.3,76,0
Chandigarh,2024-06-17,20.1,51,0
Chandigarh,2024-06-18,27.9,53,0
Chandigarh,2024-06-19,20.1,77,0
Chandigarh,2024-06-20,23.4,47,0
Chandigarh,2024-06-21,25.6,76,0
Chandigarh,2024-06-22,19.2,54,1
Chandigarh,2024-06-23,23.6,45,0
Chandigarh,2024-06-24,18.3,69,0
Chandigarh,2024-06-25,22.0,58,0
Chandigarh,2024-06-26,29.0,52,0
Chandigarh,2024-06-27,29.5,62,0
Chandigarh,2024-06-28,26.1,80,0
Chandigarh,2024-06-29,15.6,77,0
Chandigarh,2024-06-30,18.0,53,0
Chandigarh,2024-07-01,14.0,82,0
Chandigarh,2024-07-02,24.6,76,0
Chandigarh,2024-07-03,14.3,47,0
Chandigarh,2024-07-04,24.5,75,1
Chandigarh,2024-07-05,24.2,45,0
Chandigarh,2024-07-06,20.5,87,0
Chandigarh,2024-07-07,18.3,82,0
Chandigarh,2024-07-08,25.9,87,1
Chandigarh,2024-07-09,28.5,49,0
Chandigarh,2024-07-10,21.3,76,0
Chandigarh,2024-07-11,26.9,69,0
Chandigarh,2024-07-12,20.1,88,1
Chandigarh,2024-07-13,18.0,83,1
Chandigarh,2024-07-14,13.7,63,0
Chandigarh,2024-07-15,30.7,75,0
Chandigarh,2024-07-16,24.0,48,0
Chandigarh,2024-07-17,21.3,80,0
Chandigarh,2024-07-18,28.4,53,0
Chandigarh,2024-07-19,26.0,68,0
Chandigarh,2024-07-20,18.5,69,0
Chandigarh,2024-07-21,23.5,82,1
Chandigarh,2024-07-22,20.6,79,1
Chandigarh,2024-07-23,18.1,86,0
Chandigarh,2024-07-24,25.5,80,0
Chandigarh,2024-07-25,22.5,79,0
Chandigarh,2024-07-26,21.6,55,0
Chandigarh,2024-07-27,26.1,40,0
Chandigarh,2024-07-28,23.2,74,1
Chandigarh,2024-07-29,28.8,69,1
Chandigarh,2024-07-30,24.1,68,0
Chandigarh,2024-07-31,14.1,56,0
Chandigarh,2024-08-01,17.7,55,0
Chandigarh,2024-08-02,27.9,75,0
Chandigarh,2024-08-03,25.9,61,0
Chandigarh,2024-08-04,26.5,59,0
Chandigarh,2024-08-05,19.9,72,0
Chandigarh,2024-08-06,22.3,88,0
Chandigarh,2024-08-07,19.1,48,0
Chandigarh,2024-08-08,26.8,71,0
Chandigarh,2024-08-09,20.9,83,1
Chandigarh,2024-08-10,15.7,45,0
Chandigarh,2024-08-11,14.7,77,1
Chandigarh,2024-08-12,20.7,66,0
Chandigarh,2024-08-13,22.6,55,1
Chandigarh,2024-08-14,15.1,53,0
Chandigarh,2024-08-15,13.7,50,1
Chandigarh,2024-08-16,24.2,68,0
Chandigarh,2024-08-17,18.8,85,0
Chandigarh,2024-08-18,20.0,78,0
Chandigarh,2024-08-19,16.9,55,0
Chandigarh,2024-08-20,29.4,78,1
Chandigarh,2024-08-21,17.8,56,0
Chandigarh,2024-08-22,20.5,62,1
Chandigarh,2024-08-23,26.3,88,0
Chandigarh,2024-08-24,19.8,86,0
Chandigarh,2024-08-25,25.9,62,0
Chandigarh,2024-08-26,27.7,65,0
Chandigarh,2024-08-27,22.5,70,0
Chandigarh,2024-08-28,26.8,73,1
Chandigarh,2024-08-29,10.3,86,0
Chandigarh,2024-08-30,25.6,70,0
Chandigarh,2024-08-31,24.0,46,0
Chandigarh,2024-09-01,39.9,54,0
Chandigarh,2024-09-02,23.6,62,1
Chandigarh,2024-09-03,18.9,81,0
Chandigarh,2024-09-04,21.2,86,0
Chandigarh,2024-09-05,15.2,55,0
Chandigarh,2024-09-06,18.4,47,1
Chandigarh,2024-09-07,30.0,69,0
Chandigarh,2024-09-08,22.0,60,0
Chandigarh,2024-09-09,18.2,70,0
Chandigarh,2024-09-10,26.9,84,1
Chandigarh,2024-09-11,24.5,88,1
Chandigarh,2024-09-12,19.5,44,0
Chandigarh,2024-09-13,28.5,82,0
Chandigarh,2024-09-14,22.4,68,0
Chandigarh,2024-09-15,30.9,69,0
Chandigarh,2024-09-16,18.9,85,1
Chandigarh,2024-09-17,25.5,56,0
Chandigarh,2024-09-18,27.3,46,0
Chandigarh,2024-09-19,26.7,45,0
Chandigarh,2024-09-20,17.4,78,0
Chandigarh,2024-09-21,19.8,88,0
Chandigarh,2024-09-22,24.3,50,0
Chandigarh,2024-09-23,26.8,76,0
Chandigarh,2024-09-24,22.1,84,0
Chandigarh,2024-09-25,28.2,84,0
Chandigarh,2024-09-26,28.8,78,0
Chandigarh,2024-09-27,23.4,48,0
Chandigarh,2024-09-28,21.2,41,0
Chandigarh,2024-09-29,19.8,54,0
Chandigarh,2024-09-30,25.1,67,0
Chandigarh,2024-10-01,29.3,86,1
Chandigarh,2024-10-02,25.2,68,0
Chandigarh,2024-10-03,24.0,73,0
Chandigarh,2024-10-04,19.6,86,0
Chandigarh,2024-10-05,19.7,50,0
Chandigarh,2024-10-06,21.8,41,0
Chandigarh,2024-10-07,23.4,69,0
Chandigarh,2024-10-08,19.2,87,0
Chandigarh,2024-10-09,20.1,40,0
Chandigarh,2024-10-10,30.5,48,0
Chandigarh,2024-10-11,25.9,61,0
Chandigarh,2024-10-12,24.5,57,0
Chandigarh,2024-10-13,30.3,56,1
Chandigarh,2024-10-14,30.5,76,0
Chandigarh,2024-10-15,28.4,66,0
Chandigarh,2024-10-16,16.3,81,0
Chandigarh,2024-10-17,18.2,54,0
Chandigarh,2024-10-18,21.9,47,1
Chandigarh,2024-10-19,16.6,78,0
Chandigarh,2024-10-20,20.3,40,1
Chandigarh,2024-10-21,24.9,45,0
Chandigarh,2024-10-22,24.2,89,0
Chandigarh,2024-10-23,28.0,69,1
Chandigarh,2024-10-24,24.3,41,0
Chandigarh,2024-10-25,24.5,69,0
Chandigarh,2024-10-26,24.7,51,1
Chandigarh,2024-10-27,20.6,57,0
Chandigarh,2024-10-28,20.4,45,0
Chandigarh,2024-10-29,26.1,54,0
Chandigarh,2024-10-30,21.6,77,0
Chandigarh,2024-10-31,19.6,73,0
Chandigarh,2024-11-01,25.6,74,0
Chandigarh,2024-11-02,26.2,66,0
Chandigarh,2024-11-03,31.3,79,0
Chandigarh,2024-11-04,31.3,87,0
Chandigarh,2024-11-05,17.1,40,0
Chandigarh,2024-11-06,24.6,59,0
Chandigarh,2024-11-07,23.3,55,0
Chandigarh,2024-11-08,16.2,56,0
Chandigarh,2024-11-09,11.7,69,0
Chandigarh,2024-11-10,24.9,58,1
Chandigarh,2024-11-11,27.5,63,0
Chandigarh,2024-11-12,17.2,74,1
Chandigarh,2024-11-13,28.7,50,0
Chandigarh,2024-11-14,20.6,62,1
Chandigarh,2024-11-15,32.6,68,1
Chandigarh,2024-11-16,22.4,55,0
Chandigarh,2024-11-17,15.5,54,1
Chandigarh,2024-11-18,31.1,51,0
Chandigarh,2024-11-19,27.3,44,0
Chandigarh,2024-11-20,23.4,40,1
Chandigarh,2024-11-21,27.4,71,0
Chandigarh,2024-11-22,23.8,77,0
Chandigarh,2024-11-23,30.2,89,1
Chandigarh,2024-11-24,27.5,40,1
Chandigarh,2024-11-25,24.6,57,0
Chandigarh,2024-11-26,27.5,45,0
Chandigarh,2024-11-27,16.1,69,0
Chandigarh,2024-11-28,18.2,46,0
Chandigarh,2024-11-29,18.0,81,0
Chandigarh,2024-11-30,28.7,48,1
Chandigarh,2024-12-01,21.3,66,0
Chandigarh,2024-12-02,19.8,67,1
Chandigarh,2024-12-03,17.0,45,0
Chandigarh,2024-12-04,16.8,70,1
Chandigarh,2024-12-05,22.0,66,0
Chandigarh,2024-12-06,23.4,57,0
Chandigarh,2024-12-07,20.8,59,0
Chandigarh,2024-12-08,18.6,43,0
Chandigarh,2024-12-09,25.3,62,0
Chandigarh,2024-12-10,28.0,81,0
Chandigarh,2024-12-11,18.3,44,0
Chandigarh,2024-12-12,16.2,80,0
Chandigarh,2024-12-13,36.4,83,0
Chandigarh,2024-12-14,25.7,56,0
Chandigarh,2024-12-15,39.1,52,1
Chandigarh,2024-12-16,23.4,54,0
Chandigarh,2024-12-17,27.9,89,0
Chandigarh,2024-12-18,29.2,70,0
Chandigarh,2024-12-19,22.2,43,0
Chandigarh,2024-12-20,11.9,50,0
Chandigarh,2024-12-21,23.7,49,0
Chandigarh,2024-12-22,21.0,56,1
Chandigarh,2024-12-23,21.5,74,0
Chandigarh,2024-12-24,13.0,62,0
Chandigarh,2024-12-25,22.7,82,0
Chandigarh,2024-12-26,13.8,63,0
Chandigarh,2024-12-27,16.2,61,0
Chandigarh,2024-12-28,24.3,76,0
Chandigarh,2024-12-29,28.2,58,1
Chandigarh,2024-12-30,22.2,69,1
Chandigarh,2024-12-31,21.1,85,0
Kochi,2024-01-01,23.8,55,0
Kochi,2024-01-02,28.5,42,0
Kochi,2024-01-03,30.3,54,0
Kochi,2024-01-04,22.1,61,0
Kochi,2024-01-05,26.7,89,0
Kochi,2024-01-06,30.8,55,0
Kochi,2024-01-07,21.0,68,0
Kochi,2024-01-08,29.8,73,1
Kochi,2024-01-09,29.0,84,0
Kochi,2024-01-10,29.7,43,0
Kochi,2024-01-11,26.9,85,0
Kochi,2024-01-12,19.8,79,1
Kochi,2024-01-13,29.1,52,0
Kochi,2024-01-14,24.7,88,0
Kochi,2024-01-15,26.9,43,0
Kochi,2024-01-16,25.3,58,0
Kochi,2024-01-17,23.9,45,1
Kochi,2024-01-18,24.1,41,0
Kochi,2024-01-19,22.5,82,0
Kochi,2024-01-20,29.9,85,0
Kochi,2024-01-21,24.7,55,1
Kochi,2024-01-22,20.4,82,0
Kochi,2024-01-23,27.4,80,0
Kochi,2024-01-24,21.5,63,0
Kochi,2024-01-25,24.0,59,0
Kochi,2024-01-26,31.7,59,0
Kochi,2024-01-27,25.2,56,0
Kochi,2024-01-28,22.6,67,0
Kochi,2024-01-29,31.0,45,1
Kochi,2024-01-30,25.1,48,0
Kochi,2024-01-31,18.0,71,0
Kochi,2024-02-01,30.9,62,1
Kochi,2024-02-02,30.3,65,0
Kochi,2024-02-03,40.5,74,0
Kochi,2024-02-04,25.8,67,0
Kochi,2024-02-05,26.9,87,1
Kochi,2024-02-06,21.5,60,0
Kochi,2024-02-07,32.9,57,1
Kochi,2024-02-08,24.1,67,0
Kochi,2024-02-09,11.7,83,0
Kochi,2024-02-10,24.1,51,0
Kochi,2024-02-11,35.4,43,0
Kochi,2024-02-12,21.6,40,0
Kochi,2024-02-13,23.3,68,0
Kochi,2024-02-14,25.2,79,0
Kochi,2024-02-15,30.0,64,0
Kochi,2024-02-16,20.1,62,0
Kochi,2024-02-17,29.1,69,0
Kochi,2024-02-18,33.7,78,1
Kochi,2024-02-19,33.6,55,1
Kochi,2024-02-20,30.5,46,0
Kochi,2024-02-21,23.2,52,0
Kochi,2024-02-22,32.8,89,0
Kochi,2024-02-23,25.2,57,1
Kochi,2024-02-24,30.3,47,0
Kochi,2024-02-25,32.6,68,0
Kochi,2024-02-26,20.0,81,0
Kochi,2024-02-27,20.5,82,0
Kochi,2024-02-28,31.2,72,0
Kochi,2024-02-29,24.5,68,1
Kochi,2024-03-01,30.4,40,0
Kochi,2024-03-02,26.1,44,0
Kochi,2024-03-03,17.5,89,0
Kochi,2024-03-04,34.6,70,0
Kochi,2024-03-05,27.8,42,0
Kochi,2024-03-06,39.4,81,0
Kochi,2024-03-07,17.3,82,0
Kochi,2024-03-08,19.5,82,0
Kochi,2024-03-09,25.3,44,0
Kochi,2024-03-10,24.6,64,0
Kochi,2024-03-11,21.6,72,0
Kochi,2024-03-12,27.8,83,0
Kochi,2024-03-13,20.7,79,1
Kochi,2024-03-14,27.1,42,0
Kochi,2024-03-15,17.0,80,0
Kochi,2024-03-16,27.1,56,1
Kochi,2024-03-17,27.0,55,0
Kochi,2024-03-18,23.7,43,0
Kochi,2024-03-19,24.6,44,0
Kochi,2024-03-20,17.8,64,0
Kochi,2024-03-21,31.4,72,0
Kochi,2024-03-22,26.3,83,1
Kochi,2024-03-23,25.8,68,0
Kochi,2024-03-24,24.2,41,0
Kochi,2024-03-25,26.8,67,0
Kochi,2024-03-26,25.4,85,0
Kochi,2024-03-27,26.8,84,0
Kochi,2024-03-28,29.5,73,0
Kochi,2024-03-29,28.4,49,0
Kochi,2024-03-30,38.7,64,1
Kochi,2024-03-31,31.7,64,0
Kochi,2024-04-01,23.3,71,0
Kochi,2024-04-02,21.5,75,0
Kochi,2024-04-03,38.8,72,0
Kochi,2024-04-04,22.4,76,0
Kochi,2024-04-05,19.8,79,0
Kochi,2024-04-06,21.4,76,0
Kochi,2024-04-07,33.2,78,0
Kochi,2024-04-08,18.5,81,0
Kochi,2024-04-09,24.9,50,0
Kochi,2024-04-10,25.3,69,1
Kochi,2024-04-11,20.6,77,0
Kochi,2024-04-12,36.6,73,0
Kochi,2024-04-13,33.2,43,0
Kochi,2024-04-14,21.4,47,1
Kochi,2024-04-15,29.5,69,0
Kochi,2024-04-16,28.4,64,0
Kochi,2024-04-17,28.1,60,0
Kochi,2024-04-18,28.1,66,0
Kochi,2024-04-19,24.0,75,0
Kochi,2024-04-20,26.1,82,0
Kochi,2024-04-21,26.7,80,0
Kochi,2024-04-22,19.6,43,0
Kochi,2024-04-23,25.2,74,0
Kochi,2024-04-24,17.7,77,0
Kochi,2024-04-25,20.5,66,0
Kochi,2024-04-26,27.4,48,0
Kochi,2024-04-27,30.3,45,0
Kochi,2024-04-28,25.1,49,0
Kochi,2024-04-29,23.3,68,0
Kochi,2024-04-30,30.2,58,1
Kochi,2024-05-01,21.5,55,0
Kochi,2024-05-02,17.4,70,0
Kochi,2024-05-03,33.6,88,0
Kochi,2024-05-04,24.0,69,0
Kochi,2024-05-05,29.0,49,0
Kochi,2024-05-06,32.7,71,0
Kochi,2024-05-07,18.6,83,1
Kochi,2024-05-08,33.1,74,0
Kochi,2024-05-09,20.5,71,0
Kochi,2024-05-10,26.0,73,0
Kochi,2024-05-11,23.5,50,0
Kochi,2024-05-12,27.8,54,0
Kochi,2024-05-13,25.4,46,0
Kochi,2024-05-14,24.5,71,0
Kochi,2024-05-15,36.5,71,0
Kochi,2024-05-16,20.7,76,0
Kochi,2024-05-17,23.1,42,0
Kochi,2024-05-18,33.5,56,1
Kochi,2024-05-19,26.6,60,0
Kochi,2024-05-20,39.5,73,0
Kochi,2024-05-21,27.1,61,1
Kochi,2024-05-22,30.5,76,0
Kochi,2024-05-23,31.9,73,0
Kochi,2024-05-24,23.9,60,1
Kochi,2024-05-25,36.3,63,1
Kochi,2024-05-26,20.8,89,1
Kochi,2024-05-27,19.3,64,1
Kochi,2024-05-28,25.1,71,1
Kochi,2024-05-29,34.5,67,0
Kochi,2024-05-30,32.5,71,0
Kochi,2024-05-31,39.9,74,0
Kochi,2024-06-01,19.4,85,1
Kochi,2024-06-02,29.3,73,0
Kochi,2024-06-03,23.7,69,1
Kochi,2024-06-04,26.5,62,1
Kochi,2024-06-05,34.0,62,0
Kochi,2024-06-06,36.0,71,0
Kochi,2024-06-07,34.3,72,0
Kochi,2024-06-08,27.6,89,0
Kochi,2024-06-09,22.7,67,0
Kochi,2024-06-10,36.1,41,0
Kochi,2024-06-11,17.3,61,1
Kochi,2024-06-12,27.5,70,0
Kochi,2024-06-13,28.0,51,1
Kochi,2024-06-14,39.8,78,0
Kochi,2024-06-15,26.5,73,0
Kochi,2024-06-16,31.2,57,0
Kochi,2024-06-17,19.8,84,0
Kochi,2024-06-18,30.4,87,1
Kochi,2024-06-19,29.4,72,0
Kochi,2024-06-20,35.2,59,0
Kochi,2024-06-21,30.3,78,1
Kochi,2024-06-22,9.0,88,0
Kochi,2024-06-23,29.8,86,0
Kochi,2024-06-24,27.1,47,0
Kochi,2024-06-25,21.7,74,0
Kochi,2024-06-26,27.9,61,0
Kochi,2024-06-27,21.8,55,0
Kochi,2024-06-28,28.6,78,0
Kochi,2024-06-29,23.0,79,1
Kochi,2024-06-30,33.2,69,0
Kochi,2024-07-01,34.7,67,0
Kochi,2024-07-02,27.0,57,0
Kochi,2024-07-03,26.2,62,0
Kochi,2024-07-04,17.4,68,0
Kochi,2024-07-05,30.1,51,0
Kochi,2024-07-06,26.5,59,0
Kochi,2024-07-07,23.7,86,0
Kochi,2024-07-08,19.0,52,1
Kochi,2024-07-09,21.2,47,0
Kochi,2024-07-10,24.9,60,1
Kochi,2024-07-11,28.8,85,0
Kochi,2024-07-12,22.5,86,0
Kochi,2024-07-13,38.3,88,0
Kochi,2024-07-14,30.0,55,0
Kochi,2024-07-15,26.6,62,0
Kochi,2024-07-16,26.2,77,1
Kochi,2024-07-17,26.6,89,0
Kochi,2024-07-18,32.0,81,1
Kochi,2024-07-19,27.3,69,0
Kochi,2024-07-20,29.2,75,0
Kochi,2024-07-21,32.4,61,0
Kochi,2024-07-22,26.6,40,0
Kochi,2024-07-23,19.8,81,1
Kochi,2024-07-24,23.9,45,0
Kochi,2024-07-25,27.7,51,1
Kochi,2024-07-26,27.4,81,0
Kochi,2024-07-27,27.8,54,1
Kochi,2024-07-28,22.6,48,1
Kochi,2024-07-29,19.6,65,1
Kochi,2024-07-30,27.1,67,0
Kochi,2024-07-31,26.3,57,0
Kochi,2024-08-01,30.3,83,0
Kochi,2024-08-02,22.5,76,0
Kochi,2024-08-03,32.0,56,0
Kochi,2024-08-04,26.4,52,0
Kochi,2024-08-05,22.9,88,0
Kochi,2024-08-06,25.3,77,0
Kochi,2024-08-07,24.9,45,0
Kochi,2024-08-08,30.4,89,0
Kochi,2024-08-09,17.7,63,0
Kochi,2024-08-10,42.7,88,0
Kochi,2024-08-11,22.5,72,0
Kochi,2024-08-12,31.5,47,0
Kochi,2024-08-13,19.6,54,0
Kochi,2024-08-14,27.5,49,0
Kochi,2024-08-15,22.1,63,0
Kochi,2024-08-16,25.7,44,0
Kochi,2024-08-17,22.0,65,0
Kochi,2024-08-18,22.1,70,0
Kochi,2024-08-19,25.8,64,0
Kochi,2024-08-20,19.3,63,0
Kochi,2024-08-21,31.8,89,0
Kochi,2024-08-22,21.7,50,0
Kochi,2024-08-23,25.6,73,1
Kochi,2024-08-24,31.3,69,1
Kochi,2024-08-25,25.6,62,0
Kochi,2024-08-26,24.7,71,1
Kochi,2024-08-27,21.5,75,1
Kochi,2024-08-28,31.6,70,0
Kochi,2024-08-29,19.9,81,0
Kochi,2024-08-30,35.9,58,0
Kochi,2024-08-31,27.3,70,0
Kochi,2024-09-01,22.9,67,1
Kochi,2024-09-02,34.5,64,0
Kochi,2024-09-03,22.6,66,0
Kochi,2024-09-04,25.2,54,0
Kochi,2024-09-05,24.2,84,0
Kochi,2024-09-06,25.6,48,0
Kochi,2024-09-07,23.6,76,0
Kochi,2024-09-08,32.4,49,0
Kochi,2024-09-09,18.0,43,1
Kochi,2024-09-10,31.7,68,0
Kochi,2024-09-11,30.2,40,1
Kochi,2024-09-12,25.2,75,0
Kochi,2024-09-13,29.6,43,0
Kochi,2024-09-14,27.9,56,0
Kochi,2024-09-15,23.8,49,0
Kochi,2024-09-16,25.3,66,1
Kochi,2024-09-17,37.6,68,0
Kochi,2024-09-18,31.6,65,1
Kochi,2024-09-19,28.9,89,0
Kochi,2024-09-20,30.7,42,0
Kochi,2024-09-21,28.2,57,1
Kochi,2024-09-22,30.1,85,0
Kochi,2024-09-23,19.9,59,0
Kochi,2024-09-24,26.1,82,0
Kochi,2024-09-25,25.4,73,0
Kochi,2024-09-26,13.7,71,0
Kochi,2024-09-27,27.1,46,1
Kochi,2024-09-28,31.1,59,1
Kochi,2024-09-29,28.0,44,0
Kochi,2024-09-30,25.1,85,0
Kochi,2024-10-01,23.9,51,1
Kochi,2024-10-02,25.5,75,0
Kochi,2024-10-03,28.7,56,1
Kochi,2024-10-04,27.0,70,0
Kochi,2024-10-05,17.5,50,1
Kochi,2024-10-06,28.5,77,0
Kochi,2024-10-07,28.8,57,0
Kochi,2024-10-08,22.0,62,0
Kochi,2024-10-09,21.4,45,0
Kochi,2024-10-10,29.2,50,0
Kochi,2024-10-11,28.6,50,0
Kochi,2024-10-12,23.5,79,1
Kochi,2024-10-13,24.5,58,1
Kochi,2024-10-14,28.0,82,0
Kochi,2024-10-15,34.6,85,0
Kochi,2024-10-16,35.3,84,1
Kochi,2024-10-17,30.6,41,0
Kochi,2024-10-18,27.5,89,1
Kochi,2024-10-19,29.1,82,0
Kochi,2024-10-20,35.6,63,0
Kochi,2024-10-21,23.9,67,0
Kochi,2024-10-22,31.2,84,1
Kochi,2024-10-23,23.1,66,1
Kochi,2024-10-24,28.8,55,0
Kochi,2024-10-25,22.7,71,0
Kochi,2024-10-26,17.4,41,0
Kochi,2024-10-27,24.0,79,1
Kochi,2024-10-28,31.0,79,1
Kochi,2024-10-29,25.3,40,0
Kochi,2024-10-30,32.0,55,0
Kochi,2024-10-31,32.4,78,0
Kochi,2024-11-01,17.1,80,0
Kochi,2024-11-02,21.2,50,0
Kochi,2024-11-03,30.3,60,0
Kochi,2024-11-04,27.7,45,0
Kochi,2024-11-05,32.6,46,0
Kochi,2024-11-06,28.4,84,1
Kochi,2024-11-07,29.1,43,1
Kochi,2024-11-08,28.8,72,0
Kochi,2024-11-09,23.2,68,1
Kochi,2024-11-10,33.2,49,0
Kochi,2024-11-11,24.5,81,0
Kochi,2024-11-12,27.9,49,0
Kochi,2024-11-13,25.8,45,0
Kochi,2024-11-14,34.8,79,1
Kochi,2024-11-15,28.1,58,0
Kochi,2024-11-16,30.3,58,0
Kochi,2024-11-17,24.5,54,0
Kochi,2024-11-18,25.0,41,0
Kochi,2024-11-19,24.1,86,0
Kochi,2024-11-20,20.8,87,0
Kochi,2024-11-21,27.9,62,0
Kochi,2024-11-22,19.0,63,1
Kochi,2024-11-23,30.4,41,0
Kochi,2024-11-24,24.4,45,0
Kochi,2024-11-25,21.4,82,0
Kochi,2024-11-26,32.7,42,0
Kochi,2024-11-27,27.4,41,0
Kochi,2024-11-28,22.0,57,0
Kochi,2024-11-29,19.5,80,1
Kochi,2024-11-30,23.6,43,0
Kochi,2024-12-01,32.9,82,1
Kochi,2024-12-02,15.8,69,1
Kochi,2024-12-03,29.3,44,0
Kochi,2024-12-04,31.5,54,0
Kochi,2024-12-05,26.7,49,0
Kochi,2024-12-06,23.6,72,1
Kochi,2024-12-07,43.0,47,0
Kochi,2024-12-08,29.5,47,0
Kochi,2024-12-09,24.6,52,0
Kochi,2024-12-10,28.6,56,0
Kochi,2024-12-11,30.3,52,1
Kochi,2024-12-12,36.6,63,0
Kochi,2024-12-13,33.0,48,0
Kochi,2024-12-14,23.7,73,0
Kochi,2024-12-15,30.8,67,0
Kochi,2024-12-16,29.6,68,0
Kochi,2024-12-17,25.1,65,0
Kochi,2024-12-18,29.1,46,0
Kochi,2024-12-19,37.9,80,0
Kochi,2024-12-20,27.1,80,0
Kochi,2024-12-21,20.0,70,0
Kochi,2024-12-22,25.0,59,0
Kochi,2024-12-23,25.2,81,0
Kochi,2024-12-24,32.6,52,0
Kochi,2024-12-25,28.0,84,0
Kochi,2024-12-26,26.3,80,1
Kochi,2024-12-27,41.0,88,0
Kochi,2024-12-28,32.6,60,0
Kochi,2024-12-29,28.4,66,0
Kochi,2024-12-30,26.1,49,0
Kochi,2024-12-31,29.6,79,0
Coimbatore,2024-01-01,34.2,48,0
Coimbatore,2024-01-02,29.8,87,0
Coimbatore,2024-01-03,31.7,88,1
Coimbatore,2024-01-04,34.5,48,0
Coimbatore,2024-01-05,28.7,66,0
Coimbatore,2024-01-06,35.4,56,0
Coimbatore,2024-01-07,34.6,41,0
Coimbatore,2024-01-08,34.8,42,0
Coimbatore,2024-01-09,39.2,55,0
Coimbatore,2024-01-10,35.8,52,0
Coimbatore,2024-01-11,26.5,44,1
Coimbatore,2024-01-12,32.7,74,1
Coimbatore,2024-01-13,25.6,53,0
Coimbatore,2024-01-14,34.5,68,0
Coimbatore,2024-01-15,24.2,49,1
Coimbatore,2024-01-16,40.1,65,0
Coimbatore,2024-01-17,36.4,79,0
Coimbatore,2024-01-18,36.5,44,1
Coimbatore,2024-01-19,37.4,59,0
Coimbatore,2024-01-20,39.4,50,0
Coimbatore,2024-01-21,38.4,81,0
Coimbatore,2024-01-22,38.9,58,0
Coimbatore,2024-01-23,30.4,45,0
Coimbatore,2024-01-24,37.8,87,0
Coimbatore,2024-01-25,39.3,65,0
Coimbatore,2024-01-26,39.6,43,0
Coimbatore,2024-01-27,36.6,52,0
Coimbatore,2024-01-28,33.2,75,0
Coimbatore,2024-01-29,30.7,61,0
Coimbatore,2024-01-30,36.8,78,1
Coimbatore,2024-01-31,38.6,56,0
Coimbatore,2024-02-01,34.7,69,1
Coimbatore,2024-02-02,33.8,49,0
Coimbatore,2024-02-03,31.7,51,0
Coimbatore,2024-02-04,35.3,42,0
Coimbatore,2024-02-05,42.1,70,1
Coimbatore,2024-02-06,36.4,44,0
Coimbatore,2024-02-07,31.8,48,0
Coimbatore,2024-02-08,30.0,61,1
Coimbatore,2024-02-09,36.2,89,0
Coimbatore,2024-02-10,32.1,78,0
Coimbatore,2024-02-11,45.1,87,0
Coimbatore,2024-02-12,37.8,70,1
Coimbatore,2024-02-13,37.2,46,1
Coimbatore,2024-02-14,30.1,63,0
Coimbatore,2024-02-15,36.9,64,0
Coimbatore,2024-02-16,30.6,58,0
Coimbatore,2024-02-17,37.5,65,0
Coimbatore,2024-02-18,37.4,64,0
Coimbatore,2024-02-19,42.7,82,1
Coimbatore,2024-02-20,32.6,50,0
Coimbatore,2024-02-21,34.5,69,0
Coimbatore,2024-02-22,30.4,74,0
Coimbatore,2024-02-23,30.9,43,0
Coimbatore,2024-02-24,32.1,41,0
Coimbatore,2024-02-25,24.5,67,0
Coimbatore,2024-02-26,31.7,66,0
Coimbatore,2024-02-27,24.9,81,0
Coimbatore,2024-02-28,33.2,40,0
Coimbatore,2024-02-29,40.8,73,0
Coimbatore,2024-03-01,29.5,41,0
Coimbatore,2024-03-02,32.1,75,1
Coimbatore,2024-03-03,42.6,88,0
Coimbatore,2024-03-04,30.7,47,0
Coimbatore,2024-03-05,40.5,78,0
Coimbatore,2024-03-06,28.5,81,0
Coimbatore,2024-03-07,30.2,68,0
Coimbatore,2024-03-08,31.3,75,0
Coimbatore,2024-03-09,28.3,58,0
Coimbatore,2024-03-10,34.2,46,0
Coimbatore,2024-03-11,37.0,46,0
Coimbatore,2024-03-12,37.4,64,0
Coimbatore,2024-03-13,32.7,43,0
Coimbatore,2024-03-14,34.9,47,0
Coimbatore,2024-03-15,28.5,76,0
Coimbatore,2024-03-16,31.6,66,0
Coimbatore,2024-03-17,38.5,78,0
Coimbatore,2024-03-18,27.6,81,0
Coimbatore,2024-03-19,35.9,81,0
Coimbatore,2024-03-20,20.8,50,0
Coimbatore,2024-03-21,24.3,70,0
Coimbatore,2024-03-22,38.4,44,0
Coimbatore,2024-03-23,40.0,75,0
Coimbatore,2024-03-24,39.8,82,0
Coimbatore,2024-03-25,41.2,56,0
Coimbatore,2024-03-26,31.5,50,0
Coimbatore,2024-03-27,31.0,47,0
Coimbatore,2024-03-28,26.3,64,0
Coimbatore,2024-03-29,39.3,66,0
Coimbatore,2024-03-30,35.1,61,1
Coimbatore,2024-03-31,28.6,55,0
Coimbatore,2024-04-01,32.2,80,0
Coimbatore,2024-04-02,38.6,70,0
Coimbatore,2024-04-03,33.2,67,0
Coimbatore,2024-04-04,28.1,84,0
Coimbatore,2024-04-05,29.9,41,0
Coimbatore,2024-04-06,30.8,86,0
Coimbatore,2024-04-07,39.1,55,0
Coimbatore,2024-04-08,30.0,55,0
Coimbatore,2024-04-09,40.9,45,0
Coimbatore,2024-04-10,38.7,56,1
Coimbatore,2024-04-11,28.5,89,0
Coimbatore,2024-04-12,41.9,68,0
Coimbatore,2024-04-13,42.6,69,1
Coimbatore,2024-04-14,43.6,70,0
Coimbatore,2024-04-15,38.6,48,0
Coimbatore,2024-04-16,42.6,71,0
Coimbatore,2024-04-17,39.1,55,0
Coimbatore,2024-04-18,38.4,73,0
Coimbatore,2024-04-19,39.2,81,0
Coimbatore,2024-04-20,37.0,59,0
Coimbatore,2024-04-21,36.5,87,0
Coimbatore,2024-04-22,36.4,82,0
Coimbatore,2024-04-23,24.6,84,0
Coimbatore,2024-04-24,36.6,84,0
Coimbatore,2024-04-25,25.8,46,0
Coimbatore,2024-04-26,42.1,54,0
Coimbatore,2024-04-27,29.2,85,1
Coimbatore,2024-04-28,25.4,61,1
Coimbatore,2024-04-29,35.0,80,0
Coimbatore,2024-04-30,37.7,40,0
Coimbatore,2024-05-01,33.0,45,1
Coimbatore,2024-05-02,36.2,40,0
Coimbatore,2024-05-03,31.6,62,0
Coimbatore,2024-05-04,29.6,58,0
Coimbatore,2024-05-05,31.0,55,0
Coimbatore,2024-05-06,34.1,44,0
Coimbatore,2024-05-07,36.4,40,0
Coimbatore,2024-05-08,27.4,62,0
Coimbatore,2024-05-09,34.9,45,0
Coimbatore,2024-05-10,30.6,42,0
Coimbatore,2024-05-11,33.5,69,0
Coimbatore,2024-05-12,28.4,60,0
Coimbatore,2024-05-13,34.2,69,0
Coimbatore,2024-05-14,29.6,43,0
Coimbatore,2024-05-15,28.6,68,0
Coimbatore,2024-05-16,37.2,84,0
Coimbatore,2024-05-17,34.0,81,0
Coimbatore,2024-05-18,41.3,72,1
Coimbatore,2024-05-19,29.7,52,0
Coimbatore,2024-05-20,30.0,54,0
Coimbatore,2024-05-21,39.7,43,0
Coimbatore,2024-05-22,42.0,59,1
Coimbatore,2024-05-23,35.1,71,0
Coimbatore,2024-05-24,31.2,85,0
Coimbatore,2024-05-25,37.4,79,0
Coimbatore,2024-05-26,38.2,76,0
Coimbatore,2024-05-27,34.8,64,1
Coimbatore,2024-05-28,34.4,74,1
Coimbatore,2024-05-29,34.4,85,0
Coimbatore,2024-05-30,36.3,53,0
Coimbatore,2024-05-31,32.8,75,0
Coimbatore,2024-06-01,31.7,58,0
Coimbatore,2024-06-02,36.2,60,0
Coimbatore,2024-06-03,29.3,69,0
Coimbatore,2024-06-04,38.7,74,0
Coimbatore,2024-06-05,31.5,55,0
Coimbatore,2024-06-06,33.4,48,0
Coimbatore,2024-06-07,36.5,62,1
Coimbatore,2024-06-08,33.9,63,0
Coimbatore,2024-06-09,37.5,78,0
Coimbatore,2024-06-10,34.5,49,0
Coimbatore,2024-06-11,41.1,48,1
Coimbatore,2024-06-12,29.6,72,1
Coimbatore,2024-06-13,36.3,52,0
Coimbatore,2024-06-14,41.3,56,0
Coimbatore,2024-06-15,41.4,84,0
Coimbatore,2024-06-16,34.2,46,0
Coimbatore,2024-06-17,27.5,76,0
Coimbatore,2024-06-18,30.4,81,0
Coimbatore,2024-06-19,30.0,49,0
Coimbatore,2024-06-20,42.9,51,1
Coimbatore,2024-06-21,36.0,55,0
Coimbatore,2024-06-22,43.1,64,0
Coimbatore,2024-06-23,29.2,83,0
Coimbatore,2024-06-24,31.6,49,0
Coimbatore,2024-06-25,34.0,49,1
Coimbatore,2024-06-26,36.3,62,1
Coimbatore,2024-06-27,36.1,66,0
Coimbatore,2024-06-28,32.3,41,0
Coimbatore,2024-06-29,33.2,53,0
Coimbatore,2024-06-30,33.4,82,0
Coimbatore,2024-07-01,33.8,84,0
Coimbatore,2024-07-02,33.0,60,1
Coimbatore,2024-07-03,32.1,47,1
Coimbatore,2024-07-04,46.2,81,0
Coimbatore,2024-07-05,40.3,49,1
Coimbatore,2024-07-06,37.0,59,0
Coimbatore,2024-07-07,37.6,44,0
Coimbatore,2024-07-08,30.2,48,0
Coimbatore,2024-07-09,34.8,89,0
Coimbatore,2024-07-10,35.4,59,1
Coimbatore,2024-07-11,30.6,64,0
Coimbatore,2024-07-12,24.1,80,1
Coimbatore,2024-07-13,31.8,41,0
Coimbatore,2024-07-14,31.6,63,0
Coimbatore,2024-07-15,33.5,85,0
Coimbatore,2024-07-16,35.7,54,0
Coimbatore,2024-07-17,31.6,79,0
Coimbatore,2024-07-18,29.4,40,1
Coimbatore,2024-07-19,33.7,45,0
Coimbatore,2024-07-20,34.2,58,0
Coimbatore,2024-07-21,30.9,72,0
Coimbatore,2024-07-22,29.5,86,0
Coimbatore,2024-07-23,33.4,56,0
Coimbatore,2024-07-24,28.5,43,1
Coimbatore,2024-07-25,43.7,47,0
Coimbatore,2024-07-26,33.1,47,0
Coimbatore,2024-07-27,34.6,48,0
Coimbatore,2024-07-28,31.0,84,0
Coimbatore,2024-07-29,36.7,51,1
Coimbatore,2024-07-30,33.3,70,0
Coimbatore,2024-07-31,35.2,43,0
Coimbatore,2024-08-01,33.1,70,1
Coimbatore,2024-08-02,30.9,79,0
Coimbatore,2024-08-03,33.7,80,0
Coimbatore,2024-08-04,38.0,43,0
Coimbatore,2024-08-05,28.7,53,0
Coimbatore,2024-08-06,31.8,67,1
Coimbatore,2024-08-07,33.3,53,0
Coimbatore,2024-08-08,29.4,49,0
Coimbatore,2024-08-09,38.0,50,0
Coimbatore,2024-08-10,40.8,68,0
Coimbatore,2024-08-11,34.5,85,0
Coimbatore,2024-08-12,33.9,51,0
Coimbatore,2024-08-13,28.2,41,0
Coimbatore,2024-08-14,24.6,53,0
Coimbatore,2024-08-15,41.3,60,1
Coimbatore,2024-08-16,26.6,89,0
Coimbatore,2024-08-17,29.7,72,0
Coimbatore,2024-08-18,27.1,81,0
Coimbatore,2024-08-19,40.0,67,0
Coimbatore,2024-08-20,35.8,70,1
Coimbatore,2024-08-21,32.3,52,0
Coimbatore,2024-08-22,31.0,80,0
Coimbatore,2024-08-23,31.9,81,1
Coimbatore,2024-08-24,27.8,50,0
Coimbatore,2024-08-25,25.1,88,0
Coimbatore,2024-08-26,33.8,55,0
Coimbatore,2024-08-27,33.6,74,0
Coimbatore,2024-08-28,29.6,41,1
Coimbatore,2024-08-29,35.9,51,0
Coimbatore,2024-08-30,31.9,56,1
Coimbatore,2024-08-31,29.7,77,0
Coimbatore,2024-09-01,38.6,69,0
Coimbatore,2024-09-02,40.5,73,0
Coimbatore,2024-09-03,39.9,62,1
Coimbatore,2024-09-04,25.7,82,0
Coimbatore,2024-09-05,29.3,71,0
Coimbatore,2024-09-06,41.1,41,1
Coimbatore,2024-09-07,38.7,54,0
Coimbatore,2024-09-08,28.8,63,0
Coimbatore,2024-09-09,31.7,61,0
Coimbatore,2024-09-10,39.5,45,0
Coimbatore,2024-09-11,29.9,79,0
Coimbatore,2024-09-12,33.2,40,0
Coimbatore,2024-09-13,46.5,52,0
Coimbatore,2024-09-14,37.2,88,0
Coimbatore,2024-09-15,31.0,71,0
Coimbatore,2024-09-16,29.8,65,0
Coimbatore,2024-09-17,37.0,63,0
Coimbatore,2024-09-18,26.6,69,0
Coimbatore,2024-09-19,38.8,88,0
Coimbatore,2024-09-20,34.8,87,0
Coimbatore,2024-09-21,31.3,78,0
Coimbatore,2024-09-22,30.0,88,0
Coimbatore,2024-09-23,30.6,80,0
Coimbatore,2024-09-24,30.8,79,0
Coimbatore,2024-09-25,42.8,65,0
Coimbatore,2024-09-26,41.2,53,1
Coimbatore,2024-09-27,30.3,46,0
Coimbatore,2024-09-28,32.5,85,0
Coimbatore,2024-09-29,26.2,57,0
Coimbatore,2024-09-30,31.3,48,0
Coimbatore,2024-10-01,37.7,58,0
Coimbatore,2024-10-02,26.9,58,0
Coimbatore,2024-10-03,28.4,73,0
Coimbatore,2024-10-04,35.2,40,0
Coimbatore,2024-10-05,28.6,52,1
Coimbatore,2024-10-06,37.0,52,1
Coimbatore,2024-10-07,30.5,82,0
Coimbatore,2024-10-08,29.9,74,1
Coimbatore,2024-10-09,36.4,67,0
Coimbatore,2024-10-10,37.9,73,0
Coimbatore,2024-10-11,33.9,78,0
Coimbatore,2024-10-12,33.7,47,0
Coimbatore,2024-10-13,29.3,46,0
Coimbatore,2024-10-14,28.6,55,0
Coimbatore,2024-10-15,35.4,89,0
Coimbatore,2024-10-16,37.3,77,0
Coimbatore,2024-10-17,37.7,43,1
Coimbatore,2024-10-18,37.8,79,0
Coimbatore,2024-10-19,41.6,61,0
Coimbatore,2024-10-20,33.5,55,0
Coimbatore,2024-10-21,37.9,59,0
Coimbatore,2024-10-22,29.9,48,1
Coimbatore,2024-10-23,31.6,89,1
Coimbatore,2024-10-24,31.6,53,0
Coimbatore,2024-10-25,37.3,46,0
Coimbatore,2024-10-26,26.8,78,0
Coimbatore,2024-10-27,24.9,59,1
Coimbatore,2024-10-28,38.7,56,0
Coimbatore,2024-10-29,35.3,80,0
Coimbatore,2024-10-30,27.7,62,0
Coimbatore,2024-10-31,38.5,55,1
Coimbatore,2024-11-01,42.2,51,0
Coimbatore,2024-11-02,36.3,85,0
Coimbatore,2024-11-03,32.6,46,1
Coimbatore,2024-11-04,37.9,46,0
Coimbatore,2024-11-05,31.8,59,1
Coimbatore,2024-11-06,36.0,40,1
Coimbatore,2024-11-07,47.4,67,0
Coimbatore,2024-11-08,27.4,69,0
Coimbatore,2024-11-09,39.2,85,1
Coimbatore,2024-11-10,35.1,73,1
Coimbatore,2024-11-11,35.8,82,0
Coimbatore,2024-11-12,39.2,78,1
Coimbatore,2024-11-13,33.8,59,0
Coimbatore,2024-11-14,41.0,59,0
Coimbatore,2024-11-15,32.2,57,0
Coimbatore,2024-11-16,38.3,62,0
Coimbatore,2024-11-17,25.7,52,0
Coimbatore,2024-11-18,37.1,66,0
Coimbatore,2024-11-19,39.9,59,0
Coimbatore,2024-11-20,29.4,83,1
Coimbatore,2024-11-21,41.8,53,0
Coimbatore,2024-11-22,40.0,62,0
Coimbatore,2024-11-23,33.2,46,0
Coimbatore,2024-11-24,31.1,44,1
Coimbatore,2024-11-25,41.9,49,1
Coimbatore,2024-11-26,28.4,86,0
Coimbatore,2024-11-27,36.4,50,1
Coimbatore,2024-11-28,33.6,59,0
Coimbatore,2024-11-29,27.5,81,0
Coimbatore,2024-11-30,38.5,41,0
Coimbatore,2024-12-01,37.5,56,0
Coimbatore,2024-12-02,40.1,62,1
Coimbatore,2024-12-03,36.6,89,0
Coimbatore,2024-12-04,34.3,71,0
Coimbatore,2024-12-05,26.8,50,1
Coimbatore,2024-12-06,31.8,89,0
Coimbatore,2024-12-07,32.1,88,1
Coimbatore,2024-12-08,31.0,78,0
Coimbatore,2024-12-09,29.8,69,0
Coimbatore,2024-12-10,31.4,87,0
Coimbatore,2024-12-11,28.7,83,0
Coimbatore,2024-12-12,31.8,72,0
Coimbatore,2024-12-13,28.6,69,0
Coimbatore,2024-12-14,23.8,58,1
Coimbatore,2024-12-15,42.0,89,0
Coimbatore,2024-12-16,28.9,89,0
Coimbatore,2024-12-17,32.2,70,0
Coimbatore,2024-12-18,35.0,75,0
Coimbatore,2024-12-19,35.0,87,0
Coimbatore,2024-12-20,29.7,63,0
Coimbatore,2024-12-21,31.4,59,0
Coimbatore,2024-12-22,30.4,82,0
Coimbatore,2024-12-23,40.0,74,0
Coimbatore,2024-12-24,44.1,60,1
Coimbatore,2024-12-25,34.0,66,1
Coimbatore,2024-12-26,39.6,52,0
Coimbatore,2024-12-27,28.4,76,0
Coimbatore,2024-12-28,21.5,80,1
Coimbatore,2024-12-29,28.1,58,0
Coimbatore,2024-12-30,43.3,89,1
Coimbatore,2024-12-31,32.9,81,1
Guwahati,2024-01-01,38.1,56,1
Guwahati,2024-01-02,31.5,51,0
Guwahati,2024-01-03,36.4,47,0
Guwahati,2024-01-04,34.4,51,0
Guwahati,2024-01-05,39.3,56,1
Guwahati,2024-01-06,32.9,81,0
Guwahati,2024-01-07,35.0,80,0
Guwahati,2024-01-08,30.2,62,0
Guwahati,2024-01-09,30.3,76,0
Guwahati,2024-01-10,30.3,77,1
Guwahati,2024-01-11,33.9,65,0
Guwahati,2024-01-12,34.2,64,0
Guwahati,2024-01-13,24.4,76,0
Guwahati,2024-01-14,32.1,71,0
Guwahati,2024-01-15,28.3,55,0
Guwahati,2024-01-16,41.3,65,0
Guwahati,2024-01-17,32.8,66,0
Guwahati,2024-01-18,37.8,72,0
Guwahati,2024-01-19,26.0,57,0
Guwahati,2024-01-20,32.1,41,0
Guwahati,2024-01-21,28.6,51,0
Guwahati,2024-01-22,25.7,46,1
Guwahati,2024-01-23,36.9,71,1
Guwahati,2024-01-24,28.9,83,1
Guwahati,2024-01-25,41.1,85,1
Guwahati,2024-01-26,44.1,40,0
Guwahati,2024-01-27,32.9,59,0
Guwahati,2024-01-28,29.8,77,0
Guwahati,2024-01-29,34.4,46,0
Guwahati,2024-01-30,28.5,48,0
Guwahati,2024-01-31,41.5,72,0
Guwahati,2024-02-01,30.4,87,1
Guwahati,2024-02-02,34.0,55,0
Guwahati,2024-02-03,26.5,83,0
Guwahati,2024-02-04,31.9,65,0
Guwahati,2024-02-05,27.0,64,0
Guwahati,2024-02-06,32.1,62,1
Guwahati,2024-02-07,24.3,64,1
Guwahati,2024-02-08,30.9,46,0
Guwahati,2024-02-09,45.5,60,0
Guwahati,2024-02-10,33.9,65,1
Guwahati,2024-02-11,28.6,47,0
Guwahati,2024-02-12,32.9,74,0
Guwahati,2024-02-13,27.1,88,0
Guwahati,2024-02-14,36.4,63,0
Guwahati,2024-02-15,27.7,49,1
Guwahati,2024-02-16,29.0,43,0
Guwahati,2024-02-17,35.9,73,0
Guwahati,2024-02-18,35.4,79,0
Guwahati,2024-02-19,27.3,59,0
Guwahati,2024-02-20,28.0,60,1
Guwahati,2024-02-21,36.5,49,0
Guwahati,2024-02-22,30.2,79,0
Guwahati,2024-02-23,24.3,72,0
Guwahati,2024-02-24,31.6,60,0
Guwahati,2024-02-25,30.3,52,0
Guwahati,2024-02-26,26.8,71,0
Guwahati,2024-02-27,32.3,62,0
Guwahati,2024-02-28,47.7,88,0
Guwahati,2024-02-29,26.6,89,0
Guwahati,2024-03-01,36.4,71,0
Guwahati,2024-03-02,32.0,59,0
Guwahati,2024-03-03,39.2,71,1
Guwahati,2024-03-04,24.7,78,0
Guwahati,2024-03-05,36.6,67,0
Guwahati,2024-03-06,32.0,85,0
Guwahati,2024-03-07,28.5,83,1
Guwahati,2024-03-08,39.3,78,0
Guwahati,2024-03-09,27.7,89,0
Guwahati,2024-03-10,28.3,54,0
Guwahati,2024-03-11,36.1,69,1
Guwahati,2024-03-12,33.4,45,1
Guwahati,2024-03-13,32.9,60,0
Guwahati,2024-03-14,37.0,49,1
Guwahati,2024-03-15,30.4,69,1
Guwahati,2024-03-16,25.6,60,0
Guwahati,2024-03-17,33.0,55,0
Guwahati,2024-03-18,31.0,79,0
Guwahati,2024-03-19,36.3,42,0
Guwahati,2024-03-20,27.8,71,0
Guwahati,2024-03-21,30.2,64,0
Guwahati,2024-03-22,27.3,68,0
Guwahati,2024-03-23,35.4,79,1
Guwahati,2024-03-24,32.1,42,0
Guwahati,2024-03-25,30.6,40,1
Guwahati,2024-03-26,29.8,46,0
Guwahati,2024-03-27,26.3,68,1
Guwahati,2024-03-28,30.0,68,1
Guwahati,2024-03-29,29.1,71,0
Guwahati,2024-03-30,31.3,80,0
Guwahati,2024-03-31,34.9,60,0
Guwahati,2024-04-01,36.0,54,0
Guwahati,2024-04-02,26.5,44,0
Guwahati,2024-04-03,33.6,41,1
Guwahati,2024-04-04,33.1,67,0
Guwahati,2024-04-05,35.9,40,0
Guwahati,2024-04-06,40.7,42,0
Guwahati,2024-04-07,29.1,84,0
Guwahati,2024-04-08,37.2,63,0
Guwahati,2024-04-09,37.3,73,0
Guwahati,2024-04-10,30.2,81,0
Guwahati,2024-04-11,36.5,45,0
Guwahati,2024-04-12,24.5,58,1
Guwahati,2024-04-13,36.3,67,0
Guwahati,2024-04-14,41.9,69,0
Guwahati,2024-04-15,33.5,66,1
Guwahati,2024-04-16,31.8,47,0
Guwahati,2024-04-17,24.0,57,0
Guwahati,2024-04-18,30.5,86,0
Guwahati,2024-04-19,37.0,84,0
Guwahati,2024-04-20,37.0,80,0
Guwahati,2024-04-21,26.0,51,0
Guwahati,2024-04-22,37.4,71,0
Guwahati,2024-04-23,38.5,75,0
Guwahati,2024-04-24,35.6,43,0
Guwahati,2024-04-25,39.2,74,0
Guwahati,2024-04-26,36.5,48,0
Guwahati,2024-04-27,36.3,43,0
Guwahati,2024-04-28,36.1,71,0
Guwahati,2024-04-29,28.4,81,0
Guwahati,2024-04-30,36.2,45,1
Guwahati,2024-05-01,36.0,72,0
Guwahati,2024-05-02,26.4,61,0
Guwahati,2024-05-03,20.3,42,1
Guwahati,2024-05-04,31.0,57,0
Guwahati,2024-05-05,34.2,41,0
Guwahati,2024-05-06,31.9,74,1
Guwahati,2024-05-07,29.3,63,0
Guwahati,2024-05-08,25.1,58,0
Guwahati,2024-05-09,31.1,66,1
Guwahati,2024-05-10,29.9,51,0
Guwahati,2024-05-11,24.1,41,0
Guwahati,2024-05-12,33.1,79,0
Guwahati,2024-05-13,36.1,46,1
Guwahati,2024-05-14,28.0,82,1
Guwahati,2024-05-15,39.7,76,1
Guwahati,2024-05-16,43.7,42,0
Guwahati,2024-05-17,26.9,63,1
Guwahati,2024-05-18,40.1,82,0
Guwahati,2024-05-19,31.1,82,0
Guwahati,2024-05-20,41.5,75,0
Guwahati,2024-05-21,36.2,87,0
Guwahati,2024-05-22,33.5,60,1
Guwahati,2024-05-23,31.3,45,0
Guwahati,2024-05-24,32.8,88,0
Guwahati,2024-05-25,32.0,49,0
Guwahati,2024-05-26,36.6,75,0
Guwahati,2024-05-27,34.8,86,0
Guwahati,2024-05-28,28.4,73,0
Guwahati,2024-05-29,35.9,71,0
Guwahati,2024-05-30,25.6,62,1
Guwahati,2024-05-31,28.6,83,1
Guwahati,2024-06-01,25.7,81,0
Guwahati,2024-06-02,29.4,44,0
Guwahati,2024-06-03,36.8,55,0
Guwahati,2024-06-04,28.4,58,1
Guwahati,2024-06-05,33.2,65,0
Guwahati,2024-06-06,35.0,86,0
Guwahati,2024-06-07,29.8,50,0
Guwahati,2024-06-08,43.1,63,0
Guwahati,2024-06-09,28.8,67,0
Guwahati,2024-06-10,23.2,40,0
Guwahati,2024-06-11,37.0,82,0
Guwahati,2024-06-12,35.7,73,0
Guwahati,2024-06-13,39.4,40,0
Guwahati,2024-06-14,40.6,52,0
Guwahati,2024-06-15,25.5,81,0
Guwahati,2024-06-16,28.5,76,0
Guwahati,2024-06-17,24.2,62,1
Guwahati,2024-06-18,26.6,41,0
Guwahati,2024-06-19,35.4,75,0
Guwahati,2024-06-20,34.3,61,0
Guwahati,2024-06-21,28.0,89,0
Guwahati,2024-06-22,34.7,57,1
Guwahati,2024-06-23,28.7,65,0
Guwahati,2024-06-24,31.8,80,1
Guwahati,2024-06-25,27.2,55,1
Guwahati,2024-06-26,27.2,84,0
Guwahati,2024-06-27,34.4,43,1
Guwahati,2024-06-28,39.1,73,1
Guwahati,2024-06-29,32.8,42,0
Guwahati,2024-06-30,29.6,85,0
Guwahati,2024-07-01,28.0,50,0
Guwahati,2024-07-02,38.1,54,1
Guwahati,2024-07-03,33.3,68,0
Guwahati,2024-07-04,34.3,77,0
Guwahati,2024-07-05,38.2,53,0
Guwahati,2024-07-06,34.9,80,0
Guwahati,2024-07-07,29.9,82,0
Guwahati,2024-07-08,34.7,48,0
Guwahati,2024-07-09,28.3,82,0
Guwahati,2024-07-10,26.4,45,1
Guwahati,2024-07-11,22.5,73,0
Guwahati,2024-07-12,35.3,73,1
Guwahati,2024-07-13,22.9,42,0
Guwahati,2024-07-14,29.5,46,0
Guwahati,2024-07-15,25.5,88,1
Guwahati,2024-07-16,31.5,61,0
Guwahati,2024-07-17,32.9,77,1
Guwahati,2024-07-18,31.0,45,0
Guwahati,2024-07-19,31.1,45,0
Guwahati,2024-07-20,42.8,47,0
Guwahati,2024-07-21,30.4,48,1
Guwahati,2024-07-22,29.2,87,1
Guwahati,2024-07-23,39.9,58,0
Guwahati,2024-07-24,32.0,65,0
Guwahati,2024-07-25,38.4,52,0
Guwahati,2024-07-26,30.5,73,1
Guwahati,2024-07-27,34.1,44,0
Guwahati,2024-07-28,42.8,66,0
Guwahati,2024-07-29,33.8,60,0
Guwahati,2024-07-30,32.6,40,0
Guwahati,2024-07-31,26.3,40,1
Guwahati,2024-08-01,34.1,54,0
Guwahati,2024-08-02,26.7,70,1
Guwahati,2024-08-03,30.1,64,0
Guwahati,2024-08-04,38.1,43,0
Guwahati,2024-08-05,39.2,41,1
Guwahati,2024-08-06,29.0,49,0
Guwahati,2024-08-07,28.1,64,0
Guwahati,2024-08-08,24.2,69,0
Guwahati,2024-08-09,38.6,49,0
Guwahati,2024-08-10,44.0,40,1
Guwahati,2024-08-11,27.8,51,0
Guwahati,2024-08-12,37.6,72,1
Guwahati,2024-08-13,33.3,60,0
Guwahati,2024-08-14,26.4,43,0
Guwahati,2024-08-15,28.1,87,0
Guwahati,2024-08-16,40.5,47,0
Guwahati,2024-08-17,25.8,78,0
Guwahati,2024-08-18,27.1,63,0
Guwahati,2024-08-19,30.4,64,0
Guwahati,2024-08-20,35.3,83,1
Guwahati,2024-08-21,26.9,75,0
Guwahati,2024-08-22,26.4,56,0
Guwahati,2024-08-23,27.7,89,0
Guwahati,2024-08-24,28.6,83,0
Guwahati,2024-08-25,28.6,89,0
Guwahati,2024-08-26,38.8,69,1
Guwahati,2024-08-27,24.0,86,1
Guwahati,2024-08-28,36.9,55,0
Guwahati,2024-08-29,35.4,75,1
Guwahati,2024-08-30,28.8,53,0
Guwahati,2024-08-31,39.2,86,0
Guwahati,2024-09-01,29.9,64,1
Guwahati,2024-09-02,32.6,89,0
Guwahati,2024-09-03,25.9,49,0
Guwahati,2024-09-04,37.6,66,0
Guwahati,2024-09-05,30.5,57,0
Guwahati,2024-09-06,29.1,66,1
Guwahati,2024-09-07,33.6,67,0
Guwahati,2024-09-08,34.9,63,0
Guwahati,2024-09-09,27.1,46,0
Guwahati,2024-09-10,31.9,69,0
Guwahati,2024-09-11,31.5,63,0
Guwahati,2024-09-12,25.0,70,0
Guwahati,2024-09-13,21.9,54,0
Guwahati,2024-09-14,43.7,71,1
Guwahati,2024-09-15,28.3,60,0
Guwahati,2024-09-16,35.0,72,0
Guwahati,2024-09-17,30.1,41,0
Guwahati,2024-09-18,22.1,77,0
Guwahati,2024-09-19,27.2,89,0
Guwahati,2024-09-20,35.7,84,0
Guwahati,2024-09-21,30.2,76,0
Guwahati,2024-09-22,42.6,52,0
Guwahati,2024-09-23,29.7,82,0
Guwahati,2024-09-24,33.2,43,0
Guwahati,2024-09-25,30.5,85,0
Guwahati,2024-09-26,25.9,55,0
Guwahati,2024-09-27,30.4,75,0
Guwahati,2024-09-28,33.0,78,1
Guwahati,2024-09-29,34.0,43,0
Guwahati,2024-09-30,37.7,42,0
Guwahati,2024-10-01,27.4,53,0
Guwahati,2024-10-02,39.6,42,0
Guwahati,2024-10-03,43.1,87,1
Guwahati,2024-10-04,27.1,56,0
Guwahati,2024-10-05,38.4,43,0
Guwahati,2024-10-06,27.8,56,0
Guwahati,2024-10-07,29.6,56,0
Guwahati,2024-10-08,37.1,78,1
Guwahati,2024-10-09,24.7,76,0
Guwahati,2024-10-10,29.8,68,0
Guwahati,2024-10-11,35.7,52,0
Guwahati,2024-10-12,26.3,43,0
Guwahati,2024-10-13,37.1,65,1
Guwahati,2024-10-14,31.6,57,0
Guwahati,2024-10-15,32.1,42,0
Guwahati,2024-10-16,37.9,77,0
Guwahati,2024-10-17,38.8,61,1
Guwahati,2024-10-18,21.1,82,0
Guwahati,2024-10-19,32.1,59,0
Guwahati,2024-10-20,33.8,43,0
Guwahati,2024-10-21,33.0,41,0
Guwahati,2024-10-22,25.9,86,0
Guwahati,2024-10-23,31.8,72,0
Guwahati,2024-10-24,35.8,81,1
Guwahati,2024-10-25,27.1,56,0
Guwahati,2024-10-26,31.3,68,1
Guwahati,2024-10-27,34.2,76,1
Guwahati,2024-10-28,28.1,63,0
Guwahati,2024-10-29,36.9,78,0
Guwahati,2024-10-30,40.8,77,0
Guwahati,2024-10-31,36.1,80,0
Guwahati,2024-11-01,32.5,55,0
Guwahati,2024-11-02,27.2,60,0
Guwahati,2024-11-03,23.6,54,0
Guwahati,2024-11-04,31.4,82,0
Guwahati,2024-11-05,30.1,67,1
Guwahati,2024-11-06,33.9,62,0
Guwahati,2024-11-07,30.0,65,0
Guwahati,2024-11-08,31.6,44,0
Guwahati,2024-11-09,34.5,45,0
Guwahati,2024-11-10,34.5,60,0
Guwahati,2024-11-11,38.8,62,0
Guwahati,2024-11-12,38.4,48,1
Guwahati,2024-11-13,29.2,73,0
Guwahati,2024-11-14,27.4,85,1
Guwahati,2024-11-15,34.8,73,0
Guwahati,2024-11-16,40.2,51,0
Guwahati,2024-11-17,33.0,66,0
Guwahati,2024-11-18,29.4,68,0
Guwahati,2024-11-19,35.4,76,1
Guwahati,2024-11-20,32.8,84,1
Guwahati,2024-11-21,34.5,76,0
Guwahati,2024-11-22,31.7,40,0
Guwahati,2024-11-23,33.7,84,1
Guwahati,2024-11-24,42.3,68,0
Guwahati,2024-11-25,28.1,44,0
Guwahati,2024-11-26,37.8,50,0
Guwahati,2024-11-27,19.4,62,0
Guwahati,2024-11-28,25.5,77,0
Guwahati,2024-11-29,37.4,42,0
Guwahati,2024-11-30,32.6,84,1
Guwahati,2024-12-01,41.4,74,0
Guwahati,2024-12-02,29.0,81,0
Guwahati,2024-12-03,25.7,84,0
Guwahati,2024-12-04,28.9,61,0
Guwahati,2024-12-05,35.4,56,0
Guwahati,2024-12-06,30.1,69,0
Guwahati,2024-12-07,35.7,57,0
Guwahati,2024-12-08,35.8,47,0
Guwahati,2024-12-09,32.9,68,0
Guwahati,2024-12-10,38.5,63,1
Guwahati,2024-12-11,29.6,41,0
Guwahati,2024-12-12,28.9,61,0
Guwahati,2024-12-13,33.4,65,0
Guwahati,2024-12-14,30.9,74,0
Guwahati,2024-12-15,22.9,70,0
Guwahati,2024-12-16,39.4,53,0
Guwahati,2024-12-17,37.7,89,0
Guwahati,2024-12-18,31.1,50,0
Guwahati,2024-12-19,30.2,88,0
Guwahati,2024-12-20,30.9,51,1
Guwahati,2024-12-21,41.0,75,0
Guwahati,2024-12-22,30.2,84,0
Guwahati,2024-12-23,38.7,75,0
Guwahati,2024-12-24,16.5,57,1
Guwahati,2024-12-25,37.7,86,0
Guwahati,2024-12-26,38.0,82,1
Guwahati,2024-12-27,30.7,54,0
Guwahati,2024-12-28,34.3,41,0
Guwahati,2024-12-29,29.6,49,0
Guwahati,2024-12-30,28.1,63,0
Guwahati,2024-12-31,38.5,82,0
Visakhapatnam,2024-01-01,24.2,64,0
Visakhapatnam,2024-01-02,25.2,74,0
Visakhapatnam,2024-01-03,25.2,80,1
Visakhapatnam,2024-01-04,24.4,83,0
Visakhapatnam,2024-01-05,23.9,44,0
Visakhapatnam,2024-01-06,19.4,70,1
Visakhapatnam,2024-01-07,28.1,40,0
Visakhapatnam,2024-01-08,29.4,45,0
Visakhapatnam,2024-01-09,25.9,87,0
Visakhapatnam,2024-01-10,18.8,47,0
Visakhapatnam,2024-01-11,16.6,76,0
Visakhapatnam,2024-01-12,20.9,62,0
Visakhapatnam,2024-01-13,34.5,43,0
Visakhapatnam,2024-01-14,24.3,88,0
Visakhapatnam,2024-01-15,21.8,52,0
Visakhapatnam,2024-01-16,21.7,70,0
Visakhapatnam,2024-01-17,36.1,61,1
Visakhapatnam,2024-01-18,30.1,64,0
Visakhapatnam,2024-01-19,23.6,88,1
Visakhapatnam,2024-01-20,22.3,47,0
Visakhapatnam,2024-01-21,20.2,53,0
Visakhapatnam,2024-01-22,23.7,59,0
Visakhapatnam,2024-01-23,13.8,67,0
Visakhapatnam,2024-01-24,28.8,70,0
Visakhapatnam,2024-01-25,21.4,56,1
Visakhapatnam,2024-01-26,26.9,82,0
Visakhapatnam,2024-01-27,23.5,85,1
Visakhapatnam,2024-01-28,24.1,67,0
Visakhapatnam,2024-01-29,24.3,79,0
Visakhapatnam,2024-01-30,32.8,65,0
Visakhapatnam,2024-01-31,25.0,77,1
Visakhapatnam,2024-02-01,21.3,41,0
Visakhapatnam,2024-02-02,21.1,71,0
Visakhapatnam,2024-02-03,31.4,46,0
Visakhapatnam,2024-02-04,22.9,76,1
Visakhapatnam,2024-02-05,36.5,63,0
Visakhapatnam,2024-02-06,21.6,66,0
Visakhapatnam,2024-02-07,26.2,54,0
Visakhapatnam,2024-02-08,29.4,55,0
Visakhapatnam,2024-02-09,38.7,60,0
Visakhapatnam,2024-02-10,30.1,42,0
Visakhapatnam,2024-02-11,23.2,40,1
Visakhapatnam,2024-02-12,21.1,88,1
Visakhapatnam,2024-02-13,25.6,64,0
Visakhapatnam,2024-02-14,28.9,60,1
Visakhapatnam,2024-02-15,33.4,40,1
Visakhapatnam,2024-02-16,28.1,51,0
Visakhapatnam,2024-02-17,23.7,67,0
Visakhapatnam,2024-02-18,21.7,48,0
Visakhapatnam,2024-02-19,23.9,41,0
Visakhapatnam,2024-02-20,23.5,78,0
Visakhapatnam,2024-02-21,24.2,72,0
Visakhapatnam,2024-02-22,19.9,56,0
Visakhapatnam,2024-02-23,15.3,86,0
Visakhapatnam,2024-02-24,28.3,72,0
Visakhapatnam,2024-02-25,21.6,73,0
Visakhapatnam,2024-02-26,26.5,62,1
Visakhapatnam,2024-02-27,28.7,70,0
Visakhapatnam,2024-02-28,26.7,74,0
Visakhapatnam,2024-02-29,16.0,80,1
Visakhapatnam,2024-03-01,29.4,60,1
Visakhapatnam,2024-03-02,24.4,80,0
Visakhapatnam,2024-03-03,20.0,71,1
Visakhapatnam,2024-03-04,24.2,81,0
Visakhapatnam,2024-03-05,25.2,58,0
Visakhapatnam,2024-03-06,23.2,43,0
Visakhapatnam,2024-03-07,20.3,63,0
Visakhapatnam,2024-03-08,25.1,72,0
Visakhapatnam,2024-03-09,25.5,72,0
Visakhapatnam,2024-03-10,33.3,88,0
Visakhapatnam,2024-03-11,21.2,51,0
Visakhapatnam,2024-03-12,21.9,40,0
Visakhapatnam,2024-03-13,28.0,64,1
Visakhapatnam,2024-03-14,30.8,42,0
Visakhapatnam,2024-03-15,22.2,43,1
Visakhapatnam,2024-03-16,19.6,89,0
Visakhapatnam,2024-03-17,22.2,57,0
Visakhapatnam,2024-03-18,18.7,73,0
Visakhapatnam,2024-03-19,23.1,80,0
Visakhapatnam,2024-03-20,30.5,82,0
Visakhapatnam,2024-03-21,30.1,56,0
Visakhapatnam,2024-03-22,19.9,56,0
Visakhapatnam,2024-03-23,17.7,43,0
Visakhapatnam,2024-03-24,20.2,71,0
Visakhapatnam,2024-03-25,22.5,75,0
Visakhapatnam,2024-03-26,21.7,66,1
Visakhapatnam,2024-03-27,33.6,64,1
Visakhapatnam,2024-03-28,25.8,45,0
Visakhapatnam,2024-03-29,31.2,62,1
Visakhapatnam,2024-03-30,32.0,69,1
Visakhapatnam,2024-03-31,28.5,80,0
Visakhapatnam,2024-04-01,24.9,74,1
Visakhapatnam,2024-04-02,33.1,64,0
Visakhapatnam,2024-04-03,28.9,77,0
Visakhapatnam,2024-04-04,28.3,72,0
Visakhapatnam,2024-04-05,32.9,63,0
Visakhapatnam,2024-04-06,19.7,40,1
Visakhapatnam,2024-04-07,30.4,80,1
Visakhapatnam,2024-04-08,18.6,68,1
Visakhapatnam,2024-04-09,22.6,62,0
Visakhapatnam,2024-04-10,26.6,47,0
Visakhapatnam,2024-04-11,31.4,43,1
Visakhapatnam,2024-04-12,22.5,59,0
Visakhapatnam,2024-04-13,20.5,44,1
Visakhapatnam,2024-04-14,28.2,44,0
Visakhapatnam,2024-04-15,17.2,54,1
Visakhapatnam,2024-04-16,26.2,86,0
Visakhapatnam,2024-04-17,25.9,43,0
Visakhapatnam,2024-04-18,20.9,43,0
Visakhapatnam,2024-04-19,19.3,43,1
Visakhapatnam,2024-04-20,30.1,77,0
Visakhapatnam,2024-04-21,25.2,65,0
Visakhapatnam,2024-04-22,31.8,50,0
Visakhapatnam,2024-04-23,22.3,77,0
Visakhapatnam,2024-04-24,24.2,68,0
Visakhapatnam,2024-04-25,24.3,64,0
Visakhapatnam,2024-04-26,30.4,49,0
Visakhapatnam,2024-04-27,23.3,61,0
Visakhapatnam,2024-04-28,24.7,70,0
Visakhapatnam,2024-04-29,22.1,74,0
Visakhapatnam,2024-04-30,13.5,69,1
Visakhapatnam,2024-05-01,32.1,57,0
Visakhapatnam,2024-05-02,20.5,51,0
Visakhapatnam,2024-05-03,32.2,65,0
Visakhapatnam,2024-05-04,30.7,62,0
Visakhapatnam,2024-05-05,27.4,70,0
Visakhapatnam,2024-05-06,28.2,57,0
Visakhapatnam,2024-05-07,28.0,72,0
Visakhapatnam,2024-05-08,18.1,86,0
Visakhapatnam,2024-05-09,21.8,65,0
Visakhapatnam,2024-05-10,28.5,50,0
Visakhapatnam,2024-05-11,29.8,52,0
Visakhapatnam,2024-05-12,18.3,82,0
Visakhapatnam,2024-05-13,27.2,60,0
Visakhapatnam,2024-05-14,29.1,55,0
Visakhapatnam,2024-05-15,27.2,73,0
Visakhapatnam,2024-05-16,23.1,68,0
Visakhapatnam,2024-05-17,15.7,81,0
Visakhapatnam,2024-05-18,25.8,76,0
Visakhapatnam,2024-05-19,25.1,60,0
Visakhapatnam,2024-05-20,21.8,55,0
Visakhapatnam,2024-05-21,29.1,45,0
Visakhapatnam,2024-05-22,26.2,55,0
Visakhapatnam,2024-05-23,28.4,72,0
Visakhapatnam,2024-05-24,18.3,46,1
Visakhapatnam,2024-05-25,29.0,69,0
Visakhapatnam,2024-05-26,28.4,77,0
Visakhapatnam,2024-05-27,24.3,54,0
Visakhapatnam,2024-05-28,22.6,79,1
Visakhapatnam,2024-05-29,29.3,65,1
Visakhapatnam,2024-05-30,19.5,56,0
Visakhapatnam,2024-05-31,22.5,73,0
Visakhapatnam,2024-06-01,24.6,51,1
Visakhapatnam,2024-06-02,22.8,57,0
Visakhapatnam,2024-06-03,29.1,67,0
Visakhapatnam,2024-06-04,21.8,85,0
Visakhapatnam,2024-06-05,43.5,89,0
Visakhapatnam,2024-06-06,25.7,43,0
Visakhapatnam,2024-06-07,20.6,81,0
Visakhapatnam,2024-06-08,27.4,56,0
Visakhapatnam,2024-06-09,18.4,40,0
Visakhapatnam,2024-06-10,22.6,76,0
Visakhapatnam,2024-06-11,17.8,66,0
Visakhapatnam,2024-06-12,28.0,74,1
Visakhapatnam,2024-06-13,31.9,75,0
Visakhapatnam,2024-06-14,11.7,42,1
Visakhapatnam,2024-06-15,20.5,63,1
Visakhapatnam,2024-06-16,25.6,86,1
Visakhapatnam,2024-06-17,18.0,42,1
Visakhapatnam,2024-06-18,36.9,67,1
Visakhapatnam,2024-06-19,21.7,65,0
Visakhapatnam,2024-06-20,18.9,87,0
Visakhapatnam,2024-06-21,27.3,42,0
Visakhapatnam,2024-06-22,23.3,49,0
Visakhapatnam,2024-06-23,24.1,75,0
Visakhapatnam,2024-06-24,21.7,69,0
Visakhapatnam,2024-06-25,26.0,73,1
Visakhapatnam,2024-06-26,24.8,87,0
Visakhapatnam,2024-06-27,31.0,76,1
Visakhapatnam,2024-06-28,26.9,59,0
Visakhapatnam,2024-06-29,30.1,55,0
Visakhapatnam,2024-06-30,24.8,87,0
Visakhapatnam,2024-07-01,25.5,52,0
Visakhapatnam,2024-07-02,20.0,63,0
Visakhapatnam,2024-07-03,14.4,88,0
Visakhapatnam,2024-07-04,25.7,50,0
Visakhapatnam,2024-07-05,34.2,82,0
Visakhapatnam,2024-07-06,27.9,72,0
Visakhapatnam,2024-07-07,25.9,84,1
Visakhapatnam,2024-07-08,19.2,70,0
Visakhapatnam,2024-07-09,17.3,55,0
Visakhapatnam,2024-07-10,29.5,41,0
Visakhapatnam,2024-07-11,26.0,42,0
Visakhapatnam,2024-07-12,30.9,84,1
Visakhapatnam,2024-07-13,32.9,54,1
Visakhapatnam,2024-07-14,26.8,43,0
Visakhapatnam,2024-07-15,23.1,62,0
Visakhapatnam,2024-07-16,28.4,72,0
Visakhapatnam,2024-07-17,13.1,70,0
Visakhapatnam,2024-07-18,19.5,85,1
Visakhapatnam,2024-07-19,26.0,73,0
Visakhapatnam,2024-07-20,21.6,67,1
Visakhapatnam,2024-07-21,24.6,59,1
Visakhapatnam,2024-07-22,18.6,47,0
Visakhapatnam,2024-07-23,19.5,69,0
Visakhapatnam,2024-07-24,26.4,52,0
Visakhapatnam,2024-07-25,31.4,52,0
Visakhapatnam,2024-07-26,19.0,80,0
Visakhapatnam,2024-07-27,26.6,65,0
Visakhapatnam,2024-07-28,20.8,70,1
Visakhapatnam,2024-07-29,22.8,57,0
Visakhapatnam,2024-07-30,20.7,40,0
Visakhapatnam,2024-07-31,31.3,51,1
Visakhapatnam,2024-08-01,24.7,72,1
Visakhapatnam,2024-08-02,21.0,62,0
Visakhapatnam,2024-08-03,27.6,40,1
Visakhapatnam,2024-08-04,35.8,73,1
Visakhapatnam,2024-08-05,17.6,55,0
Visakhapatnam,2024-08-06,13.2,81,0
Visakhapatnam,2024-08-07,26.2,43,0
Visakhapatnam,2024-08-08,29.3,76,0
Visakhapatnam,2024-08-09,16.7,50,0
Visakhapatnam,2024-08-10,23.4,52,1
Visakhapatnam,2024-08-11,25.3,58,0
Visakhapatnam,2024-08-12,25.1,86,0
Visakhapatnam,2024-08-13,17.5,78,0
Visakhapatnam,2024-08-14,23.4,85,0
Visakhapatnam,2024-08-15,24.0,70,0
Visakhapatnam,2024-08-16,19.0,56,1
Visakhapatnam,2024-08-17,20.8,76,1
Visakhapatnam,2024-08-18,20.5,76,0
Visakhapatnam,2024-08-19,26.0,54,0
Visakhapatnam,2024-08-20,32.6,67,0
Visakhapatnam,2024-08-21,28.0,63,0
Visakhapatnam,2024-08-22,32.8,71,0
Visakhapatnam,2024-08-23,20.9,78,0
Visakhapatnam,2024-08-24,26.4,85,0
Visakhapatnam,2024-08-25,17.5,75,1
Visakhapatnam,2024-08-26,16.0,74,1
Visakhapatnam,2024-08-27,25.3,41,0
Visakhapatnam,2024-08-28,24.6,58,0
Visakhapatnam,2024-08-29,34.5,73,1
Visakhapatnam,2024-08-30,32.4,63,0
Visakhapatnam,2024-08-31,26.6,72,0
Visakhapatnam,2024-09-01,24.9,43,0
Visakhapatnam,2024-09-02,28.4,55,1
Visakhapatnam,2024-09-03,24.6,42,0
Visakhapatnam,2024-09-04,21.7,88,0
Visakhapatnam,2024-09-05,29.9,80,0
Visakhapatnam,2024-09-06,19.7,54,1
Visakhapatnam,2024-09-07,18.8,78,0
Visakhapatnam,2024-09-08,31.8,61,0
Visakhapatnam,2024-09-09,19.5,65,1
Visakhapatnam,2024-09-10,34.0,67,0
Visakhapatnam,2024-09-11,23.9,70,0
Visakhapatnam,2024-09-12,30.8,47,0
Visakhapatnam,2024-09-13,30.4,46,0
Visakhapatnam,2024-09-14,16.5,69,0
Visakhapatnam,2024-09-15,24.1,61,0
Visakhapatnam,2024-09-16,16.6,53,0
Visakhapatnam,2024-09-17,25.9,54,1
Visakhapatnam,2024-09-18,29.7,61,0
Visakhapatnam,2024-09-19,11.9,75,0
Visakhapatnam,2024-09-20,16.9,86,0
Visakhapatnam,2024-09-21,21.0,68,0
Visakhapatnam,2024-09-22,20.6,70,0
Visakhapatnam,2024-09-23,22.3,67,0
Visakhapatnam,2024-09-24,30.0,82,0
Visakhapatnam,2024-09-25,27.7,74,0
Visakhapatnam,2024-09-26,17.2,87,1
Visakhapatnam,2024-09-27,27.6,59,0
Visakhapatnam,2024-09-28,30.2,75,0
Visakhapatnam,2024-09-29,23.2,78,1
Visakhapatnam,2024-09-30,21.2,81,0
Visakhapatnam,2024-10-01,29.0,87,1
Visakhapatnam,2024-10-02,19.4,60,0
Visakhapatnam,2024-10-03,22.7,67,0
Visakhapatnam,2024-10-04,17.9,74,1
Visakhapatnam,2024-10-05,26.4,65,0
Visakhapatnam,2024-10-06,25.0,83,0
Visakhapatnam,2024-10-07,28.2,86,0
Visakhapatnam,2024-10-08,20.3,65,1
Visakhapatnam,2024-10-09,17.9,60,0
Visakhapatnam,2024-10-10,19.3,84,0
Visakhapatnam,2024-10-11,24.2,70,0
Visakhapatnam,2024-10-12,28.0,70,1
Visakhapatnam,2024-10-13,28.9,61,0
Visakhapatnam,2024-10-14,14.0,47,0
Visakhapatnam,2024-10-15,31.5,66,1
Visakhapatnam,2024-10-16,25.4,70,0
Visakhapatnam,2024-10-17,28.3,47,0
Visakhapatnam,2024-10-18,24.4,83,0
Visakhapatnam,2024-10-19,15.5,68,0
Visakhapatnam,2024-10-20,26.6,69,0
Visakhapatnam,2024-10-21,30.7,76,0
Visakhapatnam,2024-10-22,23.7,52,0
Visakhapatnam,2024-10-23,14.7,44,0
Visakhapatnam,2024-10-24,27.0,54,0
Visakhapatnam,2024-10-25,25.6,73,0
Visakhapatnam,2024-10-26,28.8,41,1
Visakhapatnam,2024-10-27,23.8,56,0
Visakhapatnam,2024-10-28,33.6,81,0
Visakhapatnam,2024-10-29,23.1,89,0
Visakhapatnam,2024-10-30,25.8,47,0
Visakhapatnam,2024-10-31,24.7,58,1
Visakhapatnam,2024-11-01,16.5,67,0
Visakhapatnam,2024-11-02,23.9,56,0
Visakhapatnam,2024-11-03,18.6,69,0
Visakhapatnam,2024-11-04,30.2,87,0
Visakhapatnam,2024-11-05,18.4,75,0
Visakhapatnam,2024-11-06,24.7,84,0
Visakhapatnam,2024-11-07,26.7,76,1
Visakhapatnam,2024-11-08,30.8,48,0
Visakhapatnam,2024-11-09,28.3,89,0
Visakhapatnam,2024-11-10,20.1,44,0
Visakhapatnam,2024-11-11,30.7,52,0
Visakhapatnam,2024-11-12,20.1,50,0
Visakhapatnam,2024-11-13,22.8,85,1
Visakhapatnam,2024-11-14,25.5,43,0
Visakhapatnam,2024-11-15,30.0,57,0
Visakhapatnam,2024-11-16,20.3,45,0
Visakhapatnam,2024-11-17,30.2,44,0
Visakhapatnam,2024-11-18,25.5,70,0
Visakhapatnam,2024-11-19,34.6,48,0
Visakhapatnam,2024-11-20,26.9,66,1
Visakhapatnam,2024-11-21,27.4,76,0
Visakhapatnam,2024-11-22,25.0,76,0
Visakhapatnam,2024-11-23,21.4,88,0
Visakhapatnam,2024-11-24,19.3,68,0
Visakhapatnam,2024-11-25,33.6,51,0
Visakhapatnam,2024-11-26,22.4,75,0
Visakhapatnam,2024-11-27,25.3,77,0
Visakhapatnam,2024-11-28,16.8,53,0
Visakhapatnam,2024-11-29,27.5,58,0
Visakhapatnam,2024-11-30,28.0,47,1
Visakhapatnam,2024-12-01,25.3,64,0
Visakhapatnam,2024-12-02,24.0,85,1
Visakhapatnam,2024-12-03,25.5,57,0
Visakhapatnam,2024-12-04,21.3,66,0
Visakhapatnam,2024-12-05,22.8,77,0
Visakhapatnam,2024-12-06,16.5,43,0
Visakhapatnam,2024-12-07,20.9,74,0
Visakhapatnam,2024-12-08,23.1,56,0
Visakhapatnam,2024-12-09,23.2,70,0
Visakhapatnam,2024-12-10,33.0,68,0
Visakhapatnam,2024-12-11,28.8,82,0
Visakhapatnam,2024-12-12,25.2,79,0
Visakhapatnam,2024-12-13,19.2,84,0
Visakhapatnam,2024-12-14,22.9,50,0
Visakhapatnam,2024-12-15,26.3,57,0
Visakhapatnam,2024-12-16,22.7,41,0
Visakhapatnam,2024-12-17,23.8,83,0
Visakhapatnam,2024-12-18,27.2,77,0
Visakhapatnam,2024-12-19,36.2,55,0
Visakhapatnam,2024-12-20,29.9,59,0
Visakhapatnam,2024-12-21,23.9,41,0
Visakhapatnam,2024-12-22,18.7,52,0
Visakhapatnam,2024-12-23,26.5,51,0
Visakhapatnam,2024-12-24,31.7,54,0
Visakhapatnam,2024-12-25,27.0,48,1
Visakhapatnam,2024-12-26,23.5,47,0
Visakhapatnam,2024-12-27,32.3,59,0
Visakhapatnam,2024-12-28,28.6,50,0
Visakhapatnam,2024-12-29,28.3,74,0
Visakhapatnam,2024-12-30,30.4,45,0
Visakhapatnam,2024-12-31,30.7,61,0
